timestep,run,subset,network_resource_demand,network_resource_provision,network_resource_demand_supply_ratio,dex_tokens,dex_usdc,dex_token_price,token_incentives_vested,token_seller_vested,token_incentives_vested_cum,token_seller_vested_cum,token_burned_supply,token_burned_supply_cum,token_minted_supply,token_minted_supply_cum,token_total_supply,token_circulating_supply,token_staked_supply,node_amount,node_profit,node_network_revenue,node_incentive_revenue,node_expenditures,node_apr,node_change_amount,foundation_revenue,foundation_expenditures,foundation_cash_reserves
1,1,0,306000000.0,1470000000.0,0.20816326530612245,503881714.14228266,2480740.9455764326,0.004923153232425535,376712.3287671233,3515981.735159817,376712.3287671233,3515981.735159817,10979.921644255159,10979.921644255159,0,0,9999989020.078356,5603881714.1422825,150000000,15000,4466.331345547595,4054.1877551020407,1882.1435904455548,1470.0,10.350916741966195,0.0,1297.340081632653,2739.72602739726,24998557.614054237
2,1,0,312120000.0,1176000000.0,0.26540816326530614,509262740.65618867,2454528.674902401,0.004834007063476892,376712.3287671233,3515981.735159817,753424.6575342466,7031963.470319634,11667.550020904395,22647.47166515955,0,0,9999977352.528336,5607762740.656189,148500000,14850,4919.742567026379,4242.475175510204,1853.267391516175,1176.0,11.410046905512235,-150.0,1357.5920561632654,2739.72602739726,24997175.480083004
3,1,0,318362400.0,1164240000.0,0.2734508348794063,514633237.1070349,2428914.2439123522,0.004874423229487731,376712.3287671233,3515981.735159817,1130136.98630137,10547945.20547945,12197.613080682842,34845.084745842396,0,0,9999965154.915255,5611643237.107035,147010000,14701,4992.7718243220825,4342.68758444527,1814.324239876813,1164.24,11.707918570636187,-149.0,1389.660027022486,2739.72602739726,24995825.41408263
4,1,0,324729648.0,1152558400.0,0.2817468060620616,519993181.4802822,2403877.6747833164,0.004844360115200484,376712.3287671233,3515981.735159817,1506849.3150684931,14063926.940639269,12749.690679690311,47594.77542553271,0,0,9999952405.224575,5615523181.480282,145530000,14553,5069.8150974137725,4445.705022945946,1776.6684744678262,1152.5584,12.020541646909146,-148.0,1422.6256073427028,2739.72602739726,24994508.313662577
5,1,0,331224240.96,1140955200.0,0.2903043353148309,525332550.8388118,2379445.168596717,0.004754272768325066,376712.3287671233,3515981.735159817,1883561.6438356163,17579908.675799087,13324.705397321852,60919.48082285456,0,0,9999939080.519176,5619402550.838812,144070000,14407,5150.914250999122,4551.625890192314,1740.243560806808,1140.9551999999999,12.34843113653038,-146.0,1456.5202848615402,2739.72602739726,24993225.107920043
6,1,0,337848725.77919996,1129508800.0,0.2991111939802505,530661321.9318627,2355551.3626834494,0.0046678631476156,376712.3287671233,3515981.735159817,2260273.9726027395,21095890.410958905,13922.970876042345,74842.45169889691,0,0,9999925157.548302,5623281321.931863,142620000,14262,5236.06286426981,4660.510723865536,1705.060940404273,1129.5087999999998,12.69109681212196,-145.0,1491.3634316369717,2739.72602739726,24991976.745324284
7,1,0,344605700.29478395,1118140800.0,0.30819526511758083,535969469.90304935,2332222.393611544,0.004617284209287607,376712.3287671233,3515981.735159817,2636986.3013698626,24611872.146118723,14546.092740326994,89388.5444392239,0,0,9999910611.45556,5627159469.903049,141190000,14119,5325.363962782366,4772.503474517692,1671.0012882646745,1118.1408,13.050061012502997,-143.0,1527.2011118456612,2739.72602739726,24990764.220408734
8,1,0,351497814.3006796,1106929600.0,0.31754306172739405,541266969.5523188,2309396.416769849,0.0045961427251142205,376712.3287671233,3515981.735159817,3013698.630136986,28127853.88127854,15194.414657457299,104582.9590966812,0,0,9999895417.040903,5631036969.552319,139770000,13977,5418.816413222261,4887.667924469304,1638.078088752957,1106.9296,13.424798200725666,-142.0,1564.0537358301774,2739.72602739726,24989588.54811717
9,1,0,358527770.5866932,1095796800.0,0.32718453876365877,546543793.9283879,2287099.4307983755,0.0045213548129235896,376712.3287671233,3515981.735159817,3390410.958904109,31643835.61643836,15869.687857972647,120452.64695465384,0,0,9999879547.353045,5634913793.928388,138370000,13837,5516.546481847182,5006.16170656054,1606.1815752866426,1095.7967999999998,13.816979825492226,-140.0,1601.9717460993727,2739.72602739726,24988450.79383587
10,1,0,365698325.9984271,1084820800.0,0.3371048250535269,551809915.7035133,2265272.813023578,0.004490992120497828,376712.3287671233,3515981.735159817,3767123.287671232,35159817.35159817,16572.288801691266,137024.9357563451,0,0,9999862975.064243,5638789915.703513,136980000,13698,5618.5579729456385,5128.05193322953,1575.3268397161085,1084.8208,14.22604015705851,-139.0,1640.9766186334493,2739.72602739726,24987352.044427108
11,1,0,373012292.51839566,1073923200.0,0.34733609676967186,557055305.6384281,2243942.3650536914,0.0044241944562254665,376712.3287671233,3515981.735159817,4143835.6164383553,38675799.08675799,17304.12901223152,154329.06476857662,0,0,9999845670.935232,5642665305.638428,135610000,13561,5725.000756382766,5253.511312603428,1545.4126437793377,1073.9232,14.653812896806548,-137.0,1681.123620033097,2739.72602739726,24986293.442019746
12,1,0,380472538.36876357,1063182400.0,0.3578619608157204,562289934.081708,2223052.4223084534,0.004405624250061661,376712.3287671233,3515981.735159817,4520547.945205479,42191780.8219178,18065.62064722252,172394.68541579915,0,0,9999827605.314585,5646539934.081708,134250000,13425,5835.8832806923265,5382.610352128244,1516.455328564082,1063.1824,15.099686673495349,-136.0,1722.435312681038,2739.72602739726,24985276.15130503
13,1,0,388081989.13613886,1052520000.0,0.36871697367854184,567513769.2938331,2202589.7302111234,0.004330194580442912,376712.3287671233,3515981.735159817,4897260.273972603,45707762.55707762,18858.85180184753,191253.53721764666,0,0,9999808746.462782,5650413769.293833,132900000,13290,5951.379657808362,5515.538369074222,1488.3612887341408,1052.52,15.5656721056286,-135.0,1764.972278103751,2739.72602739726,24984301.39755574
14,1,0,395843628.9188616,1041936000.0,0.3799116538048994,572716778.159002,2182579.6758008846,0.004354838539838619,376712.3287671233,3515981.735159817,5273972.602739726,49223744.29223743,19685.19875826795,210938.7359759146,0,0,9999789061.264025,5654286778.159002,131570000,13157,6071.597537458167,5652.437193290526,1461.0963441676406,1041.936,16.052585611910978,-133.0,1808.7799018529681,2739.72602739726,24983370.451430198
15,1,0,403760501.4972389,1031508800.0,0.3914271031882994,577888927.0868338,2163045.425184581,0.0042604248006069935,376712.3287671233,3515981.735159817,5650684.93150685,52739726.027397245,20545.136095215865,231483.87207113046,0,0,9999768516.12793,5658158927.086834,130270000,13027,6196.552125490271,5793.382838864382,1434.678086625888,1031.5088,16.559740378242914,-130.0,1853.8825084366024,2739.72602739726,24982484.60791124
16,1,0,411835711.52718365,1021316800.0,0.4032399266585879,582980182.1224309,2144155.2188775623,0.004200446464819778,376712.3287671233,3515981.735159817,6027397.260273973,56255707.76255706,21439.02832996547,252922.90040109592,0,0,9999747077.0996,5662030182.122431,129050000,12905,6326.243699515691,5938.440150995858,1409.120348519833,1021.3168,17.086209315441593,-122.0,1900.3008483186745,2739.72602739726,24981645.182732165
17,1,0,420072425.7577273,1011752000.0,0.4151930767201126,587990513.3168039,2125884.638765445,0.004187399516207955,376712.3287671233,3515981.735159817,6404109.589041097,59771689.497716874,22362.869554084795,275285.7699551807,0,0,9999724714.230045,5665900513.316804,127910000,12791,6460.207656402094,6087.336086466519,1384.6235699355736,1011.752,17.624021000689666,-114.0,1947.9475476692862,2739.72602739726,24980853.40425244
18,1,0,428473874.27288187,1002814400.0,0.427271361752366,592929890.1172583,2108175.0487444676,0.0041737862209118536,376712.3287671233,3515981.735159817,6780821.917808221,63287671.23287669,23317.26347267733,298603.033427858,0,0,9999701396.966572,5669769890.117258,126840000,12684,6598.454325569951,6240.134185689902,1361.134539880049,1002.8144,18.172535289800077,-107.0,1996.8429394207683,2739.72602739726,24980110.521164466
19,1,0,437043351.7583395,994425600.0,0.43949326300362695,597788280.2276057,2091041.329087399,0.004104750885724631,376712.3287671233,3515981.735159817,7157534.246575344,66803652.9680365,24303.953579716705,322906.98700757476,0,0,9999677093.012993,5673638280.227606,125850000,12585,6741.118666083027,6396.985873529962,1338.5583925530646,994.4255999999999,18.732891189458105,-99.0,2047.035479529588,2739.72602739726,24979417.8306166
20,1,0,445784218.7935063,986664000.0,0.45180955096517794,602575651.8442256,2074428.3247660098,0.004095266168885057,376712.3287671233,3515981.735159817,7534246.575342468,70319634.70319632,25322.447307117585,348229.43431469233,0,0,9999651770.565685,5677505651.844226,124930000,12493,6888.099969305714,6557.868031844817,1316.8959374608962,986.664,19.30263184550425,-92.0,2098.5177701903413,2739.72602739726,24978776.622359395
21,1,0,454699903.16937643,979451200.0,0.4642394671315696,607291971.3535886,2058318.0067635141,0.004069223000774274,376712.3287671233,3515981.735159817,7910958.904109592,73835616.43835613,26374.554564134007,374603.9888788263,0,0,9999625396.011122,5681371971.353588,124080000,12408,7039.545953516215,6722.9366825452835,1296.0604709709319,979.4512,19.882929177985247,-85.0,2151.3397384144905,2739.72602739726,24978188.236070413
22,1,0,463793901.23276395,972787200.0,0.47676809607770737,611937204.4561456,2042693.2549573143,0.004000677678011902,376712.3287671233,3515981.735159817,8287671.232876715,77351598.17351595,27460.96136994809,402064.95024877443,0,0,9999597935.049751,5685237204.456145,123300000,12330,7195.486462462626,6892.259626372352,1276.014036090274,972.7872,20.473133103030484,-78.0,2205.523080439152,2739.72602739726,24977654.033123456
23,1,0,473069779.2574192,966672000.0,0.48937983023964615,616511316.1835293,2027537.8037471275,0.003986505090956288,376712.3287671233,3515981.735159817,8664383.561643839,80867579.90867576,28582.33654342424,430647.28679219866,0,0,9999569352.713207,5689101316.183529,122590000,12259,7355.951160200096,7065.902200676046,1256.7209595240502,966.6719999999999,21.07253976677975,-71.0,2261.088704216335,2739.72602739726,24977175.395800278
24,1,0,482531174.8425676,961105600.0,0.5020584364949779,621024270.9178847,2012803.7800398404,0.003962670573957111,376712.3287671233,3515981.735159817,9041095.890410962,84383561.64383557,29739.3295716613,460386.61636385997,0,0,9999539613.383636,5692964270.917885,121940000,12194,7520.969271679632,7243.927181320077,1238.1476903595546,961.1056,21.680393004428648,-65.0,2318.0566980224244,2739.72602739726,24976753.726470906
25,1,0,492181798.339419,956009600.0,0.514829347256993,625476030.903995,1998477.8604439734,0.0039008556273641922,376712.3287671233,3515981.735159817,9417808.219178084,87899543.37899539,30934.077816747194,491320.69418060716,0,0,9999508679.305819,5696826030.9039955,121350000,12135,7690.733149764818,7426.519383898167,1220.2233658666526,956.0096,22.298212248518883,-59.0,2376.486202847413,2739.72602739726,24976390.486646358
26,1,0,502025434.3062074,951384000.0,0.5276790804829674,629876557.5836806,1984515.8308402982,0.003876251520124782,376712.3287671233,3515981.735159817,9794520.547945207,91415525.1141552,32167.384241435484,523488.07842204266,0,0,9999476511.921577,5700686557.583681,120810000,12081,7865.291875031711,7613.755128997061,1202.920746034651,951.3839999999999,22.925394329935685,-54.0,2436.4016412790593,2739.72602739726,24976087.16226024
27,1,0,512065942.99233156,947150400.0,0.5406384698695493,634225809.9628165,1970906.860560106,0.0038859036520456983,376712.3287671233,3515981.735159817,10171232.87671233,94931506.84931502,33441.68479124685,556929.7632132896,0,0,9999443070.236786,5704545809.962816,120320000,12032,8044.872643429375,7805.846603258072,1186.176440171304,947.1504,23.563790070702368,-49.0,2497.8709130425827,2739.72602739726,24975845.30714589
28,1,0,522307261.8521782,943308800.0,0.5536970097725985,638523746.0549597,1957640.5853705152,0.003814172110129412,376712.3287671233,3515981.735159817,10547945.205479452,98447488.58447483,34757.97178390274,591687.7349971923,0,0,9999408312.265003,5708403746.054959,119880000,11988,8229.546581202447,8002.886956646527,1169.9684245559204,943.3087999999999,24.212973637104337,-44.0,2560.923826126889,2739.72602739726,24975666.504944623
29,1,0,532753407.0892218,939859200.0,0.5668438496843163,642780322.8805231,1944676.8289332804,0.0037553680296590623,376712.3287671233,3515981.735159817,10924657.534246575,101963470.31963465,36117.23836367371,627804.973360866,0,0,9999372195.02664,5712260322.880523,119480000,11948,8419.385447832608,8204.968838312005,1154.2758095206038,939.8592,24.872486384432303,-40.0,2625.5900282598413,2739.72602739726,24975552.368945487
30,1,0,543408475.2310063,936723200.0,0.5801163836136505,646995494.6006894,1932007.271196652,0.0037400382579121315,376712.3287671233,3515981.735159817,11301369.863013698,105479452.05479446,37522.34376077384,665327.3171216398,0,0,9999334672.682878,5716115494.600689,119120000,11912,8614.662798691614,8412.342659628192,1139.0433390634216,936.7231999999999,25.544595689928734,-36.0,2691.9496510810213,2739.72602739726,24975504.592569172
31,1,0,554276644.7356265,933900800.0,0.5935069814006225,651169214.1468614,1919623.920853985,0.0037579611241949705,376712.3287671233,3515981.735159817,11678082.19178082,108995433.78995427,38974.51775503762,704301.8348766775,0,0,9999295698.165123,5719969214.146861,118800000,11880,8815.475541677735,8625.12208649496,1124.2542551827755,933.9008,26.229049265662997,-32.0,2760.039067678387,2739.72602739726,24975524.905609455
32,1,0,565362177.630339,931392000.0,0.6070077664724831,655311433.2061708,1907489.9912615104,0.0036914506828654462,376712.3287671233,3515981.735159817,12054794.520547943,112511415.52511409,40475.00461770767,744776.8394943852,0,0,9999255223.160505,5723821433.206171,118510000,11851,9021.922120386173,8843.421527712539,1109.8925926736345,931.3919999999999,26.925571047262935,-29.0,2829.8948888680125,2739.72602739726,24975615.074470926
33,1,0,576669421.1829458,929118400.0,0.6206630082699318,659422100.0928247,1895599.1918136326,0.0036608584979614476,376712.3287671233,3515981.735159817,12431506.849315066,116027397.2602739,42027.177273117726,786804.0167675029,0,0,9999213195.983232,5727672100.092825,118250000,11825,9234.32861727529,9067.537320567475,1095.9096967078146,929.1184,27.636894080593926,-26.0,2901.611942581592,2739.72602739726,24975776.960386112
34,1,0,588202809.6066048,927080000.0,0.634468233169311,663511161.5828052,1883917.064813399,0.003609872034149252,376712.3287671233,3515981.735159817,12808219.178082189,119543378.99543372,43632.57394664218,830436.5907141451,0,0,9999169563.409286,5731521161.582806,118010000,11801,9452.82262343192,9297.609699417222,1082.2929240146987,927.0799999999999,28.3629785579064,-24.0,2975.2351038135107,2739.72602739726,24976012.46946253
35,1,0,599966865.7987369,925198400.0,0.6484737390366617,667578560.5847305,1872438.8016672302,0.0036136287384002748,376712.3287671233,3515981.735159817,13184931.506849311,123059360.73059353,45295.06200166006,875731.6527158052,0,0,9999124268.347284,5735368560.58473,117790000,11779,9677.77849288655,9533.978930160529,1068.997962726019,925.1984,29.106994328424722,-22.0,3050.873257651369,2739.72602739726,24976323.616692785
36,1,0,611966203.1147116,923473600.0,0.6626786116189046,671624238.1155161,1861159.7513325799,0.003572310200681472,376712.3287671233,3515981.735159817,13561643.835616434,126575342.46575335,47016.533141439795,922748.185857245,0,0,9999077251.814142,5739214238.115516,117590000,11759,9909.357311306976,9776.815920403038,1056.014990903937,923.4735999999999,29.869168282562335,-20.0,3128.581094528972,2739.72602739726,24976712.47175992
37,1,0,624205527.1770059,921905600.0,0.6770818261403401,675658133.2455626,1850048.0324207172,0.0035317913469847272,376712.3287671233,3515981.735159817,13938356.164383557,130091324.20091316,48798.93388059977,971547.1197378448,0,0,9999028452.880262,5743058133.245563,117400000,11740,10147.724607665219,10026.295635491475,1043.3345721737448,921.9055999999999,30.649724076870577,-19.0,3208.414603357272,2739.72602739726,24977181.16033588
38,1,0,636689637.720546,920416000.0,0.6917411667338964,679690180.4437811,1839073.2071248435,0.003506520932691381,376712.3287671233,3515981.735159817,14315068.49315068,133607305.93607298,50646.865708521196,1022193.985446366,0,0,9998977806.014553,5746900180.443781,117210000,11721,10393.323379482075,10282.822249711706,1030.9171297703692,920.4159999999999,31.45241153959043,-19.0,3290.5031199077457,2739.72602739726,24977731.937428392
39,1,0,649423430.474957,918926400.0,0.7067197443396522,683720309.0840318,1828232.9534347334,0.0034351965039624956,376712.3287671233,3515981.735159817,14691780.821917802,137123287.6712328,52565.4236763379,1074759.4091227038,0,0,9998925240.590878,5750740309.084032,117020000,11702,10646.64252617549,10546.843330220134,1018.7255959553565,918.9264,32.28140593032631,-19.0,3374.9898656704427,2739.72602739726,24978367.20126667
40,1,0,662411899.0844561,917436800.0,0.7220245569879649,687748445.7260008,1817525.0089885464,0.0034182288494704755,376712.3287671233,3515981.735159817,15068493.150684925,140639269.4063926,54557.42195808862,1129316.8310807925,0,0,9998870683.168919,5754578445.726001,116830000,11683,10907.926639603473,10818.608736893539,1006.7547027099345,917.4368,33.137591754296174,-19.0,3461.954795805932,2739.72602739726,24979089.43003508
41,1,0,675660137.0661452,915947200.0,0.7376627572704466,691774513.9969752,1806947.1695013535,0.003381596808628562,376712.3287671233,3515981.735159817,15445205.479452047,144155251.14155242,56625.792952698874,1185942.6240334914,0,0,9998814057.375967,5758414513.996975,116640000,11664,11177.42970382008,11098.377562909385,994.9993409106951,915.9472,34.021888257698684,-19.0,3551.480820131003,2739.72602739726,24979901.184827816
42,1,0,689173339.807468,914457600.0,0.7536416557831309,695798434.4684463,1796497.287256681,0.0033595809802352623,376712.3287671233,3515981.735159817,15821917.80821917,147671232.87671223,58773.59245603223,1244716.2164895236,0,0,9998755283.78351,5762248434.468447,116450000,11645,11455.415454154205,11386.418499294161,983.4545548600443,914.4576,34.93525082762864,-19.0,3643.6539197741317,2739.72602739726,24980805.112720195
43,1,0,702956806.6036174,912968000.0,0.7699687246471042,699820124.5273112,1786173.2696588475,0.0033114079188570765,376712.3287671233,3515981.735159817,16198630.136986293,151187214.61187205,61004.005062113356,1305720.221551637,0,0,9998694279.778448,5766080124.527311,116260000,11626,11742.157751464125,11683.01021441894,972.1155370451854,912.968,35.8786724526677,-19.0,3738.563268614061,2739.72602739726,24981803.949961413
44,1,0,717015942.7356898,911478400.0,0.7866516011083639,703839498.2414348,1775973.0778439885,0.003265510115665218,376712.3287671233,3515981.735159817,16575342.465753416,154703196.34703186,63320.349803407524,1369040.5713550444,0,0,9998630959.428644,5769909498.241435,116070000,11607,12037.940972183049,11988.441749067797,960.9776231152509,911.4784,36.853185246768284,-19.0,3836.3013597016948,2739.72602739726,24982900.52529372
45,1,0,731356261.5904036,909988800.0,0.803698091218709,707816466.2193215,1765994.5192807782,0.003251550444068729,376712.3287671233,3515981.735159817,16952054.79452054,158219178.08219168,65726.08604042915,1434766.6573954734,0,0,9998565233.342604,5773736466.219321,115920000,11592,12343.060414797934,12303.012927731193,950.0362870667403,909.9888,37.859862039166316,-15.0,3936.9641368739813,2739.72602739726,24984097.763403196
46,1,0,745983386.8222116,908812800.0,0.8208328346852197,711750949.9822016,1756232.2888803564,0.003185280471267739,376712.3287671233,3515981.735159817,17328767.123287663,161735159.8173515,68210.3010469495,1502976.958442423,0,0,9998497023.041557,5777560949.982202,115810000,11581,12656.347063117057,12625.76659006668,939.3932730503761,908.8127999999999,38.881754752795125,-11.0,4040.245308821337,2739.72602739726,24985398.28268462
47,1,0,760903054.5586559,907950400.0,0.8380447374202995,715622869.1528552,1746730.0918984653,0.003172197530467112,376712.3287671233,3515981.735159817,17705479.452054787,165251141.5525113,70774.89327342229,1573751.8517158453,0,0,9998426248.148285,5781382869.152855,115760000,11576,12977.950035784215,12956.861458063346,929.0389777208685,907.9504,39.91833063732469,-5.0,4146.195666580271,2739.72602739726,24986804.752323806
48,1,0,776121115.649829,907558400.0,0.8551748467644936,719422149.3241514,1737505.581631454,0.0031502948123220587,376712.3287671233,3515981.735159817,18082191.780821912,168767123.28767112,73413.89263078223,1647165.7443466275,0,0,9998352834.255653,5785202149.324151,115780000,11578,13307.2260906989,13295.768924677132,919.015566021768,907.5584,40.9594523389267,2.0,4254.646055896682,2739.72602739726,24988319.672352307
49,1,0,791643537.9628257,907715200.0,0.8721276651121692,723138719.2424843,1728575.6753689442,0.003120286622146816,376712.3287671233,3515981.735159817,18458904.109589037,172283105.02283093,76124.1455941402,1723289.8899407678,0,0,9998276710.11006,5789018719.242484,115880000,11588,13643.829688371792,13642.207837741844,909.3370506299494,907.7152,41.99879243882289,10.0,4365.50650807739,2739.72602739726,24989945.45283299
50,1,0,807476408.7220821,908499200.0,0.8888025534002475,726762511.5095828,1719956.6298536698,0.003067108108288648,376712.3287671233,3515981.735159817,18835616.43835616,175799086.75799075,78901.79682862034,1802191.6867693882,0,0,9998197808.31323,5792832511.5095825,116070000,11607,13987.356687381658,13995.83946796088,900.0164194207796,908.4992,43.029485756309974,19.0,4478.668629747481,2739.72602739726,24991684.39543534
51,1,0,823625936.8965238,909988800.0,0.9050945867647204,730283463.3133509,1711664.117832639,0.003042542993691983,376712.3287671233,3515981.735159817,19212328.767123286,179315068.49315056,81742.26015890072,1883933.9469282888,0,0,9998116066.053072,5796643463.313351,116360000,11636,14337.344467939296,14356.267504782678,891.0657631566164,909.9888,44.04417908078131,29.0,4594.005601530456,2739.72602739726,24993538.675009474
52,1,0,840098455.6344544,912262400.0,0.9208956278746712,733691517.1772414,1703713.3055717787,0.0030214552322464843,376712.3287671233,3515981.735159817,19589041.09589041,182831050.22831038,84640.20003656561,1968574.1469648543,0,0,9998031425.853035,5800451517.177241,116760000,11676,14693.273438017502,14723.039436281648,882.4964017358552,912.2624,45.035102228182694,40.0,4711.372619610127,2739.72602739726,24995510.32160169
53,1,0,856900424.7471435,915398400.0,0.9360956112083476,736976621.7158308,1696118.9312759456,0.0029758078268348944,376712.3287671233,3515981.735159817,19965753.424657535,186347031.9634702,87589.52533774883,2056163.6723026033,0,0,9997943836.327698,5804256621.715831,117280000,11728,15054.570066965214,15095.649458055941,874.3190089092731,915.3983999999999,45.994160987521994,52.0,4830.607826577901,2739.72602739726,24997601.203400873
54,1,0,874038433.2420864,1149344000.0,0.7604672171622129,740544568.3310685,1687947.0236573063,0.0029261507436782247,376712.3287671233,3515981.735159817,20342465.75342466,189863013.69863,84747.44868931116,2140911.1209919145,0,0,9997859088.879007,5808064568.331068,117520000,11752,14193.726384528407,14476.526649027619,866.5437355007873,1149.344,43.18058431650663,24.0,4632.488527688838,2739.72602739726,24999493.965901166
55,1,0,891519201.9069282,1151696000.0,0.774092470501702,744009554.9124746,1680085.9501690974,0.002903914649053622,376712.3287671233,3515981.735159817,20719178.082191784,193378995.43378982,87707.48252094202,2228618.6035128566,0,0,9997771381.396486,5811869554.912475,117860000,11786,14545.460172945415,14838.940231906177,858.2159410392381,1151.696,44.1698154442281,34.0,4748.460874209977,2739.72602739726,25001502.70074798
56,1,0,909349585.9450668,1155028000.0,0.787296572849374,747361523.1317136,1672550.6482619853,0.002862661041172403,376712.3287671233,3515981.735159817,21095890.41095891,196894977.16894963,90725.84468801007,2319344.4482008666,0,0,9997680655.5518,5815671523.131714,118310000,11831,14902.97674239684,15207.761906560092,850.2428358367492,1155.028,45.13426443235878,45.0,4866.483810099229,2739.72602739726,25003629.458530687
57,1,0,927536577.6639682,1159438000.0,0.7999880784172747,750590420.6550939,1665355.6528326706,0.002815611334279878,376712.3287671233,3515981.735159817,21472602.739726033,200410958.90410945,93796.54054681817,2413140.9887476848,0,0,9997586859.011251,5819470420.655094,118880000,11888,15265.745214232391,15582.548158530422,842.6350557019688,1159.4379999999999,46.06617113830375,57.0,4986.4154107297345,2739.72602739726,25005876.147914022
58,1,0,946087309.2172476,1165024000.0,0.8120753814661738,753696201.8590082,1658493.1659690745,0.00278519133496022,376712.3287671233,3515981.735159817,21849315.068493158,203926940.63926926,96912.86001278095,2510053.8487604656,0,0,9997489946.15124,5823266201.859008,119570000,11957,15633.19173334057,15962.812985804385,835.4027475361838,1165.024,46.9576095836717,69.0,5108.100155457403,2739.72602739726,25008244.522042084
59,1,0,965009055.4015926,1171786000.0,0.8235369388280732,756678823.4420972,1651955.8381637016,0.00278039751451838,376712.3287671233,3515981.735159817,22226027.397260282,207442922.37442908,100072.48083803068,2610126.329598496,0,0,9997389873.6704,5827058823.442097,120380000,12038,16005.179986884781,16348.432285379902,828.5337015048798,1171.786,47.8060580930897,81.0,5231.498331321568,2739.72602739726,25010736.294346012
60,1,0,984309236.5096245,1179724000.0,0.8343555242663746,759528244.456801,1645758.4153358082,0.002728684964962136,376712.3287671233,3515981.735159817,22602739.726027407,210958904.1095889,103273.04922319931,2713399.3788216957,0,0,9997286600.621178,5830848244.456801,121320000,12132,16381.586417988381,16739.29393252483,822.016485463553,1179.724,48.6093421113875,94.0,5356.574058407946,2739.72602739726,25013353.142377026
61,1,0,1003995421.239817,1188936000.0,0.8444486677498343,762244431.7179896,1639893.9080246119,0.002719981837759372,376712.3287671233,3515981.735159817,22979452.05479453,214474885.8447487,106506.80273851458,2819906.1815602104,0,0,9997180093.81844,5834634431.71799,122390000,12239,16761.806508346595,17134.880630235188,815.861878111409,1188.936,49.36009540748741,107.0,5483.16180167526,2739.72602739726,25016096.578151304
62,1,0,1024075329.6646134,1199422000.0,0.853807358598236,764837354.8583872,1634334.400719034,0.002698467701154641,376712.3287671233,3515981.735159817,23356164.383561656,217990867.57990852,109770.92352933624,2929677.1050895466,0,0,9997070322.89491,5838417354.858387,123580000,12358,17145.71944202546,17535.082269334733,810.0591726907253,1199.422,50.056770960633735,119.0,5611.226326187114,2739.72602739726,25018968.078450095
63,1,0,1044556836.2579056,1211084000.0,0.8624974289627355,767386980.5898114,1628904.3619677613,0.0026497868140160402,376712.3287671233,3515981.735159817,23732876.71232878,221506849.31506833,113068.33250283825,3042745.437592385,0,0,9996957254.562408,5842196980.589811,124810000,12481,17533.740914476795,17940.247549162224,804.5773653145715,1211.0839999999998,50.70389448337327,123.0,5740.879215731911,2739.72602739726,25021969.23163843
64,1,0,1065447972.9830637,1223138000.0,0.8710774851104811,769923231.1309061,1623538.4898880688,0.0026050757958261893,376712.3287671233,3515981.735159817,24109589.041095905,225022831.05022815,116443.52283239027,3159188.9604247753,0,0,9996840811.039576,5845973231.130906,126050000,12605,17930.00529505915,18353.902120729646,799.2411743295028,1223.138,51.34595015546727,124.0,5873.248678633486,2739.72602739726,25025102.754289668
65,1,0,1086756932.442725,1235290000.0,0.8797585445059257,772436009.3728092,1618257.0269024228,0.0025821378478418293,376712.3287671233,3515981.735159817,24486301.36986303,228538812.78538796,119915.82202404627,3279104.7824488217,0,0,9996720895.21755,5849746009.372809,127310000,12731,18336.280845549,18777.585372017922,793.9854735310802,1235.29,51.99994667009751,126.0,6008.827319045734,2739.72602739726,25028371.855581317
66,1,0,1108492071.0915794,1247638000.0,0.8884725145367321,774935221.6206819,1613038.0516010006,0.002566224058440355,376712.3287671233,3515981.735159817,24863013.698630154,232054794.52054778,123481.81605435301,3402586.5985031747,0,0,9996597413.401497,5853515221.620682,128580000,12858,18752.2846505634,19211.09327957955,788.8293709838517,1247.638,52.66042793335157,127.0,6147.549849465456,2739.72602739726,25031779.679403387
67,1,0,1130661912.513411,1260084000.0,0.897290904823338,777420765.5128716,1607880.8998308375,0.0025205812552881427,376712.3287671233,3515981.735159817,25239726.02739728,235570776.2557076,127150.17173725941,3529736.770240434,0,0,9996470263.22976,5857280765.512872,129860000,12986,19178.8056176378,19655.138853331602,783.7507643061965,1260.0839999999998,53.333268903879215,128.0,6289.6444330661125,2739.72602739726,25035329.597809058
68,1,0,1153275150.7636793,1272628000.0,0.9062154461191168,779892535.7934834,1602784.9256541883,0.002502781167408626,376712.3287671233,3515981.735159817,25616438.356164403,239086757.9908674,130923.78331533115,3660660.553555765,0,0,9996339339.446444,5861042535.793484,131150000,13115,19616.116762199454,20109.996340648548,778.7484215509066,1272.628,54.01870948958085,129.0,6435.198829007535,2739.72602739726,25039025.07061067
69,1,0,1176340653.7789528,1285270000.0,0.915247888598468,782340424.2312869,1597769.9237876423,0.0024703741933165863,376712.3287671233,3515981.735159817,25993150.684931528,242602739.72602722,134805.6261235893,3795466.1796793547,0,0,9996204533.82032,5864800424.231287,132460000,13246,20064.498786756176,20575.9476432098,773.8211435463745,1285.27,54.71699561420159,131.0,6584.303245827136,2739.72602739726,25042869.6478291
70,1,0,1199867466.854532,1298108000.0,0.924320215925433,784774326.3783363,1592814.5939338435,0.002432102029362439,376712.3287671233,3515981.735159817,26369863.013698652,246118721.46118703,138791.91687764117,3934258.096556996,0,0,9996065741.903442,5868554326.378336,133780000,13378,20523.65955519044,21052.78013852369,768.98741666675,1298.108,55.42259820471445,132.0,6736.88964432758,2739.72602739726,25046866.811446033
71,1,0,1223864816.1916227,1311044000.0,0.9335039984864144,787194128.1590776,1587918.3485822612,0.0023988218890674687,376712.3287671233,3515981.735159817,26746575.342465777,249634703.19634685,142892.2831857298,4077150.3797427258,0,0,9995922849.620256,5872304128.159078,135110000,13511,20994.45606436876,21541.273991429796,764.2260729389637,1311.0439999999999,56.14150652285491,133.0,6893.207677257535,2739.72602739726,25051020.293095894
72,1,0,1248342112.5154552,1324078000.0,0.9428010377904136,789589712.2797914,1583100.6667891815,0.0023448341982388854,376712.3287671233,3515981.735159817,27123287.6712329,253150684.93150666,147109.9432133389,4224260.322956065,0,0,9995775739.677044,5876049712.279791,136460000,13646,21477.19280198301,22041.734785367753,759.5360166152578,1324.078,56.87398334126191,135.0,7053.355131317681,2739.72602739726,25055333.922199816
73,1,0,1273308954.7657645,1069846400.0,1.0,792093098.0199295,1578097.326090531,0.0023269223722601306,376712.3287671233,3515981.735159817,27500000.000000026,256666666.66666648,129308.32378884104,4353568.646744906,0,0,9995646431.353254,5879813098.01993,137720000,13772,18942.324098869765,19257.235200000003,754.9352988697605,1069.8464,49.6710699481579,126.0,6162.315264,2739.72602739726,25058756.51143642
74,1,0,1296292181.3992865,1079724800.0,1.0,794594465.3090895,1573129.5076586998,0.0023182136106981127,376712.3287671233,3515981.735159817,27876712.32876715,260182648.4018263,131326.7747669841,4484895.42151189,0,0,9995515104.578487,5883574465.30909,138980000,13898,19105.49367087189,19435.0464,750.1720708718881,1079.7248,49.646736601521795,126.0,6219.214848,2739.72602739726,25062236.000257026
75,1,0,1319690255.2735436,1089603200.0,1.0,797083797.1179521,1568216.54701763,0.0022829101552531254,376712.3287671233,3515981.735159817,28253424.657534275,263698630.1369861,133362.25506453388,4618257.676576424,0,0,9995381742.323423,5887333797.117952,140250000,14025,19268.711967459567,19612.8576,745.4575674595706,1089.6032,49.62301270305156,127.0,6276.114432,2739.72602739726,25065772.38866163
76,1,0,1343510664.3812308,1099560000.0,1.0,799561070.1033738,1563357.7555725742,0.0022150539851529135,376712.3287671233,3515981.735159817,28630136.9863014,267214611.87214592,135421.07850534978,4753678.755081774,0,0,9995246321.244919,5891091070.103374,141530000,14153,19433.32973344752,19792.08,740.8097334475209,1099.56,49.59976808773056,128.0,6333.4656,2739.72602739726,25069366.128234234
77,1,0,1367761031.873312,1109595200.0,1.0,802036260.8277876,1558533.0253146936,0.002231623054442667,376712.3287671233,3515981.735159817,29006849.315068524,270730593.60730577,137503.33951320016,4891182.094594974,0,0,9995108817.905405,5894846260.827787,142810000,14281,19599.34583384777,19972.713600000003,736.2274338477658,1109.5952,49.57699246690777,128.0,6391.268352,2739.72602739726,25073017.670558836
78,1,0,1392449118.498625,1119630400.0,1.0,804499352.0708634,1553761.3508107734,0.0021806442526622256,376712.3287671233,3515981.735159817,29383561.64383565,274246575.3424656,139602.82085129528,5030784.915446269,0,0,9994969215.084555,5898599352.070864,144100000,14410,19765.40811739875,20153.3472,731.6913173987508,1119.6304,49.55478201862473,129.0,6449.071104,2739.72602739726,25076727.015635442
79,1,0,1417582825.0875251,1129744000.0,1.0,806950320.2459557,1549042.076864188,0.0021415580005918547,376712.3287671233,3515981.735159817,29760273.972602773,277762557.0776254,141725.88883465884,5172510.804280928,0,0,9994827489.195719,5902350320.245955,145400000,14540,19932.866863501524,20335.392,727.2188635015227,1129.744,49.53301570067268,130.0,6507.32544,2739.72602739726,25080494.615048047
80,1,0,1443170195.080355,1139936000.0,1.0,809399141.6772385,1544355.4800537159,0.0021328539676822036,376712.3287671233,3515981.735159817,30136986.301369898,281278538.8127852,143872.63264434243,5316383.436925271,0,0,9994683616.563074,5906099141.677238,146700000,14670,20101.72100377228,20518.847999999998,722.8090037722837,1139.936,49.5116840571769,130.0,6566.03136,2739.72602739726,25084320.920380652
81,1,0,1469219417.101555,1150128000.0,1.0,811835798.9638704,1539720.2261779623,0.0020914167324217856,376712.3287671233,3515981.735159817,30513698.630137023,284794520.547945,146036.7772951062,5462420.214220377,0,0,9994537579.78578,5909845798.96387,148010000,14801,20270.618944991773,20702.304,718.4429449917745,1150.128,49.49087693946768,131.0,6624.737279999999,2739.72602739726,25088205.931633256
82,1,0,1495738827.580238,1160398400.0,1.0,814260268.2894299,1535135.6914736542,0.0020521286136702295,376712.3287671233,3515981.735159817,30890410.958904147,288310502.28310484,148224.73836750735,5610644.952587884,0,0,9994389355.047413,5913590268.28943,149330000,14933,20440.91052133382,20887.1712,714.1377213338177,1160.3984,49.47048165252692,132.0,6683.894784,2739.72602739726,25092150.10038986
83,1,0,1522736913.4180613,1170747200.0,1.0,816682525.7537303,1530582.5220716838,0.0020303795880622978,376712.3287671233,3515981.735159817,31267123.28767127,291826484.01826465,150436.59962662932,5761081.5522145135,0,0,9994238918.447786,5917332525.753731,150650000,15065,20612.59472635832,21073.4496,709.8923263583185,1170.7472,49.450489499452765,132.0,6743.503872,2739.72602739726,25096153.878234465
84,1,0,1550222314.7052572,1181096000.0,1.0,819092553.7863095,1526079.066671782,0.0019935789908788796,376712.3287671233,3515981.735159817,31643835.616438396,295342465.75342447,152666.03134790857,5913747.583562423,0,0,9994086252.416437,5921072553.786309,151980000,15198,20784.320497706773,21259.728,705.6884977067763,1181.096,49.430984525481854,133.0,6803.1129599999995,2739.72602739726,25100217.26516707
85,1,0,1578203827.485687,1191523200.0,1.0,821490328.3551599,1521624.7311186816,0.001959870914298631,376712.3287671233,3515981.735159817,32020547.94520552,298858447.4885843,154919.49507666955,6068667.078639092,0,0,9993931332.92136,5924810328.35516,153320000,15332,20957.43724347249,21447.4176,701.5428434724894,1191.5231999999999,49.4118616811365,134.0,6863.173632,2739.72602739726,25104340.712771673
86,1,0,1606690406.5718036,1202028800.0,1.0,823885825.3500961,1517200.5167935155,0.0019365197546920886,376712.3287671233,3515981.735159817,32397260.273972645,302374429.2237441,157197.068990863,6225864.147629955,0,0,9993774135.85237,5928545825.350096,154660000,15466,21131.944014880002,21636.5184,697.454414880001,1202.0288,49.393112961732434,134.0,6923.685888,2739.72602739726,25108524.672632277
87,1,0,1635691168.4104245,1212534400.0,1.0,826269027.04231,1512824.466474901,0.0018923926475188776,376712.3287671233,3515981.735159817,32773972.60273977,305890410.9589039,159492.37171314904,6385356.519343104,0,0,9993614643.480658,5932279027.04231,156010000,15601,21306.490254889963,21825.6192,693.4054548899638,1212.5344,49.37481707838635,135.0,6984.198144,2739.72602739726,25112769.14474888
88,1,0,1665215394.0002325,1223118400.0,1.0,828639909.198858,1508496.0139182021,0.0018805147668148076,376712.3287671233,3515981.735159817,33150684.931506895,309406392.6940637,161811.90737897455,6547168.426722079,0,0,9993452831.573278,5936009909.198858,157370000,15737,21482.424963686015,22016.1312,689.4121636860159,1223.1183999999998,49.35687599174557,136.0,7045.161983999999,2739.72602739726,25117074.580705486
89,1,0,1695272531.8619366,1233780800.0,1.0,830998447.5143749,1504214.6032148823,0.0018356084145123538,376712.3287671233,3515981.735159817,33527397.26027402,312922374.42922354,164155.74841027815,6711324.175132357,0,0,9993288675.824867,5939738447.514375,158740000,15874,21659.747246224248,22208.0544,685.4736462242481,1233.7808,49.33928232892224,137.0,7106.577408,2739.72602739726,25121441.43208609
90,1,0,1725872201.0620444,1244521600.0,1.0,833354617.6135876,1499961.6892740643,0.0018194875776776762,376712.3287671233,3515981.735159817,33904109.58904114,316438356.16438335,166523.96471426895,6877848.139846626,0,0,9993122151.860153,5943464617.613587,160110000,16011,21838.456226847404,22401.3888,681.5890268474046,1244.5216,49.32202886634955,137.0,7168.444416,2739.72602739726,25125870.150474697
91,1,0,1757024194.2912142,1255262400.0,1.0,835698401.5666463,1495754.9250503532,0.0017754766821584137,376712.3287671233,3515981.735159817,34280821.917808264,319954337.89954317,168910.1108682798,7046758.250714906,0,0,9992953241.749285,5947188401.566647,161490000,16149,22017.20198680051,22594.7232,677.7411868005121,1255.2623999999998,49.305187807459056,138.0,7230.311424,2739.72602739726,25130360.7358713
92,1,0,1788738480.9981704,1266081600.0,1.0,838029774.8888724,1491593.7803830137,0.0017543167719729048,376712.3287671233,3515981.735159817,34657534.246575385,323470319.634703,171320.7417009579,7218078.992415863,0,0,9992781921.007584,5950909774.888872,162880000,16288,22197.333011465806,22789.4688,673.9458114658081,1266.0816,49.288669531057394,139.0,7292.630016,2739.72602739726,25134913.639859904
93,1,0,1821025210.580187,1276979200.0,1.0,840358713.0316712,1487460.0341686583,0.0017245895023012248,376712.3287671233,3515981.735159817,35034246.575342506,326986301.3698628,173755.9211282427,7391834.913544105,0,0,9992608165.086456,5954628713.031672,164270000,16427,22378.84847399323,22985.6256,670.2020739932319,1276.9792,49.27246737924068,139.0,7355.400192,2739.72602739726,25139529.314024508
94,1,0,1853894715.6311593,1287876800.0,1.0,842675197.9355772,1483371.0581043854,0.0016985901930797699,376712.3287671233,3515981.735159817,35410958.90410963,330502283.1050226,176209.16002104452,7568044.07356515,0,0,9992431955.926435,5958345197.935577,165670000,16567,22560.39890635672,23181.7824,666.4933063567178,1287.8768,49.25664915974187,140.0,7418.170368,2739.72602739726,25144207.758365113
95,1,0,1887357515.2483015,1298852800.0,1.0,844979204.9523323,1479326.3463454535,0.001670846240826027,376712.3287671233,3515981.735159817,35787671.23287675,334018264.8401824,178687.04717197298,7746731.120737122,0,0,9992253268.879263,5962059204.9523325,167080000,16708,22743.332425377524,23379.3504,662.8348253775241,1298.8528,49.24113101186384,141.0,7481.3921279999995,2739.72602739726,25148949.424465716
96,1,0,1921424318.398533,1309907200.0,1.0,847280709.375916,1475307.9896280612,0.0016476269813527008,376712.3287671233,3515981.735159817,36164383.56164387,337534246.57534224,181189.6403433272,7927920.761080449,0,0,9992072079.23892,5965770709.375916,168490000,16849,22927.648249782567,23578.3296,659.2258497825688,1309.9071999999999,49.22590679466437,141.0,7545.065472,2739.72602739726,25153754.76391032
97,1,0,1956106027.3456264,1320961600.0,1.0,849569693.0297991,1471333.088098019,0.0016148561941421228,376712.3287671233,3515981.735159817,36541095.89041099,341050228.31050205,183710.41004396538,8111631.171124415,0,0,9991888368.828876,5969479693.029799,169910000,16991,23111.99734142607,23777.308800000003,655.6501414260659,1320.9615999999999,49.211040263949336,142.0,7608.738816,2739.72602739726,25158623.776698925
98,1,0,1991413741.1392148,1332094400.0,1.0,851846131.118313,1467401.1588912269,0.0015931501661083202,376712.3287671233,3515981.735159817,36917808.21917811,344566210.04566187,186255.9754131803,8297887.1465375945,0,0,9991702112.853462,5973186131.118313,171340000,17134,23297.727463870433,23977.699200000003,652.1226638704337,1332.0944,49.1964528573775,143.0,7672.863744,2739.72602739726,25163556.91441553
99,1,0,2027358759.1667774,1343305600.0,1.0,854119998.7943398,1463494.5929898582,0.0015594540450255088,376712.3287671233,3515981.735159817,37294520.54794523,348082191.7808217,188826.38790026814,8486713.534437863,0,0,9991513286.465563,5976889998.79434,172770000,17277,23484.837878440263,24179.5008,648.6426784402614,1343.3056,49.182138906809264,143.0,7737.440256,2739.72602739726,25168554.628644135
100,1,0,2063952584.7697375,1354516800.0,1.0,856381277.7771974,1459630.2283072919,0.0015408239792769167,376712.3287671233,3515981.735159817,37671232.87671235,351598173.5159815,191415.0810694917,8678128.615507355,0,0,9991321871.384493,5980591277.777197,174210000,17421,23671.979957200838,24381.3024,645.1943572008375,1354.5167999999999,49.16815842921526,144.0,7802.0167679999995,2739.72602739726,25173616.91938474
101,1,0,2101206928.9248312,1365806400.0,1.0,858629943.1404027,1455807.6037136544,0.0015195118562159346,376712.3287671233,3515981.735159817,38047945.20547947,355114155.2511413,194028.70072173618,8872157.316229092,0,0,9991127842.683771,5984289943.140403,175660000,17566,23860.501125014118,24584.5152,641.7923250141157,1365.8064,49.154437740332995,145.0,7867.044864,2739.72602739726,25178744.238221344
102,1,0,2139133713.991924,1377174400.0,1.0,860875969.9124925,1452009.3993645597,0.0014937389233289245,376712.3287671233,3515981.735159817,38424657.53424659,358630136.9863011,196667.29183716376,9068824.608066255,0,0,9990931175.391933,5987985969.912493,177110000,17711,24050.400683051834,24789.139200000005,638.4358830518272,1377.1743999999999,49.14097160475557,145.0,7932.524544000001,2739.72602739726,25183937.03673795
103,1,0,2177745077.529478,1388542400.0,1.0,863109339.7218946,1448252.199892528,0.0014622146426573027,376712.3287671233,3515981.735159817,38801369.863013715,362146118.72146094,199324.25452495055,9268148.862591205,0,0,9990731851.13741,5991679339.721894,178570000,17857,24240.330395017958,24993.7632,635.1095950179565,1388.5424,49.1278165860764,146.0,7998.004223999999,2739.72602739726,25189195.31493455
104,1,0,2217053376.178885,1399988800.0,1.0,865330027.5283256,1444535.564737587,0.0014516404806192917,376712.3287671233,3515981.735159817,39178082.191780835,365662100.45662075,202006.25749612428,9470155.12008733,0,0,9990529844.879913,5995370027.528326,180040000,18004,24431.637360932513,25199.7984,631.8277609325113,1399.9887999999999,49.11490349551585,147.0,8063.935488,2739.72602739726,25194519.524395157
105,1,0,2257071189.6189137,1411513600.0,1.0,867548008.2531435,1440842.4526464725,0.0014232927390487491,376712.3287671233,3515981.735159817,39554794.520547956,369178082.19178057,204713.3391090391,9674868.459196368,0,0,9990325131.540804,5999058008.253143,181510000,18151,24624.32091927267,25407.2448,628.5897192726696,1411.5136,49.102227494013675,147.0,8130.318335999999,2739.72602739726,25199910.11670376
106,1,0,2297811324.5915346,1423038400.0,1.0,869753263.4474924,1437189.2035740379,0.0013911577028259282,376712.3287671233,3515981.735159817,39931506.84931508,372694063.9269404,207438.8695782834,9882307.328774652,0,0,9990117692.671225,6002743263.447493,182990000,18299,24817.033207829692,25614.6912,625.3804078296913,1423.0384,49.08984195232594,148.0,8196.701184,2739.72602739726,25205367.091860365
107,1,0,2339286819.0004115,1434641600.0,1.0,871945767.9747107,1433575.3964417155,0.0013781668459709943,376712.3287671233,3515981.735159817,40308219.1780822,376210045.6621002,210189.53670870565,10092496.865483357,0,0,9989907503.134516,6006425767.97471,184480000,18448,25011.12101498131,25823.548799999997,622.213814981312,1434.6416,49.077681828512105,149.0,8263.535616,2739.72602739726,25210890.90144897
108,1,0,2381510946.083369,1446323200.0,1.0,874135496.6665499,1429984.2584665688,0.0013621843959787429,376712.3287671233,3515981.735159817,40684931.50684932,379726027.39726,212965.37208786796,10305462.237571225,0,0,9989694537.762428,6010105496.66655,185970000,18597,25206.583714159293,26033.817600000002,619.0893141592898,1446.3232,49.06574264679337,149.0,8330.821632000001,2739.72602739726,25216481.997053575
109,1,0,2424497218.6601734,1458004800.0,1.0,876312431.0108109,1426431.8931983765,0.001337557129255876,376712.3287671233,3515981.735159817,41061643.83561644,383242009.1324198,215759.71966616416,10521221.957237389,0,0,9989478778.042763,6013782431.010811,187470000,18747,25402.07380064194,26244.0864,615.9922006419395,1458.0048,49.05407482313433,150.0,8398.107648,2739.72602739726,25222140.37867418
110,1,0,2468259393.4569893,1469764800.0,1.0,878476545.7922753,1422917.8980216028,0.0013137490695462233,376712.3287671233,3515981.735159817,41438356.16438356,386757990.86757964,218579.2824625974,10739801.239699986,0,0,9989260198.7603,6017456545.792275,188980000,18898,25598.937763743867,26455.7664,612.9361637438657,1469.7648,49.042617144412795,151.0,8465.845248,2739.72602739726,25227866.497894783
111,1,0,2512811475.508888,1481603200.0,1.0,880637815.7710534,1419425.7589376508,0.0012895296436859199,376712.3287671233,3515981.735159817,41815068.49315068,390273972.60273945,221424.08514887738,10961225.324848862,0,0,9989038774.675152,6021127815.771053,190490000,19049,25797.175009675106,26668.857600000003,609.9206096751043,1481.6032,49.03136546806174,151.0,8534.034432,2739.72602739726,25233660.80629939
112,1,0,2558167722.641823,1493441600.0,1.0,882796222.3858701,1415955.3114327306,0.0012701667327370885,376712.3287671233,3515981.735159817,42191780.8219178,393789954.33789927,224287.4491103665,11185512.773959229,0,0,9988814487.22604,6024796222.38587,192000000,19200,25995.438375487793,26881.948800000002,606.9311754877889,1493.4415999999999,49.02036747297294,151.0,8602.223616000001,2739.72602739726,25239523.303887993
113,1,0,2604342650.0355077,1505280000.0,1.0,884951747.0662913,1412506.3927427742,0.0012568609867941046,376712.3287671233,3515981.735159817,42568493.15068492,397305936.0730591,227169.3835058229,11412682.157465052,0,0,9988587317.842535,6028461747.066292,193510000,19351,26193.72758305592,27095.04,603.9675830559177,1505.28,49.00961625998884,151.0,8670.4128,2739.72602739726,25245453.990660597
114,1,0,2651351034.8686485,1517118400.0,1.0,887104371.2334435,1409078.8418300815,0.0012512037457676384,376712.3287671233,3515981.735159817,42945205.479452044,400821917.8082189,230069.89677490978,11642752.054239962,0,0,9988357247.94576,6032124371.233443,195020000,19502,26392.04235797012,27308.1312,601.02955797012,1517.1183999999998,48.99910515766541,151.0,8738.601983999999,2739.72602739726,25251452.866617203
115,1,0,2699207921.0480275,1528956800.0,1.0,889254076.300735,1405672.4993603388,0.0012377454776585073,376712.3287671233,3515981.735159817,43321917.808219165,404337899.5433787,232988.996635573,11875741.050875535,0,0,9988124258.949125,6035784076.300735,196530000,19653,26590.382429478406,27521.2224,598.1168294784073,1528.9568,48.98882771325991,151.0,8806.791168,2739.72602739726,25257519.931757808
116,1,0,2747928624.022944,1540795200.0,1.0,891400843.6745806,1402287.2076799998,0.0012014858843732567,376712.3287671233,3515981.735159817,43698630.136986285,407853881.2785385,235926.6900814563,12111667.740956992,0,0,9987888332.259043,6039440843.674581,198040000,19804,26788.747530428023,27734.3136,595.2291304280241,1540.7952,48.97877768413758,151.0,8874.980352,2739.72602739726,25263655.18608241
117,1,0,2797528735.686558,1552633600.0,1.0,893544654.7551283,1398922.8107940285,0.0011903180234808942,376712.3287671233,3515981.735159817,44075342.46575341,411369863.01369834,238882.98337935613,12350550.724336348,0,0,9987649449.275663,6043094654.755129,199550000,19955,26987.137397208375,27947.404800000004,592.3661972083723,1552.6336,48.96894902957503,151.0,8943.169536,2739.72602739726,25269858.629591014
118,1,0,2848024129.3657,1564472000.0,1.0,895685490.9369886,1395579.1543439897,0.0011725912009549273,376712.3287671233,3515981.735159817,44452054.79452053,414885844.74885815,241857.8820667163,12592408.606403064,0,0,9987407591.393597,6046745490.936989,201060000,20106,27185.55176969499,28160.496,589.5277696949933,1564.472,48.95933590293903,151.0,9011.35872,2739.72602739726,25276130.26228362
119,1,0,2899430964.90075,1576310400.0,1.0,897823333.6099665,1392256.0855864887,0.001157274788037605,376712.3287671233,3515981.735159817,44828767.12328765,418401826.48401797,244851.39094916207,12837259.997352226,0,0,9987162740.002647,6050393333.609966,202570000,20257,27383.99039119458,28373.5872,586.7135911945774,1576.3103999999998,48.94993264422119,151.0,9079.547904,2739.72602739726,25282470.084160224
120,1,0,2951765693.8172083,1588148800.0,1.0,899958164.1597955,1388953.4533719458,0.0011467967134281012,376712.3287671233,3515981.735159817,45205479.45205477,421917808.2191778,247863.5140980754,13085123.511450302,0,0,9986914876.48855,6054038164.159796,204080000,20408,27582.453008390985,28586.678399999997,583.9234083909859,1588.1488,48.940733772909454,151.0,9147.737088,2739.72602739726,25288878.095220827
121,1,0,3005045064.5906086,1599987200.0,1.0,902089963.9688743,1385671.1081237062,0.001129170861421475,376712.3287671233,3515981.735159817,45582191.78082189,425433789.9543376,250894.25484821075,13336017.766298512,0,0,9986663982.233702,6057679963.968874,205590000,20559,27780.939371292265,28799.769600000003,581.1569712922595,1599.9872,48.93173398117945,151.0,9215.926272,2739.72602739726,25295354.295465432
122,1,0,3059286128.006469,1611825600.0,1.0,904218714.417006,1382408.901817477,0.0011256022942436822,376712.3287671233,3515981.735159817,45958904.10958901,428949771.6894974,253943.61579535218,13589961.382093864,0,0,9986410038.617907,6061318714.417006,207100000,20710,27979.4492331786,29012.860800000002,578.4140331785964,1611.8256,48.922928127388616,151.0,9284.115456,2739.72602739726,25301898.684894037
123,1,0,3114506242.6169853,1623664000.0,1.0,906344396.8821391,1379166.687961082,0.0011120743691870555,376712.3287671233,3515981.735159817,46335616.43835613,432465753.4246572,257011.59879401312,13846972.980887877,0,0,9986153027.019112,6064954396.882139,208610000,20861,28177.982350551276,29225.952,575.6943505512771,1623.664,48.91431122985812,151.0,9352.30464,2739.72602739726,25308511.26350664
124,1,0,3170723080.2962217,1635502400.0,1.0,908456992.7411109,1375959.4675234617,0.001090140792526866,376712.3287671233,3515981.735159817,46712328.76712325,435981735.15981704,260098.2049551777,14107071.185843054,0,0,9985892928.814157,6068586992.741111,210130000,21013,28376.538483082517,29439.0432,572.9976830825175,1635.5023999999999,48.9058784609275,152.0,9420.493824,2739.72602739726,25315192.031303246
125,1,0,3227954631.8955684,1647419200.0,1.0,910566476.6168089,1372771.820728975,0.0010862906153706177,376712.3287671233,3515981.735159817,47089041.09589037,439497716.89497685,263210.1882290253,14370281.374072079,0,0,9985629718.625927,6072216476.616809,211650000,21165,28576.462746911868,29653.545599999998,570.3363469118701,1647.4191999999998,48.8975841257588,152.0,9489.134592,2739.72602739726,25321941.43986785
126,1,0,3286219213.001283,1659336000.0,1.0,912672829.8840095,1369603.6071972095,0.0010735234040799401,376712.3287671233,3515981.735159817,47465753.424657494,443013698.63013667,266340.79672645184,14636622.17079853,0,0,9985363377.8292,6075842829.884009,213170000,21317,28776.409388518037,29868.048,567.6973885180367,1659.336,48.8894660756048,152.0,9557.77536,2739.72602739726,25328759.489200454
127,1,0,3345535469.795956,1671252800.0,1.0,914776033.9191092,1366454.6879794605,0.0010575028820940162,376712.3287671233,3515981.735159817,47842465.753424615,446529680.3652965,269490.02882730233,14906112.199625833,0,0,9985093887.800375,6079466033.919109,214690000,21469,28976.378179422576,30082.5504,565.0805794225755,1671.2528,48.88151985988137,152.0,9626.416127999999,2739.72602739726,25335646.179301057
128,1,0,3405922385.0257726,1683169600.0,1.0,916876070.1008797,1363324.9255403657,0.0010496510246419345,376712.3287671233,3515981.735159817,48219178.082191736,450045662.1004563,272657.8821565915,15178770.081782425,0,0,9984821229.918217,6083086070.10088,216210000,21621,29176.36889408114,30297.052800000005,562.4856940811369,1683.1696,48.87374116291435,152.0,9695.056896,2739.72602739726,25342601.510169663
129,1,0,3467399284.0754876,1695086400.0,1.0,918972919.8112242,1360214.183739822,0.0010419230288786585,376712.3287671233,3515981.735159817,48595890.41095886,453561643.8356161,275844.35358248116,15454614.435364906,0,0,9984545385.564634,6086702919.811224,217730000,21773,29376.38130983855,30511.555200000003,559.912509838549,1695.0864,48.86612579906118,152.0,9763.697664000001,2739.72602739726,25349625.481806267
130,1,0,3529985841.15305,1707003200.0,1.0,921066564.4359369,1357122.3278151758,0.001040440315545931,376712.3287671233,3515981.735159817,48972602.73972598,457077625.5707759,279049.43921430234,15733663.874579208,0,0,9984266336.125422,6090316564.435937,219250000,21925,29576.415206884703,30726.0576,557.3608068847025,1707.0031999999999,48.858669708039336,152.0,9832.338432,2739.72602739726,25356718.09421087
131,1,0,3593702085.585862,1718920000.0,1.0,923156985.3654634,1354049.2243636874,0.0010331601145255555,376712.3287671233,3515981.735159817,49349315.0684931,460593607.30593574,282273.13440062304,16015937.00897983,0,0,9983984062.99102,6093926985.365463,220770000,22077,29776.470368211223,30940.56,554.8303682112203,1718.9199999999998,48.8513689504513,152.0,9900.9792,2739.72602739726,25363879.347383477
132,1,0,3658568408.2306867,1730836800.0,1.0,925244163.995663,1350994.7413252585,0.0010284622773809038,376712.3287671233,3515981.735159817,49726027.39726022,464109589.04109555,285515.43372736283,16301452.442707194,0,0,9983698547.557293,6097534163.995663,222290000,22229,29976.546579568898,31155.062400000003,552.3209795688956,1730.8367999999998,48.844219703496734,152.0,9969.619967999999,2739.72602739726,25371109.241324082
133,1,0,3724605567.9992504,1742753600.0,1.0,927328081.7285742,1347958.747965423,0.0010136312046142072,376712.3287671233,3515981.735159817,50102739.72602734,467625570.77625537,288776.3310159539,16590228.773723148,0,0,9983409771.226276,6101138081.728575,223810000,22381,30176.643629425882,31369.5648,549.8324294258821,1742.7536,48.837218256862705,152.0,10038.260736,2739.72602739726,25378407.776032686
134,1,0,3791834698.5016365,1754670400.0,1.0,929408719.9731797,1344941.114858593,0.001013749093754728,376712.3287671233,3515981.735159817,50479452.05479446,471141552.5114152,292055.8193215489,16882284.5930447,0,0,9983117715.406956,6104738719.97318,225330000,22533,30376.76130892662,31584.067199999998,547.3645089266226,1754.6704,48.830361008783605,152.0,10106.901504,2739.72602739726,25385774.95150929
135,1,0,3860277314.809591,1766587200.0,1.0,931486060.1461755,1341941.7138715608,0.0010050864133472684,376712.3287671233,3515981.735159817,50856164.38356158,474657534.246575,295353.89093127724,17177638.483975977,0,0,9982822361.516024,6108336060.146175,226850000,22685,30576.899411851497,31798.5696,544.9170118514995,1766.5872,48.82364446226252,152.0,10175.542271999999,2739.72602739726,25393210.767753895
136,1,0,3929955320.3419037,1778504000.0,1.0,933560083.67274,1338960.4181472424,0.0009873463291722086,376712.3287671233,3515981.735159817,51232876.7123287,478173515.9817348,298670.5373625482,17476309.021338526,0,0,9982523690.97866,6111930083.67274,228370000,22837,30777.057734577193,32013.072,542.4897345771946,1778.504,48.8170652214466,152.0,10244.18304,2739.72602739726,25400715.2247665
137,1,0,4000891013.8740745,1790420800.0,1.0,935630771.9873056,1335997.1020886714,0.0009933228986835673,376712.3287671233,3515981.735159817,51609589.04109582,481689497.7168946,302005.749361403,17778314.77069993,0,0,9982221685.2293,6115520771.987306,229890000,22989,30977.236076037745,32227.574400000005,540.0824760377412,1790.4207999999999,48.81061998814921,152.0,10312.823808000001,2739.72602739726,25408288.322547104
138,1,0,4073107096.674501,1802337600.0,1.0,937698106.5343318,1333051.641343227,0.0009948829418134967,376712.3287671233,3515981.735159817,51986301.369862944,485205479.45205444,305359.51690091606,18083674.287600845,0,0,9981916325.712399,6119108106.534332,231410000,23141,31177.434237686262,32442.076800000003,537.6950376862593,1802.3375999999998,48.804305558511814,152.0,10381.464576,2739.72602739726,25415930.061095707
139,1,0,4146626679.7694755,1814254400.0,1.0,939762068.7690792,1330123.9127870996,0.0009844699406421013,376712.3287671233,3515981.735159817,52363013.698630065,488721461.18721426,308731.8291796444,18392406.11678049,0,0,9981607593.883219,6122692068.769079,232930000,23293,31377.652023457355,32656.5792,535.327223457354,1814.2543999999998,48.79811881979946,152.0,10450.105344,2739.72602739726,25423640.440412313
140,1,0,4221473291.339314,1826171200.0,1.0,941822640.1583861,1327213.7945099885,0.0009810480101696782,376712.3287671233,3515981.735159817,52739726.027397186,492237442.92237407,312122.67462012725,18704528.791400615,0,0,9981295471.2086,6126272640.158386,234450000,23445,31577.88923973017,32871.081600000005,532.9788397301699,1826.1712,48.7920567473235,152.0,10518.746112,2739.72602739726,25431419.460496917
141,1,0,4297670884.247988,1838088000.0,1.0,943879802.1814457,1324321.1658000231,0.00099505369994073,376712.3287671233,3515981.735159817,53116438.35616431,495753424.6575339,315532.04086743534,19020060.83226805,0,0,9980979939.167732,6129849802.181446,235970000,23597,31778.14569529209,33085.584,530.6496952920853,1838.088,48.786116401485735,152.0,10587.38688,2739.72602739726,25439267.12134952
142,1,0,4375243843.708664,1850004800.0,1.0,945933536.330585,1321445.9071289098,0.0009796046541402207,376712.3287671233,3515981.735159817,53493150.68493143,499269406.3926937,318959.9147877708,19339020.74705582,0,0,9980660979.252945,6133423536.3305855,237490000,23749,31978.421201303037,33300.0864,528.3396013030339,1850.0048,48.78029492493863,152.0,10656.027648,2739.72602739726,25447183.422970124
143,1,0,4454216995.0876045,1861921600.0,1.0,947983824.1120449,1318587.9001372987,0.0009840120867522424,376712.3287671233,3515981.735159817,53869863.01369855,502785388.1278535,322406.28246711724,19661427.029522937,0,0,9980338572.970476,6136993824.112045,239010000,23901,32178.715571260436,33514.5888,526.0483712604413,1861.9216,48.77458953985615,152.0,10724.668415999999,2739.72602739726,25455168.36535873
144,1,0,4534615611.848935,1873838400.0,1.0,950020647.046762,1315760.8772880703,0.0009952978548637588,376712.3287671233,3515981.735159817,54246575.34246567,506301369.8630133,325871.12920994137,19987298.15873288,0,0,9980012701.841267,6140560647.046762,240540000,24054,32379.02862096476,33729.091199999995,523.7758209647666,1873.8383999999999,48.76899754531059,153.0,10793.309184,2739.72602739726,25463221.948515333
145,1,0,4616465423.642808,1885833600.0,1.0,952053979.8873345,1312950.7637245024,0.0009795951925278916,376712.3287671233,3515981.735159817,54623287.67123279,509817351.59817314,329361.22335459496,20316659.382087477,0,0,9979683340.617912,6144123979.887335,242070000,24207,32580.7039455345,33945.004799999995,521.5327455345036,1885.8336,48.763486277173094,153.0,10862.401536,2739.72602739726,25471344.624023937
146,1,0,4699792624.53956,1897828800.0,1.0,954083804.1913817,1310157.4458225348,0.000989227029796558,376712.3287671233,3515981.735159817,54999999.99999991,513333333.33333296,332869.7598797971,20649529.141967274,0,0,9979350470.858032,6147683804.191381,243600000,24360,32782.397454945734,34160.918399999995,519.3078549457404,1897.8288,48.75808407226662,153.0,10931.493887999999,2739.72602739726,25479536.39188454
147,1,0,4784623881.412498,1909824000.0,1.0,956110101.5340998,1307380.8110534297,0.0009873783705681418,376712.3287671233,3515981.735159817,55376712.32876703,516849315.06849277,336396.72120897024,20985925.863176245,0,0,9979014074.136824,6151240101.5341,245130000,24513,32984.108973717404,34376.831999999995,517.1009737174123,1909.8239999999998,48.75278841721541,153.0,11000.586239999999,2739.72602739726,25487797.252097145
148,1,0,4870986342.471993,1921819200.0,1.0,958132853.5090499,1304620.74797044,0.000983980369914534,376712.3287671233,3515981.735159817,55753424.65753415,520365296.8036526,339942.0889769587,21325867.952153202,0,0,9978674132.047848,6154792853.50905,246660000,24666,33185.838328506725,34592.745599999995,514.9119285067314,1921.8192,48.747596867087246,153.0,11069.678591999998,2739.72602739726,25496127.20466175
149,1,0,4958907645.953612,1933814400.0,1.0,960152041.7289479,1301877.1461956701,0.0009913283382305177,376712.3287671233,3515981.735159817,56130136.98630127,523881278.5388124,343505.8440290153,21669373.79618222,0,0,9978330626.203817,6158342041.728948,248190000,24819,33387.58534807816,34808.659199999995,512.7405480781696,1933.8144,48.74250704318722,153.0,11138.770944,2739.72602739726,25504526.249578353
150,1,0,5048415928.963075,1945809600.0,1.0,962167647.8264551,1299149.8964071276,0.0009843473478304908,376712.3287671233,3515981.735159817,56506849.315068394,527397260.2739722,347087.9664198415,22016461.76260206,0,0,9977983538.237398,6161887647.826455,249720000,24972,33589.34986327297,35024.5728,510.5866632729653,1945.8095999999998,48.73751663093462,153.0,11207.863296000001,2739.72602739726,25512994.386846956
151,1,0,5139539836.480858,1957804800.0,1.0,964179653.4549695,1296438.8903259595,0.0009982823393468437,376712.3287671233,3515981.735159817,56883561.643835515,530913242.009132,350688.43541268155,22367150.198014744,0,0,9977632849.801985,6165429653.454969,251250000,25125,33791.13170697915,35240.4864,508.4501069791456,1957.8048,48.7326233778191,153.0,11276.955648000001,2739.72602739726,25521531.61646756
152,1,0,5232308530.529337,1969800000.0,1.0,966188040.2894181,1293744.0207038748,0.0009943278474646234,376712.3287671233,3515981.735159817,57260273.972602636,534429223.74429184,354307.2294784709,22721457.427493215,0,0,9977278542.572506,6168968040.289418,252780000,25278,33992.93071410205,35456.4,506.3307141020498,1969.8,48.72782509143293,153.0,11346.048,2739.72602739726,25530137.938440166
153,1,0,5326751699.505391,1981795200.0,1.0,968192790.0270501,1291065.1813107447,0.0009937065220739865,376712.3287671233,3515981.735159817,57636986.30136976,537945205.4794517,357944.3262950393,23079401.753788255,0,0,9976920598.246212,6172502790.02705,254310000,25431,34194.74672153535,35672.3136,504.22832153534966,1981.7952,48.723119637576,153.0,11415.140352,2739.72602739726,25538813.35276477
154,1,0,5422899567.681463,1993790400.0,1.0,970193884.3882308,1288402.2669223836,0.0009999062120344992,376712.3287671233,3515981.735159817,58013698.63013688,541461187.2146115,361599.70274636894,23441001.456534624,0,0,9976558998.543465,6176033884.388231,255840000,25584,34396.579568132554,35888.2272,502.1427681325524,1993.7903999999999,48.71850493843037,153.0,11484.232704,2739.72602739726,25547557.859441373
155,1,0,5520782904.878113,2005785600.0,1.0,972191305.1172359,1285755.173308501,0.0010192888459721842,376712.3287671233,3515981.735159817,58390410.958904,544977168.9497714,365273.334921907,23806274.79145653,0,0,9976193725.208544,6179561305.117236,257370000,25737,34598.42909467898,36104.1408,500.0738946789811,2005.7856,48.71397897080172,153.0,11553.325056,2739.72602739726,25556371.45846998
156,1,0,5620433036.311162,2017780800.0,1.0,974185033.983047,1283123.7972208292,0.0010119778433064345,376712.3287671233,3515981.735159817,58767123.28767112,548493150.6849313,368965.19811593543,24175239.989572465,0,0,9975824760.010427,6183085033.9830475,258900000,25890,34800.29514386422,36320.0544,498.0215438642195,2017.7808,48.70953976442466,153.0,11622.417408000001,2739.72602739726,25565254.149850585
157,1,0,5721881852.616578,2029776000.0,1.0,976175052.7801471,1280508.0363814146,0.0010237287656493957,376712.3287671233,3515981.735159817,59143835.61643824,552009132.4200912,372675.2668269949,24547915.25639946,0,0,9975452084.7436,6186605052.780148,260430000,26043,35002.17756025502,36535.968,495.9855602550167,2029.7759999999998,48.705185400329164,153.0,11691.50976,2739.72602739726,25574205.93358319
158,1,0,5825161820.056307,2041771200.0,1.0,978161343.3293167,1277907.7894710808,0.001025374871192546,376712.3287671233,3515981.735159817,59520547.94520536,555525114.155251,376403.5147573656,24924318.771156825,0,0,9975075681.228844,6190121343.329317,261960000,26196,35204.076190268635,36751.8816,493.9657902686387,2041.7712,48.70091400926598,153.0,11760.602112,2739.72602739726,25583226.809667792
159,1,0,5930305990.908322,2053766400.0,1.0,980143887.4784312,1275322.95611805,0.0010307076776719403,376712.3287671233,3515981.735159817,59897260.27397248,559041095.8904109,380149.9148126052,25304468.68596943,0,0,9974695531.31403,6193633887.478432,263490000,26349,35405.99088214666,36967.7952,491.96208214666234,2053.7664,48.69672377018811,153.0,11829.694464,2739.72602739726,25592316.7781044
160,1,0,6037348014.044217,2065761600.0,1.0,982122667.1032572,1272753.436886728,0.0010335100237936327,376712.3287671233,3515981.735159817,60273972.6027396,562557077.6255708,383914.43910114147,25688383.125070572,0,0,9974311616.87493,6197142667.103257,265020000,26502,35607.921485929204,37183.7088,489.9742859291995,2065.7616,48.6926129087864,153.0,11898.786816,2739.72602739726,25601475.838893004
161,1,0,6146322145.697715,2077756800.0,1.0,984097664.1082503,1270199.1332666462,0.0010335285146545353,376712.3287671233,3515981.735159817,60650684.93150672,566073059.3607306,387697.0589339246,26076080.184004497,0,0,9973923919.815996,6200647664.10825,266550000,26655,35809.86785342955,37399.6224,488.0022534295467,2077.7568,48.68857969607684,153.0,11967.879168,2739.72602739726,25610703.99203361
162,1,0,6257263260.427558,2089752000.0,1.0,986068860.4273531,1267659.9476615582,0.00104468024731738,376712.3287671233,3515981.735159817,61027397.260273844,569589041.0958905,391497.7448241345,26467577.92882863,0,0,9973532422.07117,6204148860.427353,268080000,26808,36011.82983820925,37615.536,486.04583820925103,2089.752,48.68462244703771,153.0,12036.971520000001,2739.72602739726,25620001.237526212
163,1,0,6370206862.278275,2101747200.0,1.0,988036238.0247933,1265135.7833786905,0.0010598427524145999,376712.3287671233,3515981.735159817,61404109.589040965,573105022.8310504,395316.4664869469,26862894.395315576,0,0,9973137105.604685,6207646238.024794,269610000,26961,36213.80729555358,37831.4496,484.1048955535822,2101.7472,48.68073951929413,153.0,12106.063872,2739.72602739726,25629367.575370815
164,1,0,6485189096.142397,2113742400.0,1.0,989999778.8958809,1262626.5446181425,0.001057073198694847,376712.3287671233,3515981.735159817,61780821.917808086,576621004.5662103,399153.1928393569,27262047.588154934,0,0,9972737952.411844,6211139778.895881,271140000,27114,36415.80008244741,38047.3632,482.179282447408,2113.7424,48.676929311848625,153.0,12175.156224,2739.72602739726,25638803.00556742
165,1,0,6602246759.327766,2135222194.3202848,1.0,991917667.6636782,1260185.2358817537,0.0010713335506972726,376712.3287671233,3515981.735159817,62157534.24657521,580136986.3013701,404805.296129813,27666852.884284746,0,0,9972333147.115715,6214627667.663678,272710000,27271,36779.04616099631,38433.99949776513,480.2688575514613,2135.222194320285,48.887511472662496,157.0,12298.87983928484,2739.72602739726,25648362.15937931
166,1,0,6721417313.3336315,2167630098.5984545,1.0,993747827.7435097,1257864.3848091625,0.00106672364382843,376712.3287671233,3515981.735159817,62534246.57534233,583652968.03653,412533.98409562506,28079386.86838037,0,0,9971920613.13162,6218107827.743509,274360000,27436,37328.125465930934,39017.34177477218,478.4137897572052,2167.6300985984544,49.33410979371329,165.0,12485.549367927097,2739.72602739726,25658107.982719842
167,1,0,6842738895.839303,2200910551.31118,1.0,995490115.9749788,1255662.894026614,0.0010862146285301306,376712.3287671233,3515981.735159817,62910958.90410945,587168949.7716899,420405.83245793753,28499792.70083831,0,0,9971500207.299162,6221580115.974979,276090000,27609,37892.13295297748,39616.389923601244,476.6535806874192,2200.91055131118,49.780639922269025,173.0,12677.244775552397,2739.72602739726,25668045.501468
168,1,0,6966250332.909202,2235081192.458462,1.0,997144387.740625,1253579.7376670174,0.0010858633874134731,376712.3287671233,3515981.735159817,63287671.23287657,590684931.5068498,428422.2982807796,28928214.999119088,0,0,9971071785.000881,6225044387.740625,277900000,27790,38471.367167141034,40231.46146425232,474.9868953471718,2235.0811924584623,50.22710363066333,181.0,12874.067668560741,2739.72602739726,25678179.843109164
169,1,0,7091991151.418212,2270159662.040301,1.0,998710497.1054033,1251613.9598241425,0.001095505437133207,376712.3287671233,3515981.735159817,63664383.56164369,594200913.2420096,436584.6991488298,29364799.698267918,0,0,9970635200.301733,6228500497.105404,279790000,27979,39066.12673913178,40862.87391672542,473.4124844466653,2270.1596620403006,50.6735026439309,189.0,13076.119653352132,2739.72602739726,25688516.23673512
170,1,0,7220001591.70131,2306163600.056696,1.0,1000178296.9624014,1249777.1685272048,0.0011002309407804646,376712.3287671233,3515981.735159817,64041095.89041081,597716894.9771695,444894.2069289871,29809693.905196905,0,0,9970190306.094803,6231948296.962401,281770000,28177,39676.71038299172,41510.94480102052,471.9291820278881,2306.163600056696,51.11983862515355,198.0,13283.502336326568,2739.72602739726,25699060.01304405
171,1,0,7350322620.431519,2343193806.311967,1.0,1001547632.130424,1248068.4491671324,0.0011071664796889072,376712.3287671233,3515981.735159817,64417808.21917793,601232876.7123294,453358.89590445143,30263052.801101357,0,0,9969736947.198898,6235387632.1304245,283840000,28384,40304.840017880015,42177.488513615404,470.545310576579,2343.193806311967,51.56609111305712,207.0,13496.796324356928,2739.72602739726,25709817.083341014
172,1,0,7482995943.730307,2381270125.806114,1.0,1002818346.4899545,1246486.9678294759,0.0011200914553951764,376712.3287671233,3515981.735159817,64794520.54794505,604748858.4474893,461979.7043965803,30725032.505497936,0,0,9969274967.494501,6238818346.489954,286000000,28600,40950.851893241896,42862.862264510055,469.2597545379559,2381.2701258061143,52.01226212233705,216.0,13716.115924643218,2739.72602739726,25720793.47323826
173,1,0,7618064020.514638,2420412403.539137,1.0,1003990283.1819578,1245031.9698696614,0.0011344511100849994,376712.3287671233,3515981.735159817,65171232.87671217,608264840.1826491,470757.3719237352,31195789.87742167,0,0,9968804210.122578,6242240283.181957,288250000,28825,41615.0823526444,43567.42326370446,468.07149247907466,2420.412403539137,52.45835355938144,225.0,13941.575444385428,2739.72602739726,25731995.32265525
174,1,0,7755570076.084927,2460640484.5110354,1.0,1005053284.8140279,1243715.153103876,0.0011446817360360043,376712.3287671233,3515981.735159817,65547945.205479294,611780821.917809,479692.4318569673,31675482.309278637,0,0,9968324517.690722,6245653284.814028,290600000,29060,42297.867831651914,44291.52872119864,466.9795949643097,2460.6404845110355,52.90436720577202,235.0,14173.289190783564,2739.72602739726,25743428.885818638
175,1,0,7895558115.958259,2502060313.52613,1.0,1006017186.5483271,1242523.5042840738,0.0011592305498435702,376712.3287671233,3515981.735159817,65924657.534246415,615296803.6529689,488792.3296278297,32164274.638906468,0,0,9967835725.361094,6249057186.5483265,293040000,29304,43001.017823683374,45037.085643470346,465.99249373915285,2502.06031352613,53.35028334060462,244.0,14411.867405910509,2739.72602739726,25755101.027197152
176,1,0,8038072939.951304,2544607105.7801003,1.0,1006871830.5760617,1241468.8364902113,0.0011638505194352137,376712.3287671233,3515981.735159817,66301369.863013536,618812785.3881288,498050.0361924522,32662324.67509892,0,0,9967337675.324902,6252451830.576061,295580000,29558,43723.42091797527,45802.927904041804,465.10011971356715,2544.6071057801,53.79612514566716,254.0,14656.936929293377,2739.72602739726,25767018.23809905
177,1,0,8183160156.517425,2588388276.077266,1.0,1007617052.1147847,1240550.660964436,0.001182505660079718,376712.3287671233,3515981.735159817,66678082.19178066,622328767.1232886,507472.5252041203,33169797.20030304,0,0,9966830202.799698,6255837052.114784,298220000,29822,44466.91173131939,46590.9889693908,464.3110380058673,2588.3882760772663,54.24187290072601,264.0,14909.116470205054,2739.72602739726,25779187.62854186
178,1,0,8330866197.342564,2633425874.4176273,1.0,1008242686.8085899,1239780.8745399204,0.0011834349263603568,376712.3287671233,3515981.735159817,67054794.52054778,625844748.8584485,517059.37012180145,33686856.57042484,0,0,9966313143.429575,6259212686.80859,300970000,30097,45231.86448752329,47401.665739517295,463.62462242362153,2633.4258744176273,54.687528216377146,275.0,15168.533036645533,2739.72602739726,25791616.43555111
179,1,0,8481238332.2045965,2679830990.6055036,1.0,1008758563.9248408,1239146.8530751092,0.0011979806493544248,376712.3287671233,3515981.735159817,67431506.8493149,629360730.5936084,526816.9476762407,34213673.51810108,0,0,9965786326.4819,6262578563.924841,303820000,30382,46020.17637196857,48236.95783089907,463.049531675001,2679.8309906055033,55.133071779914914,285.0,15435.8265058877,2739.72602739726,25804312.536029603
180,1,0,8634324684.10089,2727538104.8365755,1.0,1009154520.8859928,1238660.6551616979,0.0012218688578578066,376712.3287671233,3515981.735159817,67808219.17808202,632876712.3287683,536737.1027750768,34750410.620876156,0,0,9965249589.379124,6265934520.885993,306780000,30678,46830.72391813824,49095.68588705836,462.57613591645344,2727.5381048365753,55.578525770982665,296.0,15710.619483858674,2739.72602739726,25817283.429486066
181,1,0,8790174244.648909,2776659776.9151626,1.0,1009440389.418573,1238309.8725819958,0.0012203509040883767,376712.3287671233,3515981.735159817,68184931.50684914,636392694.0639281,546825.5313468011,35297236.152222954,0,0,9964702763.847776,6269280389.418573,309840000,30984,47665.429484973916,49979.87598447292,462.2132774161619,2776.6597769151626,56.02387069425397,306.0,15993.560315031335,2739.72602739726,25830537.263773702
182,1,0,8948836889.76482,2827129017.036945,1.0,1009686010.002271,1238008.6359691387,0.0012404007739933054,376712.3287671233,3515981.735159817,68561643.83561626,639908675.799088,557073.4802290654,35854309.63245202,0,0,9964145690.367548,6272616010.002272,312930000,31293,48523.144859896085,50888.32230666501,461.95157026801866,2827.129017036945,56.469127884915935,309.0,16284.263138132801,2739.72602739726,25844081.80088444
183,1,0,9110363395.625074,2878324016.5716863,1.0,1009891273.5792974,1237757.0068208764,0.0012477046600679691,376712.3287671233,3515981.735159817,68938356.16438338,643424657.5342479,567430.4869007346,36421740.11935275,0,0,9963578259.880648,6275941273.579298,316050000,31605,49393.23516855342,51809.832298290356,461.7268868347512,2878.324016571686,56.91443848230254,312.0,16579.14633545291,2739.72602739726,25857921.221192498
184,1,0,9274805454.916105,2930251390.519386,1.0,1010046072.1439863,1237567.309525502,0.0012782856001627525,376712.3287671233,3515981.735159817,69315068.4931505,646940639.2694077,577895.4992381741,36999635.61859092,0,0,9963000364.381409,6279256072.143986,319210000,31921,50275.812884842795,52744.525029348944,461.5392460132338,2930.2513905193855,57.359799760821396,316.0,16878.24800939166,2739.72602739726,25872059.743174493
185,1,0,9442215693.37734,2983011203.684364,1.0,1010160291.9931718,1237427.3765341034,0.0012807082438169078,376712.3287671233,3515981.735159817,69691780.82191762,650456621.0045676,588474.2147415334,37588109.83333246,0,0,9962411890.166668,6282560291.993172,322400000,32240,51172.58827584827,53694.20166631855,461.3978132140849,2983.011203684364,57.80518912992304,319.0,17182.144533221934,2739.72602739726,25886502.16168032
186,1,0,9612647686.642801,3036518091.2623,1.0,1010233827.5677229,1237337.3033939893,0.0012785817247981464,376712.3287671233,3515981.735159817,70068493.15068474,653972602.7397275,599158.4893759789,38187268.322708435,0,0,9961812731.677292,6285853827.567722,325620000,32562,52082.101048580604,54657.3256427214,461.29349712150236,3036.5180912623,58.25062393594567,322.0,17490.344205670848,2739.72602739726,25901252.779858593
187,1,0,9786155977.386703,3090778668.253196,1.0,1010266574.5877333,1237297.1960495983,0.0013070937515019569,376712.3287671233,3515981.735159817,70445205.47945186,657488584.4748874,609947.0439166962,38797215.36662513,0,0,9961202784.633375,6289136574.587733,328870000,32887,53004.46371668067,55634.016028557526,461.2263563763384,3090.7786682531955,58.69610140618341,325.0,17802.885129138405,2739.72602739726,25916315.938960336
188,1,0,9962796092.778532,3145799549.657049,1.0,1010258430.1256297,1237307.1708439915,0.0013193459590576928,376712.3287671233,3515981.735159817,70821917.80821899,661004566.2100472,620838.5260306632,39418053.89265579,0,0,9960581946.107344,6292408430.125629,332150000,33215,53939.78880600256,56624.39189382689,461.1964618327156,3145.799549657049,59.141618759904645,328.0,18119.805406024603,2739.72602739726,25931696.018338963
189,1,0,10142624562.253183,3201587350.4738617,1.0,1010199292.679862,1237379.603270191,0.001313278369032091,376712.3287671233,3515981.735159817,71198630.1369861,664520547.9452071,631831.5096947055,40049885.40235049,0,0,9959950114.597649,6295669292.679862,335470000,33547,54888.18885464381,57628.57230852951,461.2038965881629,3201.5873504738615,59.587173208211155,332.0,18441.143138729443,2739.72602739726,25947397.435450297
190,1,0,10325698935.601852,3258245810.507952,1.0,1010099055.7718072,1237502.3943022322,0.0013410873895536703,376712.3287671233,3515981.735159817,71575342.46575323,668036529.680367,642930.9719818536,40692816.374332346,0,0,9959307183.625668,6298919055.771807,338820000,33882,55851.43666483731,58648.42458914315,461.25788620210955,3258.2458105079522,60.03274261460575,335.0,18767.495868525806,2739.72602739726,25963425.205291428
191,1,0,10512077801.389465,3315685889.955002,1.0,1009957621.1454456,1237675.6943349221,0.0013399097797744696,376712.3287671233,3515981.735159817,71952054.79452035,671552511.4155269,654128.6902886153,41346945.064620964,0,0,9958653054.935379,6302157621.145446,342200000,34220,56828.00954851778,59682.34601919004,461.34941928274407,3315.6858899550016,60.47834367487063,338.0,19098.35072614081,2739.72602739726,25979783.829990175
192,1,0,10701820805.704544,3373914203.8150096,1.0,1009764892.2075478,1237911.9235045754,0.0013547599438121672,376712.3287671233,3515981.735159817,72328767.12328747,675068493.1506867,665423.0018248319,42012368.0664458,0,0,9957987631.933554,6305384892.207548,345620000,34562,57818.020083985226,60730.45566867017,461.47861913006545,3373.9142038150094,60.9239735537639,342.0,19433.745813974452,2739.72602739726,25996477.849776752
193,1,0,10894988671.24751,3433036696.8922963,1.0,1009530767.8829732,1238199.0126178488,0.0013783525144039892,376712.3287671233,3515981.735159817,72705479.45205459,678584474.8858466,676818.3885016798,42689186.45494748,0,0,9957310813.545052,6308600767.882973,349070000,34907,58823.27861063763,61794.660544061335,461.65476346859305,3433.0366968922963,61.36961029644389,345.0,19774.291374099626,2739.72602739726,26013512.415123455
194,1,0,11091643216.763527,3490700000.0,1.0,1009245600.7892898,1238548.8715754244,0.0013829906214340775,376712.3287671233,3515981.735159817,73082191.78082171,682100456.6210065,687861.1576104321,43377047.61255791,0,0,9956622952.387442,6311805600.789289,352560000,35256,59803.768876763475,62832.600000000006,461.86887676346964,3490.7,61.775546239739676,349.0,20106.432,2739.72602739726,26030879.12109606
195,1,0,11291847376.826107,3525600000.0,1.0,1008923951.9710616,1238943.7256970678,0.0014072091239593018,376712.3287671233,3515981.735159817,73458904.10958883,685616438.3561664,694342.8821552993,44071390.49471321,0,0,9955928609.505287,6315003951.971062,356080000,35608,60397.32987137946,63460.8,462.1298713794504,3525.6,61.77066759807459,352.0,20307.456000000002,2739.72602739726,26048446.851068664
196,1,0,11495665221.977818,3560800000.0,1.0,1008555820.6020689,1239395.9505918422,0.0013965682437264582,376712.3287671233,3515981.735159817,73835616.43835595,689132420.0913262,700825.4329197695,44772215.92763298,0,0,9955227784.072367,6318195820.602069,359640000,35964,60996.02452088598,64094.399999999994,462.42452088598867,3560.7999999999997,61.76581649106841,356.0,20510.208,2739.72602739726,26066217.33304127
197,1,0,11703161979.234516,3596400000.0,1.0,1008151201.7288293,1239893.3789460082,0.001420389596813829,376712.3287671233,3515981.735159817,74212328.76712307,692648401.8264861,707312.9371667071,45479528.864799686,0,0,9954520471.1352,6321381201.728829,363230000,36323,61601.56209714015,64735.200000000004,462.7620971401482,3596.3999999999996,61.76097299690092,359.0,20715.264,2739.72602739726,26084192.871013872
198,1,0,11914404052.959698,3632300000.0,1.0,1007700097.9657211,1240448.425601481,0.0014417094004036857,376712.3287671233,3515981.735159817,74589041.0958902,696164383.561646,713797.8270351692,46193326.69183485,0,0,9953806673.308165,6324560097.965721,366860000,36686,62212.233559017186,65381.399999999994,463.1335590172005,3632.2999999999997,61.756154608964664,363.0,20922.048,2739.72602739726,26102375.192986477
199,1,0,12129459046.11562,3668600000.0,1.0,1007212508.1383445,1241048.9245317676,0.0014515427868423841,376712.3287671233,3515981.735159817,74965753.42465732,699680365.2968059,720283.8913036125,46913610.583138466,0,0,9953086389.416862,6327732508.138345,370520000,37052,62829.74822405581,66034.8,463.54822405579995,3668.6,61.75134167932272,366.0,21131.136000000002,2739.72602739726,26120766.60295908
200,1,0,12348395781.898005,3705200000.0,1.0,1006678438.3827548,1241707.334079969,0.0014586331441065461,376712.3287671233,3515981.735159817,75342465.75342444,703196347.0319657,726763.8195167705,47640374.40265524,0,0,9952359625.597345,6330898438.382755,374220000,37422,63452.39705453138,66693.6,463.99705453136704,3705.2,61.74655137639199,370.0,21341.952,2739.72602739726,26139368.828931686
201,1,0,12571284325.761263,3742200000.0,1.0,1006097891.3915093,1242423.8343956696,0.0014620316610551003,376712.3287671233,3515981.735159817,75719178.08219156,706712328.7671256,733241.0551725758,48373615.457827814,0,0,9951626384.542171,6334057891.391509,377960000,37796,64081.88941861625,67359.6,464.48941861623666,3742.2,61.74176430554679,374.0,21555.072,2739.72602739726,26158184.17490429
202,1,0,12798196007.841253,3779600000.0,1.0,1005480871.9842068,1243186.2552823094,0.0014722342666854745,376712.3287671233,3515981.735159817,76095890.41095868,710228310.5022855,739713.471229542,49113328.92905736,0,0,9950886671.070942,6337210871.984207,381730000,38173,64718.225520009095,68032.8,465.025520009097,3779.6,61.736979452878636,377.0,21770.496000000003,2739.72602739726,26177214.944876894
203,1,0,13029203445.782787,3817300000.0,1.0,1004817391.8862927,1244007.1301447875,0.0014818783256466393,376712.3287671233,3515981.735159817,76472602.7397258,713744292.2374454,746174.161841129,49859503.09089849,0,0,9950140496.909101,6340357391.886292,385540000,38554,65359.69631962068,68711.4,465.5963196206896,3817.2999999999997,61.73221353760425,381.0,21987.647999999997,2739.72602739726,26196462.866849497
204,1,0,13264380567.979166,3855400000.0,1.0,1004107459.9134749,1244886.6778738515,0.0015049736666785845,376712.3287671233,3515981.735159817,76849315.06849292,717260273.9726052,752626.0367448638,50612129.127643354,0,0,9949387870.872356,6343497459.913475,389390000,38939,66008.01127306125,69397.20000000001,466.21127306123293,3855.3999999999996,61.72744749917835,385.0,22207.104,2739.72602739726,26215930.2448221
205,1,0,13503802637.231188,3893900000.0,1.0,1003351087.0766467,1245825.131502099,0.0015064611342499843,376712.3287671233,3515981.735159817,77226027.39726004,720776255.7077651,759066.9007552399,51371196.028398596,0,0,9948628803.971601,6346631087.076647,393280000,39328,66663.17063114812,70090.20000000001,466.87063114811383,3893.8999999999996,61.722680252532136,389.0,22428.864,2739.72602739726,26235619.382794704
206,1,0,13747546274.83321,3932800000.0,1.0,1002548286.6054674,1246822.7383165932,0.0015128421475522414,376712.3287671233,3515981.735159817,77602739.72602716,724292237.442925,765494.5351063572,52136690.56350495,0,0,9947863309.436495,6349758286.605467,397210000,39721,67325.17466197784,70790.4,467.5746619778557,3932.7999999999997,61.71791068475817,393.0,22652.928,2739.72602739726,26255532.584767308
207,1,0,13995689485.093948,3972100000.0,1.0,1001699073.9711156,1247879.7599807724,0.001535078664927227,376712.3287671233,3515981.735159817,77979452.05479428,727808219.1780849,771906.6982788959,52908597.261783846,0,0,9947091402.738216,6352879073.971115,401180000,40118,67994.02365113061,71497.8,468.3236511306115,3972.1,61.71313765569602,397.0,22879.296000000002,2739.72602739726,26275672.154739913
208,1,0,14248311680.299892,4011800000.0,1.0,1000803466.9081985,1248996.4726657942,0.0015405984743155495,376712.3287671233,3515981.735159817,78356164.3835614,731324200.9132447,778301.1268441111,53686898.388627954,0,0,9946313101.611372,6355993466.908198,405190000,40519,68669.71790188993,72212.4,469.11790188994274,4011.7999999999997,61.70835999845499,401.0,23107.967999999997,2739.72602739726,26296040.396712516
209,1,0,14505493706.129305,4051900000.0,1.0,999861485.4358009,1250173.1671914647,0.0015511424224684124,376712.3287671233,3515981.735159817,78732876.71232852,734840182.6484046,784675.5363245639,54471573.924952514,0,0,9945528426.075047,6359101485.435801,409240000,40924,69352.25773547821,72934.20000000001,469.9577354781912,4051.8999999999996,61.70357651987462,405.0,23338.944,2739.72602739726,26316639.61468512
210,1,0,14767317867.524937,4092400000.0,1.0,998873151.8776567,1251410.1491769194,0.0015609571529403004,376712.3287671233,3515981.735159817,79109589.04109564,738356164.3835645,791027.6220712841,55262601.547023796,0,0,9944737398.452976,6362203151.877657,413330000,41333,70041.6434913078,73663.20000000001,470.8434913077759,4092.3999999999996,61.698786000923356,409.0,23572.224000000002,2739.72602739726,26337472.112657722
211,1,0,15033867955.03376,4133300000.0,1.0,997838490.8814267,1252707.7392012288,0.0015858134243177564,376712.3287671233,3515981.735159817,79486301.36986277,741872146.1187243,797355.0601570563,56059956.60718085,0,0,9943940043.392818,6365298490.881427,417460000,41746,70737.87552724876,74399.4,471.77552724877296,4133.3,61.693987197036435,413.0,23807.807999999997,2739.72602739726,26358540.194630325
212,1,0,15305229271.622118,4174600000.0,1.0,996757529.4370682,1254066.2729741225,0.0015907799328092943,376712.3287671233,3515981.735159817,79863013.69862989,745388127.8538842,803655.508285499,56863612.11546635,0,0,9943136387.884533,6368387529.437068,421630000,42163,71440.95421991315,75142.8,472.7542199131613,4174.599999999999,61.68917883839347,417.0,24045.696,2739.72602739726,26379846.164602928
213,1,0,15581488659.974895,4216300000.0,1.0,995630296.8942797,1255486.101517026,0.0016033843081826845,376712.3287671233,3515981.735159817,80239726.027397,748904109.5890441,809926.6067156043,57673538.72218195,0,0,9942326461.277819,6371470296.8942795,425840000,42584,72150.87996495614,75893.4,473.7799649561439,4216.3,61.684359630135965,421.0,24285.888,2739.72602739726,26401392.326575533
214,1,0,15862734530.287441,4258400000.0,1.0,994456824.9790053,1256967.5913546355,0.0016002292223612688,376712.3287671233,3515981.735159817,80616438.35616413,752420091.324204,816165.97920139,58489704.701383345,0,0,9941510295.298616,6374546824.979006,430090000,43009,72867.653177395,76651.20000000001,474.8531773949809,4258.4,61.6795282525262,425.0,24528.384000000002,2739.72602739726,26423180.984548137
215,1,0,16149056888.559128,4300900000.0,1.0,993227147.8089861,1258523.7956468286,0.0016154742799174512,376712.3287671233,3515981.735159817,80993150.68493125,755936073.0593638,822371.2339462999,59312075.935329646,0,0,9940687924.06467,6377617147.808987,434390000,43439,73591.27429194583,77416.20000000001,475.97429194580394,4300.9,61.67468336104732,430.0,24773.184,2739.72602739726,26445214.44252074
216,1,0,16440547365.39762,4343900000.0,1.0,991951299.4620003,1260142.509695784,0.0016121219464260098,376712.3287671233,3515981.735159817,81369863.01369837,759452054.7945237,828542.4109128859,60140618.34624253,0,0,9939859381.653757,6380681299.462,438730000,43873,74323.45336955438,78190.20000000001,477.15336955436806,4343.9,61.66980691367303,434.0,25020.864,2739.72602739726,26467495.580493346
217,1,0,16737299245.343044,4387300000.0,1.0,990629319.2723174,1261824.1512559378,0.0016374776573478324,376712.3287671233,3515981.735159817,81746575.34246549,762968036.5296836,834674.2536098491,60975292.59985238,0,0,9939024707.400148,6383739319.272318,443110000,44311,75062.48135552504,78971.4,478.3813555250509,4387.3,61.6649142871918,438.0,25270.847999999998,2739.72602739726,26490026.70246595
218,1,0,17039407496.721485,4431100000.0,1.0,989251249.0122694,1263581.9274912393,0.001634705147332348,376712.3287671233,3515981.735159817,82123287.67123261,766484018.2648435,840764.3239750725,61816056.923827454,0,0,9938183943.076172,6386791249.01227,447540000,44754,75808.35875015538,79759.8,479.6587501553839,4431.099999999999,61.66000404911032,443.0,25523.136000000002,2739.72602739726,26512810.112438556
219,1,0,17346968802.037308,4475400000.0,1.0,987827131.0439062,1265403.592103283,0.0016325050743792302,376712.3287671233,3515981.735159817,82499999.99999973,770000000.0000033,846812.0322902341,62662868.95611769,0,0,9937337131.043882,6389837131.043906,452010000,45201,76562.79579749976,80557.20000000001,480.99579749974134,4475.4,61.65505820486998,447.0,25778.304,2739.72602739726,26535848.69041116
220,1,0,17660081588.914078,4520100000.0,1.0,986347012.4511732,1267302.4647721716,0.0016627089534416053,376712.3287671233,3515981.735159817,82876712.32876685,773515981.7351632,852812.6566600602,63515681.61277775,0,0,9936484318.387222,6392877012.451174,456530000,45653,77324.0834042019,81361.8,482.3834042018993,4520.099999999999,61.650091879829304,452.0,26035.776,2739.72602739726,26559144.740383767
221,1,0,17978846061.593975,4565300000.0,1.0,984820941.3346709,1269266.2671307405,0.001663448440488603,376712.3287671233,3515981.735159817,83253424.65753397,777031963.4703231,858765.1804293754,64374446.793207124,0,0,9935625553.206793,6395910941.334671,461090000,46109,78093.93194887009,82175.4,483.83194887009716,4565.3,61.645087082684704,456.0,26296.127999999997,2739.72602739726,26582701.14235637
222,1,0,18303364233.005745,4610900000.0,1.0,983238970.1452622,1271308.4386955965,0.0016637427634204963,376712.3287671233,3515981.735159817,83630136.9863011,780547945.205483,864665.2533356657,65239112.046542786,0,0,9934760887.953457,6398938970.145262,465700000,46570,78870.63230823116,82996.20000000001,485.3323082311351,4610.9,61.64005878947867,461.0,26558.784,2739.72602739726,26606520.200328976
223,1,0,18633739957.411495,4657000000.0,1.0,981611152.7810628,1273416.6644893836,0.0016769764045123296,376712.3287671233,3515981.735159817,84006849.31506822,784063926.9406428,870511.428126399,66109623.47466919,0,0,9933890376.525331,6401961152.781063,470350000,47035,79655.89500488415,83826.0,486.8950048841446,4657.0,61.6349889926669,465.0,26824.32,2739.72602739726,26630604.79430158
224,1,0,18970078963.642773,4703500000.0,1.0,979977547.1049355,1275539.4281152755,0.0016843884844190977,376712.3287671233,3515981.735159817,84383561.64383534,787579908.6758027,876299.7400543782,66985923.214723565,0,0,9933014076.785276,6404977547.104936,475000000,47500,80448.01088105554,84663.0,488.51088105554646,4703.5,61.629892536589296,465.0,27092.16,2739.72602739726,26654957.228274185
225,1,0,19312488888.936523,4750000000.0,1.0,978338216.006791,1277676.7579437613,0.0017097764223309028,376712.3287671233,3515981.735159817,84760273.97260246,791095890.4109626,882025.1620716332,67867948.3767952,0,0,9932132051.623205,6407988216.006791,479650000,47965,81240.1406035377,85500.0,490.14060353770014,4750.0,61.62483333692934,465.0,27360.0,2739.72602739726,26679577.50224679
226,1,0,19661079313.381824,4796500000.0,1.0,976693222.3715886,1279828.6825056623,0.0016987498618515728,376712.3287671233,3515981.735159817,85136986.30136958,794611872.1461225,887687.6991294668,68755636.07592466,0,0,9931244363.924076,6410993222.371589,484300000,48430,82032.28424989917,86337.0,491.78424989917,4796.5,61.61980960621128,465.0,27627.84,2739.72602739726,26704465.616219394
227,1,0,20015961794.988365,4843000000.0,1.0,975042629.0735083,1281995.2304934587,0.0017059391994069747,376712.3287671233,3515981.735159817,85513698.6301367,798127853.8812823,893287.3620073666,69648923.43793203,0,0,9930351076.562067,6413992629.073508,488950000,48895,82824.44189836066,87174.0,493.4418983606576,4843.0,61.614819620526575,465.0,27895.68,2739.72602739726,26729621.570191998
228,1,0,20377249905.3879,4889500000.0,1.0,973386498.9701684,1284176.430762627,0.001702846115536244,376712.3287671233,3515981.735159817,85890410.95890382,801643835.6164422,898824.1672669547,70547747.60519898,0,0,9929452252.3948,6416986498.970168,493600000,49360,83616.61362779955,88011.0,495.1136277995576,4889.5,61.60986171646243,465.0,28163.52,2739.72602739726,26755045.364164602
229,1,0,20745059266.18015,4936000000.0,1.0,971724894.8968902,1286372.3123329862,0.0017197599145707205,376712.3287671233,3515981.735159817,86267123.28767094,805159817.3516021,904298.1372052246,71452045.74240421,0,0,9928547954.257595,6419974894.896891,498250000,49825,84408.79951775455,88848.0,496.79951775455874,4936.0,61.60493428820366,465.0,28431.36,2739.72602739726,26780736.998137206
230,1,0,21119507585.9347,4982500000.0,1.0,970057879.6610101,1288582.9043900527,0.0017260350255005144,376712.3287671233,3515981.735159817,86643835.61643806,808675799.086762,909709.2998070896,72361755.0422113,0,0,9927638244.957788,6422957879.661011,502900000,50290,85200.99964843028,89685.0,498.4996484302884,4982.5,61.60003578479635,465.0,28699.2,2739.72602739726,26806696.47210981
231,1,0,21500714697.86082,5029000000.0,1.0,968385516.03624,1290808.2362864069,0.00171164385496044,376712.3287671233,3515981.735159817,87020547.94520518,812191780.8219218,915057.6886972559,73276812.73090854,0,0,9926723187.26909,6425935516.03624,507550000,50755,85993.214100702,90522.0,500.21410070200136,5029.0,61.595164707563065,465.0,28967.039999999997,2739.72602739726,26832923.786082413
232,1,0,21888802598.157207,5075500000.0,1.0,966707866.7570755,1293048.337543067,0.0017339077661994095,376712.3287671233,3515981.735159817,87397260.2739723,815707762.5570817,920343.3430914426,74197156.07399999,0,0,9925802843.926,6428907866.757075,512200000,51220,86785.44295612031,91359.0,501.9429561203151,5075.5,61.59031960765978,465.0,29234.879999999997,2739.72602739726,26859418.940055016
233,1,0,22283895485.053944,5122000000.0,1.0,965024994.5132556,1295303.2378508733,0.001723702124051065,376712.3287671233,3515981.735159817,87773972.60273942,819223744.2922416,925566.3077469697,75122722.38174696,0,0,9924877277.618254,6431874994.513256,516850000,51685,87577.68629691598,92196.0,503.6862969159891,5122.0,61.58549908376544,465.0,29502.719999999998,2739.72602739726,26886181.93402762
234,1,0,22686119798.559166,5168500000.0,1.0,963336961.9442699,1297572.9670718845,0.0017290669228057,376712.3287671233,3515981.735159817,88150684.93150654,822739726.0274014,930726.6329127298,76053449.01465969,0,0,9923946550.98534,6434836961.94427,521500000,52150,88369.94420600474,93033.0,505.44420600475087,5168.5,61.580701779895875,465.0,29770.559999999998,2739.72602739726,26913212.768000223
235,1,0,23095604260.923157,5215000000.0,1.0,961643831.6339184,1299857.5552407803,0.0017405815706280727,376712.3287671233,3515981.735159817,88527397.26027367,826255707.7625613,935824.3742785652,76989273.38893825,0,0,9923010726.611061,6437793831.633919,526150000,52615,89162.21676699218,93870.0,507.21676699217034,5215.0,61.575926383334455,465.0,30038.399999999998,2739.72602739726,26940511.441972826
236,1,0,23512479917.832817,5261500000.0,1.0,959955666.1049213,1302143.467804084,0.0017523223987491723,376712.3287671233,3515981.735159817,88904109.58904079,829771689.4977212,940859.5929240709,77930132.98186232,0,0,9922069867.018137,6440745666.104921,530790000,53079,89954.50406417857,94707.0,509.00406417857863,5261.5,61.57117162267183,464.0,30306.239999999998,2739.72602739726,26968077.95594543
237,1,0,23936880180.349697,5307900000.0,1.0,958262525.9986211,1304444.2061400618,0.0017409692768613938,376712.3287671233,3515981.735159817,89280821.9178079,833287671.2328811,945834.1702272358,78875967.15208955,0,0,9921124032.84791,6443692525.998621,535430000,53543,90745.09554241986,95542.20000000001,510.7955424198433,5307.9,61.56645273273554,464.0,30573.504,2739.72602739726,26995911.733918034
238,1,0,24368940867.605007,5354300000.0,1.0,956564473.3041738,1306759.8001860557,0.0017385086228580697,376712.3287671233,3515981.735159817,89657534.24657503,836803652.968041,950746.7583743689,79826713.91046391,0,0,9920173286.089537,6446634473.304174,540070000,54007,91535.70181619436,96377.4,512.6018161943673,5354.3,61.56175209812634,464.0,30840.767999999996,2739.72602739726,27024012.775890637
239,1,0,24808800250.265274,5400700000.0,1.0,954861569.9365828,1309090.2800529094,0.0017377281097809805,376712.3287671233,3515981.735159817,90034246.57534215,840319634.7032008,955597.4315180335,80782311.34198195,0,0,9919217688.658018,6449571569.936583,544710000,54471,92326.32297066748,97212.6,514.4229706674714,5400.7,61.55706856732858,464.0,31108.032,2739.72602739726,27052381.081863243
240,1,0,25256599094.78256,5447100000.0,1.0,953153877.7315526,1311435.6760263778,0.0017540415055856285,376712.3287671233,3515981.735159817,90410958.90410927,843835616.4383607,960386.2689572737,81742697.61093922,0,0,9918257302.389061,6452503877.731552,549350000,54935,93116.95909170603,98047.8,516.2590917060292,5447.099999999999,61.55240102303423,464.0,31375.296000000002,2739.72602739726,27081016.651835848
241,1,0,25712480708.443382,5493500000.0,1.0,951441458.440395,1313796.0185685467,0.0017398180955041408,376712.3287671233,3515981.735159817,90787671.23287639,847351598.1735206,965113.3550846628,82707810.96602388,0,0,9917292189.033976,6455431458.440395,553990000,55399,93907.61026588349,98883.0,518.1102658834795,5493.5,61.54774838065145,464.0,31642.559999999998,2739.72602739726,27109919.48580845
242,1,0,26176590985.23078,5539900000.0,1.0,949724373.7249892,1316171.3383192623,0.0017313870685220598,376712.3287671233,3515981.735159817,91164383.56164351,850867579.9086804,969778.7793328842,83677589.74535677,0,0,9916322410.254642,6458354373.724989,558630000,55863,94698.2765804849,99718.20000000001,519.97658048489,5539.9,61.54310958688758,464.0,31909.824,2739.72602739726,27139089.583781056
243,1,0,26649078452.514194,5586300000.0,1.0,948002685.1527953,1318561.6660975728,0.0017321505613010265,376712.3287671233,3515981.735159817,91541095.89041063,854383561.6438403,974382.636120873,84651972.38147764,0,0,9915348027.618523,6461272685.152796,563270000,56327,95488.95812351207,100553.40000000001,521.8581235120674,5586.3,61.538483618402495,464.0,32177.088000000003,2739.72602739726,27168526.94575366
244,1,0,27130094318.582073,5632700000.0,1.0,946276454.1919228,1320967.0329031763,0.0017301667598533345,376712.3287671233,3515981.735159817,91917808.21917775,857899543.3790002,978925.0247995317,85630897.40627716,0,0,9914369102.593723,6464186454.191923,567910000,56791,96279.65498368873,101388.6,523.7549836887208,5632.7,61.533869480528125,464.0,32444.352000000003,2739.72602739726,27198231.571726266
245,1,0,27619792521.03248,5679100000.0,1.0,944545742.2062528,1323387.469917884,0.0017136001410846843,376712.3287671233,3515981.735159817,92294520.54794487,861415525.1141601,983406.0495970405,86614303.4558742,0,0,9913385696.544127,6467095742.206253,572550000,57255,97070.36725046566,102223.79999999999,525.6672504656716,5679.099999999999,61.52926620605034,464.0,32711.615999999998,2739.72602739726,27228203.46169887
246,1,0,28118329776.037113,5725500000.0,1.0,942810610.4506161,1325823.0085070913,0.0017193725873417278,376712.3287671233,3515981.735159817,92671232.876712,864931506.8493199,987825.8195637816,87602129.27543798,0,0,9912397870.724562,6470000610.450616,577190000,57719,97861.09501402611,103059.0,527.5950140261177,5725.5,61.52467285404973,464.0,32978.88,2739.72602739726,27258442.615671474
247,1,0,28625865628.49458,5771900000.0,1.0,941081120.0660263,1328259.5658834844,0.0016964565114310046,376712.3287671233,3515981.735159817,93047945.20547912,868447488.5844798,992184.44851689,88594313.72395487,0,0,9911405686.276045,6472901120.066027,581820000,58182,98651.83836529097,103894.20000000001,529.5383652909475,5771.9,61.52008850879801,463.0,33246.144,2739.72602739726,27288949.03364408
248,1,0,29142562503.088905,5818200000.0,1.0,939347328.1045918,1330711.189142662,0.0017107287502429814,376712.3287671233,3515981.735159817,93424657.53424624,871963470.3196397,996486.0253615584,89590799.74931642,0,0,9910409200.250683,6475797328.104591,586450000,58645,99440.88610277997,104727.6,531.486102779958,5818.2,61.51552912826499,463.0,33512.832,2739.72602739726,27319722.139616683
249,1,0,29668585756.269657,5864500000.0,1.0,937609295.0905424,1333177.9095463583,0.001710164947405863,376712.3287671233,3515981.735159817,93801369.86301336,875479452.0547996,1000727.0779764462,90591526.82729287,0,0,9909408473.172707,6478689295.090542,591080000,59108,100229.94949092419,105561.0,533.4494909241919,5864.5,61.51097708439308,463.0,33779.52,2739.72602739726,27350761.933589287
250,1,0,30204103729.170322,5910800000.0,1.0,935867081.4233227,1335659.7585406778,0.0017059582541791697,376712.3287671233,3515981.735159817,94178082.19178048,878995433.7899594,1004907.7311468488,91596434.55843972,0,0,9908403565.44156,6481577081.423323,595710000,59571,101019.0286215291,106394.40000000001,535.428621529088,5910.8,61.506431536166986,463.0,34046.208,2739.72602739726,27382068.415561892
251,1,0,30749287801.481842,5957100000.0,1.0,934120747.3730764,1338156.7677575727,0.001688388374532507,376712.3287671233,3515981.735159817,94554794.5205476,882511415.5251193,1009028.1141733387,92605462.67261305,0,0,9907394537.327387,6484460747.373076,600340000,60034,101808.12358714487,107227.79999999999,537.4235871448939,5957.099999999999,61.50189166371275,463.0,34312.896,2739.72602739726,27413641.585534498
252,1,0,31304312446.298588,6003400000.0,1.0,932370353.076188,1340668.96901633,0.0016997161314279124,376712.3287671233,3515981.735159817,94931506.84931472,886027397.2602792,1013088.3608155552,93618551.03342861,0,0,9906381448.966572,6487340353.076188,604970000,60497,102597.2344810721,108061.20000000001,539.4344810720809,6003.4,61.49735666743719,463.0,34579.584,2739.72602739726,27445481.4435071
253,1,0,31869355285.954273,6049700000.0,1.0,930615958.5308793,1343196.394325069,0.0016874996521787156,376712.3287671233,3515981.735159817,95308219.17808184,889543378.995439,1017088.6092357301,94635639.64266434,0,0,9905364360.357336,6490215958.530879,609600000,60960,103386.36139736683,108894.6,541.4613973668118,6049.7,61.49282576720574,463.0,34846.272000000004,2739.72602739726,27477587.989479706
254,1,0,32444597148.865746,6096000000.0,1.0,928857623.5928644,1345739.075882251,0.0016813366753972005,376712.3287671233,3515981.735159817,95684931.50684896,893059360.7305989,1021029.0019419647,95656668.6446063,0,0,9904343331.355394,6493087623.592865,614230000,61423,104175.50443084646,109728.0,543.5044308464622,6096.0,61.4882982015581,463.0,35112.96,2739.72602739726,27509961.22345231
255,1,0,33030222127.402767,6142300000.0,1.0,927095407.9710602,1348297.0460782012,0.0016769785300884655,376712.3287671233,3515981.735159817,96061643.83561608,896575342.4657588,1024909.6857312765,96681578.33033758,0,0,9903318421.669662,6495955407.97106,618860000,61886,104964.6636770952,110561.40000000001,545.5636770951974,6142.299999999999,61.48377322695862,463.0,35379.648,2739.72602739726,27542601.145424914
256,1,0,33626417636.802383,6188600000.0,1.0,925329371.2233548,1350870.3374966385,0.0016592803356770232,376712.3287671233,3515981.735159817,96438356.1643832,900091324.2009187,1028730.8116324301,97710309.14197001,0,0,9902289690.85803,6498819371.223354,623490000,62349,105753.83923246959,111394.79999999999,547.6392324696027,6188.599999999999,61.47925011707991,463.0,35646.335999999996,2739.72602739726,27575507.755397517
257,1,0,34233374475.146664,6234900000.0,1.0,923569572.7524333,1353444.3282651468,0.0016710765562224113,376712.3287671233,3515981.735159817,96815068.49315032,903607305.9360785,1032492.5348485743,98742801.67681858,0,0,9901257198.323181,6501679572.752434,628110000,62811,106543.03119410439,112228.20000000001,549.7311941043707,6234.9,61.47472816211844,462.0,35913.024,2739.72602739726,27608681.053370122
258,1,0,34851286884.42306,6281100000.0,1.0,921806065.9477377,1356033.6020515135,0.0016559331977933612,376712.3287671233,3515981.735159817,97191780.82191744,907123287.6712384,1036200.8686226022,99779002.54544118,0,0,9900220997.45456,6504536065.947738,632730000,63273,107330.52771227073,113059.79999999999,551.8277122707514,6281.099999999999,61.47022407133098,462.0,36179.136,2739.72602739726,27642120.463342726
259,1,0,35480352612.68689,6327300000.0,1.0,920038909.533756,1358638.1913276936,0.0016465730933182207,376712.3287671233,3515981.735159817,97568493.15068457,910639269.4063983,1039850.4779087736,100818853.02334996,0,0,9899181146.97665,6507388909.533756,637350000,63735,108118.04070259046,113891.40000000001,553.9407025904455,6327.299999999999,61.4657198855157,462.0,36445.248,2739.72602739726,27675825.98531533
260,1,0,36120772977.34589,6373500000.0,1.0,918268162.0707419,1361258.1287597204,0.0016373259620053658,376712.3287671233,3515981.735159817,97945205.47945169,914155251.1415582,1043441.526941146,101862294.5502911,0,0,9898137705.449709,6510238162.070742,641970000,64197,108905.57026309626,114723.0,556.0702630962675,6373.5,61.46121494506694,462.0,36711.36,2739.72602739726,27709797.619287934
261,1,0,36772752929.586975,6419700000.0,1.0,916493881.9507923,1363893.4472092416,0.0016333563234282803,376712.3287671233,3515981.735159817,98321917.8082188,917671232.876718,1046974.1838766249,102909268.73416772,0,0,9897090731.265833,6513083881.950792,646590000,64659,109693.11649260652,115554.6,558.2164926065198,6419.7,61.45670860436883,462.0,36977.472,2739.72602739726,27744035.365260538
262,1,0,37436501119.96602,6465900000.0,1.0,914716127.3939817,1366544.179735067,0.0016315203754658067,376712.3287671233,3515981.735159817,98698630.13698593,921187214.6118779,1050448.6207376355,103959717.35490537,0,0,9896040282.645094,6515926127.393982,651210000,65121,110480.6794907308,116386.20000000001,560.3794907307863,6465.9,61.452200231250444,462.0,37243.584,2739.72602739726,27778539.22323314
263,1,0,38112229965.181404,6512100000.0,1.0,912934956.4445541,1369210.359594729,0.001604838764029041,376712.3287671233,3515981.735159817,99075342.46575305,924703196.3470378,1053865.013354693,105013582.36826006,0,0,9894986417.63174,6518764956.444554,655830000,65583,111268.25935787577,117217.79999999999,562.5593578757819,6512.099999999999,61.447689206464105,462.0,37509.695999999996,2739.72602739726,27813309.193205744
264,1,0,38800155716.052925,6558300000.0,1.0,911150426.9671723,1371892.0202460515,0.0016148620988165443,376712.3287671233,3515981.735159817,99452054.79452017,928219178.0821977,1057223.5413088796,106070805.90956894,0,0,9893929194.090431,6521600426.967173,660450000,66045,112055.85619525127,118049.40000000001,564.7561952512608,6558.299999999999,61.443174923185396,462.0,37775.808000000005,2739.72602739726,27848345.275178347
265,1,0,39500498526.72768,6604500000.0,1.0,909362596.6432251,1374589.1953487345,0.001607638607275892,376712.3287671233,3515981.735159817,99828767.12328729,931735159.8173575,1060524.3878742454,107131330.29744318,0,0,9892868669.702557,6524432596.643225,665070000,66507,112843.47010487599,118881.0,566.970104875983,6604.5,61.43865678653354,462.0,38041.92,2739.72602739726,27883647.469150953
266,1,0,40213482525.13511,6650700000.0,1.0,907581522.9671919,1377286.7432485544,0.001598208101169581,376712.3287671233,3515981.735159817,100205479.45205441,935251141.5525174,1063767.7399601573,108195098.03740335,0,0,9891804901.962597,6527261522.967192,669680000,66968,113631.10118958374,119712.6,569.2011895837404,6650.7,61.43413421311171,461.0,38308.032,2739.72602739726,27919215.77512356
267,1,0,40939335884.71379,6696800000.0,1.0,905797255.7585307,1379999.7649068553,0.001562444033509677,376712.3287671233,3515981.735159817,100582191.78082153,938767123.2876773,1066961.2725882067,109262059.30999155,0,0,9890737940.690008,6530087255.758531,674290000,67429,114417.03696291287,120542.40000000001,571.4369629128679,6696.799999999999,61.42962467599391,461.0,38573.568,2739.72602739726,27955049.617096163
268,1,0,41678290897.43287,6742900000.0,1.0,904009851.7900419,1382728.2938619591,0.0015685176071934795,376712.3287671233,3515981.735159817,100958904.10958865,942283105.0228372,1070098.0324158214,110332157.34240738,0,0,9889667842.657593,6532909851.790042,678900000,67890,115202.98997945666,121372.20000000001,573.6899794566402,6742.9,61.42510971638884,461.0,38839.104,2739.72602739726,27991148.995068766
269,1,0,42430584048.13153,6789000000.0,1.0,902219367.6403044,1385472.363854636,0.001558263177210377,376712.3287671233,3515981.735159817,101335616.43835577,945799086.757997,1073178.2136645464,111405335.55607192,0,0,9888594664.443928,6535729367.640305,683510000,68351,115988.96034295407,122202.0,575.9603429540783,6789.0,61.42058878676572,461.0,39104.64,2739.72602739726,28027513.90904137
270,1,0,43196456090.2003,6835100000.0,1.0,900425859.6902865,1388232.0088296907,0.001551386630434774,376712.3287671233,3515981.735159817,101712328.7671229,949315068.4931569,1076202.0139449816,112481537.5700169,0,0,9887518462.429983,6538545859.690287,688120000,68812,116774.94815796678,123031.79999999999,578.248157966801,6835.099999999999,61.41606134936751,461.0,39370.176,2739.72602739726,28064144.359013975
271,1,0,43976152122.62841,6881200000.0,1.0,898629384.1200138,1391007.2629375623,0.0015441171014572781,376712.3287671233,3515981.735159817,102089041.09589002,952831050.2283168,1079169.6341997862,113560707.20421669,0,0,9886439292.795784,6541359384.120014,692730000,69273,117560.95352988517,123861.6,580.553529885162,6881.2,61.41152687583927,461.0,39635.712,2739.72602739726,28101040.34498658
272,1,0,44769921668.44185,6927300000.0,1.0,896829996.9052942,1393798.1605359355,0.0015241126311953544,376712.3287671233,3515981.735159817,102465753.42465714,956347031.9634767,1082081.2786467038,114642788.4828634,0,0,9885357211.517138,6544169996.905294,697340000,69734,118346.97656493445,124691.40000000001,582.8765649344466,6927.299999999999,61.406984846871026,461.0,39901.248,2739.72602739726,28138201.866959184
273,1,0,45578018754.55722,6973400000.0,1.0,895027753.8144996,1396604.7361913635,0.0015081506949332294,376712.3287671233,3515981.735159817,102842465.75342426,959863013.6986365,1084937.154721621,115727725.63758501,0,0,9884272274.362415,6546977753.8145,701950000,70195,119133.01737018114,125521.20000000001,585.2173701811321,6973.4,61.40243475185472,461.0,40166.784,2739.72602739726,28175628.92493179
274,1,0,46400701993.07697,7019500000.0,1.0,893222710.405405,1399427.0246809032,0.0015108619634169075,376712.3287671233,3515981.735159817,103219178.08219138,963378995.4337964,1087737.4730216744,116815463.11060669,0,0,9883184536.889393,6549782710.405405,706560000,70656,119919.0760535392,126351.0,587.5760535392084,7019.5,61.39787608855401,461.0,40432.32,2739.72602739726,28213321.518904395
275,1,0,47238234664.05201,7065600000.0,1.0,891424922.0220836,1402249.3303918212,0.0015007114650590642,376712.3287671233,3515981.735159817,103595890.4109585,966894977.1689563,1090482.4472484142,117905945.5578551,0,0,9882094054.442144,6552584922.022083,711160000,71116,120705.15272377654,127180.79999999999,589.9527237765634,7065.599999999999,61.393308362786904,460.0,40697.856,2739.72602739726,28251279.648877
276,1,0,48090884799.738144,7111600000.0,1.0,889624434.7396308,1405087.3055952983,0.001490140690211473,376712.3287671233,3515981.735159817,103972602.73972562,970410958.9041162,1093181.346379838,118999126.90423493,0,0,9881000873.095764,6555384434.739631,715760000,71576,121489.53420350092,128008.79999999999,592.3342035009338,7111.599999999999,61.38874990016004,460.0,40962.816,2739.72602739726,28289502.738849603
277,1,0,48958925270.37341,7157600000.0,1.0,887821303.1471782,1407940.984935828,0.0014951350969817955,376712.3287671233,3515981.735159817,104349315.06849274,973926940.639276,1095825.6563797272,120094952.56061466,0,0,9879905047.439384,6558181303.147179,720360000,72036,122273.93374023779,128836.79999999999,594.7337402378076,7157.599999999999,61.38418158160211,460.0,41227.776,2739.72602739726,28327990.788822208
278,1,0,49842633871.50365,7203600000.0,1.0,886015581.6145023,1410810.403268859,0.001460728030996375,376712.3287671233,3515981.735159817,104726027.39725986,977442922.3744359,1098415.5966029633,121193368.15721762,0,0,9878806631.842783,6560975581.614502,724960000,72496,123058.35144366499,129664.79999999999,597.1514436650048,7203.599999999999,61.37960293902158,460.0,41492.736,2739.72602739726,28366743.798794813
279,1,0,50742293412.884285,7249600000.0,1.0,884207324.2891575,1413695.5956624355,0.0014645274334733512,376712.3287671233,3515981.735159817,105102739.72602698,980958904.1095958,1100951.38927185,122294319.54648948,0,0,9877705680.45351,6563767324.289158,729560000,72956,123842.78742432196,130492.79999999999,599.5874243219798,7249.599999999999,61.37501351119822,460.0,41757.695999999996,2739.72602739726,28405761.768767416
280,1,0,51658191808.98684,7295600000.0,1.0,882396585.093664,1416596.5973988494,0.0014466037015971045,376712.3287671233,3515981.735159817,105479452.0547941,984474885.8447556,1103433.2594204654,123397752.80590995,0,0,9876602247.19409,6566556585.093664,734160000,73416,124627.2417936163,131320.8,602.0417936163219,7295.599999999999,61.37041284352275,460.0,42022.655999999995,2739.72602739726,28445044.69874002
281,1,0,52590622171.139046,7341600000.0,1.0,880583417.722752,1419513.443976305,0.0014466785540439382,376712.3287671233,3515981.735159817,105856164.38356122,987990867.5799155,1105861.4348391418,124503614.24074909,0,0,9875496385.75925,6569343417.722752,738760000,73876,125411.7146638303,132148.8,604.5146638303194,7341.599999999999,61.36580048774608,460.0,42287.615999999995,2739.72602739726,28484592.588712625
282,1,0,53539882901.3281,7387600000.0,1.0,878767875.6406599,1422446.1711105958,0.0014288156612152745,376712.3287671233,3515981.735159817,106232876.71232834,991506849.3150754,1108236.1460190811,125611850.38676818,0,0,9874388149.613232,6572127875.640659,743360000,74336,126196.20614812756,132976.8,607.0061481275898,7387.599999999999,61.36117600173745,460.0,42552.575999999994,2739.72602739726,28524405.43868523
283,1,0,54506277787.69707,7433600000.0,1.0,876950012.0784899,1425394.814736795,0.001408239907424453,376712.3287671233,3515981.735159817,106609589.04109547,995022831.0502353,1110557.6260971257,126722408.0128653,0,0,9873277591.987135,6574910012.078489,747960000,74796,126980.71636055977,133804.8,609.5163605597776,7433.599999999999,61.356538949251416,460.0,42817.536,2739.72602739726,28564483.248657834
284,1,0,55490116101.76499,7479600000.0,1.0,875139880.0316162,1428343.089512605,0.0014190611931015281,376712.3287671233,3515981.735159817,106986301.36986259,998538812.7853951,1112826.1108006865,127835234.12366599,0,0,9872164765.876333,6577689880.031616,752550000,75255,127765.2454160733,134632.8,612.0454160733174,7479.599999999999,61.35188889970276,459.0,43082.496,2739.72602739726,28604826.018630438
285,1,0,56491712697.40185,7525500000.0,1.0,873327521.7012506,1431307.234615757,0.00140152511381235,376712.3287671233,3515981.735159817,107363013.6986297,1002054794.520555,1115052.3942926563,128950286.51795864,0,0,9871049713.48204,6580467521.70125,757140000,75714,128548.07938801375,135459.0,614.5793880137418,7525.5,61.347245124817874,459.0,43346.88,2739.72602739726,28645433.17260304
286,1,0,57511388111.58994,7571400000.0,1.0,871512989.3043306,1434287.2858359106,0.0014087319650275918,376712.3287671233,3515981.735159817,107739726.02739683,1005570776.2557149,1117226.4608470222,130067512.97880566,0,0,9869932487.021194,6583242989.304331,761730000,76173,129330.93227489616,136285.2,617.1322748961386,7571.4,61.342587702144705,459.0,43611.264,2739.72602739726,28686304.710575644
287,1,0,58549468667.004135,7617300000.0,1.0,869696334.8179882,1437283.2791823277,0.0013861830196446074,376712.3287671233,3515981.735159817,108116438.35616395,1009086757.9908748,1119348.5502694934,131186861.52907516,0,0,9868813138.470924,6586016334.817988,766320000,76632,130113.80419257884,137111.40000000002,619.7041925788146,7617.299999999999,61.33791622037169,459.0,43875.648,2739.72602739726,28727440.632548247
288,1,0,59606286576.44355,7663200000.0,1.0,867877609.9771833,1440295.2508855627,0.0013818156087536616,376712.3287671233,3515981.735159817,108493150.68493107,1012602739.7260346,1121418.904731884,132308280.43380705,0,0,9867691719.566193,6588787609.977183,770910000,77091,130896.69525782276,137937.6,622.2952578227572,7663.2,61.33323027301123,459.0,44140.032,2739.72602739726,28768840.938520852
289,1,0,60682180049.14835,7709100000.0,1.0,866056866.2723918,1443323.2373991716,0.0013612847782019824,376712.3287671233,3515981.735159817,108869863.01369819,1016118721.4611945,1123437.76871865,133431718.20252569,0,0,9866568281.797474,6591556866.272392,775500000,77550,131679.6055882985,138763.8,624.905588298515,7709.099999999999,61.32852945821284,459.0,44404.416,2739.72602739726,28810505.628493458
290,1,0,61777493399.03548,7755000000.0,1.0,864234154.9473453,1446367.2754014314,0.0013567544289283908,376712.3287671233,3515981.735159817,109246575.34246531,1019634703.1963544,1125405.3889736496,134557123.59149933,0,0,9865442876.4085,6594324154.947346,780090000,78009,132462.53530259314,139590.0,627.5353025931515,7755.0,61.32381337858256,459.0,44668.799999999996,2739.72602739726,28852434.702466063
291,1,0,62892577154.88806,7800900000.0,1.0,862409526.9968252,1449427.4017970723,0.0013497838965574104,376712.3287671233,3515981.735159817,109623287.67123243,1023150684.9315143,1127322.0144471205,135684445.60594645,0,0,9864315554.394054,6597089526.996825,784680000,78468,133245.4845202173,140416.2,630.1845202172674,7800.9,61.31908164100837,459.0,44933.184,2739.72602739726,28894628.160438668
292,1,0,64027788172.53378,7846800000.0,1.0,860593033.1645094,1452486.7757802343,0.0013397288232022612,376712.3287671233,3515981.735159817,109999999.99999955,1026666666.6666741,1129187.8962428998,136813633.50218934,0,0,9863186366.49781,6599853033.164509,789260000,78926,134028.45336161213,141242.40000000002,632.8533616120918,7846.799999999999,61.31433385649153,458.0,45197.568,2739.72602739726,28937086.002411272
293,1,0,65183489749.04801,7892600000.0,1.0,858774712.102934,1455562.1892255065,0.0013321828768960836,376712.3287671233,3515981.735159817,110376712.32876667,1030182648.401834,1131015.1255024592,137944648.6276918,0,0,9862055351.372309,6602614712.102934,793840000,79384,134809.72718161324,142066.8,635.5271816132538,7892.599999999999,61.30959022012609,458.0,45461.376,2739.72602739726,28979807.652383875
294,1,0,66360051739.01832,7938400000.0,1.0,856954613.7650166,1458653.678878273,0.0013258946737935919,376712.3287671233,3515981.735159817,110753424.6575338,1033698630.1369939,1132792.4018444424,139077441.02953625,0,0,9860922558.970463,6605374613.765017,798420000,79842,135591.02069820956,142891.2,638.2206982095302,7938.4,61.304829984105695,458.0,45725.184,2739.72602739726,29022793.11035648
295,1,0,67557850672.90759,7984200000.0,1.0,855132787.8498055,1461761.2817105541,0.001325685351057194,376712.3287671233,3515981.735159817,111130136.98630092,1037214611.8721538,1134519.9791381154,140211961.00867435,0,0,9859788038.991325,6608132787.849806,803000000,80300,136372.33403274856,143715.6,640.9340327485673,7984.2,61.300052774317834,458.0,45988.992000000006,2739.72602739726,29066042.376329083
296,1,0,68777269877.55357,8030000000.0,1.0,853309283.8005371,1464885.0349227437,0.0013154361367305055,376712.3287671233,3515981.735159817,111506849.31506804,1040730593.6073136,1136198.1131954275,141348159.12186977,0,0,9858651840.87813,6610889283.800537,807580000,80758,137153.6673075166,144540.0,643.6673075165809,8030.0,61.29525822013932,458.0,46252.799999999996,2739.72602739726,29109555.45030169
297,1,0,70018699598.84341,8075800000.0,1.0,851484150.802744,1468024.9759453575,0.0013101786469865808,376712.3287671233,3515981.735159817,111883561.64383516,1044246575.3424735,1137827.0617201303,142485986.1835899,0,0,9857514013.81641,6613644150.802744,812160000,81216,137935.0206457456,145364.40000000002,646.4206457455705,8075.799999999999,61.29044595429433,458.0,46516.608,2739.72602739726,29153332.33227429
298,1,0,71282537126.60252,8121600000.0,1.0,849657437.782414,1471181.1424407964,0.0013158629354630355,376712.3287671233,3515981.735159817,112260273.97260228,1047762557.0776334,1139407.0842571761,143625393.2678471,0,0,9856374606.732153,6616397437.7824135,816740000,81674,138716.3941716206,146188.8,649.194171620606,8121.599999999999,61.285615612717116,458.0,46780.416,2739.72602739726,29197373.022246897
299,1,0,72569186921.73769,8167400000.0,1.0,847839193.4041986,1474336.182762581,0.001294492431606919,376712.3287671233,3515981.735159817,112636986.3013694,1051278538.8127933,1140938.442142404,144766331.7099895,0,0,9855233668.29001,6619149193.404199,821310000,82131,139497.78801028722,147013.2,651.9880102871873,8167.4,61.280766834418976,457.0,47044.224,2739.72602739726,29241677.5202195
300,1,0,73879060745.67505,8213100000.0,1.0,846019453.152593,1477507.3969541395,0.0012908580830400466,376712.3287671233,3515981.735159817,113013698.63013652,1054794520.5479531,1142434.315532708,145908766.0255222,0,0,9854091233.974478,6621899453.152594,825880000,82588,140277.48684500047,147835.8,654.7868450004914,8213.1,61.27592068833425,457.0,47307.456,2739.72602739726,29286245.250192106
301,1,0,75212577792.13448,8258800000.0,1.0,844198264.8971999,1480694.822503891,0.001292098202334659,376712.3287671233,3515981.735159817,113390410.95890364,1058310502.283113,1143882.31932015,147052648.34484234,0,0,9852947351.655157,6624648264.8972,830450000,83045,141057.2060655482,148658.40000000002,657.6060655481572,8258.8,61.271055622441494,457.0,47570.688,2739.72602739726,29331076.21216471
302,1,0,76570164821.2825,8304500000.0,1.0,842375676.2445903,1483898.4971321812,0.0012935078658391091,376712.3287671233,3515981.735159817,113767123.28767076,1061826484.0182729,1145282.716536664,148197931.06137902,0,0,9851802068.938622,6627395676.244591,835020000,83502,141836.94579796924,149481.0,660.4457979692477,8304.5,61.26617128771872,457.0,47833.92,2739.72602739726,29376170.406137317
303,1,0,77952256296.30664,8350200000.0,1.0,840551734.5367098,1487118.4587930448,0.001289946505258125,376712.3287671233,3515981.735159817,114143835.61643788,1065342465.7534328,1146635.771807501,149344566.8331865,0,0,9850655433.166813,6630141734.53671,839590000,83959,142616.70616927114,150303.6,663.3061692711416,8350.199999999999,61.261267337733315,457.0,48097.152,2739.72602739726,29421527.83210992
304,1,0,79359294522.45497,8395900000.0,1.0,838726486.8493339,1490354.7456759864,0.001286644221311678,376712.3287671233,3515981.735159817,114520547.945205,1068858447.4885926,1147941.7513030046,150492508.58448952,0,0,9849507491.41551,6632886486.849334,844160000,84416,143396.48730743703,151126.2,666.1873074370152,8395.9,61.256343428528815,457.0,48360.384,2739.72602739726,29467148.490082525
305,1,0,80791729788.58528,8441600000.0,1.0,836899979.9905702,1493607.3962077727,0.0012805247024985423,376712.3287671233,3515981.735159817,114897260.27397212,1072374429.2237525,1149200.9226907128,151641709.50718024,0,0,9848358290.492819,6635629979.99057,848730000,84873,144176.28934143338,151948.8,669.0893414333999,8441.6,61.251399218515346,457.0,48623.615999999995,2739.72602739726,29513032.38005513
306,1,0,82250020511.26924,8487300000.0,1.0,835072260.4994094,1496876.4490542393,0.0012771699254690955,376712.3287671233,3515981.735159817,115273972.60273924,1075890410.9589124,1150413.5550877817,152792123.06226802,0,0,9847207876.937733,6638372260.49941,853300000,85330,144956.11240121786,152771.40000000002,672.0124012178171,8487.3,61.2464343683633,457.0,48886.848,2739.72602739726,29559179.502027735
307,1,0,83734633381.49765,8533000000.0,1.0,833253374.6443228,1500143.9394513343,0.001275881324675557,376712.3287671233,3515981.735159817,115650684.93150637,1079406392.6940722,1151579.9190137482,153943702.98128176,0,0,9846056297.018719,6641113374.644323,857860000,85786,145735.9566177465,153594.0,674.9566177464892,8533.0,61.24144854089989,456.0,49150.08,2739.72602739726,29605589.856000338
308,1,0,85246043514.03368,8578600000.0,1.0,831433354.3201538,1503427.7774700928,0.0012825547464748821,376712.3287671233,3515981.735159817,116027397.26027349,1082922374.4292321,1152714.3880959188,155096417.36937767,0,0,9844903582.630623,6643853354.320154,862420000,86242,146514.10585506403,154414.8,677.9058550640351,8578.6,61.236463881423674,456.0,49412.736,2739.72602739726,29652262.865972944
309,1,0,86784734599.46198,8624200000.0,1.0,829612245.0002273,1506728.0015855003,0.0012807205131721553,376712.3287671233,3515981.735159817,116404109.5890406,1086438356.164392,1153803.3838535494,156250220.75323123,0,0,9843749779.246769,6646592245.000227,866980000,86698,147292.27632248262,155235.6,680.8763224826184,8624.199999999999,61.23145782579535,456.0,49675.392,2739.72602739726,29699198.53194555
310,1,0,88351199058.98225,8669800000.0,1.0,827790091.8867816,1510044.6505114946,0.0012656112434300613,376712.3287671233,3515981.735159817,116780821.91780773,1089954337.8995519,1154847.177372759,157405067.93060398,0,0,9842594932.069397,6649330091.886782,871540000,87154,148070.46815183968,156056.40000000002,683.868151839662,8669.8,61.226430046250734,456.0,49938.048,2739.72602739726,29746396.853918154
311,1,0,89945938201.99687,8715400000.0,1.0,825966939.9097483,1513377.763202772,0.001287368296279598,376712.3287671233,3515981.735159817,117157534.24657485,1093470319.6347117,1155846.0409603617,158560913.97156435,0,0,9841439086.028435,6652066939.909748,876100000,87610,148848.6814759792,156877.2,686.8814759791622,8715.4,61.22138021680955,456.0,50200.704,2739.72602739726,29793857.831890758
312,1,0,91569462386.54291,8761000000.0,1.0,824142833.7255765,1516727.378856611,0.0013044989942445832,376712.3287671233,3515981.735159817,117534246.57534197,1096986301.3698716,1156800.248098881,159717714.21966323,0,0,9840282285.780336,6654802833.725576,880660000,88066,149626.91642875952,157698.0,689.9164287595212,8761.0,61.21630801318672,456.0,50463.36,2739.72602739726,29841581.465863362
313,1,0,93222291182.62,8806600000.0,1.0,822317817.7161016,1520093.5369147088,0.0012857833470860248,376712.3287671233,3515981.735159817,117910958.90410909,1100502283.1050315,1157710.073401919,160875424.29306516,0,0,9839124575.706934,6657537817.716102,885220000,88522,150405.17314506145,158518.8,692.9731450614636,8806.6,61.211213112706176,456.0,50726.015999999996,2739.72602739726,29889567.755835965
314,1,0,94904953538.46628,8852200000.0,1.0,820501935.9874588,1523457.7094515958,0.0012923167100767148,376712.3287671233,3515981.735159817,118287671.23287621,1104018264.8401914,1158575.7925698953,162034000.08563507,0,0,9837965999.914366,6660271935.987459,889770000,88977,151183.45176079602,159339.6,696.0517607960296,8852.199999999999,61.20609519421696,455.0,50988.672000000006,2739.72602739726,29937816.701808568
315,1,0,96617987949.83559,8897700000.0,1.0,818685217.273209,1526838.3667210008,0.0012973540297213295,376712.3287671233,3515981.735159817,118664383.56164333,1107534246.5753512,1159412.778176889,163193412.86381197,0,0,9836806587.136189,6663005217.273209,894320000,89432,151960.03537486072,160158.6,699.135374860735,8897.699999999999,61.20097741642437,455.0,51250.752,2739.72602739726,29986327.727781173
316,1,0,98361942632.33011,8943200000.0,1.0,816867704.8898778,1530235.5479564061,0.0013067007774655631,376712.3287671233,3515981.735159817,119041095.89041045,1111050228.310511,1160206.4472582398,164353619.3110702,0,0,9835646380.68893,6665737704.889877,898870000,89887,152736.64096126403,160977.6,702.2409612640254,8943.199999999999,61.19583624893161,455.0,51512.832,2739.72602739726,30035100.833753776
317,1,0,100137375696.84366,8988700000.0,1.0,815049441.878622,1533649.2926354343,0.001310051251549265,376712.3287671233,3515981.735159817,119417808.21917757,1114566210.045671,1160957.07518283,165514576.38625303,0,0,9834485423.613747,6668469441.878622,903420000,90342,153513.26865677806,161796.6,705.3686567780705,8988.699999999999,61.19067137826665,455.0,51774.912000000004,2739.72602739726,30084136.01972638
318,1,0,101944855328.17168,9034200000.0,1.0,813230471.0043098,1537079.6404816834,0.0013185712338261767,376712.3287671233,3515981.735159817,119794520.5479447,1118082191.7808309,1161664.9382393365,166676241.32449237,0,0,9833323758.675508,6671200471.00431,907970000,90797,154289.9185992131,162615.6,708.5185992131014,9034.199999999999,61.18548249218531,455.0,52036.992000000006,2739.72602739726,30133433.285698984
319,1,0,103784959966.84517,9079700000.0,1.0,811410834.7546425,1540526.6314665794,0.0013206836307273148,376712.3287671233,3515981.735159817,120171232.87671182,1121598173.5159907,1162330.3135943036,167838571.63808668,0,0,9832161428.361914,6673930834.7546425,912520000,91252,155066.5909274255,163434.6,711.6909274255261,9079.699999999999,61.18026927959852,455.0,52299.072,2739.72602739726,30182992.63167159
320,1,0,105658278494.24672,9125200000.0,1.0,809600575.339319,1543971.2347982908,0.001335723166244281,376712.3287671233,3515981.735159817,120547945.20547894,1125114155.2511506,1162953.4792505954,169001525.1173373,0,0,9830998474.882662,6676660575.339319,917060000,91706,155843.28578132612,164253.6,714.8857813261315,9125.199999999999,61.17503143050161,454.0,52561.152,2739.72602739726,30232814.057644192
321,1,0,107565410421.06786,9170600000.0,1.0,807789718.7729741,1547432.4207775197,0.0013445614306581725,376712.3287671233,3515981.735159817,120924657.53424606,1128630136.9863105,1163550.630271924,170165075.7476092,0,0,9829834924.25239,6679389718.772974,921600000,92160,156618.28556642967,165070.8,718.0855664296819,9170.6,61.16979302711395,454.0,52822.655999999995,2739.72602739726,30282896.987616796
322,1,0,109506966079.16812,9216000000.0,1.0,805978306.4846243,1550910.2291500717,0.0013538997184402396,376712.3287671233,3515981.735159817,121301369.86301318,1132146118.7214704,1164106.3522768666,171329182.09988606,0,0,9828670817.900114,6682118306.484625,926140000,92614,157393.3079489656,165888.0,721.3079489656006,9216.0,61.164529651081644,454.0,53084.159999999996,2739.72602739726,30333241.4215894
323,1,0,111483566816.8971,9261400000.0,1.0,804166379.6263119,1554404.6999091383,0.0013553333729578443,376712.3287671233,3515981.735159817,121678082.1917803,1135662100.4566302,1164620.922239379,172493803.02212545,0,0,9827506196.977875,6684846379.626312,930680000,93068,158168.35306967847,166705.2,724.5530696784615,9261.4,61.15924099889202,454.0,53345.664,2739.72602739726,30383847.359562006
324,1,0,113495845197.94208,9306800000.0,1.0,802353979.0724233,1557915.8732971477,0.001376137211767071,376712.3287671233,3515981.735159817,122054794.52054742,1139178082.19179,1165094.6178156727,173658897.63994113,0,0,9826341102.36006,6687573979.072424,935220000,93522,158943.42107037475,167522.40000000002,727.8210703747205,9306.8,61.15392676787093,454.0,53607.168,2739.72602739726,30434714.80153461
325,1,0,115544445203.76492,9352200000.0,1.0,800541145.4190453,1561443.789807631,0.001388433685677487,376712.3287671233,3515981.735159817,122431506.84931454,1142694063.92695,1165527.7173050367,174824425.35724616,0,0,9825175574.642754,6690301145.419045,939760000,93976,159718.51209393103,168339.6,731.1120939310389,9352.199999999999,61.148586656120955,454.0,53868.672,2739.72602739726,30485843.747507215
326,1,0,117630022439.69287,9397600000.0,1.0,798727918.9833614,1564988.4901871015,0.0013973080589653184,376712.3287671233,3515981.735159817,122808219.17808166,1146210045.6621099,1165920.4996110527,175990345.8568572,0,0,9824009654.143143,6693027918.983361,944300000,94430,160493.62628430268,169156.8,734.4262843026886,9397.6,61.14322036246105,454.0,54130.176,2739.72602739726,30537234.197479818
327,1,0,119753244344.72931,9443000000.0,1.0,796924339.8030852,1568530.3328907276,0.0014215444100330206,376712.3287671233,3515981.735159817,123184931.50684878,1149726027.3972697,1166273.2442032055,177156619.10106042,0,0,9822843380.89894,6695754339.803085,948830000,94883,161268.76378653204,169974.0,737.763786532042,9443.0,61.137827586367635,453.0,54391.68,2739.72602739726,30588886.151452422
328,1,0,121914790405.15166,9488300000.0,1.0,795120430.7989726,1572088.8956959648,0.001428290770745358,376712.3287671233,3515981.735159817,123561643.8356159,1153242009.1324296,1166603.068039632,178323222.16910005,0,0,9821676777.8309,6698480430.798973,953360000,95336,162042.2061516415,170789.40000000002,741.1061516414761,9488.3,61.1324335531441,453.0,54652.608,2739.72602739726,30640799.033425026
329,1,0,124115352371.96463,9533600000.0,1.0,793316231.2405854,1575664.2191037876,0.0014280816250823495,376712.3287671233,3515981.735159817,123938356.16438302,1156757990.8675895,1166893.622314191,179490115.79141423,0,0,9820509884.208586,6701206231.240585,957890000,95789,162815.67189916738,171604.8,744.4718991674159,9533.6,61.127012736723216,453.0,54913.536,2739.72602739726,30692972.84339763
330,1,0,126355634482.27858,9578900000.0,1.0,791511780.1197875,1579256.3438675315,0.0014598936495423761,376712.3287671233,3515981.735159817,124315068.49315014,1160273972.6027493,1167145.1847250774,180657260.9761393,0,0,9819342739.02386,6703931780.119787,962420000,96242,163589.161174958,172420.2,747.861174957961,9578.9,61.121564841957074,453.0,55174.464,2739.72602739726,30745407.581370234
331,1,0,128636353684.6837,9624200000.0,1.0,789707116.1503174,1582865.3109947727,0.001478520398615017,376712.3287671233,3515981.735159817,124691780.82191727,1163789954.3379092,1167358.0333971223,181824619.00953642,0,0,9818175380.990463,6706657116.150317,966950000,96695,164362.67412595561,173235.6,751.2741259556062,9624.199999999999,61.1160895741566,453.0,55435.392,2739.72602739726,30798103.24734284
332,1,0,130958239868.69223,9669500000.0,1.0,787902277.7673987,1586491.1617492207,0.0014954076551251395,376712.3287671233,3515981.735159817,125068493.15068439,1167305936.073069,1167532.4468457827,182992151.4563822,0,0,9817007848.543617,6709382277.767399,971480000,97148,165136.21090020586,174051.0,754.7109002058542,9669.5,61.11058663903989,453.0,55696.32,2739.72602739726,30851059.841315445
333,1,0,133322036098.32211,9714800000.0,1.0,786107303.1273842,1590113.7097024298,0.0015033009718588143,376712.3287671233,3515981.735159817,125445205.4794515,1170821917.808229,1167668.703941531,184159820.1603237,0,0,9815840179.839676,6712107303.127384,976000000,97600,165909.77164686593,174866.40000000002,758.1716468659117,9714.8,61.10505574268138,452.0,55957.248,2739.72602739726,30904277.36328805
334,1,0,135728498849.89682,9760000000.0,1.0,784312212.5123229,1593753.0744243227,0.0015356972851751675,376712.3287671233,3515981.735159817,125821917.80821863,1174337899.5433888,1167784.6789882816,185327604.839312,0,0,9814672395.160688,6714832212.512323,980520000,98052,166681.63714305003,175680.0,761.6371430500211,9760.0,61.09952314944999,452.0,56217.6,2739.72602739726,30957755.237260655
335,1,0,138178398254.13745,9805200000.0,1.0,782517043.3247035,1597409.2969133877,0.0015455979627762657,376712.3287671233,3515981.735159817,126198630.13698575,1177853881.2785487,1167863.251546443,186495468.09085843,0,0,9813504531.909142,6717557043.324703,985040000,98504,167453.52668031823,176493.6,765.1266803182358,9805.199999999999,61.09396232179859,452.0,56477.952000000005,2739.72602739726,31011493.46323326
336,1,0,140672518342.6246,9850400000.0,1.0,780721832.6904787,1601082.4184234473,0.0015716731621036172,376712.3287671233,3515981.735159817,126575342.46575287,1181369863.0137086,1167904.698151882,187663372.78901032,0,0,9812336627.210989,6720281832.690479,989560000,98956,168225.44040859825,177307.2,768.6404085982413,9850.4,61.08837297041138,452.0,56738.304,2739.72602739726,31065492.041205864
337,1,0,143211657298.70895,9895600000.0,1.0,778926617.4588368,1604772.4804655495,0.0015855580067169125,376712.3287671233,3515981.735159817,126952054.79451999,1184885844.7488685,1167909.2955689307,188831282.08457926,0,0,9811168717.91542,6723006617.458837,994080000,99408,168997.37847893639,178120.8,772.1784789363976,9895.6,61.08275480616319,452.0,56998.655999999995,2739.72602739726,31119750.97117847
338,1,0,145796627712.95062,9940800000.0,1.0,777131434.2020067,1608479.5248098716,0.0016011536011896175,376712.3287671233,3515981.735159817,127328767.12328711,1188401826.4840283,1167877.320757127,189999159.40533638,0,0,9810000840.594664,6725731434.202007,998600000,99860,169769.3410435066,178934.40000000002,775.7410435065565,9940.8,61.07710754007461,452.0,57259.008,2739.72602739726,31174270.253151074
339,1,0,148428256843.16937,9986000000.0,1.0,775346319.2150954,1612182.8001524112,0.0016298284887690145,376712.3287671233,3515981.735159817,127705479.45205423,1191917808.2191882,1167809.0508383592,191166968.45617473,0,0,9808833031.543825,6728456319.2150955,1003110000,100311,170541.32825561895,179748.0,779.3282556189649,9986.0,61.07143088326752,451.0,57519.36,2739.72602739726,31229049.887123678
340,1,0,151107386879.18857,10031100000.0,1.0,773561290.1910328,1615902.9877146094,0.0016659480694619342,376712.3287671233,3515981.735159817,128082191.78082135,1195433789.954348,1167723.0879896504,192334691.5441644,0,0,9807665308.455835,6731181290.191032,1007620000,100762,171311.62007887787,180559.8,782.9200788778896,10031.1,61.0657521952289,451.0,57779.136,2739.72602739726,31284089.297096282
341,1,0,153834875212.3579,10076200000.0,1.0,771776382.6874052,1619640.1289806622,0.001692024185604489,376712.3287671233,3515981.735159817,128458904.10958847,1198949771.689508,1167601.567554579,193502293.11171898,0,0,9806497706.88828,6733906382.687405,1012130000,101213,172081.93661608786,181371.6,786.536616087862,10076.199999999999,61.06004386831232,451.0,58038.912000000004,2739.72602739726,31339388.483068887
342,1,0,156611594709.94095,10121300000.0,1.0,769991631.9875149,1623394.2656929116,0.0017077036006462108,376712.3287671233,3515981.735159817,128835616.4383556,1202465753.4246678,1167444.7638174696,194669737.87553644,0,0,9805330262.124464,6736631631.9875145,1016640000,101664,172852.27802129023,182183.40000000002,790.1780212902081,10121.3,61.05430561762532,451.0,58298.688,2739.72602739726,31394947.445041493
343,1,0,159438433994.45535,10166400000.0,1.0,768207073.1003311,1627165.4398537453,0.001736794105273143,376712.3287671233,3515981.735159817,129212328.76712272,1205981735.1598277,1167252.9511108603,195836990.8266473,0,0,9804163009.173353,6739357073.100331,1021150000,102115,173622.64444966926,182995.2,793.8444496692508,10166.4,61.04853715823831,451.0,58558.464,2739.72602739726,31450766.1830141
344,1,0,162316297728.05527,10211500000.0,1.0,766422740.7604731,1630953.693727514,0.0017544078850315035,376712.3287671233,3515981.735159817,129589041.09588984,1209497716.8949876,1167026.4037849575,197004017.23043227,0,0,9802995982.769567,6742082740.760473,1025660000,102566,174393.03605756132,183807.0,797.5360575613282,10211.5,61.042738205145156,451.0,58818.24,2739.72602739726,31506844.6969867
345,1,0,165246106902.04666,10256600000.0,1.0,764648669.4282227,1634737.690624329,0.0017724589035631737,376712.3287671233,3515981.735159817,129965753.42465696,1213013698.6301475,1166765.3961774856,198170782.62660974,0,0,9801829217.37339,6744808669.428223,1030160000,103016,175163.45300246388,184618.8,801.2530024639041,10256.6,61.036908473224294,450.0,59078.015999999996,2739.72602739726,31563182.986959305
346,1,0,168228799131.6286,10301600000.0,1.0,762874874.2627726,1638538.693790426,0.0018325330303091815,376712.3287671233,3515981.735159817,130342465.75342408,1216529680.3653073,1166489.229377114,199337271.85598686,0,0,9800662728.144012,6747534874.262773,1034660000,103466,175932.1743930641,185428.8,804.9743930641207,10301.6,61.0310764752202,450.0,59337.21599999999,2739.72602739726,31619780.476931907
347,1,0,171265328955.95447,10346600000.0,1.0,761101389.0050386,1642356.7451823212,0.0018246593165859566,376712.3287671233,3515981.735159817,130719178.0821912,1220045662.1004672,1166179.3216610122,200503451.1776479,0,0,9799496548.822351,6750261389.005039,1039160000,103916,176700.92118441223,186238.8,808.7211844122404,10346.6,61.02521347321736,450.0,59596.416,2739.72602739726,31676637.166904513
348,1,0,174356668143.60944,10391600000.0,1.0,759328247.1248809,1646191.8870173167,0.001870238324399966,376712.3287671233,3515981.735159817,131095890.41095832,1223561643.835627,1165835.944084795,201669287.12173268,0,0,9798330712.878267,6752988247.124881,1043660000,104366,177469.69353469298,187048.8,812.493534693009,10391.6,61.019319185572996,450.0,59855.615999999995,2739.72602739726,31733753.056877118
349,1,0,177503806003.60156,10436600000.0,1.0,757555481.8212185,1650044.1617754097,0.0018953530428158255,376712.3287671233,3515981.735159817,131472602.73972544,1227077625.570787,1165459.367589483,202834746.48932216,0,0,9797165253.510677,6755715481.8212185,1048160000,104816,178238.49160325847,187858.8,816.291603258482,10436.6,61.01339333041273,450.0,60114.816,2739.72602739726,31791128.14684972
350,1,0,180707749701.96655,10481600000.0,1.0,755793126.022172,1653891.7290488686,0.001932049194889682,376712.3287671233,3515981.735159817,131849315.06849256,1230593607.3059468,1165049.8629736032,203999796.35229576,0,0,9796000203.647705,6758443126.022172,1052650000,105265,179007.31555063723,188668.8,820.1155506372446,10481.6,61.00743562559568,449.0,60374.015999999996,2739.72602739726,31848762.436822325
351,1,0,183969524584.08704,10526500000.0,1.0,754031192.7946889,1657756.352714198,0.0019502631508312568,376712.3287671233,3515981.735159817,132226027.39725968,1234109589.0411067,1164627.2914101095,205164423.64370587,0,0,9794835576.356295,6761171192.794689,1057140000,105714,179774.4437401225,189477.0,823.9437401224792,10526.5,61.0014755909266,449.0,60632.64,2739.72602739726,31906655.35079493
352,1,0,187290174502.8298,10571400000.0,1.0,752269714.3649293,1661638.0749227921,0.002000705809191037,376712.3287671233,3515981.735159817,132602739.7260268,1237625570.7762666,1164172.4936866807,206328596.13739255,0,0,9793671403.862608,6763899714.364929,1061630000,106163,180541.5978689225,190285.2,827.797868922465,10571.4,60.995483500349664,449.0,60891.263999999996,2739.72602739726,31964806.888767533
353,1,0,190670762152.60587,10616300000.0,1.0,750508722.6918535,1665536.9380873796,0.0020385432745871537,376712.3287671233,3515981.735159817,132979452.05479392,1241141552.5114264,1163685.737002809,207492281.87439537,0,0,9792507718.125605,6766628722.691854,1066120000,106612,181308.77809820356,191093.40000000002,831.6780982035149,10616.3,60.98945907486419,449.0,61149.888,2739.72602739726,32023217.050740138
354,1,0,194112369409.4604,10661200000.0,1.0,748748249.4674574,1669452.9848839245,0.0020406252377389274,376712.3287671233,3515981.735159817,133356164.38356104,1244657534.2465863,1163167.2883231915,208655449.16271856,0,0,9791344550.837282,6769358249.467457,1070610000,107061,182075.98459031412,191901.6,835.5845903141409,10661.199999999999,60.983402035102785,449.0,61408.512,2739.72602739726,32081885.83671274
355,1,0,197616097677.30112,10706100000.0,1.0,746988326.1170324,1673386.2582535455,0.0020896992973606135,376712.3287671233,3515981.735159817,133732876.71232817,1248173515.9817462,1162617.41435201,209818066.57707056,0,0,9790181933.42293,6772088326.117033,1075100000,107510,182843.21750879436,192709.8,839.5175087943755,10706.1,60.977312101299944,449.0,61667.136,2739.72602739726,32140813.246685345
356,1,0,201183068240.37637,10751000000.0,1.0,745238983.7994518,1677314.2940365055,0.0021072743380177853,376712.3287671233,3515981.735159817,134109589.04109529,1251689497.716906,1162036.3815075902,210980102.95857814,0,0,9789019897.041422,6774818983.799452,1079580000,107958,183610.4770183852,193518.0,843.47701838519,10751.0,60.97118899326068,448.0,61925.759999999995,2739.72602739726,32199999.28065795
357,1,0,204814422622.11514,10795800000.0,1.0,743490233.1653019,1681259.476238668,0.0021508607038209044,376712.3287671233,3515981.735159817,134486301.3698624,1255205479.452066,1161444.698077007,212141547.65665513,0,0,9787858452.343346,6777550233.165302,1084060000,108406,184376.04054753945,194324.40000000002,847.4405475394088,10795.8,60.96506349518322,448.0,62183.808,2739.72602739726,32259443.362630554
358,1,0,208511322950.4443,10840600000.0,1.0,741742104.6923156,1685221.8474486861,0.0021791370344864717,376712.3287671233,3515981.735159817,134863013.69862953,1258721461.1872258,1160822.5369133723,213302370.1935685,0,0,9786697629.80643,6780282104.692316,1088540000,108854,185141.63072479848,195130.8,851.4307247985014,10840.6,60.95890463701028,448.0,62441.856,2739.72602739726,32319145.492603157
359,1,0,212274952329.6998,10885400000.0,1.0,739994628.5957497,1689201.4505187997,0.0022157959952717582,376712.3287671233,3515981.735159817,135239726.02739665,1262237442.9223857,1160170.1604928675,214462540.35406137,0,0,9785537459.645939,6783014628.59575,1093020000,109302,185907.2477154884,195937.2,855.4477154883854,10885.4,60.952712141349,448.0,62699.904,2739.72602739726,32379105.67057576
360,1,0,216106515219.25085,10930200000.0,1.0,738247834.8287522,1693198.3285667442,0.002234080611529472,376712.3287671233,3515981.735159817,135616438.35616377,1265753424.6575456,1159487.8309246248,215622028.184986,0,0,9784377971.815014,6785747834.8287525,1097500000,109750,186672.89168614103,196743.59999999998,859.4916861410721,10930.199999999999,60.94648573029311,448.0,62957.952,2739.72602739726,32439323.896548364
361,1,0,220007237818.9583,10975000000.0,1.0,736511753.0827518,1697189.481047719,0.002290652384174107,376712.3287671233,3515981.735159817,135993150.6849309,1269269406.3927054,1158775.8099274803,216780803.9949135,0,0,9783219196.005087,6788481753.082752,1101970000,110197,187438.56280450418,197550.0,863.5628045041823,10975.0,60.94022512539481,447.0,63216.0,2739.72602739726,32499800.17052097
362,1,0,223978368461.59048,11019700000.0,1.0,734776392.023089,1701197.8250395153,0.0023484447126750838,376712.3287671233,3515981.735159817,136369863.013698,1272785388.1278653,1158055.1235897643,217938859.11850324,0,0,9782061140.881496,6791216392.023088,1106440000,110644,188202.53768436445,198354.59999999998,867.6376843644883,11019.699999999999,60.93396221363806,447.0,63473.471999999994,2739.72602739726,32560533.916493572
363,1,0,228021178012.32217,11064400000.0,1.0,733041780.6793115,1705223.4032849853,0.0023482588952103106,376712.3287671233,3515981.735159817,136746575.34246513,1276301369.8630252,1157305.407704539,219096164.52620777,0,0,9780903835.473793,6793951780.679312,1110910000,111091,188966.53976491498,199159.2,871.7397649149746,11064.4,60.92766493946959,447.0,63730.944,2739.72602739726,32621525.134466175
364,1,0,232136960275.44458,11109100000.0,1.0,731307947.8234255,1709266.2587907142,0.0024215302907902047,376712.3287671233,3515981.735159817,137123287.67123225,1279817351.598185,1156526.9198130362,220252691.4460208,0,0,9779747308.55398,6796687947.823425,1115380000,111538,189730.56921443038,199963.80000000002,875.8692144303626,11109.1,60.92133302702639,447.0,63988.416000000005,2739.72602739726,32682773.82443878
365,1,0,236327032408.41632,11153800000.0,1.0,729574921.9703586,1713326.4348289194,0.0024386457477784396,376712.3287671233,3515981.735159817,137499999.99999937,1283333333.333345,1155719.9169939333,221408411.36301476,0,0,9778591588.636986,6799424921.970359,1119850000,111985,190494.62620240558,200768.40000000002,880.0262024055347,11153.8,60.91496619983177,447.0,64245.888,2739.72602739726,32744279.986411385
