timestep,run,subset,network_resource_demand,network_resource_provision,network_resource_demand_supply_ratio,dex_tokens,dex_usdc,dex_token_price,token_incentives_vested,token_seller_vested,token_incentives_vested_cum,token_seller_vested_cum,token_burned_supply,token_burned_supply_cum,token_minted_supply,token_minted_supply_cum,token_total_supply,token_circulating_supply,token_staked_supply,node_amount,node_profit,node_network_revenue,node_incentive_revenue,node_expenditures,node_apr,node_change_amount,foundation_revenue,foundation_expenditures,foundation_cash_reserves
1,1,0,300150000.0,1470000000.0,0.20418367346938776,503918605.98599744,2480559.3307160684,0.00492245825866998,410958.90410958906,3515981.735159817,410958.90410958906,3515981.735159817,8334.653271944233,8334.653271944233,0,0,9999991665.346727,5553918605.985997,150000000,15000,3660.13074768589,3077.023712372449,2053.107035313441,1470.0,8.482539489459425,0.0,984.6475879591837,2739.72602739726,24998244.921560563
2,1,0,300300075.0,1470000000.0,0.20428576530612244,507937077.32929444,2460934.7413117234,0.004845913879021462,410958.90410958906,3515981.735159817,821917.8082191781,7031963.470319634,8469.29597240293,16803.94924434716,0,0,9999983196.050756,5557837077.329294,149900000,14990,3629.9787716153387,3078.6656956071556,2021.3130760081835,1470.0,8.41886411467423,-10.0,985.1730225942897,2739.72602739726,24996490.368555762
3,1,0,300450225.03749996,1469020000.0,0.20452425769390475,511955409.1343563,2441618.894336075,0.004912247525366599,410958.90410958906,3515981.735159817,1232876.7123287672,10547945.20547945,8608.834207531438,25412.783451878597,0,0,9999974587.216549,5561755409.1343565,149800000,14980,3600.896621896531,3080.4468643890377,1989.4697575074936,1469.02,8.363162816839608,-10.0,985.7429966044921,2739.72602739726,24994736.38552497
4,1,0,300600450.1500187,1468040000.0,0.20476311963571747,515973600.18453157,2422604.5664990474,0.004907079399083444,410958.90410958906,3515981.735159817,1643835.6164383562,14063926.940639269,8749.58909417256,34162.372546051156,0,0,9999965837.627455,5565673600.184531,149700000,14970,3572.563519970414,3082.2294195956424,1958.3741003747716,1468.04,8.3088942252375,-10.0,986.3134142706056,2739.72602739726,24992982.972911846
5,1,0,300750750.3750937,1467060000.0,0.20500235189773677,520001649.26129884,2403838.5296964315,0.004839789659366775,410958.90410958906,3515981.735159817,2054794.5205479453,17579908.675799087,8891.562502161745,43053.9350482129,0,0,9999956946.06495,5569591649.261299,149590000,14959,3544.9562443511563,3084.0133631332574,1928.0028812178991,1467.06,8.256017978101493,-11.0,986.8842762026422,2739.72602739726,24991230.131160654
6,1,0,300901125.7502812,1465982000.0,0.2052556755473677,524029554.75857735,2385361.643535316,0.004774680177837385,410958.90410958906,3515981.735159817,2465753.4246575343,21095890.410958905,9035.141990910159,52089.07703912306,0,0,9999947910.92296,5573509554.758577,149480000,14948,3518.0914187491435,3085.8126304431407,1898.260788306003,1465.982,8.20514835851885,-11.0,987.460041741805,2739.72602739726,24989477.865175
7,1,0,301051576.31315637,1464904000.0,0.20550942335685912,528057315.44695747,2367167.281722017,0.004744984398995997,410958.90410958906,3515981.735159817,2876712.3287671236,24611872.146118723,9179.95088930563,61269.027928428695,0,0,9999938730.97207,5577427315.446958,149370000,14937,3491.912024196217,3087.613356984225,1869.202667211992,1464.904,8.155596041292593,-11.0,988.0362742349519,2739.72602739726,24987726.17542184
8,1,0,301202102.10131294,1463826000.0,0.20576359628898033,532084930.095122,2349249.018904811,0.00474464337295652,410958.90410958906,3515981.735159817,3287671.2328767125,28127853.88127854,9325.991104919674,70595.01903334836,0,0,9999929404.980967,5581344930.095122,149260000,14926,3466.3972512223636,3089.4155449601176,1840.807706262246,1463.826,8.107324683707946,-11.0,988.6129743872376,2739.72602739726,24985975.062368833
9,1,0,301352703.1523636,1462748000.0,0.20601819530935173,536112397.46984434,2331600.623114318,0.00468794002132993,410958.90410958906,3515981.735159817,3698630.1369863013,31643835.61643836,9473.26454702292,80068.28358037128,0,0,9999919931.71642,5585262397.469845,149150000,14915,3441.527075948819,3091.2191965802526,1813.0558793685664,1462.748,8.060299190687125,-11.0,989.1901429056808,2739.72602739726,24984224.526484344
10,1,0,301503379.50393975,1461670000.0,0.20627322138645504,540139716.3359872,2314216.04854262,0.004676297819355682,410958.90410958906,3515981.735159817,4109589.04109589,35159817.35159817,9621.773126586879,89690.05670695816,0,0,9999910309.943293,5589179716.335987,149040000,14904,3417.2822247703607,3093.0243140599077,1785.9279107104526,1461.6699999999998,8.014485664660143,-11.0,989.7677804991705,2739.72602739726,24982474.568237446
11,1,0,301654131.19369173,1460592000.0,0.2065286754916443,544176885.4565004,2297047.2164605027,0.0046256954198500575,410958.90410958906,3515981.735159817,4520547.945205479,38675799.08675799,9771.518756285743,99461.5754632439,0,0,9999900538.424538,5593096885.4565,148920000,14892,3393.6441408762357,3094.8308996202304,1759.4052412560045,1460.5919999999999,7.96985135772606,-12.0,990.3458878784737,2739.72602739726,24980725.188097928
12,1,0,301804958.25928855,1459416000.0,0.20679844421281426,548213903.1850247,2280131.884174633,0.0046245700600585134,410958.90410958906,3515981.735159817,4931506.849315068,42191780.8219178,9922.910745149806,109384.4862083937,0,0,9999890615.513792,5597013903.185024,148800000,14880,3370.643411096921,3096.653099259549,1733.4063118373729,1459.416,7.927022633584377,-12.0,990.9289917630557,2739.72602739726,24978976.391062297
13,1,0,301955860.73841816,1458240000.0,0.2070686997602714,552250768.2733668,2263464.4835500605,0.004562969973722407,410958.90410958906,3515981.735159817,5342465.753424657,45707762.55707762,10075.550927455837,119460.03713584955,0,0,9999880539.962864,5600930768.273367,148680000,14868,3348.217223365199,3098.4768435159535,1707.9803798492453,1458.24,7.885312502838731,-12.0,991.5125899251051,2739.72602739726,24977228.177624825
14,1,0,302106838.66878736,1457064000.0,0.20733944333865043,556287479.4713802,2247039.608347522,0.00460614149052621,410958.90410958906,3515981.735159817,5753424.657534245,49223744.29223743,10229.441256003161,129689.47839185271,0,0,9999870310.521608,5604847479.47138,148560000,14856,3326.348866000619,3100.302134954831,1683.1107310457874,1457.0639999999999,7.844691380886741,-12.0,992.096683185546,2739.72602739726,24975480.548280615
15,1,0,302257892.0881217,1455888000.0,0.20761067615649123,560324035.5269642,2230852.008381938,0.004522494941348653,410958.90410958906,3515981.735159817,6164383.561643834,52739726.027397245,10384.583685517278,140074.06207736998,0,0,9999859925.937923,5608764035.526964,148440000,14844,3305.022232356746,3102.1289761490852,1658.7812562076606,1455.888,7.805130665087844,-12.0,992.6812723677073,2739.72602739726,24973733.50352559
16,1,0,302409021.03416574,1454712000.0,0.20788239942625464,564360435.186061,2214896.5839320305,0.004473757847409016,410958.90410958906,3515981.735159817,6575342.465753423,56255707.76255706,10540.980172653137,150615.0422500231,0,0,9999849384.95775,5612680435.186061,148320000,14832,3284.221794729108,3103.957369679164,1634.9764250499436,1454.712,7.766602696564851,-12.0,993.2663582973323,2739.72602739726,24971987.04385649
17,1,0,302560225.5446828,1453536000.0,0.20815461436433827,568396677.1926545,2199168.3803885453,0.004473329033970709,410958.90410958906,3515981.735159817,6986301.369863012,59771689.497716874,10698.632675998419,161313.67492602151,0,0,9999838686.325073,5616596677.192655,148200000,14820,3263.932579566551,3105.7873181330915,1611.6812614334594,1453.5359999999998,7.729080723699652,-12.0,993.8519418025892,2739.72602739726,24970241.169770896
18,1,0,302711505.65745515,1452360000.0,0.20842732219109253,572442760.2887679,2183624.436737466,0.0044708176621109375,410958.90410958906,3515981.735159817,7397260.273972601,63287671.23287669,10857.543156076857,172171.21808209838,0,0,9999827828.781918,5620512760.288768,148070000,14807,3244.140143912109,3107.6188241064974,1588.8813198056116,1452.36,7.692538867239425,-13.0,994.4380237140791,2739.72602739726,24968495.881767213
19,1,0,302862861.41028386,1451086000.0,0.20871461885118034,576488682.7810923,2168299.287281341,0.0044073560692196615,410958.90410958906,3515981.735159817,7808219.1780821895,66803652.9680365,11018.14694516385,183189.36502726222,0,0,9999816810.634974,5624428682.781093,147940000,14794,3224.888247651719,3109.4662972923998,1566.5079503593195,1451.086,7.657616022376821,-13.0,995.0292151335678,2739.72602739726,24966751.184954952
20,1,0,303014292.840989,1449812000.0,0.20900247262471894,580534443.4002084,2153188.3494779617,0.004406390612031704,410958.90410958906,3515981.735159817,8219178.082191778,70319634.70319632,11180.020153405829,194369.38518066803,0,0,9999805630.614819,5628344443.400208,147810000,14781,3206.1081123648,3111.315410791798,1544.6047015730019,1449.812,7.623625760974885,-13.0,995.6209314533754,2739.72602739726,24965007.07985901
21,1,0,303165799.9874095,1448538000.0,0.2092908850077868,584580040.8746935,2138287.1678780825,0.00438638658261355,410958.90410958906,3515981.735159817,8630136.986301368,73835616.43835613,11343.164784304623,205712.54996497266,0,0,9999794287.450035,5632260040.874694,147680000,14768,3187.7866622407105,3113.166167598776,1523.1584946419343,1448.538,7.590544620306989,-13.0,996.2131736316082,2739.72602739726,24963263.567005247
22,1,0,303317382.8874032,1447264000.0,0.20957985750174343,588625473.9311194,2123591.409749753,0.004319278193290409,410958.90410958906,3515981.735159817,9041095.890410958,77351598.17351595,11507.582843555305,217220.13280852797,0,0,9999782779.867191,5636175473.93112,147550000,14755,3169.911273153605,3115.0185707170785,1502.1567024365265,1447.264,7.5583498871352015,-13.0,996.805942629465,2739.72602739726,24961520.64692048
23,1,0,303469041.5788469,1445990000.0,0.20986939161325244,592670741.2940499,2109096.8608821924,0.004309652808668553,410958.90410958906,3515981.735159817,9452054.794520548,80867579.90867576,11673.27633905129,228893.40914757925,0,0,9999771106.590853,5640090741.29405,147420000,14742,3152.469754072681,3116.8726231601545,1481.587130912526,1445.99,7.527019569628682,-13.0,997.3992394112494,2739.72602739726,24959778.320132494
24,1,0,303620776.09963626,1444716000.0,0.2101594888543051,596715841.6860385,2094799.4215606716,0.004288543417861534,410958.90410958906,3515981.735159817,9863013.698630137,84383561.64383557,11840.247280889544,240733.6564284688,0,0,9999759266.34357,5644005841.686039,147290000,14729,3135.4503293589755,3118.7283279512058,1461.4380014077697,1444.716,7.496532370484954,-13.0,997.9930649443858,2739.72602739726,24958036.587170042
25,1,0,303772586.48768604,1443442000.0,0.2104501507422439,600770773.8276266,2080660.4689439395,0.00422527507831728,410958.90410958906,3515981.735159817,10273972.602739727,87899543.37899539,12008.497681375784,252742.1541098446,0,0,9999747257.84589,5647920773.827626,147150000,14715,3118.8416219006986,3120.5856881232176,1441.6979337774815,1443.442,7.4668676611963525,-14.0,998.5874201994296,2739.72602739726,24956295.448562846
26,1,0,303924472.78092986,1442070000.0,0.2107557003341931,604825535.9772593,2066711.6807168033,0.004201367346208527,410958.90410958906,3515981.735159817,10684931.506849317,91415525.1141552,12178.48963672336,264920.64374656795,0,0,9999735079.356253,5651835535.97726,147010000,14701,3102.697992827664,3122.4593969626944,1422.3085958649694,1442.07,7.438675899096328,-14.0,999.1870070280622,2739.72602739726,24954554.90954248
27,1,0,304076435.01732033,1440698000.0,0.21106188459852124,608880126.8437157,2052949.250420924,0.004213863452057237,410958.90410958906,3515981.735159817,11095890.410958907,94931506.84931502,12349.772813114861,277270.4165596828,0,0,9999722729.58344,5655750126.843716,146870000,14687,3086.9454327207472,3124.3348507021756,1403.3085820185718,1440.6979999999999,7.411269215386394,-14.0,999.7871522246961,2739.72602739726,24952814.970667306
28,1,0,304228473.23482895,1439326000.0,0.2113687053765644,612934545.1337161,2039369.4725222362,0.004137385912012623,410958.90410958906,3515981.735159817,11506849.315068496,98447488.58447483,12522.349269044167,289792.765828727,0,0,9999710207.23417,5659664545.133717,146730000,14673,3071.5735919768767,3126.2120528344312,1384.687539142446,1439.326,7.384628848250335,-14.0,1000.387856907018,2739.72602739726,24951075.63249682
29,1,0,304380587.47144634,1437954000.0,0.21167616451669966,616988789.55192,2025968.7390881113,0.0040742841789644605,410958.90410958906,3515981.735159817,11917808.219178086,101963470.31963465,12696.221065510006,302488.986894237,0,0,9999697511.013105,5663578789.55192,146590000,14659,3056.572462875686,3128.0910068645785,1366.4354560111074,1437.954,7.358736613660197,-14.0,1000.9891221966651,2739.72602739726,24949336.89559162
30,1,0,304532777.765182,1436582000.0,0.21198426387437821,621042858.8009235,2012743.5365949415,0.004057809076946322,410958.90410958906,3515981.735159817,12328767.123287676,105479452.05479446,12871.390266023409,315360.3771602604,0,0,9999684639.622839,5667492858.800923,146450000,14645,3041.9323661217754,3129.9717163101327,1348.542649811643,1436.5819999999999,7.333574884511193,-14.0,1001.5909492192425,2739.72602739726,24947598.760513443
31,1,0,304685044.1540646,1435210000.0,0.2122930053121596,625096751.5812563,1999690.4428602143,0.004076893076426409,410958.90410958906,3515981.735159817,12739726.027397266,108995433.78995427,13047.858936615226,328408.2360968756,0,0,9999671591.763903,5671406751.581256,146310000,14631,3027.643938001029,3131.8541847010715,1330.9997532999573,1435.21,7.309126570620162,-14.0,1002.1933391043428,2739.72602739726,24945861.227825154
32,1,0,304837386.6761416,1433838000.0,0.21260239069974546,629160466.5913799,1986774.5454067758,0.0040038797795634105,410958.90410958906,3515981.735159817,13150684.931506855,112511415.52511409,13225.629145843684,341633.8652427193,0,0,9999658366.134758,5675320466.59138,146160000,14616,3013.6981181191277,3133.7384155798895,1313.797702539238,1433.838,7.285375099547369,-15.0,1002.7962929855646,2739.72602739726,24944124.298090745
33,1,0,304989805.36947966,1432368000.0,0.21292698899268878,633224002.0401065,1974024.983217286,0.003969417884993993,410958.90410958906,3515981.735159817,13561643.835616445,116027397.2602739,13405.190542852972,355039.0557855723,0,0,9999644960.944214,5679234002.040107,146010000,14601,3000.1579187130396,3135.6394069870635,1296.886511725976,1432.368,7.262982104829501,-15.0,1003.4046102358602,2739.72602739726,24942387.976673584
34,1,0,305142300.2721644,1430898000.0,0.213252307482549,637287356.6137918,1961438.5677472774,0.003912575968250693,410958.90410958906,3515981.735159817,13972602.739726035,119543378.99543372,13586.065584201315,368625.1213697736,0,0,9999631374.87863,5683147356.613791,145860000,14586,2986.9447363022655,3137.5422576496276,1280.3004786526385,1430.898,7.241256465746106,-15.0,1004.0135224478807,2739.72602739726,24940652.264168635
35,1,0,305294871.42230046,1429428000.0,0.21357834841789894,641350528.996673,1949012.1914384335,0.003914856240299589,410958.90410958906,3515981.735159817,14383561.643835625,123059360.73059353,13768.256388252097,382393.37775802566,0,0,9999617606.622242,5687060528.996673,145710000,14571,2974.0502928214155,3139.4469716392987,1264.0313211821165,1429.4279999999999,7.220183067619641,-15.0,1004.6230309245756,2739.72602739726,24938917.161172163
36,1,0,305447518.8580116,1427958000.0,0.21390511405658402,645413517.8708662,1936742.8251636082,0.003868097129838628,410958.90410958906,3515981.735159817,14794520.547945214,126575342.46575335,13951.765076237269,396345.1428342629,0,0,9999603654.857166,5690973517.870866,145560000,14556,2961.4665722467835,3141.3535530434656,1248.0710192033175,1427.9579999999999,7.199747245424202,-15.0,1005.2331369739089,2739.72602739726,24937182.66828174
37,1,0,305600242.6174406,1426488000.0,0.21423260666576976,649476321.9163634,1924627.5157679634,0.003822087112994128,410958.90410958906,3515981.735159817,15205479.452054804,130091324.20091316,14136.593772267668,410481.7366065306,0,0,9999589518.263393,5694886321.916364,145410000,14541,2949.185810711197,3143.2620059652636,1232.411804745933,1426.4879999999998,7.179934768125087,-15.0,1005.8438419088842,2739.72602739726,24935448.786096256
38,1,0,305753042.73874927,1425018000.0,0.21456082852199007,653538939.8110294,1912663.3837020355,0.0037925713496724605,410958.90410958906,3515981.735159817,15616438.356164394,133607305.93607298,14322.744603343423,424804.48120987404,0,0,9999575195.51879,5698798939.811029,145260000,14526,2937.200487051229,3145.172334523656,1217.0461525275732,1425.018,7.160731823644885,-15.0,1006.4551470475699,2739.72602739726,24933715.515215907
39,1,0,305905919.2601186,1423548000.0,0.21488978191119554,657611370.2305995,1900818.7154088845,0.0037132560191743707,410958.90410958906,3515981.735159817,16027397.260273984,137123287.6712328,14510.21969936443,439314.7009092385,0,0,9999560685.299091,5702711370.230599,145100000,14510,2925.503313765307,3147.0845428535185,1201.9667709117887,1423.548,7.1421250044279585,-16.0,1007.0670537131258,2739.72602739726,24931982.856242225
40,1,0,306058872.2197487,1421980000.0,0.2152343016215057,661683611.3327641,1889120.387132232,0.0036927052690187002,410958.90410958906,3515981.735159817,16438356.164383573,140639269.4063926,14699.53710489288,454014.2380141314,0,0,9999545985.761986,5706623611.332764,144940000,14494,2914.1644556996375,3149.0139563096773,1187.1304993899603,1421.98,7.124787165733788,-16.0,1007.6844660190967,2739.72602739726,24930250.81468085
41,1,0,306211901.6558585,1420412000.0,0.2155796358069761,665755661.780783,1877565.7072993831,0.0036509534164235213,410958.90410958906,3515981.735159817,16849315.06849316,144155251.14155242,14890.191250514763,468904.42926464614,0,0,9999531095.570736,5710535661.780783,144780000,14478,2903.101260487737,3150.945354139866,1172.5679063478713,1420.412,7.108022249660251,-16.0,1008.3025133247571,2739.72602739726,24928519.391166776
42,1,0,306365007.6066864,1418844000.0,0.21592578719484765,669827520.2357326,1866152.0499487573,0.0036250264361746415,410958.90410958906,3515981.735159817,17260273.97260275,147671232.87671223,15082.184320017168,483986.6135846633,0,0,9999516013.386415,5714447520.235733,144620000,14462,2892.307043400996,3152.878741086887,1158.2723023141084,1418.8439999999998,7.091817999473133,-16.0,1008.9211971478039,2739.72602739726,24926788.586336527
43,1,0,306518190.1104897,1417276000.0,0.2162727585244439,673899185.3565016,1854876.852742801,0.003570926183244331,410958.90410958906,3515981.735159817,17671232.87671234,151187214.61187205,15275.518500480519,499262.1320851438,0,0,9999500737.867914,5718359185.356502,144460000,14446,2881.7753228765223,3154.814121913323,1144.237200963199,1417.2759999999998,7.076162511527316,-16.0,1009.5405190122633,2739.72602739726,24925058.400828145
44,1,0,306671449.20554495,1415708000.0,0.2166205525472378,677970655.7997887,1843737.6150526819,0.003519344344493762,410958.90410958906,3515981.735159817,18082191.78082193,154703196.34703186,15470.195982292396,514732.32806743623,0,0,9999485267.671932,5722270655.799788,144300000,14430,2871.499813159,3156.751501401638,1130.4563117573618,1415.7079999999999,7.061044223400059,-16.0,1010.1604804485243,2739.72602739726,24923328.835281197
45,1,0,306824784.9301477,1414140000.0,0.21696917202691934,682041930.220099,1832731.8961117577,0.003502027219669835,410958.90410958906,3515981.735159817,18493150.68493152,158219178.08219168,15666.218959161537,530398.5470265978,0,0,9999469601.452974,5726181930.2200985,144140000,14414,2861.4744172516307,3158.690884354295,1116.923532897336,1414.1399999999999,7.046451902483556,-16.0,1010.7810829933744,2739.72602739726,24921599.890336797
46,1,0,306978197.32261276,1412572000.0,0.21731861973946304,686123007.2697403,1821830.7603094033,0.0034279960935301975,410958.90410958906,3515981.735159817,18904109.58904111,161735159.8173515,15863.589628131891,546262.1366547297,0,0,9999453737.863346,5730093007.26974,143970000,14397,2851.693220161401,3160.632275593858,1103.632944567543,1412.572,7.032374635016804,-17.0,1011.4023281900345,2739.72602739726,24919871.56663759
47,1,0,307131686.42127407,1410906000.0,0.2176840175187249,690203885.0536788,1811059.0610523582,0.0034107546675179144,410958.90410958906,3515981.735159817,19315068.4931507,165251141.5525113,16062.855331007171,562324.9919857369,0,0,9999437675.008015,5734003885.0536785,143800000,14380,2842.232374511311,3162.591351903692,1090.547022607619,1410.906,7.01949687157368,-17.0,1012.0292326091815,2739.72602739726,24918143.869842805
48,1,0,307285252.2644847,1409240000.0,0.21805033370077823,694284562.2113483,1800414.510181044,0.003383469111786448,410958.90410958906,3515981.735159817,19726027.39726029,168767123.28767112,16263.481599911986,578588.4735856488,0,0,9999421411.526415,5737914562.211349,143630000,14363,2833.0056422358266,3164.552549596031,1077.6930926397952,1409.24,7.0071160099839895,-17.0,1012.6568158707299,2739.72602739726,24916416.80063128
49,1,0,307438894.89061695,1407574000.0,0.21841757157393996,698365037.3799274,1789894.8731592575,0.0033468675572599356,410958.90410958906,3515981.735159817,20136986.30136988,172283105.02283093,16465.47069039252,595053.9442760414,0,0,9999404946.055723,5741825037.379928,143460000,14346,2824.0075778805212,3166.5158741906966,1065.0657036898244,1407.5739999999998,6.99522205503495,-17.0,1013.2850797410229,2739.72602739726,24914690.359683625
50,1,0,307592614.3380622,1405908000.0,0.21878573444212723,702445309.1943351,1779497.9675124951,0.0032847908792403247,410958.90410958906,3515981.735159817,20547945.20547947,175799086.75799075,16668.82486178474,611722.769137826,0,0,9999388277.230862,5745735309.194335,143290000,14329,2815.2328951792274,3168.4813312323486,1052.6595639468792,1405.908,6.98380529117039,-17.0,1013.9140259943516,2739.72602739726,24912964.547682226
51,1,0,307746410.64523125,1404242000.0,0.21915482562495014,706525376.2872274,1769221.6613205366,0.0032526779346395787,410958.90410958906,3515981.735159817,20958904.10958906,179315068.49315056,16873.54637723254,628596.3155150586,0,0,9999371403.684484,5749645376.287228,143120000,14312,2806.6764615096636,3170.4489262906263,1040.4695352190377,1404.242,6.97285627341767,-17.0,1014.5436564130003,2739.72602739726,24911239.365311243
52,1,0,307900283.8505539,1402576000.0,0.21952484845780468,710605237.2889931,1759063.8717621053,0.0032234947645632295,410958.90410958906,3515981.735159817,21369863.01369865,182831050.22831038,17079.637503706177,645675.9530187647,0,0,9999354324.046982,5753555237.288993,142950000,14295,2798.333292573103,3172.418664960298,1028.4906276128047,1402.576,6.9623658186546065,-17.0,1015.1739727872954,2739.72602739726,24909514.813256633
53,1,0,308054233.99247915,1400910000.0,0.21989580629196676,714694890.8277506,1748998.0914125072,0.003167281519983126,410958.90410958906,3515981.735159817,21780821.91780824,186347031.9634702,17287.10051202072,662963.0535307855,0,0,9999337036.946468,5757464890.82775,142770000,14277,2790.1985472877905,3174.3905528614096,1016.7179944263808,1400.9099999999999,6.952324997202108,-18.0,1015.804976915651,2739.72602739726,24907790.89220615
54,1,0,308208261.1094754,1399146000.0,0.22028313064503302,718784334.9540111,1739047.3598454022,0.0031077880095659255,410958.90410958906,3515981.735159817,22191780.82191783,189863013.69863,17496.513008969552,680459.5665397551,0,0,9999319540.43346,5761374334.954011,142590000,14259,2782.353451570887,3176.3806440458757,1005.1188075250108,1399.146,6.943430486684564,-18.0,1016.4418060946801,2739.72602739726,24906067.60798485
55,1,0,308362365.2400301,1397382000.0,0.22067148799686134,722873568.282587,1729209.7191626101,0.003078383756533805,410958.90410958906,3515981.735159817,22602739.726027418,193378995.43378982,17707.31069344954,698166.8772332047,0,0,9999301833.122766,5765283568.282587,142410000,14241,2774.708573214075,3178.373006789441,993.7175664246331,1397.3819999999998,6.934971575017649,-18.0,1017.0793621726211,2739.72602739726,24904344.961319625
56,1,0,308516546.4226501,1395618000.0,0.22106088229203844,726962589.4259565,1719483.255647398,0.0030281420126483396,410958.90410958906,3515981.735159817,23013698.630137008,196894977.16894963,17919.495900005702,716086.3731332103,0,0,9999283913.626867,5769192589.425957,142230000,14223,2767.259440616595,3180.3676475109487,982.5097931056463,1395.618,6.926940074086516,-18.0,1017.7176472035036,2739.72602739726,24902622.952939432
57,1,0,308670804.6958614,1393854000.0,0.2214513174951332,731051396.9942584,1709866.0985252503,0.00297111554424935,410958.90410958906,3515981.735159817,23424657.534246597,200410958.90410945,18133.070967553664,734219.444100764,0,0,9999265780.555899,5773101396.994259,142050000,14205,2760.0017081270207,3182.3645726602876,971.4911354667338,1393.854,6.91932801912132,-18.0,1018.356663251292,2739.72602739726,24900901.583575286
58,1,0,308825140.0982093,1392090000.0,0.22184279759082337,735139989.5952885,1700356.418766119,0.002930969865886975,410958.90410958906,3515981.735159817,23835616.438356187,203926940.63926926,18348.03823940318,752567.4823401672,0,0,9999247432.51766,5777009989.595288,141870000,14187,2752.9311518183576,3184.3637887185823,960.6573630997752,1392.09,6.912127661701637,-18.0,1018.9964123899464,2739.72602739726,24899180.85396028
59,1,0,308979552.6682584,1390326000.0,0.22223532658402304,739228365.8344947,1690952.4279265392,0.0029170455881146603,410958.90410958906,3515981.735159817,24246575.342465777,207442922.37442908,18564.400063281937,771131.8824034492,0,0,9999228868.117596,5780918365.834495,141690000,14169,2746.0436654276336,3186.3653021983996,950.0043632292341,1390.326,6.905331463014981,-18.0,1019.6368967034879,2739.72602739726,24897460.764829587
60,1,0,309134042.44459254,1388562000.0,0.22262890850001119,743326524.3149729,1681629.7536966933,0.002853186582288474,410958.90410958906,3515981.735159817,24657534.246575367,210958904.1095889,18782.158791359467,789914.0411948087,0,0,9999210085.958805,5784826524.314973,141500000,14150,2739.335256452682,3188.3691196439368,939.5281368087453,1388.562,6.898932087359001,-19.0,1020.2781182860598,2739.72602739726,24895741.316920478
61,1,0,309288609.4658148,1386700000.0,0.2230393087660019,747424463.0309058,1672409.804371522,0.0028336064754927418,410958.90410958906,3515981.735159817,25068493.150684956,214474885.8447487,19001.92333654153,808915.9645313502,0,0,9999191084.03547,5788734463.030906,141310000,14131,2732.8915001849355,3190.3917001343843,929.1998000505507,1386.7,6.893639282767258,-19.0,1020.9253440430031,2739.72602739726,24894022.516237125
62,1,0,309443253.77054775,1384838000.0,0.2234508684557672,751522180.5716147,1663290.8945538315,0.0027999920613783753,410958.90410958906,3515981.735159817,25479452.054794546,217990867.57990852,19223.09856053245,828139.0630918826,0,0,9999171860.936909,5792642180.571615,141120000,14112,2726.6200999750454,3192.416716981587,919.0413829934582,1384.838,6.888732673583895,-19.0,1021.5733494341077,2739.72602739726,24892304.363559164
63,1,0,309597975.397433,1382976000.0,0.2238635922802948,755619675.5239991,1654271.375521251,0.0027380289579721326,410958.90410958906,3515981.735159817,25890410.958904136,221506849.31506833,19445.686885165807,847584.7499770485,0,0,9999152415.250023,5796549675.523999,140930000,14093,2720.5173568276996,3194.444177644171,909.0491791835283,1382.9759999999999,6.88420553009846,-19.0,1022.2221368461347,2739.72602739726,24890586.859668616
64,1,0,309752774.38513166,1381114000.0,0.2242774849759916,759716946.4725312,1645349.634234075,0.0026805203070780297,410958.90410958906,3515981.735159817,26301369.863013726,225022831.05022815,19669.690737326193,867254.4407143747,0,0,9999132745.559286,5800456946.472531,140740000,14074,2714.5796722998534,3196.4740896194085,899.2195826804448,1381.114,6.880051302435873,-19.0,1022.8717086782107,2739.72602739726,24888870.0053499
65,1,0,309907650.7723242,1379252000.0,0.22469255130485524,763813991.9992517,1636524.0923751397,0.0026457275344666147,410958.90410958906,3515981.735159817,26712328.767123315,228538812.78538796,19895.112548979378,887149.553263354,0,0,9999112850.446737,5804363991.999251,140550000,14055,2708.8035452477125,3198.5064604434806,889.5490848042319,1379.252,6.876263615120487,-19.0,1023.5220673419137,2739.72602739726,24887153.801389847
66,1,0,310062604.5977104,1377390000.0,0.2251087960546471,767910810.683764,1627793.2054205374,0.0026183182796933376,410958.90410958906,3515981.735159817,27123287.671232905,232054794.52054778,20121.954757202744,907271.5080205568,0,0,9999092728.49198,5808270810.6837635,140360000,14036,2703.1855686958984,3200.5412976917414,880.034271004157,1377.3899999999999,6.872836261831673,-19.0,1024.1732152613572,2739.72602739726,24885438.248577714
67,1,0,310217635.9000092,1375528000.0,0.2255262240390666,772017401.1032293,1619134.4886964092,0.0025608596987654005,410958.90410958906,3515981.735159817,27534246.575342495,235570776.2557076,20350.219804215878,927621.7278247726,0,0,9999072378.272175,5812177401.1032295,140160000,14016,2697.7224268235814,3202.578608978974,870.6718178446071,1375.528,6.869763200343394,-20.0,1024.8251548732717,2739.72602739726,24883723.347705193
68,1,0,310372744.7179592,1373568000.0,0.22596096059165563,776123761.1934668,1610567.8791200116,0.0025319792172158067,410958.90410958906,3515981.735159817,27945205.479452085,239086757.9908674,20580.54903198129,948202.2768567539,0,0,9999051797.723143,5816083761.193467,139960000,13996,2692.5034674157578,3204.6352883060285,861.4361791097289,1373.568,6.86776827424001,-20.0,1025.4832922579292,2739.72602739726,24882009.104970057
69,1,0,310527931.0903182,1371608000.0,0.22639699614636122,780229889.5173522,1602091.917772151,0.0024885539369346624,410958.90410958906,3515981.735159817,28356164.383561675,242602739.72602722,20812.31538402012,969014.592240774,0,0,9999030985.407759,5819989889.517352,139760000,13976,2687.433805950025,3206.694585063242,852.3472208867828,1371.608,6.866119877868636,-20.0,1026.1422672202375,2739.72602739726,24880295.52120988
70,1,0,310683195.0558633,1369648000.0,0.22683433630820715,784335784.6352427,1593705.1763886102,0.0024395399541158793,410958.90410958906,3515981.735159817,28767123.287671264,246118721.46118703,21045.5213789669,990060.1136197408,0,0,9999009939.886381,5823895784.635242,139560000,13956,2682.510361839605,3208.7565079117517,843.401853927853,1369.648,6.864812470809343,-20.0,1026.8020825317606,2739.72602739726,24878582.597265016
71,1,0,310838536.65339124,1367688000.0,0.2272729867143612,788441445.1049708,1585406.2565592136,0.0023958858614245397,410958.90410958906,3515981.735159817,29178082.191780854,249634703.19634685,21280.169541305553,1011340.2831610463,0,0,9998988659.716839,5827801445.104971,139360000,13936,2677.7301354490883,3210.821065560643,834.597069888445,1367.6879999999999,6.863840658637045,-20.0,1027.4627409794057,2739.72602739726,24876870.3339786
72,1,0,310993955.92171794,1365728000.0,0.2277129530343655,792546869.4818388,1577193.788951875,0.0023319363968606127,410958.90410958906,3515981.735159817,29589041.095890444,253150684.93150666,21516.2624014076,1032856.5455624539,0,0,9998967143.454437,5831706869.481839,139160000,13916,2673.090205565525,3212.8882667672897,825.9299387982351,1365.7279999999998,6.863199188667157,-20.0,1028.1242453655327,2739.72602739726,24875158.73219657
73,1,0,311149452.89967877,1363768000.0,0.22815424097036943,796652056.3186127,1569066.4325607214,0.0023046040821947046,410958.90410958906,3515981.735159817,30000000.000000034,256666666.66666648,21753.802495570733,1054610.3480580247,0,0,9998945389.651941,5835612056.318613,138960000,13896,2668.5877269612856,3214.9581203376965,817.3976066235892,1363.768,6.862882945846903,-20.0,1028.7865985080628,2739.72602739726,24873447.79276768
74,1,0,311305027.6261286,1361808000.0,0.2285968562573642,800767004.1655161,1561003.3798815683,0.0022868317494595092,410958.90410958906,3515981.735159817,30410958.904109623,260182648.4018263,21992.79236605783,1076603.1404240825,0,0,9998923396.859575,5839517004.165516,138750000,13875,2664.219928044926,3217.0306351268564,808.9972929180697,1361.808,6.862886948786767,-21.0,1029.449803240594,2739.72602739726,24871737.516543526
75,1,0,311460680.13994163,1359750000.0,0.22905731210880062,804881710.8977873,1553023.236924745,0.002243041989391722,410958.90410958906,3515981.735159817,30821917.808219213,263698630.1369861,22233.90699825914,1098837.0474223418,0,0,9998901162.952578,5843421710.897787,138540000,13854,2660.079467160368,3219.123172332156,800.7062948282116,1359.75,6.863950325879554,-21.0,1030.1194151462898,2739.72602739726,24870027.909931276
76,1,0,311616410.4800116,1357692000.0,0.22951922120776405,808996175.0508062,1545124.7342689931,0.0021677146155872347,410958.90410958906,3515981.735159817,31232876.712328803,267214611.87214592,22476.48625061984,1121313.5336729616,0,0,9998878686.466328,5847326175.050806,138330000,13833,2656.0691028815386,3221.218526205254,792.5425766762846,1357.692,6.865328640417978,-21.0,1030.7899283856812,2739.72602739726,24868318.973832265
77,1,0,311772218.6852516,1355634000.0,0.22998259020152312,813110395.1573261,1537306.6282815759,0.0021752769257135135,410958.90410958906,3515981.735159817,31643835.616438393,270730593.60730577,22720.53274951617,1144034.0664224778,0,0,9998855965.933577,5851230395.157326,138120000,13812,2652.186253740358,3223.316706798339,784.5035469420192,1355.634,6.867017332723364,-21.0,1031.4613461754684,2739.72602739726,24866610.709151044
78,1,0,311928104.7945942,1353576000.0,0.23044742577778732,817224369.7474675,1529567.700466733,0.002117195879570128,410958.90410958906,3515981.735159817,32054794.520547982,274246575.3424656,22966.049128112023,1167000.1155505897,0,0,9998832999.884449,5855134369.747467,137910000,13791,2648.428403951649,3225.4177242229034,776.5866797287458,1353.576,6.869011962648644,-21.0,1032.133671751329,2739.72602739726,24864903.116795402
79,1,0,312084068.8469915,1351518000.0,0.2309137346650148,821338097.3487105,1521906.7568337868,0.0020710455168568595,410958.90410958906,3515981.735159817,32465753.424657572,277762557.0776254,23213.038026407106,1190213.1535769969,0,0,9998809786.846422,5859038097.348711,137700000,13770,2644.793101429539,3227.5215886501855,768.7895127793538,1351.518,6.871308206227392,-21.0,1032.8069083680593,2739.72602739726,24863196.197676376
80,1,0,312240110.88141495,1349460000.0,0.23138152363272343,825451576.4858887,1514322.6272842165,0.002054522361771428,410958.90410958906,3515981.735159817,32876712.32876716,281278538.8127852,23461.502091285653,1213674.6556682824,0,0,9998786325.344332,5862941576.4858885,137490000,13749,2641.277955873508,3229.62831031163,761.1096455618782,1349.46,6.8739018524345745,-21.0,1033.4810592997214,2739.72602739726,24861489.952708278
81,1,0,312396230.9368556,1347402000.0,0.23185079949180395,829564805.6811817,1506814.1650170363,0.0020067187785321574,410958.90410958906,3515981.735159817,33287671.23287675,284794520.547945,23711.443976565508,1237386.099644848,0,0,9998762613.900354,5866844805.681182,137280000,13728,2637.880636921283,3231.7378994993414,753.5447374219417,1347.402,6.876788800054838,-21.0,1034.1561278397892,2739.72602739726,24859784.382808723
82,1,0,312552429.052324,1345344000.0,0.2323215690948367,833687783.4541081,1499362.2610385995,0.001961292082259466,410958.90410958906,3515981.735159817,33698630.13698634,288310502.28310484,23962.866343047794,1261348.9659878956,0,0,9998738651.034012,5870747783.454108,137060000,13706,2634.5988723659457,3233.850366566553,746.0925057993925,1345.344,6.87996505465433,-22.0,1034.832117301297,2739.72602739726,24858079.488898627
83,1,0,312708705.2668501,1343188000.0,0.2328108241488534,837810507.6091665,1491984.1523199505,0.0019328920369264967,410958.90410958906,3515981.735159817,34109589.04109593,291826484.01826465,24216.484211047642,1285565.4501989433,0,0,9998714434.5498,5874650507.609166,136840000,13684,2631.528654060682,3235.983647561229,738.7330064994526,1343.1879999999999,6.88418877637252,-22.0,1035.5147672195933,2739.72602739726,24856375.27763845
84,1,0,312865059.61948353,1341032000.0,0.23330171063739236,841932976.6503577,1484678.750763692,0.0018904381542840807,410958.90410958906,3515981.735159817,34520547.94520552,295342465.75342447,24471.59807825022,1310037.0482771934,0,0,9998689962.951723,5878552976.650358,136620000,13662,2628.5702831384406,3238.1199760379577,731.4823071004824,1341.032,6.888698876241454,-22.0,1036.1983923321463,2739.72602739726,24854671.750003386
85,1,0,313021492.14929324,1338876000.0,0.23379423647096015,846055189.0789281,1477444.9895648567,0.0018512103545207316,410958.90410958906,3515981.735159817,34931506.84931511,298858447.4885843,24728.210699087016,1334765.2589762805,0,0,9998665234.741024,5882455189.078928,136400000,13640,2625.721637699292,3240.2593637292675,724.3382739700246,1338.876,6.893491712041358,-22.0,1036.8829963933656,2739.72602739726,24852968.906972382
86,1,0,313178002.89536786,1336720000.0,0.23428840961111366,850177143.3933617,1470281.8226926357,0.0018220291473035886,410958.90410958906,3515981.735159817,35342465.7534247,302374429.2237441,24986.32483594061,1359751.583812221,0,0,9998640248.416187,5886357143.393362,136180000,13618,2622.9806479650733,3242.401822441405,717.2988255236685,1336.72,6.898563737656123,-22.0,1037.5685831812496,2739.72602739726,24851266.74952817
87,1,0,313334591.89681554,1334564000.0,0.23478423807087223,854298838.0893719,1463188.2243871696,0.0017735989174462586,410958.90410958906,3515981.735159817,35753424.65753429,305890410.9589039,25245.94325920573,1384997.5270714266,0,0,9998615002.472929,5890258838.089372,135960000,13596,2620.345294763784,3244.547364054926,710.3619307088572,1334.5639999999999,6.903911500505624,-22.0,1038.2551564975763,2739.72602739726,24849565.278657272
88,1,0,313491259.1927639,1332408000.0,0.23528172991513405,858420271.659894,1456163.1886708983,0.0017556260908320842,410958.90410958906,3515981.735159817,36164383.561643876,309406392.6940637,25507.068747350964,1410504.5958187776,0,0,9998589495.40418,5894160271.659894,135740000,13574,2617.813608065276,3246.696000525302,703.5256075399737,1332.408,6.9095316390613,-22.0,1038.9427201680967,2739.72602739726,24847864.495350044
89,1,0,313648004.8223603,1330252000.0,0.2357808932610966,862541442.5950764,1449205.728873978,0.0017070518206198984,410958.90410958906,3515981.735159817,36575342.465753466,312922374.42922354,25769.704086981023,1436274.2999057586,0,0,9998563725.700094,5898061442.595077,135520000,13552,2615.3836655662512,3248.847743883517,696.7879216827341,1330.252,6.915420880441932,-22.0,1039.6312780427254,2739.72602739726,24846164.40060069
90,1,0,313804828.82477146,1328096000.0,0.23628173627868126,866662349.382273,1442314.8771732925,0.0016855147670075483,410958.90410958906,3515981.735159817,36986301.369863056,316438356.16438335,26033.852072899805,1462308.1519786583,0,0,9998537691.84802,5901962349.382273,135300000,13530,2613.05359132269,3251.0026062366883,690.1469850860018,1328.096,6.921576038086785,-22.0,1040.3208339957403,2739.72602739726,24844464.99540729
91,1,0,313961731.23918384,1325940000.0,0.23678426719096177,870792990.5060343,1435473.1992888593,0.0016383834633328445,410958.90410958906,3515981.735159817,37397260.273972645,319954337.89954317,26299.515508173958,1488607.6674868322,0,0,9998511392.332514,5905862990.506034,135070000,13507,2610.821554427889,3253.1605997686765,683.6009546592124,1325.9399999999998,6.927994009503282,-23.0,1041.0113919259766,2739.72602739726,24842766.28077182
92,1,0,314118712.10480344,1323686000.0,0.237306062090861,874923363.6886714,1428696.5600392912,0.001612578314310224,410958.90410958906,3515981.735159817,37808219.178082235,323470319.634703,26567.4566323666,1515175.1241191989,0,0,9998484824.875881,5909763363.688671,134840000,13484,2608.786843578094,3255.340361272606,677.1324823054878,1323.686,6.935456478667517,-23.0,1041.7089156072338,2739.72602739726,24841068.263660032
93,1,0,314275771.46085584,1321432000.0,0.2378296964663001,879053467.3983989,1421984.038922508,0.001579123038743493,410958.90410958906,3515981.735159817,38219178.082191825,326986301.3698628,26836.92954189307,1542012.053661092,0,0,9998457987.946339,5913663467.398399,134610000,13461,2606.847238974049,3257.523440344145,670.755798629904,1321.432,6.943181112332418,-23.0,1042.4075009101264,2739.72602739726,24839370.94513355
94,1,0,314432909.3465862,1319178000.0,0.2383551797760319,883183300.100523,1415334.7327307218,0.0015493209045395724,410958.90410958906,3515981.735159817,38630136.986301415,330502283.1050226,27107.93714533698,1569119.990806429,0,0,9998430880.009193,5917563300.100523,134380000,13438,2605.0010263489244,3259.709850769202,664.4691755797222,1319.1779999999999,6.951165103371518,-23.0,1043.1071522461446,2739.72602739726,24837674.3262584
95,1,0,314590125.8012595,1316924000.0,0.2388825215435815,887312860.2574317,1408747.7551461998,0.0015181394239924524,410958.90410958906,3515981.735159817,39041095.890411004,334018264.8401824,27380.482360698363,1596500.4731671272,0,0,9998403499.526833,5921462860.257432,134150000,13415,2603.246532004924,3261.8996064259404,658.2709255789836,1316.924,6.959405720943892,-23.0,1043.807874056301,2739.72602739726,24835978.40810506
96,1,0,314747420.8641601,1314670000.0,0.23941173135780092,891442146.3285857,1402222.2363483144,0.0014912875833479047,410958.90410958906,3515981.735159817,39452054.794520594,337534246.57534224,27654.56811547158,1624155.0412825989,0,0,9998375844.958717,5925362146.328586,133920000,13392,2601.582121681662,3264.092721285563,652.1594003960992,1314.6699999999998,6.967900308577832,-23.0,1044.5096708113801,2739.72602739726,24834283.191748478
97,1,0,314904794.5745922,1312416000.0,0.2399428188734305,895571156.7705085,1395757.3226315118,0.0014560239494321046,410958.90410958906,3515981.735159817,39863013.698630184,341050228.31050205,27930.197346724184,1652085.238629323,0,0,9998347914.761372,5929261156.770509,133690000,13369,2600.006199461346,3266.2892094131157,646.1329900482305,1312.416,6.976646282315019,-23.0,1045.212547012197,2739.72602739726,24832588.678268094
98,1,0,315062246.9718794,1310162000.0,0.2404757938116656,899699890.0367768,1389352.1760338496,0.001430945747778727,410958.90410958906,3515981.735159817,40273972.60273977,344566210.04566187,28207.37300117662,1680292.6116304996,0,0,9998319707.388369,5933159890.036777,133460000,13346,2598.517206709388,3268.48908496829,640.1901217410979,1310.162,6.985641128913052,-23.0,1045.9165071898528,2739.72602739726,24830894.868747886
99,1,0,315219778.09536535,1307908000.0,0.24101066596072915,903828344.5780109,1383005.9739757604,0.001395325346751321,410958.90410958906,3515981.735159817,40684931.50684936,348082191.7808217,28486.0980352827,1708778.7096657823,0,0,9998291221.290335,5937058344.578011,133230000,13323,2597.1136210491563,3270.692362206237,634.3292588429197,1307.908,6.994882404104367,-23.0,1046.6215559059958,2739.72602739726,24829201.764276396
100,1,0,315377387.984413,1305654000.0,0.2415474451764503,907956518.8418651,1376717.9089087176,0.0013733996513355753,410958.90410958906,3515981.735159817,41095890.41095895,351598173.5159815,28766.375415311104,1737545.0850810935,0,0,9998262454.914919,5940956518.841866,133000000,13300,2595.793955369616,3272.8990554783923,628.5488998912239,1305.654,7.0043677309095775,-23.0,1047.3276977530854,2739.72602739726,24827509.365946755
101,1,0,315535076.6784052,1303400000.0,0.24208614138284887,912084411.273017,1370487.187973488,0.0013492375094875998,410958.90410958906,3515981.735159817,41506849.31506854,355114155.2511413,29048.208117427635,1766593.293198521,0,0,9998233406.706802,5944854411.273017,132770000,13277,2594.5567568646466,3275.1091792333054,622.8475776313413,1303.3999999999999,7.0140947980033435,-23.0,1048.0349373546578,2739.72602739726,24825817.674856715
102,1,0,315692844.2167444,1301146000.0,0.24262676457272622,916222020.3131588,1364298.1420297774,0.001321292817935881,410958.90410958906,3515981.735159817,41917808.21917813,358630136.9863011,29331.599127778456,1795924.8923262996,0,0,9998204075.107674,5948752020.313159,132530000,13253,2593.4006061029095,3277.3227480174814,617.2238580854281,1301.146,7.024061358131065,-24.0,1048.743279365594,2739.72602739726,24824126.692108683
103,1,0,315850690.6388528,1298794000.0,0.2431876730558139,920359343.5806205,1358165.1652896113,0.001288472602143282,410958.90410958906,3515981.735159817,42328767.12328772,362146118.72146094,29617.37180768211,1825542.2641339817,0,0,9998174457.735867,5952649343.580621,132290000,13229,2592.4283262107715,3279.5593356362083,611.6629905745632,1298.7939999999999,7.035081041162905,-24.0,1049.4589874035867,2739.72602739726,24822436.42506869
104,1,0,316008615.98417217,1296442000.0,0.24375067761162642,924496379.4996784,1352087.5016043764,0.001274271851197327,410958.90410958906,3515981.735159817,42739726.02739731,365662100.45662075,29904.720211602755,1855446.9843455844,0,0,9998144553.015654,5956546379.499679,132050000,13205,2591.5348891178382,3281.7995760343792,606.177313083459,1296.442,7.0463419215686205,-24.0,1050.1758643310013,2739.72602739726,24820746.874905627
105,1,0,316166620.2921642,1294090000.0,0.24431578969945228,928633126.4915006,1346064.4083661735,0.0012446304985053347,410958.90410958906,3515981.735159817,43150684.9315069,369178082.19178057,30193.64744726488,1885640.6317928494,0,0,9998114359.368208,5960443126.491501,131810000,13181,2590.718962199934,3284.043485651164,600.7654765487706,1294.09,7.05784200008413,-24.0,1050.8939154083723,2739.72602739726,24819058.04279364
106,1,0,316324703.6023103,1291738000.0,0.24488302086205585,932769582.9741364,1340095.1562060872,0.0012119086534222397,410958.90410958906,3515981.735159817,43561643.83561649,372694063.9269404,30484.15663378283,1916124.7884266323,0,0,9998083875.211573,5964339582.974136,131570000,13157,2589.9792430724146,3286.291081043162,595.4261620292523,1291.7379999999998,7.069579336288923,-24.0,1051.613145933812,2739.72602739726,24817369.929912176
107,1,0,316482865.95411146,1289386000.0,0.24545238272643835,936905747.362504,1334179.02870049,0.0011960289801192414,410958.90410958906,3515981.735159817,43972602.73972608,376210045.6621002,30776.25090176255,1946901.039328395,0,0,9998053098.960672,5968235747.362504,131330000,13133,2589.314458787742,3288.542378885475,590.1580799022665,1289.386,7.081552047256719,-24.0,1052.333561243352,2739.72602739726,24815682.537446022
108,1,0,316641107.3870885,1287034000.0,0.24602388700460787,941041618.0683801,1328315.3220851305,0.0011776769363944712,410958.90410958906,3515981.735159817,44383561.64383567,379726027.39726,31069.933393404404,1977970.9727217993,0,0,9998022029.027279,5972131618.06838,131090000,13109,2588.723365057973,3290.797395972784,584.9599690851888,1287.0339999999999,7.093758306247821,-24.0,1053.055166711291,2739.72602739726,24813995.866585337
109,1,0,316799427.940782,1284682000.0,0.24659754549435736,945177193.500387,1322503.344976765,0.001152011627054776,410958.90410958906,3515981.735159817,44794520.54794526,383242009.1324198,31365.207262607353,2009336.1799844066,0,0,9997990663.820015,5976027193.500387,130850000,13085,2588.204745501277,3293.056149220449,579.8305962808282,1284.682,7.106196341441742,-24.0,1053.7779677505434,2739.72602739726,24812309.918525692
110,1,0,316957827.6547524,1282330000.0,0.24717337008005144,949312472.0639813,1316742.4181021042,0.0011272235696228197,410958.90410958906,3515981.735159817,45205479.45205485,386757990.86757964,31662.075675074044,2040998.2556594806,0,0,9997959001.74434,5979922472.063981,130610000,13061,2587.7574109116267,3295.3186556656055,574.7687552460209,1282.33,7.118864434708745,-24.0,1054.5019698129936,2739.72602739726,24810624.69446811
111,1,0,317116306.56857973,1279978000.0,0.24775137273342177,953447452.1614424,1311031.8740338476,0.0011022645301470915,410958.90410958906,3515981.735159817,45616438.35616444,390273972.60273945,31960.5418084174,2072958.7974678979,0,0,9997927041.202532,5983817452.161442,130370000,13037,2587.380198550881,3297.584932468292,569.7732660825886,1279.9779999999998,7.131760920419136,-24.0,1055.2271783898536,2739.72602739726,24808940.195619106
112,1,0,317274864.721864,1277626000.0,0.24833156551437116,957582132.1918596,1305371.056933595,0.00108163485716682,410958.90410958906,3515981.735159817,46027397.26027403,393789954.33789927,32260.608852268255,2105219.4063201663,0,0,9997894780.59368,5987712132.19186,130130000,13013,2587.0719714624574,3299.8549969125747,564.8429745498823,1277.626,7.144884184288982,-24.0,1055.953599012024,2739.72602739726,24807256.423190724
113,1,0,317433502.1542249,1275274000.0,0.24891396057178683,961706510.5511206,1299772.8374363212,0.00106631520388017,410958.90410958906,3515981.735159817,46438356.16438362,397305936.0730591,32562.280008384216,2137781.6863285503,0,0,9997862218.313671,5991606510.551121,129900000,12990,2586.831617805851,3302.1288664076865,559.976751398164,1275.274,7.158232662261104,-23.0,1056.6812372504596,2739.72602739726,24805573.37840058
114,1,0,317592218.905302,1273020000.0,0.24947936317206484,965830586.5173329,1294222.8351944834,0.0010575906730784926,410958.90410958906,3515981.735159817,46849315.06849321,400821917.8082189,32864.673057148815,2170646.359385699,0,0,9997829353.640614,5995500586.517333,129670000,12967,2586.5510059470894,3304.38597103998,555.1850349071092,1273.02,7.170953980472159,-23.0,1057.4035107327936,2739.72602739726,24803891.055883918
115,1,0,317751015.0147546,1270766000.0,0.25004683396845256,969954358.4920664,1288720.4321070514,0.0010423661587733821,410958.90410958906,3515981.735159817,47260273.9726028,404337899.5433787,33168.66453601279,2203815.023921712,0,0,9997796184.976078,5999394358.492066,129440000,12944,2586.3356301289887,3306.6467251982085,550.4549049307801,1270.7659999999998,7.183891016477014,-23.0,1058.1269520634266,2739.72602739726,24802209.456808586
116,1,0,317909890.522262,1268512000.0,0.25061638401707037,974077824.8737526,1283265.020597325,0.0010081265572721733,410958.90410958906,3515981.735159817,47671232.87671239,407853881.2785385,33474.257583225015,2237289.281504937,0,0,9997762710.718494,6003287824.873753,129210000,12921,2586.1844558811626,3308.9111449392185,545.7853109419439,1268.512,7.197042280219007,-23.0,1058.85156638055,2739.72602739726,24800528.58234757
117,1,0,318068845.4675231,1266258000.0,0.2511880244527759,978200984.0576737,1277856.0033899078,0.0009951184107508846,410958.90410958906,3515981.735159817,48082191.78082198,411369863.01369834,33781.45534841052,2271070.7368533476,0,0,9997728929.263147,6007180984.057673,128980000,12898,2586.0964711506467,3311.179246431938,541.1752247187089,1266.258,7.210406327038281,-23.0,1059.5773588582201,2739.72602739726,24798848.433679033
118,1,0,318227879.8902568,1264004000.0,0.2517617664898662,982323834.4359505,1272492.7932933264,0.0009767458760684313,410958.90410958906,3515981.735159817,48493150.68493157,414885844.74885815,34090.26099267015,2305160.9978460176,0,0,9997694839.002153,6011073834.43595,128750000,12875,2586.070685736996,3313.45104595838,536.6236397786163,1264.004,7.223981756705928,-23.0,1060.3043347066814,2739.72602739726,24797169.011986345
119,1,0,318386993.8302019,1261750000.0,0.2523376214227873,986446374.3975313,1267174.8129881334,0.0009605110839685225,410958.90410958906,3515981.735159817,48904109.58904116,418401826.48401797,34400.67768868109,2339561.6755346986,0,0,9997660438.324465,6014966374.3975315,128520000,12852,2586.1061307440605,3315.7265599146504,532.1295708294101,1261.75,7.2377672124869505,-23.0,1061.032499172688,2739.72602739726,24795490.31845812
120,1,0,318546187.327117,1259496000.0,0.25291560062685153,990568602.32818,1261901.494820329,0.0009483985664011716,410958.90410958906,3515981.735159817,49315068.49315075,421917808.2191778,34712.7086207987,2374274.3841554974,0,0,9997625725.615845,6018858602.32818,128290000,12829,2586.2018580478925,3318.0058048119627,527.6920532359294,1259.4959999999999,7.2517613802311764,-23.0,1061.761857539828,2739.72602739726,24793812.354288265
121,1,0,318705460.42078054,1257242000.0,0.25349571555896205,994690516.6104642,1256672.2805999499,0.0009304867567761042,410958.90410958906,3515981.735159817,49726027.39726034,425433789.9543376,35026.35698515948,2409300.741140657,0,0,9997590699.25886,6022750516.610464,128060000,12806,2586.3569397802557,3320.2887972776743,523.310142502581,1257.242,7.265962987491253,-23.0,1062.4924151288558,2739.72602739726,24792135.120676
122,1,0,318864813.1509909,1254988000.0,0.25407797775834584,998812115.6237439,1251486.6214046746,0.0009242490481179683,410958.90410958906,3515981.735159817,50136986.30136993,428949771.6894974,35341.62598978507,2444642.367130442,0,0,9997555357.63287,6026642115.623744,127830000,12783,2586.570467827204,3322.5755540563264,518.9829137708779,1254.988,7.2803708026668605,-23.0,1063.2241772980244,2739.72602739726,24790458.6188259
123,1,0,319024245.5575664,1252734000.0,0.2546623988472943,1002933397.7441586,1246343.977388298,0.0009099105629583501,410958.90410958906,3515981.735159817,50547945.20547952,432465753.4246572,35658.51885468759,2480300.8859851295,0,0,9997519699.114016,6030533397.744159,127600000,12760,2586.8415533422353,3324.866092010695,514.7094613315405,1252.734,7.294983634174335,-23.0,1063.9571494434224,2739.72602739726,24788782.849947948
124,1,0,319183757.6803452,1250480000.0,0.2552489905319119,1007054361.3446162,1241243.817593936,0.000888813710703884,410958.90410958906,3515981.735159817,50958904.10958911,435981735.15981704,35977.03881197597,2516277.9247971056,0,0,9997483722.075203,6034424361.344616,127370000,12737,2587.1693262735403,3327.1604281228565,510.488898150684,1250.48,7.309800329640953,-23.0,1064.691336999314,2739.72602739726,24787107.815257553
125,1,0,319343349.5591853,1248226000.0,0.25583776460287266,1011175004.7947797,1236185.619771827,0.0008825510683408929,410958.90410958906,3515981.735159817,51369863.0136987,439497716.89497685,36297.189105963655,2552575.1139030694,0,0,9997447424.886097,6038315004.79478,127140000,12714,2587.5529349048884,3329.458579495263,506.32035540962517,1248.2259999999999,7.324819775123083,-23.0,1065.4267454384842,2739.72602739726,24785433.515975595
126,1,0,319503021.2339649,1245972000.0,0.2564287329361855,1015295326.4610559,1231168.8702015923,0.0008691166491713913,410958.90410958906,3515981.735159817,51780821.91780829,443013698.63013667,36618.97299327744,2589194.086896347,0,0,9997410805.913103,6042205326.461056,126910000,12691,2587.991545409699,3331.760563351832,502.2029820578668,1245.972,7.340040894347516,-23.0,1066.1633802725862,2739.72602739726,24783759.95332847
127,1,0,319662772.7445819,1243718000.0,0.2570219074939672,1019415324.7065824,1226193.063518838,0.0008531547732417291,410958.90410958906,3515981.735159817,52191780.82191788,446529680.3652965,36942.393742967564,2626136.4806393143,0,0,9997373863.519361,6046095324.706583,126680000,12668,2588.48434141787,3334.0663970390424,498.1359443788272,1243.7179999999998,7.355462647975246,-23.0,1066.9012470524935,2739.72602739726,24782087.12854813
128,1,0,319822604.13095415,1241464000.0,0.25761730032522423,1023534997.8912153,1221257.7025459656,0.0008438743692438276,410958.90410958906,3515981.735159817,52602739.72602747,450045662.1004563,37267.45463661898,2663403.9352759332,0,0,9997336596.064724,6049984997.891215,126450000,12645,2589.0305235949504,3336.3760980270467,494.1184255679035,1241.464,7.3710840328870315,-23.0,1067.6403513686548,2739.72602739726,24780415.042872105
129,1,0,319982515.4330196,1239210000.0,0.25821492356664294,1027654344.3715163,1216362.29812708,0.0008347604966516889,410958.90410958906,3515981.735159817,53013698.630137056,453561643.8356161,37594.158968464,2700998.0942443972,0,0,9997299001.905756,6053874344.371516,126220000,12622,2589.6293092332658,3338.6896839107976,490.149625322468,1239.21,7.386904081490123,-23.0,1068.3806988514552,2739.72602739726,24778743.69754356
130,1,0,320142506.69073606,1236956000.0,0.2588147894433885,1031773362.5007403,1211506.3689668754,0.0008306986693764131,410958.90410958906,3515981.735159817,53424657.534246646,457077625.5707759,37922.510045496114,2738920.6042898935,0,0,9997261079.39571,6057763362.50074,125990000,12599,2590.279931854594,3341.0071724111785,486.22875944341524,1236.956,7.40292186104544,-23.0,1069.122295171577,2739.72602739726,24777073.093811337
131,1,0,320302577.9440814,1234702000.0,0.2594169102699124,1035892050.6288222,1206689.4414733876,0.0008220546253593805,410958.90410958906,3515981.735159817,53835616.438356236,460593607.30593574,38252.5111875852,2777173.1154774786,0,0,9997222826.884523,6061652050.628822,125760000,12576,2590.981640824044,3343.328581376156,482.35505944788827,1234.702,7.419136473014716,-23.0,1069.8651460403698,2739.72602739726,24775403.232929982
132,1,0,320462729.23305345,1232448000.0,0.2600212984507691,1040000407.1023641,1201922.6064370011,0.0008155278839093761,410958.90410958906,3515981.735159817,54246575.342465825,464109589.04109555,38584.16572759397,2815757.2812050725,0,0,9997184242.718796,6065540407.102364,125540000,12554,2591.733700974764,3345.653928781937,478.5277721928267,1232.4479999999999,7.435547052426891,-22.0,1070.6092572102198,2739.72602739726,24773734.116159797
133,1,0,320622960.59766996,1230292000.0,0.2606072059297061,1044108431.2713172,1197193.665487408,0.000801047712292682,410958.90410958906,3515981.735159817,54657534.246575415,467625570.77625537,38916.47031625186,2854673.7515213243,0,0,9997145326.248478,6069428431.2713175,125320000,12532,2592.4240551694043,3347.9607676893775,474.75528748002694,1230.292,7.451237514253243,-22.0,1071.3474456606007,2739.72602739726,24772065.73757806
134,1,0,320783272.0779688,1228136000.0,0.26119523577028014,1048216121.4889597,1192502.170472658,0.0007984415709883437,410958.90410958906,3515981.735159817,55068493.150685005,471141552.5114152,39250.421627032236,2893924.1731483564,0,0,9997106075.82685,6073316121.48896,125100000,12510,2593.162912810224,3350.2713747833654,471.0275380268587,1228.136,7.467115180640552,-22.0,1072.086839930677,2739.72602739726,24770398.098390594
135,1,0,320943663.71400774,1225980000.0,0.26178539920227717,1052323476.1053116,1187847.6802839297,0.0007889627742128507,410958.90410958906,3515981.735159817,55479452.054794595,474657534.246575,39586.0229175098,2933510.1960658664,0,0,9997066489.803934,6077203476.105311,124880000,12488,2593.949586205247,3352.5857665681924,467.34381963705476,1225.98,7.483179208693107,-22.0,1072.8274453018214,2739.72602739726,24768731.1998085
136,1,0,321104135.5458647,1223824000.0,0.262377707534633,1056430493.4671237,1183229.7607177277,0.0007724478892592833,410958.90410958906,3515981.735159817,55890410.958904184,478173515.9817348,39923.27745737035,2973433.473523237,0,0,9997026566.526476,6081090493.467124,124660000,12466,2594.783401579404,3354.9039596622288,463.70344191717504,1223.8239999999998,7.499428786016782,-22.0,1073.5692670919132,2739.72602739726,24767065.043048196
137,1,0,321264687.6136376,1221668000.0,0.2629721721561321,1060537171.9178647,1178647.984341302,0.0007745379849206362,410958.90410958906,3515981.735159817,56301369.863013774,481689497.7168946,40262.18852851628,3013695.662051753,0,0,9996986304.337948,6084977171.917865,124440000,12444,2595.6636987521497,3357.225970798926,460.1057279532239,1221.668,7.5158631301650365,-22.0,1074.3123106556561,2739.72602739726,24765399.629331455
138,1,0,321425319.9574444,1219512000.0,0.26356880453611314,1064643509.797709,1174101.9303612027,0.0007731839156388088,410958.90410958906,3515981.735159817,56712328.767123364,485205479.45205444,40602.7594251734,3054298.4214769267,0,0,9996945701.578524,6088863509.7977085,124220000,12422,2596.589830823905,3359.551816827834,456.55001399607085,1219.512,7.532481488100967,-22.0,1075.0565813849068,2739.72602739726,24763734.959885444
139,1,0,321586032.6174231,1217356000.0,0.26416761622518237,1068749505.4435245,1169591.1844948865,0.0007625664811347682,410958.90410958906,3515981.735159817,57123287.67123295,488721461.18721426,40944.993453998824,3095243.4149309257,0,0,9996904756.58507,6092749505.443524,124000000,12400,2597.561163871036,3361.881514715631,453.0356491554046,1217.356,7.549283135674921,-22.0,1075.8020847090017,2739.72602739726,24762071.03594276
140,1,0,321746825.6337318,1215200000.0,0.26476861885593467,1072855157.1888598,1165115.338845291,0.0007574181922668803,410958.90410958906,3515981.735159817,57534246.57534254,492237442.92237407,41288.89393419006,3136532.308865116,0,0,9996863467.691135,6096635157.18886,123780000,12378,2598.5770766491096,3364.215081547155,449.5619951019548,1215.2,7.5662673771172,-22.0,1076.5488260950897,2739.72602739726,24760407.85874146
141,1,0,321907699.0465486,1213044000.0,0.265371824143682,1076960463.3639317,1160673.9917782946,0.0007657163576644358,410958.90410958906,3515981.735159817,57945205.47945213,495753424.6575339,41634.464197595385,3178166.7730627116,0,0,9996821833.226936,6100520463.363932,123560000,12356,2599.636960304188,3366.5525345264596,446.1284257777285,1213.0439999999999,7.5834335445455565,-22.0,1077.2968110484671,2739.72602739726,24758745.42952511
142,1,0,322068652.89607185,1210888000.0,0.26597724388719013,1081065422.295612,1156266.7478029926,0.0007513699455709659,410958.90410958906,3515981.735159817,58356164.38356172,499269406.3926937,41981.707588825346,3220148.480651537,0,0,9996779851.519348,6104405422.295612,123340000,12334,2600.7402180918825,3368.893890977868,442.7343271140146,1210.888,7.600780997486865,-22.0,1078.0460451129177,2739.72602739726,24757083.74954283
143,1,0,322229687.2225199,1208732000.0,0.2665848899694224,1085170032.3074162,1151893.2174547054,0.0007522991116359218,410958.90410958906,3515981.735159817,58767123.28767131,502785388.1278535,42330.627465365615,3262479.1081169024,0,0,9996737520.891884,6108290032.307416,123120000,12312,2601.8862651039685,3371.2391683470482,439.37909675692026,1208.732,7.618309122412777,-22.0,1078.7965338710553,2739.72602739726,24755422.820049305
144,1,0,322390802.0661311,1206576000.0,0.2671947743582925,1089274291.719488,1147553.017180652,0.0007584574757543393,410958.90410958906,3515981.735159817,59178082.1917809,506301369.8630133,42681.227197691005,3305160.3353145933,0,0,9996694839.664686,6112174291.719488,122900000,12290,2603.0745280023034,3373.588384202094,436.0621438002095,1206.576,7.63601733228882,-22.0,1079.54828294467,2739.72602739726,24753762.642304853
145,1,0,322551997.46716416,1204420000.0,0.26780690910742444,1093378198.848588,1143245.7692282165,0.0007440699025655248,410958.90410958906,3515981.735159817,59589041.09589049,509817351.59817314,43033.510169380745,3348193.845483974,0,0,9996651806.154516,6116058198.848588,122680000,12268,2604.304444759842,3375.9415562346185,432.782888525224,1204.4199999999998,7.653905066136669,-22.0,1080.301297995078,2739.72602739726,24752103.217575453
146,1,0,322713273.46589774,1202264000.0,0.2684213063569214,1097481752.00808,1138971.1015357391,0.0007489578275207006,410958.90410958906,3515981.735159817,60000000.00000008,513333333.33333296,43387.479777235196,3391581.325261209,0,0,9996608418.674738,6119941752.00808,122460000,12246,2605.5754644085346,3378.2987022608645,429.54076214767025,1202.264,7.671971788609174,-22.0,1081.0555847234766,2739.72602739726,24750444.547132783
147,1,0,322874630.1026307,1200108000.0,0.26903797833414217,1101584949.507918,1134728.6476257644,0.0007451515260391239,410958.90410958906,3515981.735159817,60410958.90410967,516849315.06849277,43743.139431393654,3435324.464692603,0,0,9996564675.535307,6123824949.507917,122240000,12224,2606.887046793885,3380.6598402228165,426.3352065710686,1200.108,7.690216989577784,-22.0,1081.8111488713012,2739.72602739726,24748786.632254258
148,1,0,323036067.417682,1197952000.0,0.26965693735448665,1105687789.6546319,1130518.0465006856,0.0007402053921288285,410958.90410958906,3515981.735159817,60821917.80821926,520365296.8036526,44100.492555453726,3479424.957248057,0,0,9996520575.042751,6127707789.654632,122020000,12202,2608.238662335999,3383.024988189336,423.16567414666326,1197.952,7.708640183732114,-22.0,1082.5679962205875,2739.72602739726,24747129.47422308
149,1,0,323197585.4513908,1195796000.0,0.2702781958221894,1109790270.7513146,1126338.9425407203,0.0007433499422008732,410958.90410958906,3515981.735159817,61232876.71232885,523881278.5388124,44459.54258659176,3523884.4998346483,0,0,9996476115.500166,6131590270.751314,121800000,12180,2609.629791796905,3385.394164357303,420.03162743960195,1195.796,7.727240910191235,-22.0,1083.326132594337,2739.72602739726,24745473.07432828
150,1,0,323359184.2441165,1193640000.0,0.270901766231122,1113892391.0976083,1122190.985404155,0.0007357651847593669,410958.90410958906,3515981.735159817,61643835.61643844,527397260.2739722,44820.29297568483,3568704.792810333,0,0,9996431295.20719,6135472391.097609,121580000,12158,2611.059926053965,3387.767387052767,416.93253900119777,1193.6399999999999,7.74601873212641,-22.0,1084.0855638568853,2739.72602739726,24743817.433864743
151,1,0,323520863.8362385,1191484000.0,0.271527661165604,1117994148.9896903,1118073.8299298044,0.0007438139708156112,410958.90410958906,3515981.735159817,62054794.52054803,530913242.009132,45182.74718743412,3613887.539997767,0,0,9996386112.460003,6139354148.989691,121360000,12136,2612.5285658792104,3390.144674732118,413.86789114709245,1191.484,7.764973236394988,-22.0,1084.8462959142778,2739.72602739726,24742162.554133262
152,1,0,323682624.2681566,1189328000.0,0.2721558933012227,1122095542.7202592,1113987.1360416259,0.0007385256433802313,410958.90410958906,3515981.735159817,62465753.42465762,534429223.74429184,45546.90870048954,3659434.4486982566,0,0,9996340565.551302,6143235542.720259,121140000,12114,2614.0352217244176,3392.526045983269,410.83717574114877,1189.328,7.784104033185173,-22.0,1085.6083347146462,2739.72602739726,24740508.436440583
153,1,0,323844465.5802907,1187172000.0,0.2727864754056621,1126196570.578521,1109930.5686554322,0.0007357394316772053,410958.90410958906,3515981.735159817,62876712.32876721,537945205.4794517,45912.78100757579,3705347.2297058324,0,0,9996294652.770294,6147116570.578521,120920000,12092,2615.579413511745,3394.9115195268423,407.83989398490246,1187.172,7.803410755671276,-22.0,1086.3716862485896,2739.72602739726,24738855.082099438
154,1,0,324006387.8130808,1185016000.0,0.27341942033954036,1130297230.8501747,1105903.7975876522,0.0007380059928609774,410958.90410958906,3515981.735159817,63287671.2328768,541461187.2146115,46280.36761561998,3751627.5973214526,0,0,9996248372.40268,6150997230.850175,120700000,12070,2617.1606704297883,3397.301114217378,404.8755562124103,1185.0159999999998,7.822893059679344,-22.0,1087.136356549561,2739.72602739726,24737202.492428593
155,1,0,324168391.00698733,1182860000.0,0.27405474105725725,1134387521.817398,1101916.2111351462,0.0007499653533324887,410958.90410958906,3515981.735159817,63698630.13698639,544977168.9497714,46649.67204588056,3798277.269367333,0,0,9996201722.730633,6154877521.817398,120490000,12049,2618.778530734896,3399.6948490445575,401.94368169033805,1182.86,7.842550623362779,-21.0,1087.9023516942582,2739.72602739726,24735550.668752894
156,1,0,324330475.2024908,1180802000.0,0.27466965266191185,1138477442.9298368,1097957.6343499427,0.0007422782064199497,410958.90410958906,3515981.735159817,64109589.04109598,548493150.6849313,47019.526830772804,3845296.796198106,0,0,9996154703.203802,6158757442.929836,120280000,12028,2620.31662073828,3402.067788152769,399.05083258551076,1180.802,7.8613814985439845,-21.0,1088.661692208886,2739.72602739726,24733899.604417708
157,1,0,324492640.440092,1178744000.0,0.27528678020001973,1142566992.477748,1094027.7534967912,0.0007485778162659077,410958.90410958906,3515981.735159817,64520547.94520557,552009132.4200912,47391.09135829298,3892687.8875563988,0,0,9996107312.112444,6162636992.477748,120070000,12007,2621.890036326371,3404.4446770839554,396.1893592424151,1178.744,7.880379065414253,-21.0,1089.4222966668658,2739.72602739726,24732249.300686978
158,1,0,324654886.7603121,1176686000.0,0.2759061353328858,1146656168.7479594,1090126.259351919,0.0007474730814082123,410958.90410958906,3515981.735159817,64931506.84931516,555525114.155251,47764.369057809476,3940452.256614208,0,0,9996059547.743385,6166516168.747959,119860000,11986,2623.4983430374086,3406.82553318552,393.3588098518884,1176.686,7.899542985362524,-21.0,1090.1841706193663,2739.72602739726,24730599.7588302
159,1,0,324817214.2036922,1174628000.0,0.2765277298035567,1150744970.0238569,1086252.8471222438,0.0007490549480756714,410958.90410958906,3515981.735159817,65342465.75342475,559041095.8904109,48139.36337195331,3988591.6199861616,0,0,9996011408.380014,6170394970.023857,119650000,11965,2625.141114633103,3409.2103739242175,390.55874070888535,1174.628,7.918872940115859,-21.0,1090.9473196557497,2739.72602739726,24728950.980122462
160,1,0,324979622.81079406,1172570000.0,0.2771515754375381,1154833394.5853696,1082407.216366318,0.000748794274063025,410958.90410958906,3515981.735159817,65753424.65753434,562557077.6255708,48516.077756733976,4037107.6977428957,0,0,9995962892.302258,6174273394.585369,119440000,11944,2626.81793292588,3411.59921688721,387.7887160386698,1172.57,7.938368631451098,-21.0,1091.711749403907,2739.72602739726,24727302.96584447
161,1,0,325142112.6221994,1170512000.0,0.2777776841435196,1158921440.7089572,1078589.0709169572,0.0007465248277358302,410958.90410958906,3515981.735159817,66164383.56164393,566073059.3607306,48894.51568165655,4086002.213424552,0,0,9995913997.786575,6178151440.708958,119230000,11923,2628.5283876104468,3413.9920797831073,385.0483078273396,1170.512,7.95802978091489,-21.0,1092.4774655305944,2739.72602739726,24725655.717282604
162,1,0,325304683.6785105,1168454000.0,0.27840606791410744,1163009106.6675968,1074798.118805515,0.0007522867327496227,410958.90410958906,3515981.735159817,66575342.46575352,569589041.0958905,49274.68062984013,4135276.8940543924,0,0,9995864723.105946,6182029106.667597,119020000,11902,2630.2720760996144,3416.388980443053,382.3370956565619,1168.454,7.977856129552051,-21.0,1093.244473741777,2739.72602739726,24724009.23572895
163,1,0,325467336.02034974,1166396000.0,0.27903673882656466,1167096390.730768,1071034.0721877639,0.0007608935043715879,410958.90410958906,3515981.735159817,66986301.36986311,573105022.8310504,49656.576098137535,4184933.47015253,0,0,9995815066.529848,6185906390.730768,118810000,11881,2632.048603364192,3418.7899368217923,379.6546665423992,1166.396,7.997847437641885,-21.0,1094.0127797829734,2739.72602739726,24722363.522481337
164,1,0,325630069.6883599,1164338000.0,0.2796697090435594,1171183291.1644402,1067296.6472713358,0.0007566134620598481,410958.90410958906,3515981.735159817,67397260.27397269,576621004.5662103,50040.20559725635,4234973.675749786,0,0,9995765026.32425,6189783291.16444,118600000,11860,2633.8575817768788,3421.194966998766,377.0006147781129,1164.338,8.018003484442325,-21.0,1094.7823894396051,2739.72602739726,24720718.57884338
165,1,0,325792884.7232041,1162280000.0,0.28030499081392096,1175269806.2310576,1063585.5642446973,0.000764478475677406,410958.90410958906,3515981.735159817,67808219.17808227,580136986.3013701,50425.57265188127,4285399.248401668,0,0,9995714600.751598,6193659806.231058,118390000,11839,2635.698630960045,3423.6040891792168,374.3745417808286,1162.28,8.038324067941778,-21.0,1095.5533085373493,2739.72602739726,24719074.406124525
166,1,0,325955781.16556567,1160222000.0,0.2809425964734039,1179355934.189526,1059900.547207605,0.0007587738371157754,410958.90410958906,3515981.735159817,68219178.08219185,583652968.03653,50812.68080079781,4336211.929202465,0,0,9995663788.070797,6197535934.189526,118180000,11818,2637.5713776372595,3426.017321695298,371.77605594196126,1160.222,8.058809004618341,-21.0,1096.3255429424953,2739.72602739726,24717431.00564007
167,1,0,326118759.0561484,1158164000.0,0.2815825384454606,1183441673.2951984,1056241.3241030208,0.0007700642916861748,410958.90410958906,3515981.735159817,68630136.98630144,587168949.7716899,51201.5335970174,4387413.462799483,0,0,9995612586.5372,6201411673.295198,117970000,11797,2639.4754554884903,3428.434683007203,369.2047724812875,1158.164,8.079458129206328,-21.0,1097.099098562305,2739.72602739726,24715788.37871124
168,1,0,326281818.43567646,1156106000.0,0.28222482924202147,1187527021.79986,1052607.626650439,0.0007671295344777317,410958.90410958906,3515981.735159817,69041095.89041102,590684931.5068498,51592.13460790388,4439005.597407387,0,0,9995560994.402592,6205287021.79986,117760000,11776,2641.4105050088765,3430.8561917043057,366.66031330457054,1156.106,8.10027129446991,-21.0,1097.8739813453778,2739.72602739726,24714146.52666519
169,1,0,326444959.3448943,1154048000.0,0.28286948146428426,1191611977.951714,1048999.190280602,0.000771119506761655,410958.90410958906,3515981.735159817,69452054.7945206,594200913.2420096,51984.487415301366,4490990.084822688,0,0,9995509009.915176,6209161977.951714,117550000,11755,2643.3761733709407,3433.281866506305,364.1423068646352,1154.048,8.1212483709836,-21.0,1098.6501972820176,2739.72602739726,24712505.450835075
170,1,0,326608181.8245667,1151990000.0,0.28351650780351106,1195696539.9953678,1045415.7540715615,0.0007714929177952527,410958.90410958906,3515981.735159817,69863013.69863018,597716894.9771695,52378.59561566346,4543368.680438352,0,0,9995456631.319561,6213036539.995368,117340000,11734,2645.372114290193,3435.7117262643933,361.65038802580017,1151.99,8.14238924691961,-21.0,1099.4277524046058,2739.72602739726,24710865.152560085
171,1,0,326771485.915479,1149932000.0,0.28416592104183463,1199780706.1718168,1041857.0606860598,0.0007732591977430417,410958.90410958906,3515981.735159817,70273972.60273977,601232876.7123294,52774.46282018411,4596143.143258536,0,0,9995403856.85674,6216910706.171817,117130000,11713,2647.3979878940027,3438.1457899624293,359.184197931573,1149.932,8.163693827841728,-21.0,1100.2066527879772,2739.72602739726,24709225.633185476
172,1,0,326934871.6584367,1147874000.0,0.28481773405307265,1203864474.7184312,1038322.8563101952,0.0007790279253053964,410958.90410958906,3515981.735159817,70684931.50684935,604748858.4474893,53172.0926549297,4649315.235913466,0,0,9995350684.764086,6220784474.718431,116920000,11692,2649.4534605936433,3440.5840767181235,356.74338387552,1147.874,8.185162036505655,-21.0,1100.9869045497996,2739.72602739726,24707586.89406263
173,1,0,327098339.09426594,1145816000.0,0.2854719598035513,1207947843.8689396,1034812.8905933435,0.0007855903423143046,410958.90410958906,3515981.735159817,71095890.41095893,608264840.1826491,53571.48876097277,4702886.724674438,0,0,9995297113.275326,6224657843.868939,116710000,11671,2651.538204959469,3443.0266057842455,354.3275991752235,1145.816,8.206793812665708,-21.0,1101.7685138509587,2739.72602739726,24705948.936549086
174,1,0,327261888.2638131,1143758000.0,0.2861286113529375,1212030811.8534145,1031326.9165893052,0.0007890874498609839,410958.90410958906,3515981.735159817,71506849.31506851,611780821.917809,53972.65479452714,4756859.379468965,0,0,9995243140.620531,6228530811.853415,116500000,11650,2653.6518995990746,3445.473396549832,351.9365030492428,1143.758,8.22858911288758,-21.0,1102.5514868959463,2739.72602739726,24704311.762008585
175,1,0,327425519.207945,1141700000.0,0.2867877018550801,1216113376.8982568,1027864.6906986473,0.0007953523213649145,410958.90410958906,3515981.735159817,71917808.2191781,615296803.6529689,54375.59442708458,4811234.97389605,0,0,9995188765.026104,6232403376.898256,116290000,11629,2655.7942290384117,3447.924468541415,349.5697604969968,1141.7,8.250547910367203,-21.0,1103.3358299332529,2739.72602739726,24702675.37181112
176,1,0,327589231.96754897,1139642000.0,0.28744924455886056,1220195537.2261806,1024425.9726122147,0.0007946130101690181,410958.90410958906,3515981.735159817,72328767.12328768,618812785.3881288,54780.31134555302,4866015.285241603,0,0,9995133984.714758,6236275537.226181,116080000,11608,2657.964883605754,3450.3798414242633,347.2270421814904,1139.642,8.272670194755456,-21.0,1104.1215492557642,2739.72602739726,24701039.767332982
177,1,0,327753026.58353275,1137584000.0,0.28811325280905214,1224277291.0561974,1021010.5252557818,0.0008032403939228031,410958.90410958906,3515981.735159817,72739726.02739726,622328767.1232886,55186.8092523963,4921202.094493999,0,0,9995078797.905506,6240147291.056197,115870000,11587,2660.16355931844,3452.8395350036344,344.9080243148055,1137.584,8.29495597198862,-21.0,1104.9086512011631,2739.72602739726,24699404.94995679
178,1,0,327916903.0968245,1135526000.0,0.28877974004718915,1228358636.603601,1017618.1147358161,0.0007996157923507166,410958.90410958906,3515981.735159817,73150684.93150684,625844748.8584485,55595.09186577549,4976797.186359774,0,0,9995023202.81364,6244018636.603601,115660000,11566,2662.38995777233,3455.3035692260437,342.61238854628624,1135.5259999999998,8.317405264124481,-21.0,1105.697142152334,2739.72602739726,24697770.921071548
179,1,0,328080861.5483729,1133468000.0,0.28944871981244547,1232439572.0799506,1014248.5102863315,0.0008049933142242467,410958.90410958906,3515981.735159817,73561643.83561642,629360730.5936084,56005.1629196918,5032802.349279466,0,0,9994967197.65072,6247889572.07995,115450000,11545,2664.6437860338833,3457.7719641805415,340.3398218533418,1133.4679999999998,8.340018109183925,-21.0,1106.487028537773,2739.72602739726,24696137.68207269
180,1,0,328244901.9791471,1131410000.0,0.29012020574252223,1236520095.6930559,1010901.4842168033,0.000816363026958763,410958.90410958906,3515981.735159817,73972602.739726,632876712.3287683,56417.02616413111,5089219.375443597,0,0,9994910780.624556,6251760095.693056,115240000,11524,2666.924756534814,3460.244740100013,338.09001643480104,1131.4099999999999,8.362794560997926,-21.0,1107.278316832004,2739.72602739726,24694505.23436213
181,1,0,328409024.4301366,1129352000.0,0.29079421157454594,1240600205.64696,1007576.81186112,0.0008105324872046672,410958.90410958906,3515981.735159817,74383561.64383559,636392694.0639281,56830.68536521014,5146050.060808808,0,0,9994853949.939192,6255630205.64696,115030000,11503,2669.232586969235,3462.7219173624862,335.86266960674834,1129.3519999999999,8.385734689059793,-21.0,1108.0710135559955,2739.72602739726,24692873.57934829
182,1,0,328573228.9423517,1127294000.0,0.29147075114597587,1244679900.1419241,1004274.2715275495,0.0008188789355632706,410958.90410958906,3515981.735159817,74794520.54794517,639908675.799088,57246.14430532428,5203296.205114132,0,0,9994796703.794886,6259499900.141924,114820000,11482,2671.567000193229,3465.2035164924528,333.65748370077597,1127.2939999999999,8.408838578382586,-21.0,1108.8651252775849,2739.72602739726,24691242.71844617
183,1,0,328737515.55682284,1125236000.0,0.29214983839552133,1248759177.3744102,1000993.6444496948,0.000818684087793796,410958.90410958906,3515981.735159817,75205479.45205475,643424657.5342479,57663.40678329698,5260959.6118974285,0,0,9994739040.388103,6263369177.374411,114610000,11461,2673.9277241267973,3467.6895581622084,331.47416596458896,1125.2359999999999,8.43210632936159,-21.0,1109.6606586119067,2739.72602739726,24689612.653077386
184,1,0,328901884.31460124,1123178000.0,0.29283148736406983,1252838035.537065,997734.714738418,0.0008335848388610074,410958.90410958906,3515981.735159817,75616438.35616434,646940639.2694077,58082.476614531,5319042.08851196,0,0,9994680957.911488,6267238035.5370655,114400000,11440,2676.3144916581036,3470.180063193203,329.3124284649007,1123.1779999999999,8.455538057641721,-21.0,1110.4576202218248,2739.72602739726,24687983.384670213
185,1,0,329066335.2567585,1121120000.0,0.2935157121956245,1256916472.8187032,994497.2693347083,0.0008299650891665335,410958.90410958906,3515981.735159817,76027397.26027392,650456621.0045676,58503.35763116139,5377545.446143121,0,0,9994622454.553858,6271106472.818703,114190000,11419,2678.7270405499708,3472.6750525574125,327.1719879925583,1121.12,8.479133893989802,-21.0,1111.2560168183718,2739.72602739726,24686354.914659634
186,1,0,329230868.42438686,1119062000.0,0.2942025271382523,1260994487.4042902,991281.0979634743,0.0008233800155718891,410958.90410958906,3515981.735159817,76438356.1643835,653972602.7397275,58926.05368220996,5436471.499825331,0,0,9994563528.500175,6274974487.40429,113980000,11398,2681.16511334856,3475.1745473787187,325.0525659698412,1119.062,8.50289398417158,-21.0,1112.0558551611898,2739.72602739726,24684727.2444874
187,1,0,329395483.858599,1117004000.0,0.2948919465450428,1265072077.4749258,988085.9930882386,0.0008364021414207732,410958.90410958906,3515981.735159817,76849315.06849308,657488584.4748874,59350.568633741845,5495822.068459073,0,0,9994504177.931541,6278842077.474926,113770000,11377,2683.628457294181,3477.678568934307,322.95388835987376,1117.004,8.526818488833387,-21.0,1112.857142058978,2739.72602739726,24683100.375602063
188,1,0,329560181.6005283,1114946000.0,0.29558398487507764,1269149241.2078261,984911.7498667147,0.0008388375678860886,410958.90410958906,3515981.735159817,77260273.97260267,661004566.2100472,59776.9063690236,5555598.974828097,0,0,9994444401.025171,6282709241.207827,113560000,11356,2686.116824234181,3480.187138656082,320.87568557809914,1114.946,8.5509075833884,-21.0,1113.6598843699462,2739.72602739726,24681474.309459038
189,1,0,329724961.6913285,1112888000.0,0.29627865669440995,1273215976.7763069,981765.8769605806,0.0008295831786084552,410958.90410958906,3515981.735159817,77671232.87671225,664520547.9452071,60205.070788683195,5615804.04561678,0,0,9994384195.954384,6286575976.776307,113360000,11336,2688.6299705378533,3482.700278132093,318.81769240576045,1112.888,8.575161457907338,-20.0,1114.4640890022697,2739.72602739726,24679849.047520645
190,1,0,329889824.17217416,1110928000.0,0.29694977907854886,1277282283.8066976,978640.3646613066,0.0008416222290886141,410958.90410958906,3515981.735159817,78082191.78082183,668036529.680367,60633.60887859097,5676437.6544953715,0,0,9994323562.345505,6290442283.806698,113160000,11316,2691.045464451297,3485.188841274052,316.78462317724495,1110.9279999999999,8.598430246203415,-20.0,1115.2604292076965,2739.72602739726,24678224.581922457
191,1,0,330054769.0842602,1108968000.0,0.2976233480896295,1281348160.4829547,975535.0173748825,0.0008353459418956444,410958.90410958906,3515981.735159817,78493150.68493141,671552511.4155269,61063.96301214715,5737501.617507518,0,0,9994262498.382492,6294308160.482955,112960000,11296,2693.484898018395,3487.6817476870874,314.77115033130747,1108.9679999999998,8.621854636996114,-20.0,1116.058159259868,2739.72602739726,24676600.91405432
192,1,0,330219796.46880233,1107008000.0,0.298299376760423,1285413604.985257,972449.6420079122,0.0008389829076534746,410958.90410958906,3515981.735159817,78904109.589041,675068493.1506867,61496.13696715993,5798997.754474678,0,0,9994201002.245525,6298173604.985257,112760000,11276,2695.9480400547764,3490.179016979939,312.7770230748371,1107.008,8.645434766796955,-20.0,1116.8572854335805,2739.72602739726,24674978.045312356
193,1,0,330384906.3670367,1105048000.0,0.2989778782161831,1289478615.4899888,969384.047927794,0.0008478521756746964,410958.90410958906,3515981.735159817,79315068.49315058,678584474.8858466,61930.13453736579,5860927.889012044,0,0,9994139072.110989,6302038615.489988,112560000,11256,2698.4346635128513,3492.680668898196,310.80199461465486,1105.048,8.669170785401322,-20.0,1117.6578140474228,2739.72602739726,24673355.97709901
194,1,0,330550098.8202202,1103088000.0,0.29965886567546757,1293543190.1697257,966338.0469236597,0.0008449236420121341,410958.90410958906,3515981.735159817,79726027.39726016,682100456.6210065,62365.959532571855,5923293.848544616,0,0,9994076706.151455,6305903190.169725,112360000,11236,2700.9445454067236,3495.186723325516,308.8458220812071,1103.088,8.693062855787243,-20.0,1118.459751464165,2739.72602739726,24671734.710823078
195,1,0,330715373.8696303,1101128000.0,0.3003423524509687,1297607327.1932163,963311.4531680548,0.0008538241403376395,410958.90410958906,3515981.735159817,80136986.30136974,685616438.3561664,62803.615778799736,5986097.464323416,0,0,9994013902.535677,6309767327.193216,112160000,11216,2703.4774667388,3497.697200284849,306.90826645395083,1101.128,8.717111154017998,-20.0,1119.2631040911515,2739.72602739726,24670114.247899774
196,1,0,330880731.55656505,1099168000.0,0.3010283519503525,1301671024.7253673,960304.0831793452,0.0008415047560944129,410958.90410958906,3515981.735159817,80547945.20547932,689132420.0913262,63243.107118430904,6049340.571441847,0,0,9993950659.428558,6313631024.725368,111960000,11196,2706.0332124280685,3500.2121199396775,304.9890924883906,1099.168,8.74131586914847,-20.0,1120.0678783806968,2739.72602739726,24668494.58975076
197,1,0,331046171.9223433,1097208000.0,0.3017168776771071,1305734280.9272263,957315.7557848326,0.0008498837097804858,410958.90410958906,3515981.735159817,80958904.1095889,692648401.8264861,63684.437410353916,6113025.008852201,0,0,9993886974.991148,6317494280.927226,111760000,11176,2708.6115712399987,3502.7315025952757,303.08806864472257,1097.2079999999999,8.765677203135217,-20.0,1120.874080830488,2739.72602739726,24666875.737804193
198,1,0,331211695.0083045,1095248000.0,0.3024079432314001,1309797093.9559655,954346.2920845635,0.00085656482914776,410958.90410958906,3515981.735159817,81369863.01369849,696164383.561646,64127.61053011304,6177152.619382313,0,0,9993822847.380617,6321357093.955965,111560000,11156,2711.2123357180185,3505.255368699971,301.2049670180479,1095.248,8.790195370750094,-20.0,1121.6817179839907,2739.72602739726,24665257.69349478
199,1,0,331377300.8558086,1093288000.0,0.30310156231094515,1313859461.9648647,951395.5154158183,0.000856279657427567,410958.90410958906,3515981.735159817,81780821.91780807,699680365.2968059,64572.63037005857,6241725.249752372,0,0,9993758274.750248,6325219461.964865,111360000,11136,2713.835302116541,3507.7837388464263,299.3395632701145,1093.288,8.814870599497514,-20.0,1122.4907964308563,2739.72602739726,24663640.45826382
200,1,0,331542989.5062365,1091328000.0,0.3037977487118781,1317921383.1032946,948463.2513182625,0.0008542949051524946,410958.90410958906,3515981.735159817,82191780.82191765,703196347.0319657,65019.50083949898,6306744.75059187,0,0,9993693255.249409,6329081383.103294,111160000,11116,2716.4802703354876,3510.3166337729376,297.49163656254984,1091.328,8.839703129535096,-20.0,1123.30132280734,2739.72602739726,24662024.03355923
201,1,0,331708761.0009896,1089368000.0,0.30449651632964214,1321982855.516699,945549.3274997487,0.0008500857602354672,410958.90410958906,3515981.735159817,82602739.72602724,706712328.7671256,65468.22586485457,6372212.976456725,0,0,9993627787.023542,6332942855.516699,110960000,11096,2719.1470438562887,3512.854074364742,295.6609694915471,1089.368,8.864693213597832,-20.0,1124.1133037967172,2739.72602739726,24660408.42083563
202,1,0,331874615.3814901,1087408000.0,0.30519787915988306,1326043877.3465786,942653.5738027532,0.0008497664611112805,410958.90410958906,3515981.735159817,83013698.63013682,710228310.5022855,65918.80938981286,6438131.785846538,0,0,9993561868.214153,6336803877.346579,110760000,11076,2721.835429679304,3515.3960816553345,293.84734802396935,1087.408,8.889841116925554,-20.0,1124.926746129707,2739.72602739726,24658793.621554364
203,1,0,332040552.68918085,1085448000.0,0.30590185129935366,1330104446.7304726,939775.8221714355,0.0008490324010968618,410958.90410958906,3515981.735159817,83424657.5342464,713744292.2374454,66371.25537548587,6504503.041222024,0,0,9993495496.958778,6340664446.730473,110560000,11056,2724.5452382626518,3517.9426768278154,292.05056143483614,1085.4479999999999,8.915147117193753,-20.0,1125.741656584901,2739.72602739726,24657179.637183554
204,1,0,332206572.96552545,1083488000.0,0.3066084469468286,1334164561.8019414,936915.9066193037,0.0008558499015372914,410958.90410958906,3515981.735159817,83835616.43835598,717260273.9726052,66825.56780056898,6571328.609022593,0,0,9993428671.390978,6344524561.801941,110360000,11036,2727.2762834623927,3520.4938812162345,290.2704022461587,1083.488,8.940611504447626,-20.0,1126.558041989195,2739.72602739726,24655566.46919815
205,1,0,332372676.2520082,1081528000.0,0.30731768040402857,1338224220.6905491,934073.6631974784,0.0008502593751306834,410958.90410958906,3515981.735159817,84246575.34246556,720776255.7077651,67281.75066150168,6638610.359684095,0,0,9993361389.640316,6348384220.690549,110160000,11016,2730.02838247405,3523.0497163069595,288.50666616709015,1081.528,8.966234581039336,-20.0,1127.375909218227,2739.72602739726,24653954.11907997
206,1,0,332538862.5901342,1079568000.0,0.3080295660765549,1342283421.5218458,931248.9299635353,0.0008473826869233279,410958.90410958906,3515981.735159817,84657534.24657515,724292237.442925,67739.80797263012,6706350.167656725,0,0,9993293649.832344,6352243421.521846,109960000,10996,2732.8013557754202,3525.6102037400606,286.75915203535925,1079.568,8.99201666156842,-20.0,1128.1952651968193,2739.72602739726,24652342.58831777
207,1,0,332705132.02142924,1077608000.0,0.3087441184748343,1346342162.4173489,928441.5469509212,0.0008532506535949596,410958.90410958906,3515981.735159817,85068493.15068473,727808219.1780849,68199.74376637138,6774549.911423096,0,0,9993225450.088577,6356102162.417349,109760000,10976,2735.5950270706553,3528.1753653107,285.0276617599553,1077.608,9.01795807282528,-20.0,1129.0161168994239,2739.72602739726,24650731.878407273
208,1,0,332871484.58743995,1075648000.0,0.30946135221507404,1350400441.4945247,925651.3561389263,0.0008496946712965378,410958.90410958906,3515981.735159817,85479452.05479431,731324200.9132447,68661.5620933798,6843211.473516476,0,0,9993156788.526484,6359960441.494525,109560000,10956,2738.409223235586,3530.7452229705505,283.3120002650353,1075.648,9.044059153737773,-20.0,1129.8384713505761,2739.72602739726,24649121.990851227
209,1,0,333037920.32973367,1073688000.0,0.31018128202022716,1354458256.8667715,922878.2014232023,0.0008488282423322337,410958.90410958906,3515981.735159817,85890410.9589039,734840182.6484046,69125.26702271485,6912336.740539191,0,0,9993087663.25946,6363818256.866772,109360000,10936,2741.2437742642414,3533.3197988292195,281.6119754350222,1073.6879999999999,9.07032025532073,-20.0,1130.6623356253501,2739.72602739726,24647512.92715946
210,1,0,333204439.2898985,1071728000.0,0.31090392272096884,1358515606.6433988,920121.9285868155,0.0008474634512834738,410958.90410958906,3515981.735159817,86301369.86301348,738356164.3835645,69590.86264201143,6981927.603181203,0,0,9993018072.396818,6367675606.643398,109160000,10916,2744.098513216558,3535.899115155692,279.9273980608653,1071.7279999999998,9.096741740628513,-20.0,1131.4877168498215,2739.72602739726,24645904.688848913
211,1,0,333371041.5095434,1069768000.0,0.31162928925668315,1362572488.9296105,917382.3852718238,0.0008541043341213166,410958.90410958906,3515981.735159817,86712328.76712306,741872146.1187243,70058.35305765139,7051985.956238855,0,0,9992948014.04376,6371532488.92961,108960000,10896,2746.973276167226,3538.483194379789,278.2580817874369,1069.768,9.123323984710408,-20.0,1132.3146222015323,2739.72602739726,24644297.27744372
212,1,0,333537727.0302982,1067808000.0,0.31235739667646073,1366628901.826485,914659.4209513644,0.0008498937248063798,410958.90410958906,3515981.735159817,87123287.67123264,745388127.8538842,70527.74239493773,7122513.698633793,0,0,9992877486.301367,6375388901.826485,108760000,10876,2749.867902155678,3541.0720590936435,276.6038430620349,1067.808,9.15006737456898,-20.0,1133.1430589099657,2739.72602739726,24642690.694475234
213,1,0,333704495.8938133,1065848000.0,0.3130882601401075,1370684843.430956,911952.8869022449,0.0008496782893709655,410958.90410958906,3515981.735159817,87534246.57534222,748904109.5890441,70999.03479827014,7193512.733432063,0,0,9992806487.266567,6379244843.430956,108560000,10856,2752.7822331371563,3543.665732053189,274.9645010839673,1065.848,9.176972309121185,-20.0,1133.9730342570203,2739.72602739726,24641084.941482093
214,1,0,333871348.14176023,1063888000.0,0.3138218949191646,1374740311.835794,909262.6361780233,0.0008410619746734206,410958.90410958906,3515981.735159817,87945205.4794518,752420091.324204,71472.23443132301,7264984.967863386,0,0,9992735015.032137,6383100311.835794,108360000,10836,2755.716113934862,3546.2642361796707,273.3398777551912,1063.888,9.204039199162308,-20.0,1134.8045555774945,2739.72602739726,24639480.020010274
215,1,0,334038283.81583107,1061928000.0,0.31455831639793946,1378795305.129586,906588.523582571,0.0008420478326426735,410958.90410958906,3515981.735159817,88356164.38356139,755936073.0593638,71947.34547722524,7336932.313340611,0,0,9992663067.686659,6386955305.129586,108160000,10816,2758.6693921931483,3548.8675945611667,271.7297976319817,1061.9279999999999,9.231268467332674,-20.0,1135.6376302595734,2739.72602739726,24637875.931613136
216,1,0,334205302.95773894,1059968000.0,0.3152975400745484,1382849821.3967166,903930.4056441047,0.0008332730937894784,410958.90410958906,3515981.735159817,88767123.28767097,759452054.7945237,72424.37213874207,7409356.685479353,0,0,9992590643.31452,6390809821.396717,107960000,10796,2761.641918331735,3551.4758304541283,270.13408787760653,1059.9679999999998,9.258660548087052,-20.0,1136.472265745321,2739.72602739726,24636272.677851487
217,1,0,334372405.60921776,1058008000.0,0.31603958156197093,1386903858.7173474,901288.140589681,0.0008392350784974495,410958.90410958906,3515981.735159817,89178082.19178055,762968036.5296836,72903.31863845907,7482260.004117812,0,0,9992517739.995882,6394663858.717347,107760000,10776,2764.633545500924,3554.0889672849426,268.5525782159818,1058.008,9.286215887666762,-20.0,1137.3084695311816,2739.72602739726,24634670.26029362
218,1,0,334539591.8120223,1056048000.0,0.3167844565891156,1390957415.1673977,898661.5883201412,0.0008306688290782341,410958.90410958906,3515981.735159817,89589041.09589013,766484018.2648435,73384.18921896837,7555644.19333678,0,0,9992444355.806664,6398517415.1673975,107560000,10756,2767.6441295377917,3556.7070286515054,266.9851008862863,1056.048,9.313934944074443,-20.0,1138.1462491684815,2739.72602739726,24633068.680515394
219,1,0,334706861.60792834,1054088000.0,0.3175321810018977,1395010488.8185241,896050.610385499,0.0008224027390405724,410958.90410958906,3515981.735159817,89999999.99999972,770000000.0000033,73866.98814305669,7629511.181479837,0,0,9992370488.81852,6402370488.818524,107360000,10736,2770.673528923324,3559.3300383248115,265.4314905985118,1054.088,9.341818187051391,-20.0,1138.9856122639396,2739.72602739726,24631467.940100264
220,1,0,334874215.0387323,1052128000.0,0.3182827707643293,1399063077.7380996,893455.0699607612,0.0008303263808946917,410958.90410958906,3515981.735159817,90410958.9041093,773515981.7351632,74351.71969389581,7703862.901173732,0,0,9992296137.098825,6406223077.7381,107160000,10716,2773.721604740498,3561.9580202505717,263.8915844899266,1052.128,9.369866098057578,-20.0,1139.826566480183,2739.72602739726,24629868.04063935
221,1,0,335041652.1462516,1050168000.0,0.3190362419596213,1403115179.9891937,890874.8318221734,0.0008233896842342468,410958.90410958906,3515981.735159817,90821917.80821888,777031963.4703231,74838.38817523512,7778701.289348967,0,0,9992221298.710651,6410075179.989194,106960000,10696,2776.788220633268,3564.5909985508356,262.3652220824319,1050.168,9.398079170254151,-20.0,1140.6691195362673,2739.72602739726,24628268.98373149
222,1,0,335209172.9723247,1048208000.0,0.31979261079129784,1407166793.6305513,888309.7623238801,0.0008162184143574438,410958.90410958906,3515981.735159817,91232876.71232846,780547945.205483,75326.99791159638,7854028.287260564,0,0,9992145971.71274,6413926793.630551,106760000,10676,2779.8732427664336,3567.2289975256435,260.8522452407899,1048.2079999999999,9.426457908488501,-20.0,1141.5132792082059,2739.72602739726,24626670.7709833
223,1,0,335376777.5588109,1046248000.0,0.3205518935843231,1411217916.7165723,885759.7293749924,0.0008153268667123949,410958.90410958906,3515981.735159817,91643835.61643805,784063926.9406428,75817.55324847087,7929845.840509035,0,0,9992070154.15949,6417777916.716572,106560000,10656,2782.976539786394,3569.8720416546917,259.3524981317023,1046.248,9.45500282928184,-20.0,1142.3590533295012,2739.72602739726,24625073.404009234
224,1,0,335544465.9475903,1044288000.0,0.3213141067862412,1415268547.2972891,883224.6024170554,0.0008115476750096666,410958.90410958906,3515981.735159817,92054794.52054763,787579908.6758027,76310.05855251853,8006155.899061553,0,0,9991993844.100939,6421628547.297289,106360000,10636,2786.0979827827337,3572.5201555990125,257.86582718372097,1044.288,9.483714460819234,-20.0,1143.206449791684,2739.72602739726,24623476.88443163
225,1,0,335712238.18056405,1042328000.0,0.3220792669683286,1419318683.4183466,880704.2524019054,0.0008163530436855595,410958.90410958906,3515981.735159817,92465753.42465721,791095890.4109626,76804.5182117697,8082960.417273323,0,0,9991917039.582727,6425478683.418346,106160000,10616,2789.2374452506533,3575.1733642026825,256.39208104797103,1042.328,9.512593342942113,-20.0,1144.0554765448583,2739.72602739726,24621881.21388078
226,1,0,335880094.2996543,1040368000.0,0.3228473908267597,1423368323.1209803,878198.5517699111,0.000803775882081303,410958.90410958906,3515981.735159817,92876712.3287668,794611872.1461225,77300.93663582906,8160261.353909153,0,0,9991839738.646091,6429328323.12098,105960000,10596,2792.394803054213,3577.831692494546,254.93111055966656,1040.368,9.541640027143231,-20.0,1144.9061415982546,2739.72602739726,24620286.393994983
227,1,0,336048034.34680414,1038408000.0,0.3236184951837853,1427417464.4419935,875707.3744285888,0.0007999002551001422,410958.90410958906,3515981.735159817,93287671.23287638,798127853.8812823,77799.31825608194,8238060.672165235,0,0,9991761939.327835,6433177464.441994,105760000,10576,2795.569934390356,3580.4951656899534,253.48276870040243,1038.408,9.57085507656397,-20.0,1145.758453020785,2739.72602739726,24618692.426420607
228,1,0,336216058.36397755,1036448000.0,0.3243925969889252,1431466105.4137368,873230.5957315866,0.0007912511017951455,410958.90410958906,3515981.735159817,93698630.13698596,801643835.6164422,78299.66752590294,8316360.339691138,0,0,9991683639.660309,6437026105.413736,105560000,10556,2798.7627197537267,3583.163809192524,252.0469105612028,1036.4479999999999,9.600239065994097,-20.0,1146.6124189416075,2739.72602739726,24617099.312812153
229,1,0,336384166.3931595,1034488000.0,0.32516971332017336,1435514244.0640852,870768.0924580279,0.0007919053082636756,410958.90410958906,3515981.735159817,94109589.04109554,805159817.3516021,78801.98892086731,8395162.328612005,0,0,9991604837.671389,6440874244.064085,105360000,10536,2801.9730419022417,3585.8376485959316,250.6233933063102,1034.488,9.62979258187387,-20.0,1147.468047550698,2739.72602739726,24615507.05483231
230,1,0,336552358.4763561,1032528000.0,0.32594986138521775,1439561878.4164157,868319.742792209,0.0007876284509700779,410958.90410958906,3515981.735159817,94520547.94520512,808675799.086762,79306.28693896445,8474468.61555097,0,0,9991525531.384449,6444721878.416416,105160000,10516,2805.2007858234,3588.516709685703,249.21207613769747,1032.528,9.659516222298478,-20.0,1148.3253470994248,2739.72602739726,24613915.654152013
231,1,0,336720634.6555942,1030568000.0,0.32673305852267315,1443609006.4895842,865885.4263036423,0.0007740185856922178,410958.90410958906,3515981.735159817,94931506.8493147,812191780.8219218,79812.56610081394,8554281.181651784,0,0,9991445718.818348,6448569006.489584,104960000,10496,2808.445838701329,3591.201018441043,247.81282026028677,1030.568,9.68941059702481,-20.0,1149.1843259011337,2739.72602739726,24612325.112450518
232,1,0,336888994.972922,1028608000.0,0.3275193222033292,1447655626.2979038,863465.023927439,0.0007770160417510258,410958.90410958906,3515981.735159817,95342465.75342429,815707762.5570817,80320.83094988437,8634602.012601668,0,0,9991365397.987398,6452415626.297904,104760000,10476,2811.708089884538,3593.8906010366786,246.42548884785884,1028.608,9.71947632748057,-20.0,1150.0449923317371,2739.72602739726,24610735.431415454
233,1,0,337057439.4704085,1026648000.0,0.32830867003141145,1451701735.8511205,861058.4179450242,0.0007654767765821898,410958.90410958906,3515981.735159817,95753424.65753387,819223744.2922416,80831.08605271444,8715433.098654382,0,0,9991284566.901346,6456261735.85112,104560000,10456,2814.9874308543585,3596.585483844721,245.04994700963775,1026.648,9.749714046775638,-20.0,1150.9073548303106,2739.72602739726,24609146.61274289
234,1,0,337225968.1901437,1024688000.0,0.329101119745858,1455747333.1543906,858665.4919651783,0.0007609343656587727,410958.90410958906,3515981.735159817,96164383.56164345,822739726.0274014,81343.33599913685,8796776.434653519,0,0,9991203223.565346,6460107333.15439,104360000,10436,2818.283755194091,3599.2856934365554,243.6860617575351,1024.6879999999999,9.78012439971577,-20.0,1151.7714218996978,2739.72602739726,24607558.658137392
235,1,0,337394581.17423874,1022728000.0,0.32989668922161,1459792416.2082574,856286.1309053979,0.000759093262935458,410958.90410958906,3515981.735159817,96575342.46575303,826255707.7625613,81857.58540250464,8878634.020056024,0,0,9991121365.979944,6463952416.208258,104160000,10416,2821.5969585587864,3601.991256584747,242.33370197403943,1022.728,9.81070804281849,-20.0,1152.637202107119,2739.72602739726,24605971.569312103
236,1,0,337563278.46482587,1020768000.0,0.33069539647091784,1463836983.008627,853920.2209735702,0.0007573286822714854,410958.90410958906,3515981.735159817,96986301.36986262,829771689.4977212,82373.83889992045,8961007.858955944,0,0,9991038992.141045,6467796983.008627,103960000,10396,2824.92693864571,3604.7022002649737,240.99273838073606,1020.7679999999999,9.84146564433134,-20.0,1153.5047040847915,2739.72602739726,24604385.34798879
237,1,0,337732060.10405827,1018808000.0,0.3314972596446615,1467881031.5467439,851567.6496499542,0.000745650645541273,410958.90410958906,3515981.735159817,97397260.2739722,833287671.2328811,82892.10115246831,9043899.960108412,0,0,9990956100.039892,6471641031.546743,103760000,10376,2828.2735951654154,3607.418551657972,239.66304350744335,1018.808,9.872397884252237,-20.0,1154.373936530551,2739.72602739726,24602799.995897926
238,1,0,337900926.1341103,1016848000.0,0.33230229703368674,1471924559.8091679,849228.3056694638,0.0007378953786629212,410958.90410958906,3515981.735159817,97808219.17808178,836803652.968041,83412.3768454481,9127312.33695386,0,0,9990872687.663046,6475484559.809168,103560000,10356,2831.6368298134716,3610.14033815152,238.34449166195157,1016.848,9.903505454352194,-20.0,1155.2449082084865,2739.72602739726,24601215.51477874
239,1,0,338069876.5971773,1014888000.0,0.3331105270701568,1475967565.7777486,846902.0790042456,0.000730925570767668,410958.90410958906,3515981.735159817,98219178.08219136,840319634.7032008,83934.67068861304,9211247.007642472,0,0,9990788752.992357,6479327565.777748,103360000,10336,2835.016546242781,3612.86758734243,237.03695890035092,1014.8879999999999,9.934789058200158,-20.0,1156.1176279495774,2739.72602739726,24599631.906379294
240,1,0,338238911.5354759,1012928000.0,0.3339219683289196,1480010047.4296014,844588.8608465468,0.0007311463328655359,410958.90410958906,3515981.735159817,98630136.98630095,843835616.4383607,84458.98741640984,9295705.995058881,0,0,9990704294.004942,6483170047.429602,103160000,10316,2838.412650036506,3615.60032703857,235.74032299793592,1012.928,9.966249411190105,-20.0,1156.9921046523425,2739.72602739726,24598049.17245655
241,1,0,338408030.9912436,1010968000.0,0.3347366395288907,1484052002.7370825,842288.5435918671,0.0007186891766147067,410958.90410958906,3515981.735159817,99041095.89041053,847351598.1735206,84985.33178822164,9380691.326847102,0,0,9990619308.673153,6487012002.7370825,102960000,10296,2841.8250486815828,3618.3385852609094,234.4544634206731,1010.968,9.997887240570329,-20.0,1157.868347283491,2739.72602739726,24596467.31477644
242,1,0,338577235.0067392,1009008000.0,0.33555455953445285,1488093429.6677632,840001.0208223887,0.0007087677480069573,410958.90410958906,3515981.735159817,99452054.79452011,850867579.9086804,85513.70858861398,9466205.035435716,0,0,9990533794.964563,6490853429.667763,102760000,10276,2845.2536515428055,3621.082390245586,233.17926129721928,1009.0079999999999,10.029703285474902,-20.0,1158.7463648785874,2739.72602739726,24594886.335113924
243,1,0,338746523.62424254,1007048000.0,0.3363757473568713,1492134326.184405,837726.1872906808,0.0007026962175893447,410958.90410958906,3515981.735159817,99863013.69862969,854383561.6438403,86044.12262758378,9552249.1580633,0,0,9990447750.841936,6494694326.184405,102560000,10256,2848.6983698374816,3623.831770446002,231.9145993914795,1007.048,10.061698296957363,-20.0,1159.6261665427205,2739.72602739726,24593306.23525307
244,1,0,338915896.88605464,1005088000.0,0.3372002221557263,1496174690.2449336,835463.9389036701,0.000695571550129517,410958.90410958906,3515981.735159817,100273972.60273927,857899543.3790002,86576.57874081098,9638825.73680411,0,0,9990361174.263195,6498534690.244934,102360000,10236,2852.1591166106255,3626.586754534934,230.66036207569124,1005.088,10.093873038026523,-20.0,1160.5077614511788,2739.72602739726,24591727.016987126
245,1,0,339085354.83449763,1003128000.0,0.33802800324036175,1500214519.802413,833214.172706876,0.0006827077965217639,410958.90410958906,3515981.735159817,100684931.50684886,861415525.1141601,87111.08178991341,9725936.818594024,0,0,9990274063.181406,6502374519.802413,102160000,10216,2855.6358067107058,3629.3473714066813,229.41643530402447,1003.1279999999999,10.126228283684483,-20.0,1161.391158850138,2739.72602739726,24590148.68211858
246,1,0,339254897.51191485,1001168000.0,0.3388591100713515,1504253812.8050196,830976.7868689025,0.0006788386229636484,410958.90410958906,3515981.735159817,101095890.41095844,864931506.8493199,87647.63666270487,9813584.455256728,0,0,9990186415.544743,6506213812.805019,101960000,10196,2859.1283567659148,3632.113650179229,228.18270658668598,1001.168,10.158764820966814,-20.0,1162.2763680573532,2739.72602739726,24588571.23245924
247,1,0,339424524.96067077,999208000.0,0.3396935622619823,1508292567.1960156,828751.6806661837,0.0006637655326419242,410958.90410958906,3515981.735159817,101506849.31506802,868447488.5844798,88186.24827345595,9901770.703530185,0,0,9990098229.29647,6510052567.196015,101760000,10176,2862.636685160959,3634.8856201964427,226.95906496451659,999.208,10.191483448984902,-20.0,1163.1633984628616,2739.72602739726,24586994.669830307
248,1,0,339594237.2231511,997248000.0,0.34053137957975455,1512330780.9137218,826538.754467977,0.0006633347920998449,410958.90410958906,3515981.735159817,101917808.2191776,871963470.3196397,88726.92156315832,9990497.625093343,0,0,9990009502.374907,6513890780.913722,101560000,10156,2866.160712014356,3637.6633110302846,225.74540098407124,997.2479999999999,10.224384978970424,-20.0,1164.0522595296911,2739.72602739726,24585418.996062443
249,1,0,339764034.34176266,995288000.0,0.34137258194790115,1516368451.8914914,824337.9097216001,0.0006571566708110998,410958.90410958906,3515981.735159817,102328767.12328719,875479452.0547996,89269.66149979191,10079767.286593135,0,0,9989920232.713408,6517728451.891491,101360000,10136,2869.700359156232,3640.4467524830607,224.54160667317146,995.288,10.257470234322028,-20.0,1164.9429607945792,2739.72602739726,24583844.212995842
250,1,0,339933916.3589335,993328000.0,0.34221718944692336,1520405578.0576823,822149.048937906,0.0006496482114987843,410958.90410958906,3515981.735159817,102739726.02739677,878995433.7899594,89814.47307859562,10169581.75967173,0,0,9989830418.240328,6521565578.057682,101160000,10116,2873.2555501066054,3643.2359745896865,223.34757551691885,993.328,10.290740050654119,-20.0,1165.8355118686995,2739.72602739726,24582270.322480313
251,1,0,340103883.317113,991368000.0,0.34306522231614595,1524442157.3356292,819972.075676994,0.0006371779635321772,410958.90410958906,3515981.735159817,103150684.93150635,882511415.5251193,90361.3613223411,10259943.120994072,0,0,9989740056.879005,6525402157.335629,100960000,10096,2876.826210054153,3646.0310076199917,222.16320243416135,991.3679999999999,10.324195275847844,-20.0,1166.7299224383974,2739.72602739726,24580697.326375358
252,1,0,340273935.25877154,989408000.0,0.34391670095529,1528478187.643617,817806.894534149,0.0006356864381655337,410958.90410958906,3515981.735159817,103561643.83561593,886027397.2602792,90910.33128160983,10350853.452275682,0,0,9989649146.547724,6529238187.643617,100760000,10076,2880.412265835443,3648.8318820810414,220.98838375440158,989.4079999999999,10.357836770104216,-20.0,1167.6262022659332,2739.72602739726,24579125.22655023
253,1,0,340444072.2264009,987448000.0,0.34477164592606485,1532513666.8948512,815653.4111260071,0.000625443374812399,410958.90410958906,3515981.735159817,103972602.73972552,889543378.995439,91461.38803507389,10442314.840310756,0,0,9989557685.159689,6533073666.894852,100560000,10056,2884.013645914627,3651.638628719489,219.82301719513762,987.448,10.39166540599937,-20.0,1168.5243611902365,2739.72602739726,24577554.024884023
254,1,0,340614294.2625141,985488000.0,0.34563007795377937,1536548592.9974308,813511.5320769427,0.0006175559841503679,410958.90410958906,3515981.735159817,104383561.6438351,893059360.7305989,92014.53668977965,10534329.377000535,0,0,9989465670.623,6536908592.997431,100360000,10036,2887.6302803635886,3654.451278523961,218.66700183962772,985.4879999999999,10.42568206854202,-20.0,1169.4244091276673,2739.72602739726,24575983.723265756
255,1,0,340784601.4096454,983528000.0,0.3464920179289714,1540582963.8543186,811381.1650056735,0.0006104162315272165,410958.90410958906,3515981.735159817,104794520.54794468,896575342.4657588,92569.7823814352,10626899.15938197,0,0,9989373100.840618,6540742963.854319,100160000,10016,2891.2621008425285,3657.269862727459,217.52023811506928,983.5279999999999,10.459887655233025,-20.0,1170.326356072787,2739.72602739726,24574414.323594432
256,1,0,340954993.71035016,981568000.0,0.34735748690905793,1544616777.3633132,809262.2185120774,0.0005985422755734577,410958.90410958906,3515981.735159817,105205479.45205426,900091324.2009187,93127.13027470144,10720026.289656673,0,0,9989279973.710342,6544576777.363314,99960000,9996,2894.90904058099,3660.0944128098063,216.38262777118376,981.568,10.494283076127168,-20.0,1171.230212099138,2739.72602739726,24572845.827779137
257,1,0,341125471.2072053,979608000.0,0.34822650612000444,1548650031.4170191,807154.6021642197,0.0005973820479376075,410958.90410958906,3515981.735159817,105616438.35616384,903607305.9360785,93686.58556348637,10813712.87522016,0,0,9989186287.12478,6548410031.417019,99760000,9976,2898.57103435931,3662.9249605001114,215.25407385919854,979.608,10.528869253897057,-20.0,1172.1359873600356,2739.72602739726,24571278.2377391
258,1,0,341296033.94280887,977648000.0,0.3490990969580144,1552682723.9028172,805058.2264855858,0.0005866561713289483,410958.90410958906,3515981.735159817,106027397.26027343,907123287.6712384,94248.15347124329,10907961.028691402,0,0,9989092038.971308,6552242723.902817,99560000,9956,2902.2480184904807,3665.7615377792636,214.1344807112174,977.6479999999999,10.563647123899223,-20.0,1173.0436920893642,2739.72602739726,24569711.555403795
259,1,0,341466681.9597803,975688000.0,0.3499752809912393,1556714852.7028353,802973.002942515,0.0005781046055780899,410958.90410958906,3515981.735159817,106438356.16438301,910639269.4063983,94811.83925127253,11002772.867942674,0,0,9988997227.132057,6556074852.702835,99360000,9936,2905.9399308024394,3668.6041768824675,213.0237539199719,975.688,10.598617634242398,-20.0,1173.9533366023895,2739.72602739726,24568145.782713003
260,1,0,341637415.30076015,973728000.0,0.3508550799615089,1560746415.6939178,800898.8439318328,0.0005696980246538257,410958.90410958906,3515981.735159817,106849315.06849259,914155251.1415582,95377.64818702675,11098150.5161297,0,0,9988901849.48387,6559906415.693918,99160000,9916,2909.646710620735,3671.4529103017903,211.92180031894478,973.728,10.633781745857924,-20.0,1174.8649312965729,2739.72602739726,24566580.921616904
261,1,0,341808234.0084105,971768000.0,0.35173851578608323,1564777410.7475946,798835.6627686778,0.0005632149993805335,410958.90410958906,3515981.735159817,107260273.97260217,917671232.876718,95945.58559242038,11194096.101722121,0,0,9988805903.898277,6563737410.747595,98960000,9896,2913.368298751618,3674.3077707887596,210.8285279628584,971.7679999999999,10.669140432572421,-20.0,1175.7784866524032,2739.72602739726,24565016.974076163
262,1,0,341979138.1254147,969808000.0,0.3526256105594249,1568807835.7300518,796783.3736745183,0.0005575310192958389,410958.90410958906,3515981.735159817,107671232.87671176,921187214.6118779,96515.65681214255,11290611.758534264,0,0,9988709388.241467,6567567835.730052,98760000,9876,2917.1046374655025,3677.168791356982,209.74384610852047,969.808,10.704694681182618,-20.0,1176.6940132342343,2739.72602739726,24563453.942062
263,1,0,342150127.69447744,967848000.0,0.35351638655499357,1572837688.502099,794741.8917653573,0.0005434889786260224,410958.90410958906,3515981.735159817,108082191.78082134,924703196.3470378,97087.86722197397,11387699.625756238,0,0,9988612300.374245,6571397688.502099,98560000,9856,2920.855670480809,3680.03600528479,208.66766519601873,967.848,10.740445491532347,-20.0,1177.6115216911328,2739.72602739726,24561891.827556297
264,1,0,342321202.7583247,965888000.0,0.35441086622706225,1576866966.9191394,792711.133040121,0.0005419723309156018,410958.90410958906,3515981.735159817,108493150.68493092,928219178.0821977,97662.22222910784,11485361.847985346,0,0,9988514638.152014,6575226966.91914,98360000,9836,2924.6213429481927,3682.909446117934,207.59989683025864,965.8879999999999,10.776393876591825,-20.0,1178.5310227577388,2739.72602739726,24560330.63255166
265,1,0,342492363.35970384,963928000.0,0.35530907221255514,1580895668.8311362,790691.0143692277,0.0005347021959016242,410958.90410958906,3515981.735159817,108904109.5890405,931735159.8173575,98238.72727247463,11583600.575257821,0,0,9988416399.424742,6579055668.831137,98160000,9816,2928.4016014351273,3685.789147672291,206.5404537628361,963.928,10.812540862539096,-20.0,1179.4525272551332,2739.72602739726,24558770.35905152
266,1,0,342663609.5413837,961968000.0,0.3562110273329089,1584933792.0825825,788676.4773672506,0.0005267933721125387,410958.90410958906,3515981.735159817,109315068.49315009,935251141.5525174,98817.38782307097,11682417.963080892,0,0,9988317582.036919,6582883792.082582,97950000,9795,2932.196393910864,3688.6751440366256,205.4892498742384,961.968,10.848887488843753,-21.0,1180.3760460917201,2739.72602739726,24557211.009070214
267,1,0,342834941.34615433,959910000.0,0.35715321368269354,1588971332.1254833,786672.4683622519,0.0005103833025071855,410958.90410958906,3515981.735159817,109726027.39725967,938767123.2876773,99400.59636848661,11781818.559449378,0,0,9988218181.44055,6586711332.1254835,97740000,9774,2936.1432758436194,3691.609655215277,204.44362062834193,959.91,10.887057049819743,-21.0,1181.3150896688887,2739.72602739726,24555652.598132487
268,1,0,343006358.8168274,957852000.0,0.35809953815080764,1593008286.7618327,784678.9061850589,0.0005077687483919256,410958.90410958906,3515981.735159817,110136986.30136925,942283105.0228372,99986.00291998715,11881804.562369365,0,0,9988118195.43763,6590538286.761833,97530000,9753,2940.105070638778,3694.550969214362,203.40610142441625,957.852,10.925444657223228,-21.0,1182.2563101485957,2739.72602739726,24554095.12841524
269,1,0,343177861.9962358,955794000.0,0.3590500275124512,1597044653.787696,782695.7105021429,0.0004999211629312922,410958.90410958906,3515981.735159817,110547945.20547883,945799086.757997,100573.6134060789,11982378.175775444,0,0,9988017621.824224,6594364653.787696,97320000,9732,2944.0817343283447,3697.499125510022,202.37660881832247,955.794,10.964051573175135,-21.0,1183.199720163207,2739.72602739726,24552538.60210801
270,1,0,343349450.9272339,953736000.0,0.36000470877395196,1601080430.9931717,780722.8018049147,0.0004932470068304952,410958.90410958906,3515981.735159817,110958904.10958841,949315068.4931569,101163.43379348227,12083541.609568926,0,0,9987916458.39043,6598190430.993172,97110000,9711,2948.0732243533816,3700.454163916223,201.35506043715867,953.736,11.002879075707837,-21.0,1184.1453324531913,2739.72602739726,24550983.021413065
271,1,0,343521125.65269744,951678000.0,0.3609636091752646,1605115616.1623535,778760.1013991848,0.00048652806519247004,410958.90410958906,3515981.735159817,111369863.013698,952831050.2283168,101755.47008755144,12185297.079656476,0,0,9987814702.920343,6602015616.1623535,96900000,9690,2952.0794995511965,3703.416124588391,200.34137496280545,951.678,11.041928458893672,-21.0,1185.093159868285,2739.72602739726,24549428.38854554
272,1,0,343692886.2155238,949620000.0,0.36192675619250203,1609150207.07329,776807.5313947848,0.00047591294939401137,410958.90410958906,3515981.735159817,111780821.91780758,956347031.9634767,102349.72833270022,12287646.807989176,0,0,9987712353.19201,6605840207.07329,96690000,9669,2956.1005201428898,3706.385048027124,199.3354721157655,949.62,11.08120103297642,-21.0,1186.0432153686797,2739.72602739726,24547874.70573351
273,1,0,343864732.6586315,947562000.0,0.36289417754050024,1613184201.4979467,774865.0146953478,0.00046669971137460625,410958.90410958906,3515981.735159817,112191780.82191716,959863013.6986365,102946.21461283282,12390593.022602009,0,0,9987609406.977398,6609664201.497947,96480000,9648,2960.1362477212224,3709.3609750819305,198.33727263929185,947.562,11.120698124505592,-21.0,1186.9955120262177,2739.72602739726,24546321.975218143
274,1,0,344036665.0249608,945504000.0,0.3638659011754163,1617217597.2021644,772932.4749882437,0.0004633396321506595,410958.90410958906,3515981.735159817,112602739.72602674,963378995.4337964,103544.93505178086,12494137.957653789,0,0,9987505862.042347,6613487597.202165,96270000,9627,2964.1866452388217,3712.343946955024,197.34669828379768,945.5039999999999,11.160421076473668,-21.0,1187.9500630256075,2739.72602739726,24544770.199253775
275,1,0,344208683.35747325,943446000.0,0.3648419552973602,1621250391.94562,771009.8367346682,0.0004560979612340652,410958.90410958906,3515981.735159817,113013698.63013633,966894977.1689563,104145.89581374626,12598283.853467535,0,0,9987401716.146532,6617310391.94562,96060000,9606,2968.2516769967197,3715.334005205176,196.36367179154362,943.4459999999999,11.200371248456293,-21.0,1188.906881665656,2739.72602739726,24543219.380108044
276,1,0,344380787.699152,941388000.0,0.36582236835306164,1625282583.4817858,769097.0251598821,0.000448826886169995,410958.90410958906,3515981.735159817,113424657.53424591,970410958.9041162,104749.10310374942,12703032.956571285,0,0,9987296967.043428,6621132583.481786,95850000,9585,2972.3313086332,3718.331191751605,195.38811688159515,941.3879999999999,11.240550016755414,-21.0,1189.8659813605134,2739.72602739726,24541669.520062007
277,1,0,344552978.09300154,939330000.0,0.3668071690385717,1629314169.557887,767193.9662435978,0.0004462952217902193,410958.90410958906,3515981.735159817,113835616.43835549,973926940.639276,105354.56316808393,12808387.519739369,0,0,9987191612.48026,6624954169.557887,95640000,9564,2976.4255071129705,3721.3355488779243,194.4199582350463,939.3299999999999,11.28095877454543,-21.0,1190.8273756409358,2739.72602739726,24540120.62141025
278,1,0,344725254.582048,937272000.0,0.36779638630199984,1633345147.9148617,765300.5867105105,0.000432116569305458,410958.90410958906,3515981.735159817,114246575.34246507,977442922.3744359,105962.28229477709,12914349.802034145,0,0,9987085650.197966,6628775147.914862,95430000,9543,2980.5342407166477,3724.3471192361444,193.45912148050317,937.2719999999999,11.321598932022388,-21.0,1191.791078155566,2739.72602739726,24538572.68646101
279,1,0,344897617.209339,935214000.0,0.3687900493462876,1637375516.287317,763416.8140209729,0.00042935681782876374,410958.90410958906,3515981.735159817,114657534.24657466,980958904.1095958,106572.26681405675,13020922.068848202,0,0,9986979077.931152,6632595516.287317,95220000,9522,2984.6574790305435,3727.365945850721,192.5055331798224,935.2139999999999,11.362471916556215,-21.0,1192.7571026722305,2739.72602739726,24537025.717536286
280,1,0,345070066.0179437,933156000.0,0.3697881876320183,1641405272.4034877,761542.5763618093,0.0004202998714594356,410958.90410958906,3515981.735159817,115068493.15068424,984474885.8447556,107184.5230988241,13128106.591947027,0,0,9986871893.408052,6636415272.403488,95010000,9501,2988.795192936758,3730.3920721226586,191.5591208140997,933.156,11.403579172846065,-21.0,1193.7254630792506,2739.72602739726,24535479.716971967
281,1,0,345242601.0509526,931098000.0,0.3707908308802646,1645434413.9851918,759677.8026372668,0.0004165528347078901,410958.90410958906,3515981.735159817,115479452.05479382,987990867.5799155,107799.05756513332,13235905.64951216,0,0,9986764094.350489,6640234413.985191,94800000,9480,2992.947354603582,3733.425541833679,190.61981276990318,931.098,11.44492216307883,-21.0,1194.6961733867772,2739.72602739726,24533934.68711796
282,1,0,345415222.3514781,929040000.0,0.3717980090754737,1649462938.7477884,757822.4224601027,0.00040772012383805595,410958.90410958906,3515981.735159817,115890410.9589034,991506849.3150754,108415.87667267708,13344321.526184838,0,0,9986655678.473816,6644052938.747788,94590000,9459,2997.1139374761715,3736.466399150425,189.68753832574646,929.04,11.486502367090715,-21.0,1195.6692477281358,2739.72602739726,24532390.630338293
283,1,0,345587929.9626538,926982000.0,0.37280975246839076,1653490844.4001324,755976.3661428042,0.00039824470773190413,410958.90410958906,3515981.735159817,116301369.86301298,995022831.0502353,109034.98692527911,13453356.513110118,0,0,9986546643.48689,6647870844.400132,94380000,9438,3001.294916267537,3739.5146886287393,188.7622276387976,926.982,11.528321282532143,-21.0,1196.6447003611966,2739.72602739726,24530847.549011257
284,1,0,345760723.92763513,924924000.0,0.37382609157902175,1657518128.6445303,754139.5646889377,0.0003977098929998822,410958.90410958906,3515981.735159817,116712328.76712257,998538812.7853951,109656.39487139309,13563012.907981511,0,0,9986436987.092018,6651688128.64453,94170000,9417,3005.4902669498074,3742.5704552179895,187.84381173181796,924.924,11.5703804250358,-21.0,1197.6225456697566,2739.72602739726,24529305.44552953
285,1,0,345933604.28959894,922866000.0,0.3748470571996356,1661544789.176695,752311.9497846283,0.0003892803978225944,410958.90410958906,3515981.735159817,117123287.67123215,1002054794.520555,110280.10710460851,13673293.01508612,0,0,9986326706.984915,6655504789.176695,93960000,9396,3009.699966745783,3745.633744265456,186.93222248032734,922.866,11.612681328388009,-21.0,1198.6027981649456,2739.72602739726,24527764.3223003
286,1,0,346106571.0917437,920808000.0,0.3758726803978068,1665570823.6857002,750493.4537901635,0.0003877804828655641,410958.90410958906,3515981.735159817,117534246.57534173,1005570776.2557149,110906.1302641632,13784199.145350283,0,0,9986215800.85465,6659320823.6857,93750000,9375,3013.923994120764,3748.704601520773,186.0273925999907,920.808,11.655225544703384,-21.0,1199.5854724866474,2739.72602739726,24526224.18174539
287,1,0,346279624.37728953,918750000.0,0.3769029925194988,1669596229.853934,748684.0097317215,0.00037815828745858685,410958.90410958906,3515981.735159817,117945205.47945131,1009086757.9908748,111534.47103546307,13895733.616385747,0,0,9986104266.383614,6663136229.853934,93540000,9354,3018.162328774662,3751.7830731404397,185.12925563422223,918.75,11.69801464460288,-21.0,1200.5705834049406,2739.72602739726,24524685.0263014
288,1,0,346452764.18947816,916692000.0,0.37793802519218905,1673621005.3570528,746883.5512932221,0.00037359250298997867,410958.90410958906,3515981.735159817,118356164.3835609,1012602739.7260346,112165.13615060861,14007898.752536355,0,0,9985992101.247463,6666951005.357053,93330000,9333,3022.414951634381,3754.869205692379,184.23774594200188,916.692,11.741050217395205,-21.0,1201.5581458215613,2739.72602739726,24523146.858419824
289,1,0,346625990.5715729,914634000.0,0.378977810328036,1677645147.8639333,745092.0128082954,0.0003647468877497738,410958.90410958906,3515981.735159817,118767123.28767048,1016118721.4611945,112798.13238892893,14120696.884925283,0,0,9985879303.115074,6670765147.863934,93120000,9312,3026.6818448464714,3757.9630461605702,183.35279868590118,914.634,11.784333871261689,-21.0,1202.5481747713823,2739.72602739726,24521609.6805672
290,1,0,346799303.56685865,912576000.0,0.38002238012708933,1681668655.0366251,743309.3292523696,0.0003602781616258416,410958.90410958906,3515981.735159817,119178082.19178006,1019634703.1963544,113433.46657752286,14234130.351502806,0,0,9985765869.648497,6674578655.036625,92910000,9291,3030.962991770043,3761.06464194973,182.4743498203134,912.5759999999999,11.827867233444609,-21.0,1203.5406854239134,2739.72602739726,24520073.49522523
291,1,0,346972703.21864206,910518000.0,0.38107176708054324,1685691524.5303028,741535.4362348743,0.0003552176599727006,410958.90410958906,3515981.735159817,119589041.09588964,1023150684.9315143,114071.14559180777,14348201.497094614,0,0,9985651798.502905,6678391524.530303,92700000,9270,3035.2583769699622,3764.174040890078,181.6023360798844,910.5179999999999,11.871651950439112,-21.0,1204.535693084825,2739.72602739726,24518538.30489092
292,1,0,347146189.57025135,908460000.0,0.38212600397403446,1689713753.993216,739770.2699915568,0.0003494181025311479,410958.90410958906,3515981.735159817,119999999.99999923,1026666666.6666741,114711.17635607527,14462912.67345069,0,0,9985537087.32655,6682203753.993216,92490000,9249,3039.5679862102825,3767.2912912421416,180.73669496814077,908.4599999999999,11.91568968818861,-21.0,1205.5332131974853,2739.72602739726,24517004.112076722
293,1,0,347319762.66503644,906402000.0,0.38318512389098486,1693735341.0666413,738013.7673769104,0.00034434605295828575,410958.90410958906,3515981.735159817,120410958.9041088,1030182648.401834,115353.56584405543,14578266.239294745,0,0,9985421733.760706,6686015341.066641,92280000,9228,3043.8918064479603,3770.4164417016505,179.87736474631015,906.4019999999999,11.959982132283887,-21.0,1206.533261344528,2739.72602739726,24515470.91931067
294,1,0,347493422.54636896,904344000.0,0.38424916021598965,1697756283.3848312,736265.8658567134,0.0003396585939875344,410958.90410958906,3515981.735159817,120821917.80821839,1033698630.1369939,115998.32107948828,14694264.560374234,0,0,9985305735.439627,6689826283.384831,92070000,9207,3048.22982582681,3773.5495414044785,179.02428442233153,904.3439999999999,12.004530988165826,-21.0,1207.535853249433,2739.72602739726,24513938.729136523
295,1,0,347667169.25764215,902286000.0,0.3853181466382523,1701776578.5749638,734526.5035006742,0.00033657039601021584,410958.90410958906,3515981.735159817,121232876.71232797,1037214611.8721538,116645.44913670325,14810910.009510936,0,0,9985189089.99049,6693636578.574964,91860000,9186,3052.5820336717165,3776.690639931666,178.1773937400507,902.286,12.049337981331849,-21.0,1208.5410047781331,2739.72602739726,24512407.544113904
296,1,0,347841002.842271,900228000.0,0.3863921171550662,1705796224.257092,732795.6189751846,0.00033098373580374115,410958.90410958906,3515981.735159817,121643835.61643755,1040730593.6073136,117294.9571412067,14928204.966652144,0,0,9985071795.033348,6697446224.2570915,91650000,9165,3056.948420483101,3779.839787314503,177.3366331685978,900.228,12.09440485754618,-21.0,1209.548731940641,2739.72602739726,24510877.36681845
297,1,0,348014923.34369206,898170000.0,0.3874711060753444,1709815218.044091,731073.1515361766,0.00032671448042337223,410958.90410958906,3515981.735159817,122054794.52054714,1044246575.3424735,117946.85227027768,15046151.818922421,0,0,9984953848.181078,6701255218.044091,91440000,9144,3061.3289779316337,3782.99703403969,176.5019438919438,898.17,12.13973338305386,-21.0,1210.5590508927007,2739.72602739726,24509348.199841946
298,1,0,348188930.8053639,896112000.0,0.38855514802319785,1713833557.5416067,729359.0410220814,0.00032519888840219584,410958.90410958906,3515981.735159817,122465753.42465672,1047762557.0776334,118601.14175357191,15164752.960675992,0,0,9984835247.039324,6705063557.541607,91230000,9123,3065.7236988531936,3786.162431054562,175.67326779863134,896.112,12.185325344798702,-21.0,1211.57197793746,2739.72602739726,24507820.045792487
299,1,0,348363025.27076656,894054000.0,0.3896442779415634,1717851240.3480022,727653.2278468906,0.0003170612138316727,410958.90410958906,3515981.735159817,122876712.3287663,1051278538.8127933,119257.8328737342,15284010.793549726,0,0,9984715989.20645,6708871240.348002,91020000,9102,3070.13257724407,3789.336029772392,174.850547471678,894.054,12.231182550645128,-21.0,1212.5875295271653,2739.72602739726,24506292.90729462
300,1,0,348537206.7834019,891996000.0,0.39073853109588147,1721868264.0543046,725955.652993315,0.0003133516371136378,410958.90410958906,3515981.735159817,123287671.23287588,1054794520.5479531,119916.93296701933,15403927.726516746,0,0,9984596072.273483,6712678264.054304,90810000,9081,3074.5556082564053,3792.5178820777573,174.03372617864784,891.996,12.27730682960401,-21.0,1213.6057222648822,2739.72602739726,24504766.786989488
301,1,0,348711475.3867936,889938000.0,0.3918379430778252,1725884626.24415,724266.2580060429,0.00031085541494632927,410958.90410958906,3515981.735159817,123698630.13698547,1058310502.283113,120578.44942392204,15524506.175940668,0,0,9984475493.824059,6716484626.24415,90600000,9060,3078.9927881938847,3795.708040331997,173.22274786188805,889.938,12.323700032062575,-21.0,1214.6265729062388,2739.72602739726,24503241.687535
302,1,0,348885831.124487,887880000.0,0.39294254980908117,1729900324.4937294,722584.9849850928,0.00030841891929505303,410958.90410958906,3515981.735159817,124109589.04109505,1061826484.0182729,121242.38968981516,15645748.565630483,0,0,9984354251.43437,6720290324.49373,90390000,9039,3083.444114507653,3798.906557378725,172.41755712892805,887.88,12.370364030018376,-21.0,1215.650098361192,2739.72602739726,24501717.611605965
303,1,0,349060274.0400492,885822000.0,0.3940523875451831,1733915356.3717332,720911.7765792611,0.0003048261605380317,410958.90410958906,3515981.735159817,124520547.94520463,1065342465.7534328,121908.76126559745,15767657.32689608,0,0,9984232342.673103,6724095356.371733,90180000,9018,3087.909585792476,3802.1134865494387,171.6180992430373,885.822,12.41730071731746,-21.0,1216.6763156958202,2739.72602739726,24500194.561894264
304,1,0,349234804.1770692,883764000.0,0.395167492879399,1737929719.439294,719246.5759796628,0.0003013333388201088,410958.90410958906,3515981.735159817,124931506.84931421,1068858447.4885926,122577.57170835027,15890234.89860443,0,0,9984109765.101395,6727899719.439294,89970000,8997,3092.3892017831345,3805.3288816691947,170.82432011393968,883.764,12.46451200989674,-21.0,1217.7052421341423,2739.72602739726,24498672.541109003
305,1,0,349409421.5791577,881706000.0,0.3962879027466726,1741943411.2499313,717589.3269133645,0.000297224373179688,410958.90410958906,3515981.735159817,125342465.7534238,1072374429.2237525,123248.82863200325,16013483.727236433,0,0,9983986516.272764,6731703411.249931,89760000,8976,3096.8829633510486,3808.552797062368,170.03616628868042,881.7059999999999,12.511999846030678,-21.0,1218.7368950599575,2739.72602739726,24497151.551976666
306,1,0,349584126.2899473,879648000.0,0.3974136544276202,1745956429.3494928,715939.9736371042,0.0002938004562895336,410958.90410958906,3515981.735159817,125753424.65753338,1075890410.9589124,123922.53970800982,16137406.266944442,0,0,9983862593.733055,6735506429.349493,89550000,8955,3101.3908725011297,3811.785287558486,169.25358494264398,879.6479999999999,12.559766186582271,-21.0,1219.7712920187153,2739.72602739726,24495631.59724129
307,1,0,349758918.35309225,877590000.0,0.39854478555258405,1749968771.276096,714298.4609311026,0.0002908882460399448,410958.90410958906,3515981.735159817,126164383.56164296,1079406392.6940722,124598.71266603238,16262004.979610475,0,0,9983737995.02039,6739308771.276096,89340000,8934,3105.9129323688758,3815.026408498157,168.47652387071852,877.5899999999999,12.607813015258548,-21.0,1220.80845071941,2739.72602739726,24494112.679664616
308,1,0,349933797.8122688,875532000.0,0.3996813341057423,1753980434.5600708,712664.7340929605,0.0002898068799677995,410958.90410958906,3515981.735159817,126575342.46575254,1082922374.4292321,125277.35529463671,16387282.334905112,0,0,9983612717.665094,6743110434.560071,89130000,8913,3110.449147217678,3818.2762157390716,167.70493147860589,875.5319999999999,12.656142338870449,-21.0,1221.8483890365028,2739.72602739726,24492594.802026257
309,1,0,350108764.7111749,873474000.0,0.4008233384292777,1757991416.7238982,711038.7389316403,0.0002868161723837069,410958.90410958906,3515981.735159817,126986301.36986212,1086438356.164392,125958.47544199681,16513240.810347108,0,0,9983486759.189653,6746911416.723898,88920000,8892,3114.9995224363656,3821.5347656620925,166.93875677427303,873.4739999999999,12.704756187597354,-21.0,1222.8911250118695,2739.72602739726,24491077.967123874
310,1,0,350283819.0935305,871416000.0,0.4019708372276048,1762001715.282151,709420.421761533,0.0002809090233196601,410958.90410958906,3515981.735159817,127397260.2739717,1089954337.8995519,126642.08101660952,16639882.891363718,0,0,9983360117.108637,6750711715.282151,88710000,8871,3119.564064536972,3824.802115177429,166.17794935954296,871.4159999999999,12.753656615256178,-21.0,1223.9366768567772,2739.72602739726,24489562.177773334
311,1,0,350458961.0030772,869358000.0,0.4031238695716577,1766011327.7414324,707809.7293966082,0.00028319388706929535,410958.90410958906,3515981.735159817,127808219.17808129,1093470319.6347117,127328.17998801962,16767211.071351737,0,0,9983232788.928648,6754511327.741432,88500000,8850,3124.1427811527265,3828.078321730904,165.42245942182237,869.358,12.802845699575204,-21.0,1224.9850629538892,2739.72602739726,24488047.43680889
312,1,0,350634190.48357874,867300000.0,0.4042824749032385,1770020251.6003141,706206.6091446442,0.00028440689261925234,410958.90410958906,3515981.735159817,128219178.08219087,1096986301.3698716,128016.78038755497,16895227.85173929,0,0,9983104772.14826,6758310251.600314,88290000,8829,3128.735681036267,3831.363443310304,164.67223772596358,867.3,12.85232554247266,-21.0,1226.0363018592973,2739.72602739726,24486533.747083355
313,1,0,350809507.5788205,865242000.0,0.4054466930394277,1774028484.3492744,704611.0088015392,0.0002778299582788167,410958.90410958906,3515981.735159817,128630136.98630045,1100502283.1050315,128707.89030907258,17023935.742048364,0,0,9982976064.257952,6762108484.349275,88080000,8808,3133.342774058082,3834.6575384518237,163.92723560625836,865.242,12.902098270340206,-21.0,1227.0904123045834,2739.72602739726,24485021.111468263
314,1,0,350984912.3326099,863184000.0,0.4066165641770583,1778036023.470634,703022.8766457007,0.0002767579105160185,410958.90410958906,3515981.735159817,129041095.89041004,1104018264.8401914,129401.51790971548,17153337.25995808,0,0,9982846662.740042,6765906023.470634,87870000,8787,3137.9640712051605,3837.9606662466,163.18740495856048,863.184,12.952166034331263,-21.0,1228.1474131989119,2739.72602739726,24483509.532854065
315,1,0,351160404.78877616,861126000.0,0.4077921288972533,1782042866.4384925,701442.1614325133,0.00027536851502283114,410958.90410958906,3515981.735159817,129452054.79451962,1107534246.5753512,130097.67141068006,17283434.93136876,0,0,9982716565.068632,6769702866.438493,87660000,8766,3142.5995845798807,3841.272886347345,162.4526982325357,861.126,13.002531010654456,-21.0,1229.2073236311503,2739.72602739726,24481999.0141503
316,1,0,351335984.9911705,859068000.0,0.4089734281700291,1786049010.718664,699868.8123888813,0.00027488830132558833,410958.90410958906,3515981.735159817,129863013.6986292,1111050228.310511,130796.35909799518,17414231.290466756,0,0,9982585768.709534,6773499010.718664,87450000,8745,3147.249327399103,3844.5942589750666,161.72306842403643,859.068,13.053195400872053,-21.0,1230.2701628720213,2739.72602739726,24480489.558285777
317,1,0,351511652.98366606,857010000.0,0.41016050335896437,1790054453.76861,698302.7792078486,0.0002731444382834943,410958.90410958906,3515981.735159817,130273972.60273878,1114566210.045671,131497.58932331204,17545728.879790068,0,0,9982454271.12021,6777294453.76861,87240000,8724,3151.913313993492,3847.924844925894,160.99846906759808,857.01,13.104161432203659,-21.0,1231.3359503762858,2739.72602739726,24478981.168208756
318,1,0,351687408.8101579,854952000.0,0.4113533962259377,1794059193.0373747,696744.01204329,0.0002724778961340834,410958.90410958906,3515981.735159817,130684931.50684837,1118082191.7808309,132201.37050470593,17677930.250294775,0,0,9982322069.749704,6781089193.0373745,87030000,8703,3156.5915598070505,3851.264705577994,160.27885422905624,854.952,13.155431357835132,-21.0,1232.404705784958,2739.72602739726,24477473.846887145
319,1,0,351863252.51456296,852894000.0,0.41255214893593223,1798063225.9655166,695192.4615046771,0.0002704890686229403,410958.90410958906,3515981.735159817,131095890.41095795,1121598173.5159907,132907.7111274895,17810837.961422265,0,0,9982189162.038578,6784883225.965517,86820000,8682,3161.284081396874,3854.6139028985926,159.5641784982812,852.894,13.207007457232809,-21.0,1233.4764489275497,2739.72602739726,24475967.597308677
320,1,0,352039184.1408202,850836000.0,0.4137568040619111,1802066549.985041,693648.0786519145,0.00027114127128738196,410958.90410958906,3515981.735159817,131506849.31506753,1125114155.2511506,133616.61974503787,17944454.581167303,0,0,9982055545.418833,6788676549.985041,86610000,8661,3165.990896433127,3857.972499451099,158.85439698202856,850.836,13.25889203646328,-21.0,1234.5511998243517,2739.72602739726,24474462.422481105
321,1,0,352215203.7328906,848778000.0,0.4149674045897639,1806059162.5193307,692114.6471505077,0.0002705175607597295,410958.90410958906,3515981.735159817,131917808.21917711,1128630136.9863105,134328.10497962602,18078782.68614693,0,0,9981921217.313852,6792469162.519331,86410000,8641,3170.7120236992323,3861.340558402329,158.14946529690297,848.7779999999999,13.3110874285186,-20.0,1235.6289786887453,2739.72602739726,24472958.325432397
322,1,0,352391311.33475703,846818000.0,0.4161358300541049,1810051064.4766028,690588.2516422044,0.0002699846133802175,410958.90410958906,3515981.735159817,132328767.1232867,1132146118.7214704,135038.68199724547,18213821.368144177,0,0,9981786178.631855,6796261064.476603,86210000,8621,3175.2939441811895,3864.660861244349,157.45108293684112,846.818,13.361402815043919,-20.0,1236.6914755981916,2739.72602739726,24471455.2908806
323,1,0,352567506.9904244,844858000.0,0.41730978104062977,1814042253.312333,689068.8448505444,0.0002678773540621517,410958.90410958906,3515981.735159817,132739726.02739628,1135662100.4566302,135751.8035390068,18349573.171683185,0,0,9981650426.828318,6800052253.312333,86010000,8601,3179.88953345141,3867.9900939576582,156.75743949375178,844.858,13.412008429502272,-20.0,1237.7568300664507,2739.72602739726,24469953.321683273
324,1,0,352743790.7439196,842898000.0,0.41848929614724395,1818032726.4738088,687556.379925274,0.00026958058396388306,410958.90410958906,3515981.735159817,133150684.93150586,1139178082.19179,136467.47779369153,18486040.649476875,0,0,9981513959.350523,6803842726.473808,85810000,8581,3184.4988062668644,3871.3283138807074,156.0684923861571,842.8979999999999,13.462906368885394,-20.0,1238.8250604418263,2739.72602739726,24468452.42071632
325,1,0,352920162.6392915,840938000.0,0.41967441433172425,1822022481.4000652,686050.8104375814,0.0002695806198803836,410958.90410958906,3515981.735159817,133561643.83561544,1142694063.92695,137185.7130129331,18623226.36248981,0,0,9981376773.63751,6807632481.400065,85610000,8561,3189.121778393944,3874.675578883293,155.38419951065154,840.938,13.514098753903284,-20.0,1239.8961852426537,2739.72602739726,24466952.590874165
326,1,0,353096622.72061116,838978000.0,0.4208651749159229,1826011515.5218227,684552.0903753956,0.00026890074007838267,410958.90410958906,3515981.735159817,133972602.73972502,1146210045.6621099,137906.5175119625,18761132.880001772,0,0,9981238867.119999,6811421515.521823,85410000,8541,3193.7584666082466,3878.031947372764,154.7045192354826,838.978,13.565587729262152,-20.0,1240.9702231592844,2739.72602739726,24465453.83506993
327,1,0,353273171.03197145,837018000.0,0.4220616175900297,1829999826.2614217,683060.1741387494,0.00027114504825923106,410958.90410958906,3515981.735159817,134383561.64383462,1149726027.3972697,138629.89967036457,18899762.77967214,0,0,9981100237.220327,6815209826.261421,85210000,8521,3198.408888694541,3881.3974783003086,154.0294103942322,837.0179999999999,13.617375463947013,-20.0,1242.0471930560986,2739.72602739726,24463956.15623559
328,1,0,353449807.61748743,835058000.0,0.4232637824168949,1833987411.0327582,681575.0165352039,0.0002700252526792045,410958.90410958906,3515981.735159817,134794520.54794422,1153242009.1324296,139355.86793284497,19039118.647604983,0,0,9980960881.352394,6818997411.032759,85010000,8501,3203.0730634469382,3884.7722311673415,153.35883227959664,835.058,13.669464151509104,-20.0,1243.1271139735493,2739.72602739726,24462459.557322167
329,1,0,353626532.52129614,833098000.0,0.4244717098364132,1837974267.2412176,680096.5727753341,0.0002676005343182621,410958.90410958906,3515981.735159817,135205479.45205382,1156757990.8675895,140084.43081000794,19179203.07841499,0,0,9980820796.921585,6822784267.241218,84810000,8481,3207.751010669231,3888.156266031968,152.69274463726342,833.098,13.72185601035805,-20.0,1244.2100051302298,2739.72602739726,24460964.041299902
330,1,0,353803345.78755677,831138000.0,0.4256854406699691,1841960392.2836077,678624.798468275,0.0002711446552383151,410958.90410958906,3515981.735159817,135616438.3561634,1160273972.6027493,140815.5968791456,19320018.67529414,0,0,9980679981.324705,6826570392.2836075,84610000,8461,3212.442751175434,3891.5496435155505,152.03110765988308,831.1379999999999,13.774553284058996,-20.0,1245.2958859249761,2739.72602739726,24459469.61115843
331,1,0,353980247.46045053,829178000.0,0.4269050161249461,1845945783.5480921,677159.6496173269,0.0002721778156870754,410958.90410958906,3515981.735159817,136027397.260273,1163789954.3379092,141549.37478503783,19461568.050079178,0,0,9980538431.94992,6830355783.548092,84410000,8441,3217.148306790497,3894.952424809362,151.37388198113462,829.178,13.827558241634671,-20.0,1246.384775938996,2739.72602739726,24457976.269906975
332,1,0,354157237.5841807,827218000.0,0.42813047779929925,1849920438.4141207,675704.7352109879,0.00027285544123476706,410958.90410958906,3515981.735159817,136438356.1643826,1167305936.073069,142285.77324076425,19603853.82331994,0,0,9980396146.17668,6834140438.414121,84220000,8422,3221.8677003512203,3898.3646716813373,150.72102866988294,827.218,13.880873177872596,-19.0,1247.476694938028,2739.72602739726,24456484.020574518
333,1,0,354334316.20297277,825356000.0,0.42931088669976686,1853894358.0299208,674256.3267350068,0.000271878035680618,410958.90410958906,3515981.735159817,136849315.0684922,1170821917.808229,143021.02346917664,19746874.846789118,0,0,9980253125.153212,6837924358.029921,84030000,8403,3226.443610950575,3901.725479426659,150.07413152391618,825.356,13.932165896529817,-19.0,1248.552153416531,2739.72602739726,24454992.846700538
334,1,0,354511483.3610742,823494000.0,0.4304967411554598,1857867539.8106134,672814.3816579249,0.000275292356757051,410958.90410958906,3515981.735159817,137260273.9726018,1174337899.5433888,143758.85857674698,19890633.705365866,0,0,9980109366.294634,6841707539.810614,83840000,8384,3231.0326975790795,3905.0951888660875,149.43150871299224,823.4939999999999,13.983746774944821,-19.0,1249.630460437148,2739.72602739726,24453502.75113358
335,1,0,354688739.1027547,821632000.0,0.4316880782427592,1861839981.1630816,671378.85782168,0.00027462820180282354,410958.90410958906,3515981.735159817,137671232.8767114,1177853881.2785487,144499.28680113464,20035132.992167,0,0,9979964867.007833,6845489981.163082,83650000,8365,3235.6349785555635,3908.473855702045,148.79312285351844,821.632,14.035617860780944,-19.0,1250.7116338246544,2739.72602739726,24452013.736740008
336,1,0,354866083.4723061,819770000.0,0.43288493537492967,1865811679.4859092,669949.7134375443,0.00027680287878715663,410958.90410958906,3515981.735159817,138082191.780821,1181369863.0137086,145242.3164417831,20180375.30860878,0,0,9979819624.691391,6849271679.485909,83460000,8346,3240.2504731104577,3911.861536139917,148.15893697054076,819.77,14.087781224173224,-19.0,1251.7956915647735,2739.72602739726,24450525.806404177
337,1,0,355043516.5140422,817908000.0,0.43408735030595397,1869782632.169318,668526.907082114,0.00027678973530661545,410958.90410958906,3515981.735159817,138493150.6849306,1184885844.7488685,145987.95586063463,20326363.264469415,0,0,9979673636.73553,6853052632.169318,83270000,8327,3244.8792013861807,3915.2582868937784,147.52891449240227,817.908,14.140238957987444,-19.0,1252.882651806009,2739.72602739726,24449038.963028587
338,1,0,355221038.2722992,816046000.0,0.4352953611344203,1873752836.5951045,667110.3976933529,0.0002770511996686412,410958.90410958906,3515981.735159817,138904109.5890402,1188401826.4840283,146736.213482855,20473099.47795227,0,0,9979526900.522047,6856832836.595104,83080000,8308,3249.5211844376786,3918.6641651921955,146.903019245483,816.0459999999999,14.192993178083317,-19.0,1253.9725328615025,2739.72602739726,24447553.209534053
339,1,0,355398648.7914353,814184000.0,0.4365090063074628,1877722290.1365762,665700.1445666864,0.00027953323681992933,410958.90410958906,3515981.735159817,139315068.4931498,1191917808.2191882,147487.09779756804,20620586.57574984,0,0,9979379413.42425,6860612290.136576,82890000,8289,3254.176444233124,3922.0792287841045,146.28121544901938,814.184,14.24604602358196,-19.0,1255.0653532109134,2739.72602739726,24446068.54885987
340,1,0,355576348.115831,812322000.0,0.43772832462475597,1881680990.1584868,664299.6376844543,0.0002832207905574437,410958.90410958906,3515981.735159817,139726027.39725938,1195433789.954348,148240.6173586005,20768827.19310844,0,0,9979231172.806892,6864390990.158487,82710000,8271,3258.8450036547815,3925.503535944779,145.66346771000272,812.322,14.29939965713781,-18.0,1256.1611315023292,2739.72602739726,24444584.983963974
341,1,0,355754136.2898889,810558000.0,0.4389002838660391,1885638938.0135324,662905.2756604867,0.0002851309772932363,410958.90410958906,3515981.735159817,140136986.30136898,1198949771.689508,148992.78422384607,20917819.977332287,0,0,9979082180.022667,6868168938.013533,82530000,8253,3263.3667068188483,3928.873424261069,145.0512825577794,810.558,14.350615993401474,-18.0,1257.239495763542,2739.72602739726,24443102.49743234
342,1,0,355932013.35803384,808794000.0,0.4400774651617517,1889596131.1049106,661517.0191257169,0.0002852490632154119,410958.90410958906,3515981.735159817,140547945.20547858,1202465753.4246678,149747.54789106245,21067567.52522335,0,0,9978932432.474777,6871946131.104911,82350000,8235,3267.9010380023897,3932.2519741899614,144.44306381242825,808.794,14.40211060418527,-18.0,1258.3206317407876,2739.72602739726,24441621.092036687
343,1,0,356109979.36471283,807030000.0,0.44125990280994865,1893552566.8277678,660134.8290499843,0.0002875634594565698,410958.90410958906,3515981.735159817,140958904.10958818,1205981735.1598277,150504.91641205832,21218072.441635408,0,0,9978781927.558365,6875722566.827768,82170000,8217,3272.448015375403,3935.6392379089916,143.8387774664111,807.03,14.453885403006229,-18.0,1259.4045561308774,2739.72602739726,24440140.77056542
344,1,0,356288034.35439515,805266000.0,0.4424476314092426,1897508242.5691407,658758.666738419,0.0002879315800731643,410958.90410958906,3515981.735159817,141369863.01369777,1209497716.8949876,151264.89789664134,21369337.339532048,0,0,9978630662.660467,6879498242.56914,81990000,8199,3277.007657926566,3939.035268049908,143.23838987665803,805.266,14.505942323684625,-18.0,1260.4912857759707,2739.72602739726,24438661.5358238
345,1,0,356466178.3715723,803502000.0,0.44364068586210403,1901463155.7078967,657388.4938278724,0.00028834583948388303,410958.90410958906,3515981.735159817,141780821.91780737,1213013698.6301475,152027.50051326572,21521364.840045314,0,0,9978478635.159954,6883273155.707897,81810000,8181,3281.5799854635566,3942.4401177036607,142.64186775989594,803.502,14.558283320569663,-18.0,1261.5808376651714,2739.72602739726,24437183.39063407
346,1,0,356644411.4607581,801738000.0,0.4448391013782035,1905407303.6146765,656027.7152442313,0.00029551245925409656,410958.90410958906,3515981.735159817,142191780.82191697,1216529680.3653073,152792.7324896882,21674157.572535,0,0,9978325842.427465,6887047303.614676,81640000,8164,3286.165018613493,3945.8538404254455,142.04917818804742,801.7379999999999,14.610910368768593,-17.0,1262.6732289361426,2739.72602739726,24435706.33783561
347,1,0,356822733.66648847,800072000.0,0.4459882781380782,1909350687.8184106,654672.8204383631,0.00029167169234762397,410958.90410958906,3515981.735159817,142602739.72602656,1220045662.1004672,153556.4355351617,21827714.008070163,0,0,9978172285.99193,6890820687.818411,81470000,8147,3290.6004674292003,3949.2106941717784,141.4617732574222,800.072,14.661305599380881,-17.0,1263.7474221349692,2739.72602739726,24434230.35923035
348,1,0,357001145.0333217,798406000.0,0.4471423624488314,1913293305.7302942,653323.7722916136,0.0002963450714593725,410958.90410958906,3515981.735159817,143013698.63013616,1223561643.835627,154322.72738571872,21982036.73545588,0,0,9978017963.264544,6894593305.730294,81300000,8130,3295.047948380063,3952.575831312727,140.87811706733595,798.406,14.711964099828378,-17.0,1264.8242660200726,2739.72602739726,24432755.457468975
349,1,0,357179645.6058383,796740000.0,0.4483013851517914,1917235154.7538104,651980.5340000236,0.00029770004236493006,410958.90410958906,3515981.735159817,143424657.53424576,1227077625.570787,155091.61575310433,22137128.351208985,0,0,9977862871.64879,6898365154.753811,81130000,8113,3299.5074773913902,3955.9492994276197,140.29817796377057,796.74,14.762887600975253,-17.0,1265.9037758168383,2739.72602739726,24431281.6352174
350,1,0,357358235.4286412,795074000.0,0.4494653773468145,1921176232.284678,650643.0690710228,0.0003008156943889611,410958.90410958906,3515981.735159817,143835616.43835536,1230593607.3059468,155863.10840169567,22292991.459610682,0,0,9977707008.54039,6902136232.2846775,80960000,8096,3303.979071118581,3959.3311464917565,139.7219246268243,795.074,14.814077851384214,-17.0,1266.985966877362,2739.72602739726,24429808.89515688
351,1,0,357536914.5463555,793408000.0,0.45063437039499915,1925106535.7107983,649314.7141794286,0.00030100714626380304,410958.90410958906,3515981.735159817,144246575.34246495,1234109589.0411067,156637.2131490652,22449628.67275975,0,0,9977550371.32724,6905906535.710798,80800000,8080,3308.4627469470583,3962.7214208805644,139.14932606649413,793.408,14.865536617503281,-16.0,1268.0708546817805,2739.72602739726,24428337.239984166
352,1,0,357715683.0036287,791840000.0,0.4517524790407515,1929036066.723291,647992.031648889,0.0003061048026880873,410958.90410958906,3515981.735159817,144657534.24657455,1237625570.7762666,157409.62677661658,22607038.299536366,0,0,9977392961.700464,6909676066.723291,80640000,8064,3312.7944546436784,3966.0526634588755,138.58179118480345,791.8399999999999,14.91468030742283,-16.0,1269.1368523068402,2739.72602739726,24426866.650809076
353,1,0,357894540.84513044,790272000.0,0.45287513773122473,1932964822.7523158,646674.986159424,0.00030917896930083064,410958.90410958906,3515981.735159817,145068493.15068415,1241141552.5114264,158184.61024453153,22765222.909780897,0,0,9977234777.09022,6913444822.7523155,80480000,8048,3317.1375744482384,3969.39174257147,138.01783187676847,790.2719999999999,14.964069739559768,-16.0,1270.2053576228705,2739.72602739726,24425397.130139302
354,1,0,358073488.11555296,788704000.0,0.45400237366052787,1936892801.2207365,645363.5426866104,0.00030680055857148906,410958.90410958906,3515981.735159817,145479452.05479375,1244657534.2465863,158962.17084860988,22924185.080629505,0,0,9977075814.91937,6917212801.2207365,80320000,8032,3321.492119173873,3972.738700834085,137.4574183397873,788.704,15.01370644526785,-16.0,1271.2763842669071,2739.72602739726,24423928.680496175
355,1,0,358252524.85961074,787136000.0,0.4551342142394843,1940819999.5440745,644057.6664985158,0.00031144356184553007,410958.90410958906,3515981.735159817,145890410.95890334,1248173515.9817462,159742.3159313508,23083927.396560855,0,0,9976916072.60344,6920979999.544075,80160000,8016,3325.8581022811563,3976.0935811993822,136.90052108177395,787.136,15.063591970956617,-16.0,1272.3499459838024,2739.72602739726,24422461.304414764
356,1,0,358431651.1220405,785568000.0,0.45627068709779484,1944736415.1304615,642760.628265477,0.00031133443435307046,410958.90410958906,3515981.735159817,146301369.86301294,1251689497.716906,160525.05288242837,23244452.449443284,0,0,9976755547.550556,6924746415.130462,80010000,8001,3330.2355378775974,3979.456426960309,136.34711091728872,785.568,15.113727878240551,-15.0,1273.4260566272987,2739.72602739726,24420995.004443996
357,1,0,358610866.9476015,784098000.0,0.457354650754882,1948652049.8382568,641469.0606790269,0.0003150189661509962,410958.90410958906,3515981.735159817,146712328.76712254,1255205479.452066,161305.93147385158,23405758.380917136,0,0,9976594241.619083,6928512049.838257,79860000,7986,3334.4586444251254,3982.7580890442637,135.7985553808617,784.098,15.161466093064282,-15.0,1274.4825884941642,2739.72602739726,24419529.761005092
358,1,0,358790172.38107526,782628000.0,0.4584428008978407,1952566901.1194637,640182.9301128403,0.0003163931715491922,410958.90410958906,3515981.735159817,147123287.67123213,1258721461.1872258,162089.35806261326,23567847.73897975,0,0,9976432152.26102,6932276901.119464,79710000,7971,3338.692539443942,3986.0671274124043,135.25341203153798,782.6279999999999,15.209432045547706,-15.0,1275.5414807719694,2739.72602739726,24418065.57645847
359,1,0,358969567.4672658,781158000.0,0.4595351612186853,1956470966.4192188,638905.4688032438,0.00031892789423078305,410958.90410958906,3515981.735159817,147534246.57534173,1262237442.9223857,162875.33951431065,23730723.07849406,0,0,9976269276.921507,6936040966.419219,79570000,7957,3342.9372326451726,3989.383579853746,134.71165279142636,781.158,15.257627073165104,-14.0,1276.6027455531987,2739.72602739726,24416602.453176625
360,1,0,359149052.2509994,779786000.0,0.4605738654592406,1960374247.721429,637633.3505976725,0.0003187746371871544,410958.90410958906,3515981.735159817,147945205.47945133,1265753424.6575456,163659.33705897303,23894382.415553033,0,0,9976105617.584448,6939804247.721429,79430000,7943,3347.025935505999,3992.637314190703,134.1746213152957,779.786,15.30336577888502,-14.0,1277.643940541025,2739.72602739726,24415140.37108977
361,1,0,359328626.7771249,778414000.0,0.4616163465419749,1964276742.5158942,636366.5429337495,0.0003240201276998371,410958.90410958906,3515981.735159817,148356164.38356093,1269269406.3927054,164445.84480424746,24058828.26035728,0,0,9975941171.739643,6943566742.515894,79290000,7929,3351.124786886724,3995.8978852214614,133.64090166526242,778.414,15.349311462709714,-14.0,1278.6873232708674,2739.72602739726,24413679.332385648
362,1,0,359508291.0905134,777042000.0,0.4626626245306089,1968178448.2860615,635105.0135156888,0.0003293265143867687,410958.90410958906,3515981.735159817,148767123.28767052,1272785388.1278653,165234.86910207543,24224063.129459355,0,0,9975775936.87054,6947328448.286061,79150000,7915,3355.233792425864,3999.1653256035574,133.11046682230673,777.0419999999999,15.395465254165522,-14.0,1279.7329041931384,2739.72602739726,24412219.339262445
363,1,0,359688045.23605865,775670000.0,0.4637127196308464,1972069362.5089917,633851.9444415875,0.000326458457541101,410958.90410958906,3515981.735159817,149178082.19178012,1276301369.8630252,166026.41633907912,24390089.545798436,0,0,9975609910.4542,6951089362.508991,79020000,7902,3359.352958266246,4002.4396682233264,132.58329004291943,775.67,15.44182829301505,-13.0,1280.7806938314643,2739.72602739726,24410760.39392888
364,1,0,359867889.25867665,774396000.0,0.4647078358600466,1975959487.318405,632604.062999487,0.0003337409270817047,410958.90410958906,3515981.735159817,149589041.09588972,1279817351.598185,166815.82985619508,24556905.37565463,0,0,9975443094.624346,6954849487.318405,78890000,7889,3363.3141945964862,4005.6495105797085,132.06068401677734,774.396,15.485667200849814,-13.0,1281.8078433855067,2739.72602739726,24409302.475744873
365,1,0,360047823.20330596,773122000.0,0.46570634803214234,1979848820.2370284,631361.3379077882,0.00033320055169179703,410958.90410958906,3515981.735159817,149999999.9999993,1283333333.333345,167607.72064581278,24724513.09630044,0,0,9975275486.9037,6958608820.237028,78760000,7876,3367.284955740756,4008.8656887872667,131.54126695348936,773.122,15.52969378452567,-13.0,1282.8370204119253,2739.72602739726,24407845.58673789
