timestep,run,subset,network_resource_demand,network_resource_provision,network_resource_demand_supply_ratio,dex_tokens,dex_usdc,dex_token_price,token_incentives_vested,token_seller_vested,token_incentives_vested_cum,token_seller_vested_cum,token_burned_supply,token_burned_supply_cum,token_minted_supply,token_minted_supply_cum,token_total_supply,token_circulating_supply,token_staked_supply,node_amount,node_profit,node_network_revenue,node_incentive_revenue,node_expenditures,node_apr,node_change_amount,foundation_revenue,foundation_expenditures,foundation_cash_reserves
1,1,0,301499999.99999994,1470000000.0,0.2051020408163265,503918565.9682212,2480559.5277051753,0.004922458649578049,410958.90410958906,3515981.735159817,410958.90410958906,3515981.735159817,8374.671048239117,8374.671048239117,0,0,9999991625.32895,5553918565.968222,150000000,15000,3674.9049307216037,3091.7978954081627,2053.107035313441,1470.0,8.516779411381387,0.0,989.375326530612,2739.72602739726,24998249.649299134
2,1,0,303007499.9999999,1470000000.0,0.20612755102040808,507936955.77588916,2460935.330233231,0.004845916198582549,410958.90410958906,3515981.735159817,821917.8082191781,7031963.470319634,8550.831601430938,16925.502649670056,0,0,9999983074.49735,5557836955.775889,149900000,14990,3659.6190201310774,3108.305623215879,2021.313396915198,1470.0,8.487607490592316,-10.0,994.6577994290814,2739.72602739726,24996504.58107117
3,1,0,304522537.4999998,1469020000.0,0.20729638636642103,511955162.9405211,2441620.068484835,0.004912252250325234,410958.90410958906,3515981.735159817,1232876.7123287672,10547945.20547945,8733.474637452258,25658.977287122314,0,0,9999974341.022713,5561755162.940521,149800000,14980,3645.499147027979,3125.0484377129787,1989.4707093150002,1469.02,8.466752990446293,-10.0,1000.0155000681531,2739.72602739726,24994764.87054384
4,1,0,306045150.18749976,1468040000.0,0.2084719423091331,515973184.6483204,2422606.5175305214,0.0049070873036323485,410958.90410958906,3515981.735159817,1643835.6164383562,14063926.940639269,8918.93147018359,34577.90875730591,0,0,9999965422.091242,5565673184.64832,149700000,14970,3632.223897577538,3141.887914434806,1958.3759831427321,1468.04,8.447649056170475,-10.0,1005.404132619138,2739.72602739726,24993030.548649065
5,1,0,307575375.9384372,1467060000.0,0.209654258134253,519991018.0538681,2403887.6761338734,0.004839894484964083,410958.90410958906,3515981.735159817,2054794.5205479453,17579908.675799087,9107.233721680383,43685.142478986294,0,0,9999956314.857521,5569591018.053868,149600000,14960,3619.770662319855,3158.8246769230436,1928.005985396811,1467.06,8.430256242553067,-10.0,1010.8238966153739,2739.72602739726,24991301.646518286
6,1,0,309113252.81812936,1466080000.0,0.2108433733617056,524008660.2798093,2385456.7581622167,0.004774969856463436,410958.90410958906,3515981.735159817,2465753.4246575343,21095890.410958905,9298.413328208895,52983.55580719519,0,0,9999947016.444193,5573508660.279809,149500000,14950,3608.1177316331923,3175.8593533639337,1898.3383782692583,1466.08,8.414536571833068,-10.0,1016.2749930764587,2739.72602739726,24989578.195483968
7,1,0,310658819.08221996,1465100000.0,0.2120393277470616,528026108.4165354,2367307.184390081,0.004745455453184721,410958.90410958906,3515981.735159817,2876712.3287671236,24611872.146118723,9492.5025433016,62476.05835049679,0,0,9999937523.94165,5577426108.416535,149400000,14940,3597.2442546998886,3192.992576628232,1869.3516780716561,1465.1,8.400453474603301,-10.0,1021.7576245210342,2739.72602739726,24987860.227081094
8,1,0,312212113.177631,1464120000.0,0.21324216128297613,532043359.52186394,2349432.574674644,0.0047452957042281516,410958.90410958906,3515981.735159817,3287671.2328767125,28127853.88127854,9689.533940843143,72165.59229133993,0,0,9999927834.40771,5581343359.521864,149300000,14930,3587.1302006546393,3210.224984311538,1841.0252163431016,1464.12,8.387971733462638,-10.0,1027.271994979692,2739.72602739726,24986147.773048677
9,1,0,313773173.7435191,1463140000.0,0.2144519142006364,536060410.62071514,2331826.740483596,0.004688761941526914,410958.90410958906,3515981.735159817,3698630.1369863013,31643835.61643836,9889.540418187125,82055.13270952705,0,0,9999917944.86729,5585260410.620715,149200000,14920,3577.7563217837082,3227.557218775011,1813.339103008697,1463.1399999999999,8.377057429276167,-10.0,1032.8183100080034,2739.72602739726,24984440.86533129
10,1,0,315342039.6122367,1462160000.0,0.21566862697121839,540077258.7047853,2314483.677757056,0.00467729295807996,410958.90410958906,3515981.735159817,4109589.04109589,35159817.35159817,10092.55519930412,92147.68790883117,0,0,9999907852.312092,5589177258.704785,149100000,14910,3569.1041186524144,3244.9899271864897,1786.2741914659248,1462.1599999999999,8.367677889909947,-10.0,1038.3967766996768,2739.72602739726,24982739.53608059
11,1,0,316918749.81029785,1461180000.0,0.21689234030735285,544093900.7322168,2297397.560086242,0.004626936580999531,410958.90410958906,3515981.735159817,4520547.945205479,38675799.08675799,10298.611837961118,102446.29974679228,0,0,9999897553.700253,5593093900.732217,149000000,14900,3561.1558070464757,3262.5237615619944,1759.8120454844814,1461.1799999999998,8.359801641314421,-10.0,1044.0076036998382,2739.72602739726,24981043.817656897
12,1,0,318503343.5593493,1460200000.0,0.21812309516460027,548110333.6272653,2280562.732192613,0.00462614927041258,410958.90410958906,3515981.735159817,4931506.849315068,42191780.8219178,10507.744220932831,112954.04396772511,0,0,9999887045.956032,5597010333.627265,148900000,14890,3553.8942866203442,3280.159378807635,1733.934907812709,1460.2,8.353398360837573,-10.0,1049.6510012184433,2739.72602739726,24979353.74263072
13,1,0,320095860.277146,1459220000.0,0.21936093274293525,552126554.2799636,2263973.703692163,0.00456485813356317,410958.90410958906,3515981.735159817,5342465.753424657,45707762.55707762,10719.986571245145,123674.03053897026,0,0,9999876325.969461,5600926554.2799635,148800000,14880,3547.303111152726,3297.89744076193,1708.6256703907961,1459.22,8.348438832655363,-10.0,1055.3271810438175,2739.72602739726,24977669.34378437
14,1,0,321696339.5785317,1458240000.0,0.2206058944882404,556142559.5457816,2247625.143130413,0.004608376841802332,410958.90410958906,3515981.735159817,5753424.657534245,49223744.29223743,10935.373451451018,134609.40399042127,0,0,9999865390.59601,5604842559.545782,148700000,14870,3541.366460315977,3315.738614238521,1683.8678460774552,1458.24,8.344894905213335,-10.0,1061.0363565563268,2739.72602739726,24975990.65411353
15,1,0,323304821.2764243,1457260000.0,0.22185802209380912,560158346.2452842,2231511.8722745,0.004525009445607098,410958.90410958906,3515981.735159817,6164383.561643834,52739726.027397245,11153.939766939224,145763.3437573605,0,0,9999854236.656242,5608758346.245284,148600000,14860,3536.06911287213,3333.683571069315,1659.645541802815,1457.26,8.342739450578957,-10.0,1066.7787427421806,2739.72602739726,24974317.706828877
16,1,0,324921345.38280636,1456280000.0,0.2231173575018584,564173911.1637844,2215628.8606495247,0.004476558100750838,410958.90410958906,3515981.735159817,6575342.465753423,56255707.76255706,11375.720769276197,157139.0645266367,0,0,9999842860.935472,5612673911.163784,148500000,14850,3531.396421213928,3351.7329881480277,1635.9434330659005,1456.28,8.341946325609745,-10.0,1072.554556207369,2739.72602739726,24972650.535357688
17,1,0,326545952.10972035,1455300000.0,0.22438394290505073,568189251.0509943,2199971.220307045,0.00447643848719783,410958.90410958906,3515981.735159817,6986301.369863012,59771689.497716874,11600.752059581391,168739.8165862181,0,0,9999831260.183414,5616589251.050994,148400000,14840,3527.33428717445,3369.8875474741635,1612.7467397002868,1455.3,8.342490334847515,-10.0,1078.3640151917323,2739.72602739726,24970989.173345484
18,1,0,328178681.87026894,1454320000.0,0.22565782074802584,572204362.6206719,2184534.2008142946,0.004474309581629265,410958.90410958906,3515981.735159817,7397260.273972601,63287671.23287669,11829.069591936457,180568.88617815456,0,0,9999819431.113821,5620504362.620672,148300000,14830,3523.86913903377,3388.147936197412,1590.0412028363571,1454.32,8.344347195053746,-10.0,1084.207339583172,2739.72602739726,24969333.654657673
19,1,0,329819575.27962023,1453340000.0,0.22693903372894178,576219242.5502645,2169313.1844533333,0.004411249542298114,410958.90410958906,3515981.735159817,7808219.1780821895,66803652.9680365,12060.709676828577,192629.59585498314,0,0,9999807370.404144,5624419242.550264,148200000,14820,3520.9879096555997,3406.5148466624773,1567.8130629931227,1453.34,8.347493501305788,-10.0,1090.0847509319926,2739.72602739726,24967684.01338121
20,1,0,331468673.1560183,1452360000.0,0.22822762480102612,580233887.4805493,2154303.6816199482,0.004410729146963688,410958.90410958906,3515981.735159817,8219178.082191778,70319634.70319632,12295.708984628336,204925.3048396115,0,0,9999795074.69516,5628333887.480549,148100000,14810,3518.6780156910854,3424.988976454342,1546.049039236743,1452.36,8.351906694577913,-10.0,1095.9964724653894,2739.72602739726,24966040.28382628
21,1,0,333126016.5217984,1451380000.0,0.2295236371741366,584248294.0152698,2139501.326412658,0.004391144365631909,410958.90410958906,3515981.735159817,8630136.986301368,73835616.43835613,12534.104549102467,217459.40938871395,0,0,9999782540.59061,5632248294.01527,148000000,14800,3516.9273377907766,3443.571028443972,1524.7363093468043,1451.3799999999999,8.357565030735135,-10.0,1101.942729102071,2739.72602739726,24964402.500527985
22,1,0,334791646.6044073,1450400000.0,0.23082711431633157,588262458.7207682,2124901.872402744,0.00432439067548933,410958.90410958906,3515981.735159817,9041095.890410958,77351598.17351595,12775.933770961803,230235.34315967574,0,0,9999769764.65684,5636162458.720768,147900000,14790,3515.7242017695025,3462.2617108344607,1503.8624909350415,1450.3999999999999,8.364447550871787,-10.0,1107.9237474670274,2739.72602739726,24962770.69824806
23,1,0,336465604.8374293,1449420000.0,0.23213809995545065,592276378.1256162,2110501.188576677,0.0043151758349383815,410958.90410958906,3515981.735159817,9452054.794520548,80867579.90867576,13021.234421444855,243256.5775811206,0,0,9999756743.422419,5640076378.125616,147800000,14780,3515.057360672231,3481.0617372076304,1483.415623464601,1449.4199999999998,8.372534052930265,-10.0,1113.9397559064416,2739.72602739726,24961144.91197657
24,1,0,338147932.8616164,1448440000.0,0.23345663808070502,596290048.7202398,2096295.2554428133,0.004294454809304207,410958.90410958906,3515981.735159817,9863013.698630137,84383561.64383557,13270.044645937323,256526.62222705793,0,0,9999743473.377773,5643990048.72024,147700000,14770,3514.9159776921515,3499.9718265710753,1463.384151121076,1448.4399999999998,8.381805064538794,-10.0,1119.9909845027441,2739.72602739726,24959525.176933676
25,1,0,339838672.52592444,1447460000.0,0.23478277294427788,600303466.9565417,2082280.161294646,0.004231574718232027,410958.90410958906,3515981.735159817,10273972.602739727,87899543.37899539,13522.402967627906,270049.02519468585,0,0,9999729950.974806,5647903466.956542,147600000,14760,3515.2896098951906,3518.9927034056714,1443.756906489519,1447.46,8.392241817010298,-10.0,1126.077665089815,2739.72602739726,24957911.52857137
26,1,0,341537865.88855404,1446480000.0,0.23611654906293486,604316629.24752,2068452.098623319,0.0042081686465234944,410958.90410958906,3515981.735159817,10684931.506849317,91415525.1141552,13778.348291200853,283827.3734858867,0,0,9999716172.626514,5651816629.24752,147500000,14750,3516.168192707923,3538.125097713544,1424.5230949943787,1446.48,8.40382622044754,-10.0,1132.2000312683342,2739.72602739726,24956304.002575245
27,1,0,343245555.2179968,1445500000.0,0.23745801121964494,608329531.9668828,2054807.360672492,0.004221218035265243,410958.90410958906,3515981.735159817,11095890.410958907,94931506.84931502,14037.919906565525,297865.29339245224,0,0,9999702134.706608,5655729531.966883,147400000,14740,3517.5420251283804,3557.3697450665068,1405.6722800618736,1445.5,8.416540839902407,-10.0,1138.358318421282,2739.72602739726,24954702.63486627
28,1,0,344961782.99408674,1444520000.0,0.23880720446521111,612342171.4486597,2041342.3381290117,0.0041451247978212665,410958.90410958906,3515981.735159817,11506849.315068496,98447488.58447483,14301.15749262343,312166.45088507567,0,0,9999687833.549114,5659642171.44866,147300000,14730,3519.401755621701,3576.7273866549695,1387.194368966731,1444.52,8.430368872540049,-10.0,1144.5527637295902,2739.72602739726,24953107.461602606
29,1,0,346686591.90905714,1443540000.0,0.24016417411991156,616354543.9868081,2028053.5159431829,0.004082409545622627,410958.90410958906,3515981.735159817,11917808.219178086,101963470.31963465,14568.101121073083,326734.55200614873,0,0,9999673265.447994,5663554543.986808,147200000,14720,3521.7383686647636,3596.1987693373226,1369.0795993274414,1443.54,8.445294125761022,-10.0,1150.7836061879432,2739.72602739726,24951518.519181397
30,1,0,348420024.8686024,1442560000.0,0.2415289657751514,620366645.8348173,2014937.470272759,0.004066398843330474,410958.90410958906,3515981.735159817,12328767.123287676,105479452.05479446,14838.791260253047,341573.3432664018,0,0,9999658426.656734,5667466645.834817,147100000,14710,3524.5431719061075,3615.7846456898087,1351.318526216299,1442.56,8.461300996237126,-10.0,1157.0510866207387,2739.72602739726,24949935.84424062
31,1,0,350162124.9929454,1441580000.0,0.24290162529512435,624378473.2053077,2001990.8655450703,0.004086017729816119,410958.90410958906,3515981.735159817,12739726.027397266,108995433.78995427,15113.268779023594,356686.6120454254,0,0,9999643313.387955,5671378473.205308,147000000,14700,3527.8077839093203,3635.485774056876,1333.9020098524443,1441.58,8.478374449818713,-10.0,1163.3554476982004,2739.72602739726,24948359.473660924
32,1,0,351912935.6179101,1440600000.0,0.24428219881848542,628390022.2696265,1989210.4516319956,0.0040133855562630655,410958.90410958906,3515981.735159817,13150684.931506855,112511415.52511409,15391.574950687338,372078.18699611275,0,0,9999627921.813004,5675290022.269627,146900000,14690,3531.5241224499937,3655.302918602028,1316.8212038479655,1440.6,8.496500002273503,-10.0,1169.696933952649,2739.72602739726,24946789.44456748
33,1,0,353672500.2959996,1439620000.0,0.24567073276003362,632401289.157439,1976593.0611327563,0.003979439033984522,410958.90410958906,3515981.735159817,13561643.835616445,116027397.2602739,15673.751456949272,387751.93845306203,0,0,9999612248.061546,5679201289.157439,146800000,14680,3535.6843933380105,3675.2368493591675,1300.0675439788429,1439.62,8.515663700819022,-10.0,1176.0757917949336,2739.72602739726,24945225.79433188
34,1,0,355440862.79747957,1438640000.0,0.24706727381240587,636412269.9563166,1964135.6067597568,0.003923036175403327,410958.90410958906,3515981.735159817,13972602.739726035,119543378.99543372,15959.840391916556,403711.7788449786,0,0,9999596288.221155,5683112269.956317,146700000,14670,3540.281079738555,3695.2883422844443,1283.6327374541108,1438.6399999999999,8.535852106412497,-10.0,1182.4922695310222,2739.72602739726,24943668.560574014
35,1,0,357218067.11146694,1437660000.0,0.2484718689477811,640422960.7113199,1951835.0788229469,0.00392589950992106,410958.90410958906,3515981.735159817,14383561.643835625,123059360.73059353,16249.884266138542,419961.66311111714,0,0,9999580038.33689,5687022960.71132,146600000,14660,3545.306931966763,3715.4581793086154,1267.508752658147,1437.6599999999999,8.557052276764088,-10.0,1188.9466173787569,2739.72602739726,24942117.781163998
36,1,0,359004157.4470242,1436680000.0,0.24988456541959533,644433357.4245787,1939688.5428083977,0.003879572852318615,410958.90410958906,3515981.735159817,14794520.547945214,126575342.46575335,16543.926010687308,436505.58912180446,0,0,9999563494.41088,5690933357.424579,146500000,14650,3550.754957732292,3735.747148389906,1251.687809342386,1436.6799999999998,8.579251750040815,-10.0,1195.43908748477,2739.72602739726,24940573.494224086
37,1,0,360799178.2342593,1435700000.0,0.2513054107642678,648443456.0548669,1927693.1370469995,0.003833978460133071,410958.90410958906,3515981.735159817,15205479.452054804,130091324.20091316,16842.008981279312,453347.5981030838,0,0,9999546652.401897,5694843456.054867,146400000,14640,3556.6184128115083,3756.156043567406,1236.1623692441026,1435.7,8.60243852923041,-10.0,1201.96993394157,2739.72602739726,24939035.738130633
38,1,0,362603174.1254306,1434720000.0,0.25273445280293755,652453252.5171739,1915846.0704693967,0.0038049133889762545,410958.90410958906,3515981.735159817,15616438.356164394,133607305.93607298,17144.176962438367,470491.7750655222,0,0,9999529508.224934,5698753252.517174,146300000,14630,3562.8907921261134,3776.6856650149766,1220.9251271111368,1434.72,8.626601067135596,-10.0,1208.5394128047924,2739.72602739726,24937504.55151604
39,1,0,364416189.9960577,1433740000.0,0.25417173964321127,656462742.6822716,1904144.6204434568,0.0037259226799883703,410958.90410958906,3515981.735159817,16027397.260273984,137123287.6712328,17450.474171700476,487942.24923722266,0,0,9999512057.750763,5702662742.682272,146200000,14620,3569.565821208309,3797.336819095692,1205.9690021126169,1433.74,8.651728251970935,-10.0,1215.1477821106214,2739.72602739726,24935979.973270755
40,1,0,366238270.94603795,1432760000.0,0.2556173196809221,660471922.3762772,1892586.1306907577,0.0037059317290051366,410958.90410958906,3515981.735159817,16438356.164383573,140639269.4063926,17760.945263861002,505703.19450108364,0,0,9999494296.805498,5706571922.376277,146100000,14610,3576.6374480336326,3818.1103184168182,1191.287129616815,1432.76,8.677809393535675,-10.0,1221.7953018933817,2739.72602739726,24934462.04254525
41,1,0,368069462.3007681,1431780000.0,0.2570712416018998,664480787.3802115,1881168.0092787447,0.003664647018731257,410958.90410958906,3515981.735159817,16849315.06849316,144155251.14155242,18075.635335264404,523778.829836348,0,0,9999476221.170164,5710480787.380212,146000000,14600,3584.0998352036468,3839.006981885327,1176.8728533183198,1431.78,8.704834209937337,-10.0,1228.4822342033046,2739.72602739726,24932950.79875206
42,1,0,369909809.6122719,1430800000.0,0.2585335543837517,668489333.4295528,1869887.7266853708,0.003639229195961978,410958.90410958906,3515981.735159817,17260273.97260275,147671232.87671223,18394.589928137197,542173.4197644852,0,0,9999457826.580236,5714389333.429553,145900000,14590,3591.9473524616224,3860.027634763962,1162.7197176976604,1430.8,8.732792814842014,-10.0,1235.2088431244679,2739.72602739726,24931446.281567786
43,1,0,371759358.6603332,1429820000.0,0.2600043072976551,672497556.2137873,1858742.8139331853,0.003585508648138122,410958.90410958906,3515981.735159817,17671232.87671234,151187214.61187205,18717.855034964385,560891.2747994496,0,0,9999439108.7252,5718297556.213787,145800000,14580,3600.1745695252885,3881.173108727851,1148.821460797437,1429.82,8.76167570522853,-10.0,1241.9753947929123,2739.72602739726,24929948.530935183
44,1,0,373618155.45363486,1428840000.0,0.2614835499101613,676505451.3759539,1847730.8607899805,0.0035342938187242308,410958.90410958906,3515981.735159817,18082191.78082193,154703196.34703186,19045.477102909954,579936.7519023595,0,0,9999420063.248098,5722205451.375954,145700000,14570,3608.776249221548,3902.444241921681,1135.1720072998667,1428.84,8.791473749624684,-10.0,1248.782157414938,2739.72602739726,24928457.5870652
45,1,0,375486246.23090297,1427860000.0,0.2629713320850104,680513014.5121851,1836849.514033245,0.0035174726295594673,410958.90410958906,3515981.735159817,18493150.68493152,158219178.08219168,19377.503038281753,599314.2549406413,0,0,9999400685.74506,5726113014.512185,145600000,14560,3617.7473409088852,3923.8418790174346,1121.7654618914505,1427.86,8.822178176804869,-10.0,1255.6294012855792,2739.72602739726,24926973.49043909
46,1,0,377363677.4620575,1426880000.0,0.26446770398495845,684520241.1712435,1826096.4757757965,0.0034437175633498596,410958.90410958906,3515981.735159817,18904109.58904111,161735159.8173515,19713.98021104126,619028.2351516826,0,0,9999380971.764849,5730020241.171244,145500000,14550,3627.082974173941,3945.366871272698,1108.5961029012426,1426.8799999999999,8.853780564929364,-10.0,1262.5173988072634,2739.72602739726,24925496.281810503
47,1,0,379250495.84936774,1425900000.0,0.26597271607361506,688527126.8540536,1815469.5018500953,0.0034270407547588836,410958.90410958906,3515981.735159817,19315068.4931507,165251141.5525113,20054.956459358702,639083.1916110413,0,0,9999360916.80839,5733927126.8540535,145400000,14540,3636.778452789431,3967.0200765895397,1095.658376199891,1425.8999999999999,8.886272831106462,-10.0,1269.4464245086526,2739.72602739726,24924026.00220762
48,1,0,381146748.32861453,1424920000.0,0.267486419117294,692533667.0132289,1804966.400248854,0.003400257550471573,410958.90410958906,3515981.735159817,19726027.39726029,168767123.28767112,20400.480094213915,659483.6717052553,0,0,9999340516.328295,5737833667.013229,145300000,14530,3646.829248921289,3988.8023595739737,1082.9468893473152,1424.9199999999998,8.919647221359602,-10.0,1276.4167550636716,2739.72602739726,24922562.692935288
49,1,0,383052482.07025754,1423940000.0,0.26900886418687414,696529857.0525943,1794610.7942729872,0.0033641427681540353,410958.90410958906,3515981.735159817,20136986.30136988,172283105.02283093,20750.59990404354,680234.2716092989,0,0,9999319765.728392,5741739857.052594,145210000,14521,3657.2309975735197,4010.7145915960173,1070.4564059775023,1423.9399999999998,8.95389630098242,-9.0,1283.4286693107256,2739.72602739726,24921106.395577203
50,1,0,384967744.4806088,1423058000.0,0.27052147170432184,700525693.0559767,1784374.2383623368,0.003302442807286306,410958.90410958906,3515981.735159817,20547945.20547947,175799086.75799075,21104.635887018358,701338.9074963173,0,0,9999298661.092505,5745645693.055977,145120000,14512,3667.8876603430217,4032.7334442809297,1058.2122160620918,1423.058,8.988162401208148,-9.0,1290.4747021698975,2739.72602739726,24919657.144251976
51,1,0,386892583.2030118,1422176000.0,0.2720426889520086,704521170.3474832,1774254.7032099587,0.0032708412859369343,410958.90410958906,3515981.735159817,20958904.10958906,179315068.49315056,21463.347763018723,722802.255259336,0,0,9999277197.744741,5749551170.347483,145030000,14503,3678.8854268553837,4054.8834598905096,1046.177966964874,1422.176,9.023279385461498,-9.0,1297.562707164963,2739.72602739726,24918214.980931744
52,1,0,388827046.11902684,1421294000.0,0.273572565647239,708516284.2013154,1764250.2054968094,0.003242166879222931,410958.90410958906,3515981.735159817,21369863.01369865,182831050.22831038,21826.78543720915,744629.0406965452,0,0,9999255370.959303,5753456284.201315,144940000,14494,3690.2204153298107,4077.1655210375857,1034.3488942922252,1421.2939999999999,9.059240584034317,-9.0,1304.6929667320273,2739.72602739726,24916779.94787108
53,1,0,390771181.34962195,1420412000.0,0.2751111517993525,712511029.8412795,1754358.8065976456,0.003186326722513712,410958.90410958906,3515981.735159817,21780821.91780824,186347031.9634702,22194.999305354188,766824.0400018994,0,0,9999233175.959997,5757361029.84128,144850000,14485,3701.8888853023573,4099.580517200682,1022.7203681016753,1420.412,9.096039609639552,-9.0,1311.8657655042184,2739.72602739726,24915352.08760919
54,1,0,392725037.25637,1419530000.0,0.27665849771147494,716505402.4402903,1744578.6113303937,0.003127198430707332,410958.90410958906,3515981.735159817,22191780.82191783,189863013.69863,22568.040258601308,789392.0802605007,0,0,9999210607.919739,5761265402.44029,144760000,14476,3713.8872331599387,4122.129344785016,1011.2878883749228,1419.53,9.133670349483202,-9.0,1319.081390331205,2739.72602739726,24913931.442972127
55,1,0,394688662.4426518,1418648000.0,0.2782146539822788,720499397.1198715,1734907.7667472924,0.003098320229687384,410958.90410958906,3515981.735159817,22602739.726027418,193378995.43378982,22945.959688311184,812338.0399488119,0,0,9999187661.96005,5765169397.119871,144670000,14467,3726.211987851756,4144.812907184069,1000.0470806676864,1418.648,9.172126957635571,-9.0,1326.340130298902,2739.72602739726,24912518.05707503
56,1,0,396662105.75486505,1417766000.0,0.2797796715077559,724493008.94965,1725344.4609661899,0.003048445049699697,410958.90410958906,3515981.735159817,23013698.630137008,196894977.16894963,23328.809490935746,835666.8494397476,0,0,9999164333.15056,5769073008.94965,144580000,14458,3738.859806770336,4167.6321148417865,988.9936919285491,1417.7659999999998,9.211403847689676,-9.0,1333.6422767493716,2739.72602739726,24911111.973324385
57,1,0,398645416.2836393,1416884000.0,0.28135360148300026,728486232.9468466,1715886.9220404502,0.002991709212886281,410958.90410958906,3515981.735159817,23424657.534246597,200410958.90410945,23716.64207294452,859383.4915126922,0,0,9999140616.508488,5772976232.946847,144490000,14449,3751.827471794689,4190.587885315361,978.1235864793283,1416.884,9.25149568569516,-9.0,1340.9881233009155,2739.72602739726,24909713.23542029
58,1,0,400638643.36505747,1416002000.0,0.2829364954040019,732479064.0757602,1706533.4168659865,0.0029519434361102866,410958.90410958906,3515981.735159817,23835616.438356187,203926940.63926926,24109.510355799743,883493.0018684919,0,0,9999116506.99813,5776879064.07576,144400000,14440,3765.111885488535,4213.681143338653,967.4327421498821,1416.002,9.292397383356791,-9.0,1348.3779658683688,2739.72602739726,24908321.887358762
59,1,0,402641836.5818827,1415120000.0,0.2845284050694519,736471497.2472488,1697282.2501240075,0.002938568978924512,410958.90410958906,3515981.735159817,24246575.342465777,207442922.37442908,24507.467780980634,908000.4696494725,0,0,9999091999.53035,5780781497.247249,144310000,14431,3778.7100674468256,4236.912820886217,956.9172465606088,1415.12,9.334104091486779,-9.0,1355.8121026835893,2739.72602739726,24906937.97343405
60,1,0,404655045.7647921,1414238000.0,0.2861293825825583,740463527.3182032,1688131.7632581224,0.0028749073732381226,410958.90410958906,3515981.735159817,24657534.246575367,210958904.1095889,24910.56831505742,932911.0379645299,0,0,9999067088.962036,5784683527.318203,144220000,14422,3792.6191507841836,4260.283857237963,946.5732935462203,1414.2379999999998,9.376611193701029,-9.0,1363.2908343161482,2739.72602739726,24905561.53824097
61,1,0,406678320.993616,1413356000.0,0.28773948035287356,744455149.0910178,1679080.3334845107,0.002855874828230111,410958.90410958906,3515981.735159817,25068493.150684956,214474885.8447487,25318.866454815467,958229.9044193454,0,0,9999041770.095581,5788585149.091018,144130000,14413,3806.836378759149,4283.795199044455,936.3971797146935,1413.356,9.419914300349538,-9.0,1370.8144636942257,2739.72602739726,24904192.626677267
62,1,0,408711712.598584,1412474000.0,0.2893587510981328,748446357.3130549,1670126.3728339134,0.00282267880527468,410958.90410958906,3515981.735159817,25479452.054794546,217990867.57990852,25732.417232430125,983962.3216517755,0,0,9999016037.678349,5792486357.313055,144040000,14404,3821.3591015284255,4307.44780039284,926.3853011355857,1412.474,9.464009242671795,-9.0,1378.3832961257085,2739.72602739726,24902831.283945996
63,1,0,410755271.16157687,1411592000.0,0.29098724784610347,752437146.6761037,1661268.3272242623,0.002760875546114159,410958.90410958906,3515981.735159817,25890410.958904136,221506849.31506833,26151.276220692704,1010113.5978724682,0,0,9998989886.402128,5796387146.676104,143950000,14395,3836.184773025625,4331.242622873436,916.5341501521891,1411.5919999999999,9.508892067168407,-9.0,1385.9976393194993,2739.72602739726,24901477.55555792
64,1,0,412809047.5173847,1410710000.0,0.2926250239364467,756427511.8158349,1652504.6755628074,0.0027035297036182415,410958.90410958906,3515981.735159817,26301369.863013726,225022831.05022815,26575.499538288004,1036689.0974107562,0,0,9998963310.90259,5800287511.815835,143860000,14386,3851.3109479592285,4355.18063564697,906.8403123122588,1410.71,9.554559030180451,-9.0,1393.6578034070303,2739.72602739726,24900131.487333935
65,1,0,414873092.75497156,1409828000.0,0.2942721330225897,760417447.3112493,1643833.9288766556,0.0026690674581708153,410958.90410958906,3515981.735159817,26712328.767123315,228538812.78538796,27005.143855124094,1063694.2412658802,0,0,9998936305.758734,5804187447.311249,143770000,14377,3866.7352789247757,4379.262815512475,897.3004634123009,1409.828,9.601006592668595,-9.0,1401.3641009639919,2739.72602739726,24898793.125407502
66,1,0,416947458.21874636,1408946000.0,0.2959286290736099,764406947.684121,1635254.6294706766,0.0026420340922205243,410958.90410958906,3515981.735159817,27123287.671232905,232054794.52054778,27440.266397714706,1091134.5076635948,0,0,9998908865.492336,5808086947.684121,143680000,14368,3882.455513626506,4403.490146975862,887.9113666506439,1408.946,9.64823141518428,-9.0,1409.116847032276,2739.72602739726,24897462.516227137
67,1,0,419032195.5098401,1408064000.0,0.2975945663761307,768396007.3984358,1626765.350111777,0.002584687914255335,410958.90410958906,3515981.735159817,27534246.575342495,235570776.2557076,27880.924954614595,1119015.4326182094,0,0,9998880984.56738,5811986007.398436,143590000,14359,3898.4694922039002,4427.863622319158,878.6698698847421,1408.0639999999999,9.696230353025564,-9.0,1416.9163591421307,2739.72602739726,24896139.706558883
68,1,0,421127356.4873892,1407182000.0,0.29926999953622857,772384620.8598233,1618364.693238584,0.0025561924043367916,410958.90410958906,3515981.735159817,27945205.479452085,239086757.9908674,28327.177881908778,1147342.6105001182,0,0,9998852657.3895,5815884620.859823,143500000,14350,3914.775144658807,4452.384241670435,869.5729029883719,1407.182,9.745000451570657,-9.0,1424.762957334539,2739.72602739726,24894824.743488822
69,1,0,423232993.2698261,1406300000.0,0.3009549834813526,776362782.4149841,1610072.0285839953,0.0025130216170936247,410958.90410958906,3515981.735159817,28356164.383561675,242602739.72602722,28779.084108755775,1176121.694608874,0,0,9998823878.305391,5819782782.414984,143420000,14342,3931.370488379007,4477.053013074421,860.6174753045859,1406.3,9.794538941782358,-8.0,1432.6569641838146,2739.72602739726,24893517.67442561
70,1,0,425349158.2361752,1405516000.0,0.3026284711352807,780340487.297187,1601864.8530330004,0.0024642086832058637,410958.90410958906,3515981.735159817,28767123.287671264,246118721.46118703,29235.757066584505,1205357.4516754583,0,0,9998794642.548325,5823680487.297187,143340000,14334,3948.147269940452,4501.8406590463865,851.8226108940653,1405.5159999999998,9.843886476964906,-8.0,1440.5890108948438,2739.72602739726,24892218.537409108
71,1,0,427475904.027356,1404732000.0,0.30431135905450724,784317729.7579461,1593741.863244351,0.0024207785975108756,410958.90410958906,3515981.735159817,29178082.191780854,249634703.19634685,29698.178510255893,1235055.6301857142,0,0,9998764944.369814,5827577729.757946,143260000,14326,3965.2086800338957,4526.7778172085555,843.1628628253401,1404.732,9.893985842384026,-8.0,1448.5689015067378,2739.72602739726,24890927.380283218
72,1,0,429613283.54749274,1403948000.0,0.3060037006694641,788294503.988534,1585701.7823610124,0.002356807336762256,410958.90410958906,3515981.735159817,29589041.095890444,253150684.93150666,30166.4086816225,1265222.0388673367,0,0,9998734777.961132,5831474503.988534,143180000,14318,3982.552993142652,4551.8655082731375,834.6354848695144,1403.9479999999999,9.944834640591518,-8.0,1456.5969626474039,2739.72602739726,24889644.251218468
73,1,0,431761349.96523017,1403164000.0,0.3077055497185148,792270804.1193928,1577743.3593421143,0.0023298137142075312,410958.90410958906,3515981.735159817,30000000.000000034,256666666.66666648,30640.50841072472,1295862.5472780615,0,0,9998704137.452723,5835370804.119392,143100000,14310,4000.178561257124,4577.104760984139,826.2378002729844,1403.164,9.996430641550234,-8.0,1464.6735235149242,2739.72602739726,24888369.198714588
74,1,0,433920156.7150563,1402380000.0,0.30941696024975845,796246624.2195407,1569865.3683150306,0.002312496438148219,410958.90410958906,3515981.735159817,30410958.904109623,260182648.4018263,31120.539121482427,1326983.086399544,0,0,9998673016.9136,5839266624.219541,143020000,14302,4018.08381184845,4602.496612189042,817.9671996594083,1402.3799999999999,10.04877177888854,-8.0,1472.7989159004935,2739.72602739726,24887102.271603093
75,1,0,436089757.49863154,1401596000.0,0.3111379866228439,800221958.2959727,1562066.6079468916,0.0022688756128219447,410958.90410958906,3515981.735159817,30821917.808219213,263698630.1369861,31606.56283744177,1358589.6492369857,0,0,9998641410.350763,5843161958.295973,142940000,14294,4036.2672459164037,4628.042106911183,809.8211390052213,1401.596,10.101856146290137,-8.0,1480.9734742115784,2739.72602739726,24885843.51904991
76,1,0,438270206.28612465,1400812000.0,0.3128686835107956,804196800.2930546,1554345.9008348468,0.0021933140287557183,410958.90410958906,3515981.735159817,31232876.712328803,267214611.87214592,32098.642187577625,1390688.2914245634,0,0,9998609311.708576,5847056800.293055,142860000,14286,4054.7274361086047,4653.742298422831,801.7971376857744,1400.812,10.155681994014278,-8.0,1489.1975354953056,2739.72602739726,24884592.99055801
77,1,0,440461557.31755525,1400028000.0,0.31460910590185,808171144.0919119,1546702.0929144297,0.002201596438028069,410958.90410958906,3515981.735159817,31643835.616438393,270730593.60730577,32596.84041215227,1423285.1318367156,0,0,9998576714.868164,5850951144.091912,142780000,14278,4073.4630249082747,4679.598248318989,793.8927765892863,1400.028,10.210247725541693,-8.0,1497.4714394620764,2739.72602739726,24883350.735970076
78,1,0,442663865.10414296,1399244000.0,0.31635930910130255,812144983.5098127,1539134.0528854062,0.0021434220491488363,410958.90410958906,3515981.735159817,32054794.520547982,274246575.3424656,33101.22136863068,1456386.3532053463,0,0,9998543613.646795,5854844983.509812,142700000,14270,4092.4727228878537,4705.611026591915,786.1056962959386,1399.244,10.265551894341723,-8.0,1505.7955285094129,2739.72602739726,24882116.80547119
79,1,0,444877184.42966366,1398460000.0,0.31811934873336645,816118312.2995446,1531640.671654498,0.002097291771344568,410958.90410958906,3515981.735159817,32465753.424657572,277762557.0776254,33611.849537653085,1489998.2027429994,0,0,9998510001.797256,5858738312.299544,142620000,14262,4111.755307025918,4731.781711706366,778.4335953195525,1398.46,10.321593200756201,-8.0,1514.1701477460372,2739.72602739726,24880891.24959154
80,1,0,447101570.35181195,1397676000.0,0.31988928074304196,820091124.148785,1524220.8617944126,0.0020811420213168695,410958.90410958906,3515981.735159817,32876712.32876716,281278538.8127852,34128.79002906522,1524126.9927720646,0,0,9998475873.007229,5862631124.148785,142540000,14254,4131.309619084977,4758.111390675576,770.8742284094009,1397.676,10.378370488996055,-8.0,1522.5956450161843,2739.72602739726,24879674.119209163
81,1,0,449337078.20357096,1396892000.0,0.3216691613979971,824063412.6794665,1516873.5570186255,0.0020332842540423386,410958.90410958906,3515981.735159817,33287671.23287675,284794520.547945,34652.10858800684,1558779.1013600715,0,0,9998441220.89864,5866523412.679466,142460000,14246,4151.13456404781,4784.601159137992,763.4254049098181,1396.8919999999998,10.435882744246564,-8.0,1531.0723709241574,2739.72602739726,24878465.46555269
82,1,0,451583763.59458876,1396108000.0,0.32345904729045943,828035171.4471349,1509597.7116713754,0.0019878285452688974,410958.90410958906,3515981.735159817,33698630.13698634,288310502.28310484,35181.87160105906,1593960.9729611306,0,0,9998406039.027039,5870415171.447135,142380000,14238,4171.229108610116,4811.252121434747,756.0849871753691,1396.108,10.494129089877458,-8.0,1539.600678859119,2739.72602739726,24877265.340204153
83,1,0,453841682.41256166,1395324000.0,0.32525899533911956,832006393.9403019,1502392.3002323706,0.001959627744940787,410958.90410958906,3515981.735159817,34109589.04109593,291826484.01826465,35718.146102450875,1629679.1190635813,0,0,9998370320.880936,5874306393.940302,142300000,14230,4191.592279727334,4838.065390687895,748.8508890394384,1395.3239999999998,10.553108784754201,-8.0,1548.1809250201266,2739.72602739726,24876073.795101777
84,1,0,456110890.8246244,1394540000.0,0.32706906279104536,835977073.5797911,1495256.3168357057,0.001917153315237864,410958.90410958906,3515981.735159817,34520547.94520552,295342465.75342447,36260.99978032571,1665940.118843907,0,0,9998334059.881157,5878197073.579791,142220000,14222,4212.223163213608,4865.042088879418,741.7210743341903,1394.54,10.612821220646895,-8.0,1556.8134684414135,2739.72602739726,24874890.882542823
85,1,0,458391445.2787475,1393756000.0,0.3288893072236084,839947203.7180774,1488188.774802522,0.0018779222258426633,410958.90410958906,3515981.735159817,34931506.84931511,298858447.4885843,36810.50098306816,1702750.6198269753,0,0,9998297249.380173,5882087203.718078,142140000,14214,4233.120902390941,4892.1833469309995,734.6935554599415,1393.7559999999999,10.673265919733522,-8.0,1565.4986710179198,2739.72602739726,24873716.655186445
86,1,0,460683402.5051412,1392972000.0,0.33071978654642104,843916777.6386212,1481188.706186951,0.0018488586209844775,410958.90410958906,3515981.735159817,35342465.7534247,302374429.2237441,37366.71872569184,1740117.338552667,0,0,9998259882.661448,5885976777.638621,142060000,14206,4254.284696786662,4919.490304784593,727.7663920020684,1392.972,10.73444253219417,-8.0,1574.2368975310696,2739.72602739726,24872551.16605658
87,1,0,462986819.5176669,1392188000.0,0.3325605590032861,847885788.5551944,1474255.1613349037,0.001800236067255457,410958.90410958906,3515981.735159817,35753424.65753429,305890410.9589039,37929.72269628858,1778047.0612489555,0,0,9998221952.938751,5889865788.555195,141980000,14198,4275.71380087742,4946.964111483767,720.9376893936532,1392.1879999999999,10.796350833893193,-8.0,1583.0285156748052,2739.72602739726,24871394.46854486
88,1,0,465301753.6152552,1391404000.0,0.3344116831741573,851854229.6112013,1467387.2084552874,0.001782505417916933,410958.90410958906,3515981.735159817,36164383.561643876,309406392.6940637,38499.58326253967,1816546.6445114953,0,0,9998183453.355488,5893754229.611201,141900000,14190,4297.4075228780075,4974.605925255858,714.205597622149,1391.404,10.858990724146363,-8.0,1591.8738960818746,2739.72602739726,24870246.616413545
89,1,0,467628262.3833314,1390620000.0,0.33627321797711196,855822093.8789924,1460583.9332032388,0.0017336821269532724,410958.90410958906,3515981.735159817,36575342.465753466,312922374.42922354,39076.3714782897,1855623.0159897848,0,0,9998144376.98401,5897642093.878992,141820000,14182,4319.365223573345,5002.41691359493,707.5683099784152,1390.62,10.922362223570001,-8.0,1600.7734123503774,2739.72602739726,24869107.6637985
90,1,0,469966403.695248,1389836000.0,0.3381452226703352,859789374.3591717,1453844.4382749845,0.0017122943628384124,410958.90410958906,3515981.735159817,36986301.369863056,316438356.16438335,39660.15909018349,1895283.1750799683,0,0,9998104716.82492,5901529374.359172,141740000,14174,4341.586315192087,5030.398253345543,701.0240618465438,1389.836,10.986465472009547,-8.0,1609.7274410705736,2739.72602739726,24867977.665212173
91,1,0,472316235.7137242,1389052000.0,0.34002775685411646,863756063.9798969,1447167.8430139543,0.0016649020489111308,410958.90410958906,3515981.735159817,37397260.273972645,319954337.89954317,40251.01854436685,1935534.193624335,0,0,9998064465.806376,5905416063.979897,141660000,14166,4364.0702603203235,5058.55113078736,694.5711295329633,1389.052,11.051300726544728,-8.0,1618.7363618519553,2739.72602739726,24866856.67554663
92,1,0,474677816.89229274,1388268000.0,0.34192088047285735,867722155.5961732,1440553.2830277814,0.001639175029418468,410958.90410958906,3515981.735159817,37808219.178082235,323470319.634703,40849.02299325126,1976383.2166175863,0,0,9998023616.783382,5909302155.596173,141580000,14158,4386.816570853943,5086.876741720569,688.2078291333736,1388.268,11.116868359568924,-8.0,1627.800557350582,2739.72602739726,24865744.750076585
93,1,0,477051205.9767541,1387484000.0,0.34382465381709204,871687641.9891403,1433999.9098158416,0.001605650386601591,410958.90410958906,3515981.735159817,38219178.082191825,326986301.3698628,41454.24630234378,2017837.46291993,0,0,9997982162.53708,5913187641.9891405,141500000,14150,4409.824806988272,5115.3762915521565,681.9325154361162,1387.484,11.18316885694022,-8.0,1636.92041329669,2739.72602739726,24864641.944462486
94,1,0,479436462.0066379,1386700000.0,0.3457391375255195,875652515.8653526,1427506.8904069944,0.001575817948902428,410958.90410958906,3515981.735159817,38630136.986301415,330502283.1050226,42066.76305714202,2059904.225977072,0,0,9997940095.774023,5917072515.865353,141420000,14142,4433.094576243684,5144.050995383033,675.7435808606504,1386.7,11.250202816201867,-8.0,1646.0963185225705,2739.72602739726,24863548.314753614
95,1,0,481833644.316671,1385916000.0,0.34766439258704784,879616769.856052,1421073.4070072032,0.0015445612026673348,410958.90410958906,3515981.735159817,39041095.890411004,334018264.8401824,42686.64857009524,2102590.874547167,0,0,9997897409.125452,5920956769.856052,141340000,14134,4456.625532525858,5172.902078096004,669.6394544298549,1385.916,11.317970944869792,-8.0,1655.328664990721,2739.72602739726,24862463.91739121
96,1,0,484242812.5382543,1385132000.0,0.3496004803428513,883580396.5164338,1414698.65665672,0.0015176891917108313,410958.90410958906,3515981.735159817,39452054.794520594,337534246.57534224,43313.97888763187,2145904.8534347992,0,0,9997854095.146564,5924840396.516434,141260000,14126,4480.417375219561,5201.930774444629,663.6186007749324,1385.1319999999998,11.386474058785206,-8.0,1664.617847822281,2739.72602739726,24861388.809211638
97,1,0,486664026.60094553,1384348000.0,0.351547462488439,887543388.3249061,1408381.8508965324,0.0014822352125874203,410958.90410958906,3515981.735159817,39863013.698630184,341050228.31050205,43948.83079725426,2189853.6842320533,0,0,9997810146.315767,5928723388.324906,141180000,14118,4504.469848314672,5231.1383291429365,657.6795191717353,1384.348,11.45571308052995,-8.0,1673.9642653257395,2739.72602739726,24860323.047449566
98,1,0,489097346.7339502,1383564000.0,0.3535054010757364,891505737.6823409,1402122.2154437867,0.0014571295108620624,410958.90410958906,3515981.735159817,40273972.60273977,344566210.04566187,44591.281834701025,2234444.9660667544,0,0,9997765555.033934,5932605737.682341,141100000,14110,4528.782739563425,5260.525996956038,651.8207426073858,1383.5639999999999,11.52568903790286,-8.0,1683.3683190259321,2739.72602739726,24859266.689741198
99,1,0,491542833.4676199,1382780000.0,0.3554743585151795,895467436.9113191,1395918.9898759015,0.0014212683104521365,410958.90410958906,3515981.735159817,40684931.50684936,348082191.7808217,45241.41029117772,2279686.376357932,0,0,9997720313.623642,5936487436.911319,141020000,14102,4553.355879667748,5290.095042791636,646.0408368761119,1382.78,11.596403062455057,-8.0,1692.8304136933234,2739.72602739726,24858219.794127494
100,1,0,494000547.63495797,1381996000.0,0.35745439757782077,899428478.255368,1389771.4273231053,0.0013993371651038716,410958.90410958906,3515981.735159817,41095890.41095895,351598173.5159815,45899.29522065632,2325585.6715785884,0,0,9997674414.32842,5940368478.255368,140940000,14094,4578.189141495674,5319.846741792426,640.3383997032485,1381.9959999999999,11.66785638808238,-8.0,1702.3509573735762,2739.72602739726,24857182.419057474
101,1,0,496470550.3731327,1381212000.0,0.35944558139744853,903388853.8781903,1383678.7941691354,0.0013751116071965134,410958.90410958906,3515981.735159817,41506849.31506854,355114155.2511413,46565.01644724422,2372150.6880258326,0,0,9997627849.311974,5944248853.87819,140860000,14086,4603.282439325836,5349.782379429421,634.712059896415,1381.212,11.74005034967319,-8.0,1711.9303614174146,2739.72602739726,24856154.623391494
102,1,0,498952903.12499833,1380428000.0,0.36144797347271884,907348555.8628871,1377640.3697598474,0.0013470283527370777,410958.90410958906,3515981.735159817,41917808.21917813,358630136.9863011,47238.65457262326,2419389.342598456,0,0,9997580610.657402,5948128555.862887,140780000,14078,4628.635728119108,5379.903251596201,629.1604765229066,1380.4279999999999,11.81298638180986,-8.0,1721.5690405107844,2739.72602739726,24855136.46640461
103,1,0,501447667.6406233,1379644000.0,0.3634616376692997,911307576.211173,1371655.4461194943,0.0013139684572817277,410958.90410958906,3515981.735159817,42328767.12328772,362146118.72146094,47920.290983559345,2467309.6335820155,0,0,9997532690.366419,5952007576.211173,140700000,14070,4654.249002816462,5410.210664704086,623.6823381123755,1379.644,11.886666017522254,-8.0,1731.2674127053076,2739.72602739726,24854128.007789917
104,1,0,503954905.97882634,1378860000.0,0.3654866382220286,915265906.8425831,1365723.327674435,0.00129987967179142,410958.90410958906,3515981.735159817,42739726.02739731,365662100.45662075,48610.007859483456,2515919.641441499,0,0,9997484080.358559,5955885906.842583,140620000,14062,4680.1222976621875,5440.705935778264,618.2763618839232,1378.86,11.961090887091698,-8.0,1741.0258994490443,2739.72602739726,24853129.30766197
105,1,0,506474680.5087204,1378076000.0,0.367523039737083,919223539.5936724,1359843.3309840541,0.001270024358996567,410958.90410958906,3515981.735159817,43150684.9315069,369178082.19178057,49307.88818014433,2565227.529621643,0,0,9997434772.470379,5959763539.593673,140540000,14054,4706.255685551598,5471.39039255485,612.9412929967476,1378.076,12.03626271690387,-8.0,1750.844925617552,2739.72602739726,24852140.42656019
106,1,0,509007053.91126394,1377292000.0,0.3695709071941636,923180466.2172085,1354014.7844786707,0.0012370045673492595,410958.90410958906,3515981.735159817,43561643.83561649,372694063.9269404,50014.015733333676,2615241.545354977,0,0,9997384758.454645,5963640466.217209,140460000,14046,4732.649277402468,5502.265373578935,607.6759038235318,1377.292,12.112183328349177,-8.0,1760.7249195452594,2739.72602739726,24851161.42545234
107,1,0,511552089.1808202,1376508000.0,0.3716303059486906,927136678.3813553,1348237.0282042224,0.0012211589464666914,410958.90410958906,3515981.735159817,43972602.73972608,376210045.6621002,50728.475122684526,2665970.0204776614,0,0,9997334029.979523,5967516678.381355,140380000,14038,4759.303221549373,5533.332228303583,602.4789932457898,1376.508,12.188854636769218,-8.0,1770.6663130571467,2739.72602739726,24850192.365738
108,1,0,514109849.6267243,1375724000.0,0.3737013017340137,931092167.6688492,1342509.4135735286,0.0012027767542708687,410958.90410958906,3515981.735159817,44383561.64383567,379726027.39726,51451.35177554315,2717421.3722532047,0,0,9997282578.627747,5971392167.668849,140300000,14030,4786.217703160235,5564.592317189826,597.3493859704093,1375.724,12.26627865044801,-8.0,1780.6695415007441,2739.72602739726,24849233.309252106
109,1,0,516680398.87485784,1374940000.0,0.3757839606636347,935046925.5761678,1336831.3031239298,0.0011769103581057245,410958.90410958906,3515981.735159817,44794520.54794526,383242009.1324198,52182.73195091519,2769604.10420412,0,0,9997230395.895796,5975266925.576168,140220000,14022,4813.3929436743065,5596.047011807633,592.285931866673,1374.9399999999998,12.34445746964659,-8.0,1790.7350437784423,2739.72602739726,24848284.31826849
110,1,0,519263800.86923206,1374156000.0,0.3778783492334437,939000943.5126898,1331202.0702811144,0.0011519233173269716,410958.90410958906,3515981.735159817,45205479.45205485,386757990.86757964,52922.702747487056,2822526.806951607,0,0,9997177473.193048,5979140943.51269,140140000,14014,4840.829200260964,5627.69769493791,587.2875053230543,1374.156,12.42339328567989,-8.0,1800.863262380131,2739.72602739726,24847345.455503475
111,1,0,521860119.8735782,1373372000.0,0.37998453432396917,942954212.7998476,1325621.099128955,0.001126745054950784,410958.90410958906,3515981.735159817,45616438.35616444,390273972.60273945,53671.35211172231,2876198.1590633295,0,0,9997123801.840937,5983014212.799848,140060000,14006,4868.526765298602,5659.545760675483,582.3530046231185,1373.3719999999998,12.503088380034544,-8.0,1811.0546434161545,2739.72602739726,24846416.784119494
112,1,0,524469420.47294605,1372588000.0,0.38210258320264057,946906724.670271,1320087.7841851674,0.0011059771960582464,410958.90410958906,3515981.735159817,46027397.26027403,393789954.33789927,54428.768846034705,2930626.927909364,0,0,9997069373.07209,5986886724.670271,139980000,13998,4896.48596587301,5691.592614533124,577.4813513398855,1372.588,12.58354512352658,-8.0,1821.3096366505997,2739.72602739726,24845498.367728747
113,1,0,527091767.5753107,1371804000.0,0.38423256352606544,950858470.2669234,1314601.53018263,0.0010906153801285528,410958.90410958906,3515981.735159817,46438356.16438362,397305936.0730591,55195.04261703756,2985821.9705264014,0,0,9997014178.029474,5990758470.266924,139900000,13990,4924.707163294632,5723.839673546603,572.6714897480285,1371.8039999999999,12.664765975497808,-8.0,1831.628695534913,2739.72602739726,24844590.27039689
114,1,0,529727226.4131872,1371020000.0,0.38637454334231974,954809440.6422291,1309161.7518561932,0.0010819795897391642,410958.90410958906,3515981.735159817,46849315.06849321,400821917.8082189,55970.263963870944,3041792.2344902726,0,0,9996958207.76551,5994629440.642229,139820000,13982,4953.190752634106,5756.28836638079,567.9223862533156,1371.02,12.746753483049908,-8.0,1842.0122772418526,2739.72602739726,24843692.556646734
115,1,0,532375862.5452531,1370236000.0,0.3885285910932519,958759626.7571919,1303767.8737348188,0.0010666861866460188,410958.90410958906,3515981.735159817,47260273.9726028,404337899.5433787,56754.524306606494,3098546.758796879,0,0,9996901453.241203,5998499626.757192,139740000,13974,4981.937162275518,5788.940133436804,563.2330288387141,1370.2359999999999,12.829510280315104,-8.0,1852.4608426997772,2739.72602739726,24842805.291462038
116,1,0,535037741.8579793,1369452000.0,0.39069477561680094,962709019.4805067,1298419.3299388976,0.001031919502401908,410958.90410958906,3515981.735159817,47671232.87671239,407853881.2785385,57547.91595473118,3156094.6747516105,0,0,9996843905.325249,6002369019.480507,139660000,13966,5010.94685348685,5821.796426960243,558.6024265266075,1369.452,12.913039087762538,-8.0,1862.9748566272776,2739.72602739726,24841928.54029127
117,1,0,537712930.5672691,1368668000.0,0.39287316614932843,966657609.5876604,1293115.563982593,0.0010188715170408324,410958.90410958906,3515981.735159817,48082191.78082198,411369863.01369834,58350.53211571011,3214445.2068673205,0,0,9996785554.793133,6006237609.58766,139580000,13958,5040.220320007067,5854.858711150477,554.0296088565899,1368.668,12.997342711539272,-8.0,1873.5547875681523,2739.72602739726,24841062.36905144
118,1,0,540401495.2201054,1367884000.0,0.3950638323279645,970605387.7600262,1287856.0285810656,0.0010003216174100263,410958.90410958906,3515981.735159817,48493150.68493157,414885844.74885815,59162.46690362951,3273607.67377095,0,0,9996726392.32623,6010105387.760026,139500000,13950,5069.758087649366,5888.128462271041,549.513625378325,1367.884,13.082424042845126,-8.0,1884.201107926733,2739.72602739726,24840206.844131973
119,1,0,543103502.6962059,1367100000.0,0.3972668441929675,974552344.5839478,1282640.185462442,0.0009839507966275926,410958.90410958906,3515981.735159817,48904109.58904116,418401826.48401797,59983.815347920056,3333591.4891188703,0,0,9996666408.510881,6013972344.583948,139420000,13942,5099.560713920098,5921.607168761125,545.0535451589737,1367.1,13.168286057340364,-8.0,1894.91429400356,2739.72602739726,24839362.03239858
120,1,0,545819020.2096869,1366316000.0,0.3994822721900987,978498470.549815,1277467.505184389,0.0009717943301203219,410958.90410958906,3515981.735159817,49315068.49315075,421917808.2191778,60814.673402161476,3394406.1625210317,0,0,9996605593.837479,6017838470.549815,139340000,13934,5129.628787652893,5955.296331348176,540.6484563047167,1366.316,13.254931814585461,-8.0,1905.6948260314164,2739.72602739726,24838528.00119722
121,1,0,548548115.3107352,1365532000.0,0.4017101871730104,982443756.0511316,1272337.4669551626,0.0009536866227112141,410958.90410958906,3515981.735159817,49726027.39726034,425433789.9543376,61655.13795296896,3456061.3004740006,0,0,9996543938.699526,6021703756.051132,139260000,13926,5159.962928657527,5989.197463161618,536.2974654959102,1365.532,13.34236445751203,-8.0,1916.5431882117175,2739.72602739726,24837704.818358034
122,1,0,551290855.8872888,1364748000.0,0.4039506604056491,986388191.3835721,1267249.5584590093,0.000947536815345593,410958.90410958906,3515981.735159817,50136986.30136993,428949771.6894974,62505.30682896212,3518566.607302963,0,0,9996481433.392696,6025568191.383572,139180000,13918,5190.563787383155,6023.312089847721,531.9996975354346,1364.748,13.430587211924285,-8.0,1927.4598687512707,2739.72602739726,24836892.55219939
123,1,0,554047310.1667252,1363964000.0,0.40620376356467264,990331766.7440318,1262203.2756857898,0.0009330758537883962,410958.90410958906,3515981.735159817,50547945.20547952,432465753.4246572,63365.27880981703,3581931.88611278,0,0,9996418068.113888,6029431766.744032,139100000,13910,5221.432044595419,6057.641749685609,527.7542949098099,1363.964,13.519603386030127,-8.0,1938.445359899395,2739.72602739726,24836091.271531895
124,1,0,556817546.7175587,1363180000.0,0.408469568741882,994274472.2296659,1257198.1227647138,0.0009116743624688251,410958.90410958906,3515981.735159817,50958904.10958911,435981735.15981704,64235.15363540187,3646167.0397481816,0,0,9996353832.960253,6033294472.229666,139020000,13902,5252.5684110670845,6092.18799370442,523.5604173626655,1363.1799999999998,13.609416370001131,-8.0,1949.5001579854143,2739.72602739726,24835301.045662485
125,1,0,559601634.4511465,1362396000.0,0.41074814844666785,998216297.8369204,1252233.611802065,0.0009054806958087016,410958.90410958906,3515981.735159817,51369863.0136987,439497716.89497685,65115.032014997276,3711282.071763179,0,0,9996288717.928236,6037156297.83692,138940000,13894,5283.973627281822,6126.952385801652,519.4172414801701,1362.396,13.700029635560925,-8.0,1960.6247634565286,2739.72602739726,24834521.944398545
126,1,0,562399642.6234021,1361612000.0,0.41303957560847154,1002157233.4605533,1247309.2627228093,0.0008919230524232068,410958.90410958906,3515981.735159817,51780821.91780829,443013698.63013667,66005.01563660157,3777287.0873997803,0,0,9996222712.9126,6041017233.460553,138860000,13886,5315.648463150724,6161.9365028626835,515.3239602880403,1361.6119999999999,13.791446735601015,-8.0,1971.8196809160588,2739.72602739726,24833754.038052063
127,1,0,565211640.8365191,1360828000.0,0.41534392357926136,1006097268.8926464,1242424.6031159754,0.0008757632942537917,410958.90410958906,3515981.735159817,52191780.82191788,446529680.3652965,66905.20717632164,3844192.294576102,0,0,9996155807.705423,6044877268.892647,138780000,13878,5347.593717741251,6197.1419348814925,511.2797828597583,1360.828,13.883671303823593,-8.0,1983.0854191620774,2739.72602739726,24832997.39744383
128,1,0,568037699.0407016,1360044000.0,0.4176612661360233,1010036393.8216081,1237579.1680837069,0.000866454862267011,410958.90410958906,3515981.735159817,52602739.72602747,450045662.1004563,67815.71030785028,3912008.0048839524,0,0,9996087991.995115,6048736393.821608,138700000,13870,5379.810219018229,6232.570285082584,507.2839339356447,1360.0439999999999,13.976707054410673,-8.0,1994.4224912264265,2739.72602739726,24832252.09390766
129,1,0,570877887.5359051,1359260000.0,0.4199916774832667,1013974597.8311656,1232772.5000938806,0.0008573120322106033,410958.90410958906,3515981.735159817,53013698.630137056,453561643.8356161,68736.62971203057,3980744.634595983,0,0,9996019255.365404,6052594597.831165,138620000,13862,5412.2988235965795,6268.223170044134,503.3356535524451,1359.26,14.070557781718849,-8.0,2005.831414414123,2739.72602739726,24831518.19929468
130,1,0,573732276.9735845,1358476000.0,0.4223352322555456,1017911870.3993485,1228004.1488361969,0.0008533537294010789,410958.90410958906,3515981.735159817,53424657.534246646,457077625.5707759,69668.07108650771,4050412.705682491,0,0,9995949587.294317,6056451870.399348,138540000,13854,5445.060416505478,6304.10221982238,499.43419668309815,1358.4759999999999,14.16522735999925,-8.0,2017.3127103431616,2739.72602739726,24830795.785977628
131,1,0,576600938.3584524,1357692000.0,0.42469200551999453,1021848200.8974625,1223273.671081645,0.0008446843994338654,410958.90410958906,3515981.735159817,53835616.438356236,460593607.30593574,70610.1411554695,4121022.8468379606,0,0,9995878977.153162,6060308200.897463,138460000,13846,5478.095910963615,6340.209078077247,495.5788328863682,1357.692,14.260719743142047,-8.0,2028.866904984719,2739.72602739726,24830084.926855218
132,1,0,579483943.0502447,1356908000.0,0.42706207277888014,1025783578.5890524,1218580.6305452527,0.0008381781602579903,410958.90410958906,3515981.735159817,54246575.342465825,464109589.04109555,71562.94767947531,4192585.794517436,0,0,9995807414.205482,6064163578.589052,138380000,13838,5511.406248165265,6376.545402199232,491.76884596603406,1356.908,14.357038964444932,-8.0,2040.4945287037542,2739.72602739726,24829385.695356525
133,1,0,582381362.7654959,1356124000.0,0.4294455099721677,1029717992.6288565,1213924.5977520312,0.0008234840868308114,410958.90410958906,3515981.735159817,54657534.246575415,467625570.77625537,72526.59946537514,4265112.393982811,0,0,9995734887.606018,6068017992.628857,138300000,13830,5544.992397076903,6413.1128634375655,488.0035336393379,1356.124,14.454189136405168,-8.0,2052.1961163000205,2739.72602739726,24828698.16544543
134,1,0,585293269.5793233,1355340000.0,0.43184239348010334,1033641432.0617497,1209316.8493707776,0.0008210001655701878,410958.90410958906,3515981.735159817,55068493.150685005,471141552.5114152,73501.20637631865,4338613.60035913,0,0,9995661386.399641,6071871432.061749,138230000,13823,5578.855354244077,6449.913147029669,484.2822072144077,1355.34,14.552174450534643,-7.0,2063.972207049494,2739.72602739726,24828022.411625084
135,1,0,588219735.9272199,1354654000.0,0.43422138489032613,1037563887.9734688,1204745.0903880892,0.0008114538630347399,410958.90410958906,3515981.735159817,55479452.054794595,474657534.246575,74484.72755037299,4413098.327909503,0,0,9995586901.67209,6075723887.973469,138160000,13816,5612.845074216664,6486.88558549926,480.61348871740506,1354.654,14.649541709490292,-7.0,2075.8033873597633,2739.72602739726,24827358.488985047
136,1,0,591160834.6068559,1353968000.0,0.4366135939747881,1041485349.2399632,1200208.9140401417,0.0007946638513452151,410958.90410958906,3515981.735159817,55890410.958904184,478173515.9817348,75479.37277501935,4488577.700684522,0,0,9995511422.299316,6079575349.239964,138090000,13809,5647.112077971221,6524.092872003126,476.9872059680946,1353.9679999999998,14.747732612954358,-7.0,2087.7097190410004,2739.72602739726,24826706.47267669
137,1,0,594116638.7798901,1353282000.0,0.4390190948966217,1045405804.6251062,1195707.919804671,0.0007970098306004238,410958.90410958906,3515981.735159817,56301369.863013774,481689497.7168946,76485.25412641799,4565062.954810941,0,0,9995434937.045189,6083425804.625107,138020000,13802,5681.657425308898,6561.536711275774,473.4027140331245,1353.282,14.846751324896898,-7.0,2099.6917476082476,2739.72602739726,24826066.438396905
138,1,0,597087221.9737895,1352596000.0,0.4414379622398628,1049325242.7796155,1191241.7132831193,0.0007958115017815166,410958.90410958906,3515981.735159817,56712328.767123364,485205479.45205444,77502.48476014004,4642565.439571081,0,0,9995357434.560429,6087275242.779615,137950000,13795,5716.482202463983,6599.218822222412,469.85938024157207,1352.596,14.946602084716401,-7.0,2111.750023111172,2739.72602739726,24825438.46239262
139,1,0,600072658.0836583,1351910000.0,0.4438702710118709,1053233652.2399637,1186821.174334468,0.0007850827677907842,410958.90410958906,3515981.735159817,57123287.67123295,488721461.18721426,78531.17892134095,4721096.618492422,0,0,9995278903.381508,6091123652.239964,137890000,13789,5751.587521956849,6637.140938050107,466.3565839067412,1351.9099999999999,15.047289207122367,-6.0,2123.885100176034,2739.72602739726,24824822.6214654
140,1,0,603073021.3740766,1351322000.0,0.4462837290994127,1057141023.717814,1182434.4831533858,0.0007799875123990575,410958.90410958906,3515981.735159817,57534246.57534254,492237442.92237407,79569.1614191004,4800665.779911522,0,0,9995199334.220089,6094971023.7178135,137830000,13783,5786.819430756438,6675.238926420603,462.902504335835,1351.322,15.14730930191461,-6.0,2136.076456454593,2739.72602739726,24824218.971894458
141,1,0,606088386.4809469,1350734000.0,0.4487103948526852,1061047345.5750118,1178081.2658483242,0.0007887397918884511,410958.90410958906,3515981.735159817,57945205.47945213,495753424.6575339,80618.78207154256,4881284.561983065,0,0,9995118715.438017,6098817345.575012,137770000,13777,5822.332542417136,6713.578983069592,459.4875593475438,1350.734,15.2481541088861,-6.0,2148.3452745822697,2739.72602739726,24823627.591141645
142,1,0,609118828.4133515,1350146000.0,0.4511503410841135,1064942606.056896,1173772.1759751167,0.0007741718391652977,410958.90410958906,3515981.735159817,58356164.38356172,499269406.3926937,81680.15738530652,4962964.719368371,0,0,9995037035.280632,6102662606.056896,137720000,13772,5858.128027988771,6752.162861000781,456.1111669879895,1350.146,15.349827904508912,-5.0,2160.69211552025,2739.72602739726,24823048.55722977
143,1,0,612164422.5554183,1349656000.0,0.4535707043538637,1068836795.668681,1169495.6658167767,0.0007753460914734859,410958.90410958906,3515981.735159817,58767123.28767131,502785388.1278535,82751.0274844407,5045715.746852811,0,0,9994954284.253147,6106506795.668681,137670000,13767,5894.049536532512,6790.924278762264,452.7812577702479,1349.656,15.450796866574565,-5.0,2173.095769203924,2739.72602739726,24822481.926971577
144,1,0,615225244.6681952,1349166000.0,0.45600411266530233,1072729902.4783466,1165251.38071766,0.0007819113015167207,410958.90410958906,3515981.735159817,59178082.1917809,506301369.8630133,83833.82960387164,5129549.576456683,0,0,9994870450.423544,6110349902.478347,137620000,13762,5930.254175325352,6829.93159316134,449.48858216401163,1349.166,15.552583062449468,-5.0,2185.5781098116286,2739.72602739726,24821927.779053994
145,1,0,618301370.8915361,1348676000.0,0.45845063669223457,1076611914.435091,1161049.7554784182,0.000767299538315683,410958.90410958906,3515981.735159817,59589041.09589049,509817351.59817314,84928.68252485133,5214478.258981534,0,0,9994785521.741018,6114191914.435091,137580000,13758,5966.743171162352,6869.186577041373,446.2325941209788,1348.676,15.655190725711421,-4.0,2198.1397046532393,2739.72602739726,24821386.19273125
146,1,0,621392877.7459937,1348284000.0,0.46087684623268815,1080492821.8354464,1156879.5041846035,0.0007725688951704669,410958.90410958906,3515981.735159817,60000000.00000008,513333333.33333296,86033.2389140555,5300511.49789559,0,0,9994699488.502104,6118032821.835446,137540000,13754,6003.357744758284,6908.620758909783,443.0209858485003,1348.2839999999999,15.757055588722634,-4.0,2210.758642851131,2739.72602739726,24820857.225346707
147,1,0,624499842.1347237,1347892000.0,0.46331593490778467,1084362612.448529,1152750.9208174103,0.0007688768500059894,410958.90410958906,3515981.735159817,60410958.90410967,516849315.06849277,87150.02618679436,5387661.524082384,0,0,9994612338.475918,6121872612.448529,137510000,13751,6040.2575221409525,6948.30469811669,439.844824024262,1347.8919999999998,15.859730071899317,-3.0,2223.4575033973406,2739.72602739726,24820340.95682271
148,1,0,627622341.3453972,1347598000.0,0.465734099742948,1088231276.4509099,1148652.889371722,0.0007640124159665635,410958.90410958906,3515981.735159817,60821917.80821926,520365296.8036526,88276.63688860384,5475938.160970988,0,0,9994524061.83903,6125711276.45091,137480000,13748,6077.282088781365,6988.168439787438,436.7116489939275,1347.598,15.96162970871831,-3.0,2236.21390073198,2739.72602739726,24819837.444696046
149,1,0,630760453.0521241,1347304000.0,0.4681649078842816,1092088801.4304328,1144595.5661872437,0.0007675047697393829,410958.90410958906,3515981.735159817,61232876.71232885,523881278.5388124,89415.65974643076,5565353.820717419,0,0,9994434646.179283,6129548801.430433,137460000,13746,6114.592757411929,7028.284026536597,433.6127308753321,1347.3039999999999,16.06432707383914,-2.0,2249.050888491711,2739.72602739726,24819346.76955714
150,1,0,633914255.3173847,1347108000.0,0.4705741895359427,1095945177.443669,1140568.0007787286,0.0007599240515239337,410958.90410958906,3515981.735159817,61643835.61643844,527397260.2739722,90564.62603310749,5655918.446750526,0,0,9994344081.55325,6133385177.443669,137440000,13744,6152.027472307848,7068.58000986549,430.55546244235813,1347.108,16.16621770287257,-2.0,2261.9456031569566,2739.72602739726,24818868.989132904
151,1,0,637083826.5939716,1346912000.0,0.47299587990453096,1099790391.896016,1136580.2149308107,0.0007684967404548207,410958.90410958906,3515981.735159817,62054794.52054803,530913242.009132,91726.18692259432,5747644.63367312,0,0,9994252355.366327,6137220391.896016,137430000,13743,6189.749237050401,7109.129926627922,427.53131042247844,1346.912,16.26889414376417,-1.0,2274.921576520935,2739.72602739726,24818404.18468203
152,1,0,640269245.7269413,1346814000.0,0.4753954486120142,1103634434.7240245,1132621.4194400248,0.0007632969856919387,410958.90410958906,3515981.735159817,62465753.42465762,534429223.74429184,92897.81126071703,5840542.444933837,0,0,9994159457.555067,6141054434.724025,137420000,13742,6227.594349328538,7149.860825167696,424.54752416084193,1346.8139999999999,16.370732152111977,-1.0,2287.9554640536626,2739.72602739726,24817952.41411869
153,1,0,643470591.955576,1346716000.0,0.47780719316884623,1107467293.1494863,1128701.5045339928,0.0005677098763237379,410958.90410958906,3515981.735159817,62876712.32876721,537945205.4794517,94082.21380751627,5934624.658741353,0,0,9994065375.341259,6144887293.149487,137420000,13742,6265.727507353602,7190.8477468980345,421.59576045556776,1346.716,16.473344051839266,0.0,2301.071279007371,2739.72602739726,24817513.7593703
154,1,0,646687944.9153538,1346716000.0,0.48019622913469046,1111298956.9889302,1124809.8381977202,0.0005755887468393276,410958.90410958906,3515981.735159817,63287671.2328768,541461187.2146115,95276.79982553785,6029901.458566891,0,0,9993970098.541433,6148718956.98893,137420000,13742,6303.983357419431,7232.016228194421,418.68312922501025,1346.716,16.575086053053823,0.0,2314.245193022215,2739.72602739726,24817088.27853593
155,1,0,649921384.6399305,1346716000.0,0.48259721028036384,1115119413.2793965,1120956.1820145827,0.000775955881253458,410958.90410958906,3515981.735159817,63698630.13698639,544977168.9497714,96484.34880294882,6126385.807369839,0,0,9993873614.19263,6152549413.279396,137430000,13743,6342.52829575436,7273.442824678975,415.8014710753858,1346.716,16.67759004206483,1.0,2327.501703897272,2739.72602739726,24816676.05421243
156,1,0,653170991.56313,1346814000.0,0.48497490489639256,1118928651.7174044,1117140.0411290145,0.0007682859693766331,410958.90410958906,3515981.735159817,64109589.04109598,548493150.6849313,97702.20126153946,6224088.008631378,0,0,9993775911.99137,6156378651.717404,137450000,13745,6381.195313048163,7315.05155268357,412.9577603645934,1346.8139999999999,16.77919293447852,2.0,2340.816496858742,2739.72602739726,24816277.144681893
157,1,0,656436846.5209455,1347010000.0,0.48732885911830315,1122736661.9724538,1113351.0130541034,0.0007750985524702351,410958.90410958906,3515981.735159817,64520547.94520557,552009132.4200912,98930.3842197682,6323018.392851147,0,0,9993676981.60715,6160206661.972454,137470000,13747,6419.983280869689,7356.841935663201,410.1513452064886,1347.01,16.87986983294228,2.0,2354.189419412224,2739.72602739726,24815891.60807391
158,1,0,659719030.7535502,1347206000.0,0.48969424924885296,1126533430.83584,1109598.6730483149,0.0007742526533128721,410958.90410958906,3515981.735159817,64931506.84931516,555525114.155251,100171.77588314745,6423190.168734294,0,0,9993576809.831266,6164033430.83584,137500000,13750,6459.061141201722,7398.892808825961,407.3743323757617,1347.206,16.981281496938948,3.0,2367.6456988243076,2739.72602739726,24815519.527745336
159,1,0,663017625.9073179,1347500000.0,0.4920353439015346,1130318947.8578248,1105882.5496723803,0.0007762027936347001,410958.90410958906,3515981.735159817,65342465.75342475,559041095.8904109,101423.61728453745,6524613.786018832,0,0,9993475386.213982,6167858947.857824,137540000,13754,6498.259405789737,7441.125904058019,404.633501731718,1347.5,17.081736789095697,4.0,2381.160289298566,2739.72602739726,24815160.96200724
160,1,0,666332714.0368544,1347892000.0,0.4943517092147252,1134103202.5627725,1102192.46112289,0.000776250209639351,410958.90410958906,3515981.735159817,65753424.65753434,562557077.6255708,102685.93432174306,6627299.720340575,0,0,9993372700.27966,6171683202.562773,137580000,13758,6537.576984203093,7483.5407447805155,401.92823942257763,1347.8919999999998,17.181211602620685,4.0,2394.733038329765,2739.72602739726,24814815.969018172
161,1,0,669664377.6070386,1348284000.0,0.4966790213390047,1137876181.4958692,1098537.8025548833,0.0007742201178901027,410958.90410958906,3515981.735159817,66164383.56164393,566073059.3607306,103961.7061727613,6731261.426513337,0,0,9993268738.573486,6175506181.495869,137630000,13763,6577.185352050973,7526.218446839477,399.25090521149576,1348.2839999999999,17.2813945993164,5.0,2408.3899029886325,2739.72602739726,24814484.632893767
162,1,0,673012699.4950738,1348774000.0,0.4989810742904844,1141637874.0630062,1094918.1245637503,0.0007805336789864227,410958.90410958906,3515981.735159817,66575342.46575352,569589041.0958905,105248.07213237169,6836509.498645708,0,0,9993163490.501354,6179327874.063006,137690000,13769,6616.9125557550215,7569.078463264162,396.60809249085975,1348.774,17.38056769506745,6.0,2422.1051082445315,2739.72602739726,24814167.011974618
163,1,0,676377762.9925491,1349362000.0,0.5012574557402306,1145398269.6452756,1091323.4576363843,0.00078981137220813,410958.90410958906,3515981.735159817,66986301.36986311,573105022.8310504,106545.05699993199,6943054.55564564,0,0,9993056945.444355,6183148269.645275,137750000,13775,6656.757544906103,7612.120322130835,393.9992227752679,1349.3619999999999,17.478707664135325,6.0,2435.878503081867,2739.72602739726,24813863.164450303
164,1,0,679759651.8075117,1349950000.0,0.5035443177951122,1149147354.541403,1087763.0227838436,0.0007857203909191856,410958.90410958906,3515981.735159817,67397260.27397269,576621004.5662103,107855.74314191347,7050910.298787554,0,0,9992949089.701212,6186967354.541403,137820000,13782,6696.894313576404,7655.42741711177,391.4168964646333,1349.95,17.577530025252848,7.0,2449.7367734757668,2739.72602739726,24813573.175196383
165,1,0,683158450.0665492,1350636000.0,0.5058050059872158,1152885118.0147548,1084236.3913522356,0.0007942561946787405,410958.90410958906,3515981.735159817,67808219.17808227,580136986.3013701,109177.16591774816,7160087.464705302,0,0,9992839912.535295,6190785118.014755,137900000,13790,6737.148460127562,7698.91693201206,388.86752811550235,1350.636,17.67529092308878,8.0,2463.653418243859,2739.72602739726,24813297.10258723
166,1,0,686574242.3168819,1351420000.0,0.5080391309266415,1156621549.3049657,1080733.7981478567,0.0007887006622613869,410958.90410958906,3515981.735159817,68219178.08219185,583652968.03653,110509.34905849549,7270596.813763798,0,0,9992729403.186235,6194601549.304966,137980000,13798,6777.518976482356,7742.588404323775,386.3505721585812,1351.4199999999998,17.771968099114122,8.0,2477.628289383608,2739.72602739726,24813035.004849218
167,1,0,690007113.5284662,1352204000.0,0.5102832956628336,1160346634.4639442,1077264.2957485612,0.0008008191547343168,410958.90410958906,3515981.735159817,68630136.98630144,587168949.7716899,111855.4802908816,7382452.29405468,0,0,9992617547.705946,6198416634.463944,138070000,13807,6818.182356897163,7786.527498853062,383.8588580441006,1352.204,17.8693028124296,9.0,2491.6887996329797,2739.72602739726,24812786.967621457
168,1,0,693457149.0961084,1353086000.0,0.5125004242864891,1164060362.6143153,1073827.4750569551,0.0007981611564033794,410958.90410958906,3515981.735159817,69041095.89041102,590684931.5068498,113212.48889829511,7495664.782952975,0,0,9992504335.217047,6202230362.614315,138170000,13817,6858.961772562513,7830.649143816398,381.3986287461156,1353.086,17.965526676540215,10.0,2505.807726021247,2739.72602739726,24812553.049320083
169,1,0,696924434.8415889,1354066000.0,0.5146901516185982,1167762722.8560033,1070422.9339868652,0.0008027212197018292,410958.90410958906,3515981.735159817,69452054.7945206,594200913.2420096,114580.39758124705,7610245.180534221,0,0,9992389754.819466,6206042722.856003,138280000,13828,6899.856260275646,7874.952890916908,378.9693693587377,1354.066,18.060618481112932,11.0,2519.9849250934103,2739.72602739726,24812333.308217783
170,1,0,700409057.0157968,1355144000.0,0.5168521256898136,1171463704.266701,1067041.1686228672,0.0008035245572257936,410958.90410958906,3515981.735159817,69863013.69863018,597716894.9771695,115959.22857158171,7726204.409105803,0,0,9992273795.590895,6209853704.266701,138390000,13839,6940.864879588855,7919.438303865725,376.57057572312914,1355.144,18.154557623543354,11.0,2534.220257237032,2739.72602739726,24812127.802447625
171,1,0,703911102.3008757,1356222000.0,0.5190235096472965,1175153292.5929797,1063691.0162093698,0.0008057854683019551,410958.90410958906,3515981.735159817,70273972.60273977,601232876.7123294,117352.31299073849,7843556.722096541,0,0,9992156443.277903,6213663292.592979,138510000,13851,6982.167418875844,7964.194052188279,374.1953666875655,1356.222,18.24911778296969,12.0,2548.542096700249,2739.72602739726,24811936.61851693
172,1,0,707430657.81238,1357398000.0,0.5211667158875878,1178831476.7968302,1060372.0927070638,0.000812233917953934,410958.90410958906,3515981.735159817,70684931.50684935,604748858.4474893,118756.43541884489,7962313.157515386,0,0,9992037686.842485,6217471476.79683,138640000,13864,7023.583863648334,8009.132095525558,371.84976812277637,1357.398,18.342500239908574,13.0,2562.922270568178,2739.72602739726,24811759.814760104
173,1,0,710967811.1014417,1358672000.0,0.5232814182535901,1182498245.8189642,1057084.0205638523,0.0008195294577836602,410958.90410958906,3515981.735159817,71095890.41095893,608264840.1826491,120171.61713517498,8082484.774650561,0,0,9991917515.22535,6221278245.818964,138780000,13878,7065.113322665638,8054.252018932157,369.53330373348206,1358.672,18.434685548524392,14.0,2577.36064605829,2739.72602739726,24811597.449378766
174,1,0,714522650.1569489,1360044000.0,0.5253673044084963,1186163588.5792387,1053817.544253939,0.0008236387500032699,410958.90410958906,3515981.735159817,71506849.31506851,611780821.917809,121597.87899489581,8204082.653645457,0,0,9991795917.346355,6225083588.579239,138920000,13892,7106.754929591772,8099.553422575552,367.2455070162202,1360.0439999999999,18.525654914419928,14.0,2591.8570952241766,2739.72602739726,24811449.580446593
175,1,0,718095263.4077336,1361416000.0,0.5274620420266352,1189817490.5196877,1050581.294996797,0.0008306484090135533,410958.90410958906,3515981.735159817,71917808.2191781,615296803.6529689,123038.69882025532,8327121.352465712,0,0,9991672878.647533,6228887490.519688,139070000,13907,7148.691704162048,8145.1279361090565,364.9797680529927,1361.416,18.617211802290537,15.0,2606.440939554898,2739.72602739726,24811316.29535875
176,1,0,721685739.7247721,1362886000.0,0.5295275905136395,1193459940.4456193,1047374.9119164253,0.0008303589563331043,410958.90410958906,3515981.735159817,72328767.12328768,618812785.3881288,124490.71333764297,8451612.065803355,0,0,9991548387.934196,6232689940.44562,139230000,13923,7190.740517420521,8190.884610285862,362.74190713465936,1362.886,18.707530011733166,16.0,2621.083075291476,2739.72602739726,24811197.652406648
177,1,0,725294168.4233959,1364454000.0,0.5315636646038605,1197090927.142348,1044198.0401471818,0.0008398750476495418,410958.90410958906,3515981.735159817,72739726.02739726,622328767.1232886,125953.94254057402,8577566.00834393,0,0,9991422433.991655,6236490927.142348,139400000,13940,7232.900556695902,8236.823073578678,360.5314831172238,1364.454,18.79659199797276,17.0,2635.7833835451775,2739.72602739726,24811093.709762797
178,1,0,728920639.2655128,1366120000.0,0.5335699933135544,1200720439.3755698,1041041.6604968185,0.0008365890698299898,410958.90410958906,3515981.735159817,73150684.93150684,625844748.8584485,127428.40604762222,8704994.414391551,0,0,9991295005.585608,6240290439.37557,139570000,13957,7275.1710363578395,8282.94297256563,358.34806379220896,1366.12,18.884380904188582,17.0,2650.5417512210015,2739.72602739726,24811004.525486622
179,1,0,732565242.4618403,1367786000.0,0.5355846912176614,1204338462.2833412,1037914.2069664538,0.0008427281821017413,410958.90410958906,3515981.735159817,73561643.83561642,629360730.5936084,128917.73149789035,8833912.145889442,0,0,9991166087.85411,6244088462.283341,139750000,13975,7317.738135777599,8329.338842026264,356.18529375133505,1367.7859999999998,18.972727197128687,18.0,2665.3884294484046,2739.72602739726,24810930.187888674
180,1,0,736228068.6741494,1369550000.0,0.5375693247228283,1207944984.517779,1034815.3401199989,0.0008551637958721853,410958.90410958906,3515981.735159817,73972602.739726,632876712.3287683,130418.40483147171,8964330.550720913,0,0,9991035669.44928,6247884984.517779,139940000,13994,7360.415691990166,8375.9168934987,354.04879849146687,1369.55,19.05978016090607,19.0,2680.293405919584,2739.72602739726,24810870.7552672
181,1,0,739909209.0175201,1371412000.0,0.5395236508193891,1211539994.7121415,1031744.7260971429,0.000849597852305242,410958.90410958906,3515981.735159817,74383561.64383559,636392694.0639281,131930.44490698038,9096260.995627893,0,0,9990903739.004372,6251679994.712141,140140000,14014,7403.202977468607,8422.6768085486,351.9381689200065,1371.412,19.14552426386712,20.0,2695.256578735552,2739.72602739726,24810826.28581854
182,1,0,743608755.0626076,1373372000.0,0.541447441088509,1215123481.48115,1028702.0365011385,0.0008589065148934869,410958.90410958906,3515981.735159817,74794520.54794517,639908675.799088,133453.8702609043,9229714.865888797,0,0,9990770285.134111,6255473481.48115,140350000,14035,7446.0992937959545,8469.618289685042,349.853004110912,1373.3719999999998,19.229944691096183,21.0,2710.2778526992133,2739.72602739726,24810796.837643843
183,1,0,747326798.8379205,1375430000.0,0.5433404817678257,1218705433.421292,1025678.5320886497,0.0008592674724065205,410958.90410958906,3515981.735159817,75205479.45205475,643424657.5342479,134988.69912725125,9364703.565016048,0,0,9990635296.434984,6259265433.421292,140560000,14056,7489.103972347699,8516.741061237899,347.7929111097995,1375.4299999999998,19.31302735191811,21.0,2725.357139596128,2739.72602739726,24810782.468756042
184,1,0,751063432.83211,1377488000.0,0.5452413616903451,1222275835.310378,1022682.4125035526,0.0008754881064963399,410958.90410958906,3515981.735159817,75616438.35616434,646940639.2694077,136538.75018341665,9501242.315199465,0,0,9990498757.684801,6263055835.310378,140780000,14078,7532.407022816451,8564.143191269119,345.7518315473321,1377.4879999999998,19.396632297968917,22.0,2740.525821206118,2739.72602739726,24810783.268549852
185,1,0,754818749.9962705,1379644000.0,0.5471112475365171,1225834675.6324859,1019713.3633497992,0.000872277786239115,410958.90410958906,3515981.735159817,76027397.26027392,650456621.0045676,138100.31716151335,9639342.632360978,0,0,9990360657.36764,6266844675.632486,141010000,14101,7575.818628424766,8611.727466252985,343.73516217177996,1379.644,19.478882785709402,23.0,2755.752789200955,2739.72602739726,24810799.295311656
186,1,0,758592843.7462518,1381898000.0,0.548949954154541,1229381942.8540676,1016771.0753080356,0.0008659562120621776,410958.90410958906,3515981.735159817,76438356.1643835,653972602.7397275,139673.4176875942,9779016.050048573,0,0,9990220983.949951,6270631942.854068,141250000,14125,7619.338184381509,8659.493653761612,341.74253061989634,1381.898,19.55976612106338,24.0,2771.0379692037154,2739.72602739726,24810830.607253466
187,1,0,762385807.964983,1384250000.0,0.5507573111540423,1232917625.4241958,1013855.2440354149,0.0008802730428514739,410958.90410958906,3515981.735159817,76849315.06849308,657488584.4748874,141258.06914113433,9920274.119189708,0,0,9990079725.88081,6274417625.424196,141500000,14150,7662.965117584692,8707.441545756838,339.77357182785545,1384.25,19.639270352109982,25.0,2786.3812946421876,2739.72602739726,24810877.262520712
188,1,0,766197737.0048078,1386700000.0,0.552533162908205,1236451711.77479,1010957.3937228614,0.000883464845030367,410958.90410958906,3515981.735159817,77260273.97260267,661004566.2100472,142854.28867518748,10063128.407864895,0,0,9989936871.592134,6278201711.77479,141750000,14175,7706.69888723008,8755.570959369743,337.82792786033684,1386.7,19.717384273090076,25.0,2801.7827069983177,2739.72602739726,24810939.319200315
189,1,0,770028725.6898317,1389150000.0,0.5543164710001308,1239974186.3242805,1008085.5019292391,0.0008743383522086338,410958.90410958906,3515981.735159817,77671232.87671225,664520547.9452071,144466.08977898821,10207594.497643882,0,0,9989792405.502356,6281984186.324281,142010000,14201,7750.733174255385,8803.98335896078,335.8998152946044,1389.1499999999999,19.795992405932665,26.0,2817.2746748674494,2739.72602739726,24811016.867847785
190,1,0,773878869.3182808,1391698000.0,0.5560681048031116,1243485037.3929315,1005239.277040872,0.0008876618389751027,410958.90410958906,3515981.735159817,78082191.78082183,668036529.680367,146089.57061836886,10353684.068262251,0,0,9989646315.931738,6285765037.392931,142280000,14228,7794.874681807927,8852.578265061406,333.99441674652127,1391.6979999999999,19.87319724767603,27.0,2832.8250448196495,2739.72602739726,24811109.966865208
191,1,0,777748263.6648722,1394344000.0,0.5577879373130821,1246984253.2843025,1002418.4320754387,0.0008816849534795651,410958.90410958906,3515981.735159817,78493150.68493141,671552511.4155269,147724.74789839008,10501408.816160642,0,0,9989498591.18384,6289544253.284303,142560000,14256,7839.122938077647,8901.355545412644,332.11139266500356,1394.3439999999998,19.948989026777586,28.0,2848.4337745320454,2739.72602739726,24811218.674612343
192,1,0,781637004.9831965,1397088000.0,0.5594758561974597,1250471822.285417,999622.6845923305,0.0008861817320816796,410958.90410958906,3515981.735159817,78904109.589041,675068493.1506867,149371.63815481932,10650780.454315461,0,0,9989349219.545685,6293321822.285418,142850000,14285,7883.477505210316,8950.315095172064,330.2504100382515,1397.088,20.023358724773914,29.0,2864.10083045506,2739.72602739726,24811343.049415402
193,1,0,785545190.0081124,1399930000.0,0.5611317637368386,1253957732.666912,996843.8069611145,0.0008962204305474442,410958.90410958906,3515981.735159817,79315068.49315058,678584474.8858466,151030.25777423568,10801810.712089697,0,0,9989198189.28791,6297097732.666912,143140000,14314,7927.9379798253685,8999.456837581893,328.41114224347683,1399.9299999999998,20.09629807682031,29.0,2879.8261880262053,2739.72602739726,24811483.149576034
194,1,0,789472915.9581529,1402772000.0,0.5627948917986336,1257431968.487828,994089.5661363266,0.0008937984142714305,410958.90410958906,3515981.735159817,79726027.39726016,682100456.6210065,152704.81835331966,10954515.530443016,0,0,9989045484.469557,6300871968.487828,143440000,14344,7972.701539186774,9048.885478411681,326.58806077509274,1402.772,20.169710823755263,30.0,2895.6433530917375,2739.72602739726,24811639.066901732
195,1,0,793420280.5379436,1405712000.0,0.5644259140833567,1260894517.907469,991359.69127256,0.0009039070854710314,410958.90410958906,3515981.735159817,80136986.30136974,685616438.3561664,154391.2196283319,11108906.750071349,0,0,9988891093.24993,6304644517.907469,143750000,14375,8017.57159419942,9098.497446589381,324.78614761003917,1405.712,20.241684012085763,31.0,2911.5191829086016,2739.72602739726,24811810.860057246
196,1,0,797387381.9406332,1408750000.0,0.5660247609161548,1264345369.0690386,988653.915757536,0.0008915608049622125,410958.90410958906,3515981.735159817,80547945.20547932,689132420.0913262,156089.47769985482,11264996.227771204,0,0,9988735003.772228,6308415369.069038,144070000,14407,8062.5478148772345,9148.29272230151,323.0050925757242,1408.75,20.31221081529769,32.0,2927.453671136483,2739.72602739726,24811998.587700985
197,1,0,801374318.8503363,1411886000.0,0.5675913769598511,1267784510.0997322,985971.9771317279,0.0009011533016343604,410958.90410958906,3515981.735159817,80958904.1095889,692648401.8264861,157799.60857581205,11422795.836347016,0,0,9988577204.163652,6312184510.099732,144400000,14440,8107.629907077915,9198.271315707112,321.24459137080277,1411.886,20.38128515673043,33.0,2943.4468210262758,2739.72602739726,24812202.308494616
198,1,0,805381190.444588,1415120000.0,0.5691257211010995,1271221929.1108105,983305.8818253373,0.0009089635879731648,410958.90410958906,3515981.735159817,81369863.01369849,696164383.561646,159521.62819098585,11582317.464538,0,0,9988417682.535461,6315951929.11081,144730000,14473,8152.817612918102,9248.433267485378,319.5043454327247,1415.12,20.44890170680461,33.0,2959.498645595321,2739.72602739726,24812422.081112817
199,1,0,809408096.3968108,1418354000.0,0.5706671933782475,1274647609.8010128,980663.1969404873,0.0009093922268311798,410958.90410958906,3515981.735159817,81780821.91780807,699680365.2968059,161259.94906717146,11743577.413605172,0,0,9988256422.586395,6319717609.801013,145070000,14507,8198.311417273679,9298.886354300346,317.7790629733323,1418.354,20.516978111027704,34.0,2975.6436333761103,2739.72602739726,24812657.9987188
200,1,0,813455136.8787948,1421686000.0,0.5721763714904661,1278061540.1701565,978043.6705994545,0.0009080263797337336,410958.90410958906,3515981.735159817,82191780.82191765,703196347.0319657,163010.27012563669,11906587.683730809,0,0,9988093412.316269,6323481540.1701565,145420000,14542,8243.911638195248,9349.524100393337,316.0735378019108,1421.686,20.583591244001784,35.0,2991.847712125868,2739.72602739726,24812910.12040353
201,1,0,817522412.5631887,1425116000.0,0.5736532412541777,1281463708.2022524,975447.0548008103,0.000904303199983447,410958.90410958906,3515981.735159817,82602739.72602724,706712328.7671256,164772.60717350716,12071360.290904317,0,0,9987928639.709095,6327243708.202252,145780000,14578,8289.6180946987,9400.346608591717,314.3874861069839,1425.116,20.648737186773552,36.0,3008.11091474935,2739.72602739726,24813178.50529088
202,1,0,821610024.6260046,1428644000.0,0.5750978022698479,1284854101.8655229,972873.1053472102,0.0009047262507812864,410958.90410958906,3515981.735159817,83013698.63013682,710228310.5022855,166546.97599899126,12237907.26690331,0,0,9987762092.733097,6331004101.865522,146150000,14615,8335.430643108812,9451.354013749025,312.7206293597857,1428.644,20.71241275373456,37.0,3024.433284399688,2739.72602739726,24813463.212547883
203,1,0,825718074.7491345,1432270000.0,0.5765100677589662,1288242709.1124024,970314.0496415155,0.0009047119863763688,410958.90410958906,3515981.735159817,83424657.5342464,713744292.2374454,168333.39238982182,12406240.65929313,0,0,9987593759.340708,6334762709.112402,146520000,14652,8381.3491773649,9502.546483167665,311.07269419723485,1432.27,20.77461548680143,37.0,3040.8148746136526,2739.72602739726,24813764.3013951
204,1,0,829846665.1228801,1435896000.0,0.5779295054257969,1291619513.279529,967777.2650137178,0.0009127552726309416,410958.90410958906,3515981.735159817,83835616.43835598,717260273.9726052,170136.4721427393,12576377.13143587,0,0,9987423622.868565,6338519513.27953,146900000,14690,8427.577289757295,9554.034680781322,309.43860897597284,1435.896,20.837271632296474,38.0,3057.291097850023,2739.72602739726,24814081.866465554
205,1,0,833995898.4484944,1439620000.0,0.5793166936056003,1294984502.2073681,965262.5169407991,0.0009075788674094385,410958.90410958906,3515981.735159817,84246575.34246556,720776255.7077651,171951.71143025064,12748328.842866119,0,0,9987251671.157133,6342274502.207368,147290000,14729,8473.912413789174,9605.709422911848,307.82299087732713,1439.62,20.898453074856484,39.0,3073.8270153317917,2739.72602739726,24814415.96745349
206,1,0,838165877.9407368,1443442000.0,0.5806716708677846,1298337663.7205756,962769.5744556581,0.0009053035707131545,410958.90410958906,3515981.735159817,84657534.24657515,724292237.442925,173779.12606190422,12922107.968928022,0,0,9987077892.031073,6346027663.720575,147690000,14769,8520.354522828984,9657.570943036008,306.2255797929781,1443.442,20.95815871036818,40.0,3090.4227017715225,2739.72602739726,24814766.664127868
207,1,0,842356707.3304404,1447362000.0,0.5819944888220365,1301688985.6279478,960290.8327575648,0.0009123786368769764,410958.90410958906,3515981.735159817,85068493.15068473,727808219.1780849,175618.73189717057,13097726.700825192,0,0,9986902273.299175,6349778985.627948,148090000,14809,8566.903628573931,9709.619508196338,304.6461203775928,1447.3619999999999,21.016388139576996,40.0,3107.0782426228284,2739.72602739726,24815134.016343094
208,1,0,846568490.8670925,1451282000.0,0.5833245991248376,1305028450.95828,957833.5239221328,0.0009093840470797103,410958.90410958906,3515981.735159817,85479452.05479431,731324200.9132447,177475.30893699103,13275202.009762183,0,0,9986724797.990238,6353528450.958281,148500000,14850,8613.765661116195,9761.967955204404,303.07970591178963,1451.282,21.075070746153557,41.0,3123.8297456654095,2739.72602739726,24815518.120061364
209,1,0,850801333.3214278,1455300000.0,0.5846226436620819,1308356047.4075983,955397.4260116621,0.0009092758445424383,410958.90410958906,3515981.735159817,85890410.9589039,734840182.6484046,179344.1899511774,13454546.19971336,0,0,9986545453.800287,6357276047.4075985,148920000,14892,8660.735890497303,9814.505070808045,301.5308196892565,1455.3,21.132277835540012,42.0,3140.6416226585743,2739.72602739726,24815919.035656627
210,1,0,855055339.9880348,1459416000.0,0.5858886979367328,1311671762.655945,952982.3204160032,0.0009086436832807121,410958.90410958906,3515981.735159817,86301369.86301348,738356164.3835645,181225.39092250864,13635771.59063587,0,0,9986364228.409365,6361021762.655945,149350000,14935,8707.814409061804,9867.231190492443,299.99921856936146,1459.416,21.188010302826882,43.0,3157.5139809575817,2739.72602739726,24816336.82361019
211,1,0,859330616.6879749,1463630000.0,0.5871228498240504,1314985584.367284,950580.7629073433,0.0009166054436068648,410958.90410958906,3515981.735159817,86712328.76712306,741872146.1187243,183118.92793042137,13818890.518566292,0,0,9986181109.481434,6364765584.367284,149780000,14978,8755.001347949194,9920.146684140556,298.4846638086367,1463.6299999999999,21.242269719519303,43.0,3174.446938924978,2739.72602739726,24816771.54452172
212,1,0,863627269.7714148,1467844000.0,0.5883644786308455,1318287495.2600877,948199.8460080943,0.00091292913915321,410958.90410958906,3515981.735159817,87123287.67123264,745388127.8538842,185029.74646562582,14003920.265031917,0,0,9985996079.734968,6368507495.260088,150220000,15022,8802.504849965206,9973.366445236885,296.9824047283206,1467.8439999999998,21.296985576824408,44.0,3191.477262475803,2739.72602739726,24817223.2957568
213,1,0,867945406.1202717,1472156000.0,0.5895743427464696,1321577482.884552,945839.3595445411,0.0009135519624351191,410958.90410958906,3515981.735159817,87534246.57534222,748904109.5890441,186953.01480509696,14190873.279837014,0,0,9985809126.720163,6372247482.884552,150670000,15067,8850.118148602047,10026.77735146707,295.49679713497846,1472.156,21.350231488003736,45.0,3208.568752469462,2739.72602739726,24817692.13848187
214,1,0,872285133.150873,1476566000.0,0.5907525523077688,1324855534.7745774,943499.0964601265,0.0009051453702822722,410958.90410958906,3515981.735159817,87945205.4794518,752420091.324204,188888.74924397506,14379762.029080989,0,0,9985620237.970919,6375985534.774577,151130000,15113,8897.841456319737,10080.379842783099,294.027613536639,1476.566,21.40201024717592,46.0,3225.7215496905915,2739.72602739726,24818178.134004164
215,1,0,876646558.8166273,1481074000.0,0.591899229084183,1328131638.4476302,941171.766272399,0.0009070698173964114,410958.90410958906,3515981.735159817,88356164.38356139,755936073.0593638,190836.96621651002,14570598.995297499,0,0,9985429401.004702,6379721638.44763,151590000,15159,8945.675024596874,10134.174394091164,292.57463050571107,1481.0739999999998,21.452325291461854,46.0,3242.935806109172,2739.72602739726,24818681.34378288
216,1,0,881029791.6107103,1485582000.0,0.5930536258588959,1331395776.3090906,938864.327379252,0.0008984769589892585,410958.90410958906,3515981.735159817,88767123.28767097,759452054.7945237,192802.77780898637,14763401.773106486,0,0,9985236598.226894,6383455776.309091,152060000,15206,8993.829081761665,10188.277836642399,291.1332451192668,1485.5819999999999,21.50310327856435,47.0,3260.2489077255677,2739.72602739726,24819201.86666321
217,1,0,885434940.5687637,1490188000.0,0.5941766680236076,1334647935.761486,936576.5806147383,0.0009057828774179635,410958.90410958906,3515981.735159817,89178082.19178055,762968036.5296836,194781.1868739976,14958182.959980484,0,0,9985041817.04002,6387187935.761486,152540000,15254,9042.094952661058,10242.57526093235,289.70769172870877,1490.1879999999999,21.552422904582464,48.0,3277.6240834983523,2739.72602739726,24819739.76471931
218,1,0,889862115.2716074,1494892000.0,0.5952684978390461,1337898104.190612,934301.3463317701,0.0008974107564995475,410958.90410958906,3515981.735159817,89589041.09589013,766484018.2648435,196772.21014340295,15154955.170123886,0,0,9984845044.829876,6390918104.190612,153020000,15302,9090.47297024165,10297.067212950165,288.29775729148423,1494.8919999999998,21.600288747462653,48.0,3295.0615081440524,2739.72602739726,24820295.10020006
219,1,0,894311425.8479654,1499596000.0,0.5963682390777019,1341136263.7444177,932045.4854527934,0.0008893501207993707,410958.90410958906,3515981.735159817,89999999.99999972,770000000.0000033,198781.08546375524,15353736.255587641,0,0,9984646263.744411,6394646263.744417,153510000,15351,9139.174843499319,10351.871899163736,286.8989443355823,1499.596,21.648623475630497,49.0,3312.5990077323954,2739.72602739726,24820867.9731804
220,1,0,898782982.977205,1504398000.0,0.5974369701217398,1344362401.692693,929808.8063353531,0.0008988084135547214,410958.90410958906,3515981.735159817,90410958.9041093,773515981.7351632,200802.69099397908,15554538.94658162,0,0,9984445461.05342,6398372401.692693,154010000,15401,9187.990539009492,10406.873139465244,285.5153995442476,1504.398,21.695511130147576,50.0,3330.199404628878,2739.72602739726,24821458.44655763
221,1,0,903276897.8920909,1509298000.0,0.598474852475847,1347586505.2881536,927584.2367779755,0.0008921866996913438,410958.90410958906,3515981.735159817,90821917.80821888,777031963.4703231,202837.0438087584,15757375.990390379,0,0,9984242624.00961,6402096505.288154,154510000,15451,9236.92047098588,10462.071551304603,284.14691968127795,1509.298,21.740957370321063,50.0,3347.862896417473,2739.72602739726,24822066.58342665
222,1,0,907793282.3815513,1514198000.0,0.5995208568374488,1350798556.4191587,925378.5429810089,0.000885300479848697,410958.90410958906,3515981.735159817,91232876.71232846,780547945.205483,204889.5082643461,15962265.498654725,0,0,9984037734.501345,6405818556.419159,155020000,15502,9286.177768349557,10517.586659659337,282.7891086902197,1514.1979999999999,21.786879554290817,51.0,3365.627731090988,2739.72602739726,24822692.485130347
223,1,0,912332248.7934589,1519196000.0,0.6005362367946327,1353998542.2212977,923191.5404793036,0.0008852281422135437,410958.90410958906,3515981.735159817,91643835.61643805,784063926.9406428,206954.83713028414,16169220.335785009,0,0,9983830779.664215,6409538542.221298,155540000,15554,9335.551099663327,10573.30107105168,281.44602861164805,1519.196,21.83136829989251,52.0,3383.4563427365374,2739.72602739726,24823336.21544569
224,1,0,916893910.0374261,1524292000.0,0.601521171821033,1357196449.8127034,921016.2612586516,0.0008820202908822049,410958.90410958906,3515981.735159817,92054794.52054763,787579908.6758027,209033.04786383722,16378253.383648846,0,0,9983621746.616352,6413256449.812703,156060000,15606,9385.040960012153,10629.215474537212,280.1174854749407,1524.292,21.874430285736466,52.0,3401.3489518519077,2739.72602739726,24823997.838370144
225,1,0,921478379.5876131,1529388000.0,0.6025144564934556,1360382260.8199377,918859.3794560388,0.0008881484595636504,410958.90410958906,3515981.735159817,92465753.42465721,791095890.4109626,211129.63203491952,16589383.015683766,0,0,9983410616.984316,6416972260.819938,156590000,15659,9434.861837639382,10685.450656842542,278.7991807968387,1529.388,21.917976287221737,53.0,3419.344210189613,2739.72602739726,24824677.456552938
226,1,0,926085771.4855511,1534582000.0,0.6034775407801937,1363555962.2428422,916720.7174569874,0.0008753679581186526,410958.90410958906,3515981.735159817,92876712.3287668,794611872.1461225,213239.21636490978,16802622.232048675,0,0,9983197377.767952,6420685962.242842,157130000,15713,9484.801162960954,10741.88806808633,277.4950948746249,1534.5819999999999,21.960104679385232,54.0,3437.4041817876255,2739.72602739726,24825375.134707328
227,1,0,930716200.3429788,1539874000.0,0.6044106208319504,1366727541.0633838,914593.4083010043,0.0008720503142870779,410958.90410958906,3515981.735159817,93287671.23287638,798127853.8812823,215361.81872773953,17017984.050776415,0,0,9982982015.949224,6424397541.063384,157670000,15767,9534.859511355644,10798.528468858069,276.2050424975746,1539.874,22.00082309612251,54.0,3455.5291100345817,2739.72602739726,24826090.937789965
228,1,0,935369781.3446937,1545166000.0,0.6053522931158812,1369886978.6440837,912484.0366299874,0.0008635191580861869,410958.90410958906,3515981.735159817,93698630.13698596,801643835.6164422,217503.05856935956,17235487.109345775,0,0,9982764512.890654,6428106978.644084,158220000,15822,9585.25267011658,10855.493851021682,274.924819094899,1545.166,22.042034509041518,55.0,3473.758032326938,2739.72602739726,24826824.969794895
229,1,0,940046630.251417,1550556000.0,0.6062642240921431,1373034261.8474162,910392.4313717686,0.0008651430289719968,410958.90410958906,3515981.735159817,94109589.04109554,805159817.3516021,219657.43593695734,17455144.545282733,0,0,9982544855.454718,6431814261.847416,158780000,15878,9635.766890816221,10912.66456481603,273.65832600019166,1550.556,22.081846177534693,56.0,3492.0526607411293,2739.72602739726,24827577.29642824
230,1,0,944746863.4026741,1556044000.0,0.6071466252899494,1376179377.5175362,908311.8236046103,0.0008613803280951546,410958.90410958906,3515981.735159817,94520547.94520512,808675799.086762,221824.96914939306,17676969.514432125,0,0,9982323030.485567,6435519377.517536,159340000,15934,9686.402828382683,10970.041442093241,272.4053862894413,1556.0439999999999,22.120266625411926,56.0,3510.413261469837,2739.72602739726,24828347.983662315
231,1,0,949470597.7196873,1561532000.0,0.6080378741644022,1379312306.750652,906248.7109570769,0.0008473946653190142,410958.90410958906,3515981.735159817,94931506.8493147,812191780.8219218,224011.40615346073,17900980.920585584,0,0,9982099019.079414,6439222306.750652,159910000,15991,9737.377509398579,11027.747623583917,271.1618858146617,1561.532,22.159189853258088,57.0,3528.879239546853,2739.72602739726,24829137.136874467
232,1,0,954217950.7082857,1567118000.0,0.608899872701536,1382433036.2701967,904202.9286080356,0.0008515891683528004,410958.90410958906,3515981.735159817,95342465.75342429,815707762.5570817,226211.11972465547,18127192.040310238,0,0,9981872807.95969,6442923036.270197,160490000,16049,9788.476065175359,11085.662415563793,269.931649611567,1567.118,22.19673307720192,58.0,3547.411972980414,2739.72602739726,24829944.822820053
233,1,0,958989040.461827,1572802000.0,0.6097328465133101,1385551552.780817,902167.8027722944,0.0008398463442154334,410958.90410958906,3515981.735159817,95753424.65753387,819223744.2922416,228424.12864910255,18355616.168959342,0,0,9981644383.831041,6446621552.780817,161070000,16107,9839.699229294536,11143.786720694741,268.71450859979376,1572.802,22.232905644820804,58.0,3566.0117506223173,2739.72602739726,24830771.10854328
234,1,0,963783985.664136,1578486000.0,0.6105749342497406,1388657837.1101205,900149.7464640638,0.0008357657230024809,410958.90410958906,3515981.735159817,96164383.56164345,822739726.0274014,230656.30996579272,18586272.478925135,0,0,9981413727.521074,6450317837.110121,161660000,16166,9891.265208551675,11202.244772825987,267.5064357256888,1578.4859999999999,22.269591474243594,59.0,3584.7183273043156,2739.72602739726,24831616.100843187
235,1,0,968602905.5924566,1584268000.0,0.6113882913701827,1391761875.8407845,898142.1475170571,0.0008346490400717078,410958.90410958906,3515981.735159817,96575342.46575303,826255707.7625613,232901.90860531334,18819174.38753045,0,0,9981180825.612469,6454011875.840784,162250000,16225,9942.958071711597,11260.914889426853,266.3111822847444,1584.268,22.304918754815855,59.0,3603.492764616593,2739.72602739726,24832479.86758041
236,1,0,973445920.1204188,1590050000.0,0.6122108865258443,1394853649.591897,896151.3635252932,0.0008336167569935027,410958.90410958906,3515981.735159817,96986301.36986262,829771689.4977212,235166.88815692157,19054341.27568737,0,0,9980945658.724312,6457703649.591897,162850000,16285,9994.996778760984,11319.922001530376,265.124777230607,1590.05,22.3407640736473,60.0,3622.3750404897205,2739.72602739726,24833362.516593505
237,1,0,978313149.7210208,1595930000.0,0.6130050501720131,1397933144.8232558,894177.2391826723,0.0008216666632719211,410958.90410958906,3515981.735159817,97397260.2739722,833287671.2328811,237445.40791048057,19291786.68359785,0,0,9980708213.316402,6461393144.823256,163460000,16346,10047.164710266472,11379.143786529039,263.9509237374328,1595.9299999999998,22.375263277677035,61.0,3641.3260116892925,2739.72602739726,24834264.116577797
238,1,0,983204715.4696258,1601908000.0,0.6137710252209402,1401010347.9751666,892213.2529617593,0.0008140201263598011,410958.90410958906,3515981.735159817,97808219.17808178,836803652.968041,239737.48735858925,19531524.17095644,0,0,9980468475.829044,6465080347.975166,164070000,16407,10099.462717220456,11438.581252656808,262.7894645636482,1601.908,22.408426750271346,61.0,3660.346000850179,2739.72602739726,24835184.73655125
239,1,0,988120739.0469738,1607886000.0,0.6145465157647829,1404075239.393915,890265.6815881081,0.000807226553625284,410958.90410958906,3515981.735159817,98219178.08219136,840319634.7032008,242049.22052106733,19773573.391477507,0,0,9980226426.608522,6468765239.393915,164690000,16469,10152.110858787051,11498.3603481465,261.63651064055216,1607.886,22.442119540243212,62.0,3679.4753114068794,2739.72602739726,24836124.48583526
240,1,0,993061342.7422086,1613962000.0,0.6152941288222452,1407137805.395678,888328.0622600554,0.0008083703322117586,410958.90410958906,3515981.735159817,98630136.98630095,843835616.4383607,244374.63750634488,20017948.02898385,0,0,9979982051.971016,6472447805.395678,165310000,16531,10204.89153175346,11558.357836377325,260.49569537613297,1613.962,22.474489784431604,62.0,3698.674507640744,2739.72602739726,24837083.434315506
241,1,0,998026649.4559195,1620038000.0,0.6160513824094987,1410188026.115189,886406.6187283775,0.0007954864532242893,410958.90410958906,3515981.735159817,99041095.89041053,847351598.1735206,246719.91975835216,20264667.948742203,0,0,9979735332.051258,6476128026.115189,165940000,16594,10258.02549550893,11618.700313063315,259.363182445616,1620.038,22.507394286455973,63.0,3717.9841001802606,2739.72602739726,24838061.692388292
242,1,0,1003016782.703199,1626212000.0,0.6167810732568687,1413225887.743601,884501.2045426066,0.0007853914542880955,410958.90410958906,3515981.735159817,99452054.79452011,850867579.9086804,249079.01085740572,20513746.95959961,0,0,9979486253.0404,6479805887.743601,166580000,16658,10311.294510407988,11679.263950689205,258.2425597187826,1626.212,22.53898968305347,64.0,3737.3644642205454,2739.72602739726,24839059.330825116
243,1,0,1008031866.616715,1632484000.0,0.6174834587148879,1416261376.4518654,882605.443305679,0.0007795468298925024,410958.90410958906,3515981.735159817,99863013.69862969,854383561.6438403,251451.9310050454,20765198.890604656,0,0,9979234801.109396,6483481376.451865,167220000,16722,10364.699542118926,11740.049861312269,257.1336808066567,1632.484,22.56928724305023,64.0,3756.815955619926,2739.72602739726,24840076.42075334
244,1,0,1013072025.9497985,1638756000.0,0.6181957691991965,1419284472.09776,880725.4814480279,0.000772521555107408,410958.90410958906,3515981.735159817,100273972.60273927,857899543.3790002,253844.9933747505,21019043.883979406,0,0,9978980956.11602,6487154472.09776,167870000,16787,10418.46237089505,11801.185584279703,256.03278661534574,1638.7559999999999,22.600130916298696,65.0,3776.3793869695046,2739.72602739726,24841113.074112915
245,1,0,1018137386.0795474,1645126000.0,0.6188810985174068,1422305160.7259824,878854.9985728636,0.0007591012192866562,410958.90410958906,3515981.735159817,100684931.50684886,861415525.1141601,256252.01104688222,21275295.89502629,0,0,9978724704.104973,6490825160.725983,168520000,16852,10472.363849145098,11862.546450178284,254.94339896681342,1645.126,22.62969081079995,65.0,3796.014864057051,2739.72602739726,24842169.362949576
246,1,0,1023228073.009945,1651496000.0,0.6195764767277335,1425313421.9797792,877000.0904529077,0.0007556648718309689,410958.90410958906,3515981.735159817,101095890.41095844,864931506.8493199,258679.3854725177,21533975.280498806,0,0,9978466024.719501,6494493421.979779,169180000,16918,10526.626406368745,11924.260597887482,253.86180848126193,1651.4959999999999,22.659801810794235,66.0,3815.7633913239943,2739.72602739726,24843245.400313504
247,1,0,1028344213.3749946,1657964000.0,0.6202452003632133,1428319241.7767239,875154.4916842973,0.0007397365551157334,410958.90410958906,3515981.735159817,101506849.31506802,868447488.5844798,261120.8423246292,21795096.122823436,0,0,9978204903.877176,6498159241.776724,169840000,16984,10581.030308260124,11986.20281439993,252.79149386019327,1657.964,22.688643276657867,66.0,3835.584900607978,2739.72602739726,24844341.259186715
248,1,0,1033485934.4418695,1664432000.0,0.6209240956926264,1431312599.5441518,873324.2482446623,0.0007401107072901847,410958.90410958906,3515981.735159817,101917808.2191776,871963470.3196397,263582.8718414913,22058678.994664926,0,0,9977941321.005335,6501822599.544151,170510000,17051,10635.798619906109,12048.501825583866,251.7287943222436,1664.432,22.718040826710066,67.0,3855.520584186837,2739.72602739726,24845457.053743508
249,1,0,1038653364.1140788,1670998000.0,0.6215766650313638,1434303481.071657,871503.1487381299,0.0007340678254728809,410958.90410958906,3515981.735159817,102328767.12328719,875479452.0547996,266059.11176426534,22324738.106429193,0,0,9977675261.89357,6505483481.071657,171180000,17118,10690.711033578858,12111.031887230898,250.67714634796022,1670.9979999999998,22.746183253625397,67.0,3875.530203913887,2739.72602739726,24846592.857920025
250,1,0,1043846630.934649,1677564000.0,0.6222395276333117,1437281865.5692961,869697.1901923318,0.0007265252429040435,410958.90410958906,3515981.735159817,102739726.02739677,878995433.7899594,268556.14163007255,22593294.248059265,0,0,9977406705.751942,6509141865.569296,171860000,17186,10745.991236603311,12173.92229993368,249.6329366696327,1677.5639999999999,22.774886720407785,68.0,3895.6551359787773,2739.72602739726,24847748.787028607
251,1,0,1049065864.0893221,1684228000.0,0.6228763944604425,1440247738.6978452,867906.240304295,0.0007134166636530994,410958.90410958906,3515981.735159817,103150684.93150635,882511415.5251193,271067.5107202858,22864361.75877955,0,0,9977135638.24122,6512797738.697845,172550000,17255,10801.41836082027,12237.046800396407,248.59956042386221,1684.2279999999998,22.802349621700824,69.0,3915.85497612685,2739.72602739726,24848924.915977336
252,1,0,1054311193.4097686,1690990000.0,0.6234875389031092,1443211086.0968063,866124.1671727038,0.0007125860351068937,410958.90410958906,3515981.735159817,103561643.83561593,886027397.2602792,273593.2403083503,23137954.999087904,0,0,9976862045.000912,6516451086.096807,173240000,17324,10856.993558090378,12300.406669838478,247.57688825189985,1690.99,22.82858427401945,69.0,3936.130134348313,2739.72602739726,24850121.32008429
253,1,0,1059582749.3768173,1697752000.0,0.6241092629411229,1446161886.691603,864356.8963497202,0.0007019336129882231,410958.90410958906,3515981.735159817,103972602.73972552,889543378.995439,276140.0444726101,23414095.043560512,0,0,9976585904.95644,6520101886.691603,173940000,17394,10912.941421910953,12364.132045408907,246.56137650204633,1697.752,22.855392263006006,70.0,3956.52225453085,2739.72602739726,24851338.116311423
254,1,0,1064880663.1237013,1704612000.0,0.6247056005259269,1449110125.9917817,862598.3474820455,0.000693904782645489,410958.90410958906,3515981.735159817,104383561.6438351,893059360.7305989,278701.33909067983,23692796.38265119,0,0,9976307203.61735,6523750125.991781,174640000,17464,10969.040286667258,12428.09592636024,245.55636030701632,1704.6119999999999,22.880986974825117,70.0,3976.9906964352767,2739.72602739726,24852575.38098046
255,1,0,1070205066.4393197,1711472000.0,0.6253126352282244,1452045782.702661,860854.3992830667,0.0006866998437924378,410958.90410958906,3515981.735159817,104794520.54794468,896575342.4657588,281283.92839012656,23974080.311041318,0,0,9976025919.68896,6527395782.7026615,175350000,17535,11025.515321051886,12492.428980188963,244.55834086292342,1711.472,22.90715987246236,71.0,3997.577273660468,2739.72602739726,24853833.232226726
256,1,0,1075556091.7715163,1718430000.0,0.6258946199563068,1454978842.203038,859119.0220383808,0.000674147390580388,410958.90410958906,3515981.735159817,105205479.45205426,900091324.2009187,283881.13889238756,24257961.449933704,0,0,9975742038.550066,6531038842.203038,176060000,17606,11082.144344820157,12557.003730706083,243.5706141140738,1718.4299999999998,22.93213455199201,71.0,4018.2411938259465,2739.72602739726,24855111.747393157
257,1,0,1080933872.2303739,1725388000.0,0.6264874174564642,1457899282.976816,857398.0484081819,0.0006736482334706719,410958.90410958906,3515981.735159817,105616438.35616384,903607305.9360785,286499.8654914332,24544461.31542514,0,0,9975455538.684574,6534679282.976816,176780000,17678,11139.153089760424,12621.951364637978,242.58972512244645,1725.388,22.95769220766041,72.0,4039.0244366841525,2739.72602739726,24856411.045802444
258,1,0,1086338541.5915256,1732444000.0,0.6270555017025229,1460817090.271272,855685.4984273809,0.0006623498742051675,410958.90410958906,3515981.735159817,106027397.26027343,907123287.6712384,289133.34481335554,24833594.660238493,0,0,9975166405.339762,6538317090.271272,177500000,17750,11196.318872770176,12687.143941324519,241.618931445657,1732.444,22.982066774471217,72.0,4059.886061223846,2739.72602739726,24857731.205836274
259,1,0,1091770234.299483,1739500000.0,0.6276345123883202,1463722242.3476017,853987.1594730896,0.0006534838843782304,410958.90410958906,3515981.735159817,106438356.16438301,910639269.4063983,291788.56293959107,25125383.223178085,0,0,9974874616.776821,6541952242.347602,178230000,17823,11253.867976970372,12752.713155914458,240.65482105591417,1739.5,23.00702904191465,73.0,4080.868209892627,2739.72602739726,24859072.34801877
260,1,0,1097229085.4709804,1746654000.0,0.6281891464886465,1466624724.3208146,852297.1004589312,0.0006447622967541127,410958.90410958906,3515981.735159817,106849315.06849259,914155251.1415582,294458.6660563766,25419841.88923446,0,0,9974580158.110765,6545584724.320814,178960000,17896,11311.577227850412,12818.53061394405,239.70061390636172,1746.654,23.03082340358381,73.0,4101.9297964620955,2739.72602739726,24860434.551787835
261,1,0,1102715230.8983352,1753808000.0,0.6287548185994905,1469514514.228126,850621.0642339806,0.0006382009325965,410958.90410958906,3515981.735159817,107260273.97260217,917671232.876718,297150.7319578894,25716992.62119235,0,0,9974283007.378807,6549214514.228127,179700000,17970,11369.67344843959,12884.728508490356,238.75293994923325,1753.808,23.055210118041337,74.0,4123.113122716914,2739.72602739726,24861817.938883156
262,1,0,1108228807.052827,1761060000.0,0.629296450463259,1472401597.0515552,848953.1677384085,0.0006325318412035258,410958.90410958906,3515981.735159817,107671232.87671176,921187214.6118779,299857.81584033597,26016850.43703269,0,0,9973983149.562967,6552841597.051556,180440000,18044,11427.932983944895,12951.178001648386,237.8149822965082,1761.06,23.07844414798845,74.0,4144.376960527484,2739.72602739726,24863222.589816287
263,1,0,1113769951.088091,1768312000.0,0.6298492297106455,1475275950.603084,847299.1100336291,0.0006173565670718682,410958.90410958906,3515981.735159817,108082191.78082134,924703196.3470378,302587.087740444,26319437.524773132,0,0,9973680562.475227,6556465950.603085,181190000,18119,11486.583186220674,13018.01177424585,236.88341197482487,1768.312,23.102275104507825,75.0,4165.763767758672,2739.72602739726,24864648.62755665
264,1,0,1119338800.8435311,1775662000.0,0.6303783044540747,1478147559.7310452,845653.0552521102,0.0006163909537643536,410958.90410958906,3515981.735159817,108493150.68493092,928219178.0821977,305331.51130823535,26624769.036081366,0,0,9973375230.963919,6560087559.731045,181940000,18194,11545.399930991962,13085.100554992,235.96137599996302,1775.6619999999998,23.124968621008783,75.0,4187.23217759744,2739.72602739726,24866096.133706853
265,1,0,1124935494.8477488,1783012000.0,0.6309186336646914,1481006402.020957,844020.6593936934,0.0006088730637073307,410958.90410958906,3515981.735159817,108904109.5890405,931735159.8173575,308098.3493576445,26932867.385439012,0,0,9973067132.614561,6563706402.020957,182700000,18270,11604.611088197327,13152.577502606211,235.04558559111604,1783.012,23.148263553928633,76.0,4208.824800833987,2739.72602739726,24867565.23248029
266,1,0,1130560172.3219874,1790460000.0,0.6314355932676449,1483862462.1867962,842396.1329662999,0.0006006138322810712,410958.90410958906,3515981.735159817,109315068.49315009,935251141.5525174,310880.47343006975,27243747.858869083,0,0,9972756252.14113,6567322462.186796,183460000,18346,11663.992074554348,13220.312922159312,234.13915239503518,1790.4599999999998,23.17043630029235,76.0,4230.50013509098,2739.72602739726,24869056.006587986
267,1,0,1136212973.183597,1797908000.0,0.6319639120486683,1486705717.586409,840785.0896203726,0.0005826346168843217,410958.90410958906,3515981.735159817,109726027.39725967,938767123.2876773,313685.2396564601,27557433.098525543,0,0,9972442566.901474,6570935717.586409,184230000,18423,11723.771267688502,13288.440440723894,233.2388269646065,1797.908,23.19321486387688,77.0,4252.300941031646,2739.72602739726,24870568.58150162
268,1,0,1141894038.049515,1805454000.0,0.6324691950332243,1489546152.7987778,839181.7854393608,0.0005803799623946362,410958.90410958906,3515981.735159817,110136986.30136925,942283105.0228372,316505.4269005697,27873938.525426112,0,0,9972126061.474573,6574546152.798778,185000000,18500,11783.7236354581,13356.829949170638,232.34768628746124,1805.454,23.21488648976708,77.0,4274.185583734604,2739.72602739726,24872103.04105796
269,1,0,1147603508.2397625,1813000000.0,0.6329859394593285,1492373744.9528916,837591.7924229275,0.000572132215094103,410958.90410958906,3515981.735159817,110547945.20547883,945799086.757997,319348.48515561625,28193287.010581728,0,0,9971806712.989418,6578153744.952891,185780000,18578,11844.078053122419,13425.615533708868,231.46251941355104,1813.0,23.237168239974597,78.0,4296.1969707868375,2739.72602739726,24873659.51200135
270,1,0,1153341525.7809613,1820644000.0,0.633479980589814,1495198478.492129,836009.4114465683,0.0005652096900141453,410958.90410958906,3515981.735159817,110958904.10958841,949315068.4931569,322207.1000318197,28515494.110613547,0,0,9971484505.889387,6581758478.492129,186560000,18656,11904.609049502367,13494.666680137823,230.58636936454454,1820.644,23.25835828385645,78.0,4318.293337644103,2739.72602739726,24875238.079311598
271,1,0,1159108233.4098659,1828288000.0,0.6339855829113716,1498010330.3154628,834440.1735445806,0.0005582196573903708,410958.90410958906,3515981.735159817,111369863.013698,952831050.2283168,325088.8159356516,28840582.9265492,0,0,9971159417.07345,6585360330.315463,187350000,18735,11965.545987782254,13564.117924909911,229.71606287234326,1828.288,23.280162661220523,79.0,4340.5177359711715,2739.72602739726,24876838.871020176
272,1,0,1164903774.576915,1836030000.0,0.63446881291532,1500819284.7300913,832878.4236170114,0.0005467372520924213,410958.90410958906,3515981.735159817,111780821.91780758,956347031.9634767,327986.2246407605,29168569.15118996,0,0,9970831430.84881,6588959284.730091,188140000,18814,12026.662967241624,13633.838357572069,228.8546096695547,1836.03,23.300890533909463,79.0,4362.828274423062,2739.72602739726,24878461.9732672
273,1,0,1170728293.4497995,1843772000.0,0.6349637012872522,1503615318.4038367,831329.6524053417,0.0005368394530424583,410958.90410958906,3515981.735159817,112191780.82191716,959863013.6986365,330906.96552386496,29499476.116713826,0,0,9970500523.883286,6592555318.403837,188940000,18894,12088.189829625193,13703.962956249463,227.9988733757291,1843.772,23.322236847509586,80.0,4385.2681459998275,2739.72602739726,24880107.515385807
274,1,0,1176581934.9170485,1851612000.0,0.6354365465967213,1506408415.5071745,829788.2480822183,0.0005336591064325014,410958.90410958906,3515981.735159817,112602739.72602674,963378995.4337964,333843.5359315861,29833319.652645413,0,0,9970166680.347355,6596148415.5071745,189740000,18974,12149.900253842065,13774.360422746526,227.1518310955376,1851.6119999999999,23.342521816797856,80.0,4407.795335278888,2739.72602739726,24881775.58469369
275,1,0,1182464844.5916336,1859452000.0,0.6359211448274188,1509188552.4756696,828259.6617563203,0.0005259954993621827,410958.90410958906,3515981.735159817,113013698.63013633,966894977.1689563,336803.6707741567,30170123.32341957,0,0,9969829876.67658,6599738552.47567,190550000,19055,12212.024551176266,13845.166168614243,226.31038256202197,1859.452,23.363429229294308,81.0,4430.453173956557,2739.72602739726,24883466.31184025
276,1,0,1188377168.8145916,1867390000.0,0.6363840273400798,1511965713.342566,826738.3241360555,0.0005182794904891851,410958.90410958906,3515981.735159817,113424657.53424591,970410958.9041162,339779.77237303724,30509903.095792606,0,0,9969490096.904207,6603325713.342566,191360000,19136,12274.335989013418,13916.248516115691,225.47747289772713,1867.3899999999999,23.3832904056289,81.0,4453.199525157021,2739.72602739726,24885179.785338014
277,1,0,1194319054.6586645,1875328000.0,0.6368587546598059,1514729874.3100936,825229.6473451018,0.0005160247154489492,410958.90410958906,3515981.735159817,113835616.43835549,973926940.639276,342779.67174177367,30852682.76753438,0,0,9969147317.232466,6606909874.310094,192180000,19218,12337.065339498338,13987.74330230381,224.65003719452767,1875.328,23.403777919335255,82.0,4476.077856737219,2739.72602739726,24886916.137167357
278,1,0,1200290649.9319577,1883364000.0,0.6373120915191953,1517491019.2737925,823728.1039054891,0.0005002811486878549,410958.90410958906,3515981.735159817,114246575.34246507,977442922.3744359,345795.6755706004,31198478.44310498,0,0,9968801521.556894,6610491019.273792,193000000,19300,12399.985467017492,14059.518477793707,223.83098922378548,1883.3639999999998,23.423234242519474,82.0,4499.045912893986,2739.72602739726,24888675.457052857
279,1,0,1206292103.1816175,1891400000.0,0.6377773623673562,1520249124.201509,822233.6590106935,0.0004977319636555381,410958.90410958906,3515981.735159817,114657534.24657466,980958904.1095958,348835.7115529562,31547314.154657934,0,0,9968452685.845343,6614069124.201509,193820000,19382,12463.327596239274,14131.710297538848,223.01729870042652,1891.3999999999999,23.443320686484327,82.0,4522.14729521243,2739.72602739726,24890457.878320675
280,1,0,1212323563.6975255,1899436000.0,0.6382544943328048,1522994164.8966036,820751.6672165792,0.0004878678986444671,410958.90410958906,3515981.735159817,115068493.15068424,984474885.8447556,351899.9441748539,31899214.098832786,0,0,9968100785.901167,6617644164.896604,194650000,19465,12527.094004077217,14204.321078372428,222.2089257047874,1899.436,23.464033541557853,83.0,4545.382745079177,2739.72602739726,24892263.53503836
281,1,0,1218385181.516013,1907570000.0,0.6387106011920993,1525736125.0004094,819276.6622732183,0.00048415092488276714,410958.90410958906,3515981.735159817,115479452.05479382,987990867.5799155,354980.53546353604,32254194.63429632,0,0,9967745805.365704,6621216125.000409,195480000,19548,12591.056955826296,14277.218217969401,221.40873785689553,1907.57,23.483731967224383,83.0,4568.709829750208,2739.72602739726,24894092.518840715
282,1,0,1224477107.4235928,1915704000.0,0.6391786556918986,1528464980.0798168,817813.961255909,0.00047450673445269823,410958.90410958906,3515981.735159817,115890410.9589034,991506849.3150754,358085.5598618841,32612280.194158204,0,0,9967387719.805841,6624784980.079817,196320000,19632,12655.448351157218,14350.538595876846,220.61375528037124,1915.704,23.504060490880356,84.0,4592.172350680591,2739.72602739726,24895944.965164002
283,1,0,1230599492.9607105,1923936000.0,0.6396260026116828,1531190713.6373339,816358.1380601779,0.0004640894363099504,410958.90410958906,3515981.735159817,116301369.86301298,995022831.0502353,361207.0817523659,32973487.27591057,0,0,9967026512.724089,6628350713.637334,197160000,19716,12720.04005857948,14424.14924286897,219.82681571050853,1923.936,23.523389318532193,84.0,4615.72775771807,2739.72602739726,24897820.966894325
284,1,0,1236752490.425514,1932168000.0,0.6400853809945688,1533913301.0024056,814909.1602394602,0.0004640754048266335,410958.90410958906,3515981.735159817,116712328.76712257,998538812.7853951,364353.27419747727,33337840.55010805,0,0,9966662159.449892,6631913301.002405,198000000,19800,12785.06442486685,14498.187452670218,219.04497219663187,1932.168,23.54335181898578,84.0,4639.4199848544695,2739.72602739726,24899720.660851784
285,1,0,1242936252.8776414,1940400000.0,0.640556716593301,1536632717.3376048,813466.9956564374,0.00045483539517503,410958.90410958906,3515981.735159817,117123287.67123215,1002054794.520555,367524.304070286,33705364.85417833,0,0,9966294635.145823,6635472717.3376045,198840000,19884,12850.523787907288,14572.655600280978,218.26818762630975,1940.3999999999999,23.563944236304838,84.0,4663.249792089912,2739.72602739726,24901644.18461648
286,1,0,1249150934.1420295,1948632000.0,0.6410399368079912,1539338937.6377418,812036.8876774141,0.0004536794845894213,410958.90410958906,3515981.735159817,117534246.57534173,1005570776.2557149,370720.3391323127,34076085.19331065,0,0,9965923914.80669,6639028937.637742,199690000,19969,12916.42050411718,14647.556078848575,217.49642526860595,1948.6319999999998,23.585162911804357,85.0,4687.217945231544,2739.72602739726,24903591.676534317
287,1,0,1255396688.8127396,1956962000.0,0.6415028441087459,1542041945.030806,810613.4881921367,0.0004430066096345165,410958.90410958906,3515981.735159817,117945205.47945131,1009086757.9908748,373933.2462051447,34450018.43951579,0,0,9965549981.560484,6642581945.030806,200540000,20054,12982.525645012975,14722.755180730324,216.73246428265048,1956.962,23.605399924559258,85.0,4711.281657833703,2739.72602739726,24905563.232164755
288,1,0,1261673672.2568033,1965292000.0,0.6419777174367999,1544741714.2711427,809196.7663278892,0.00043823517774386946,410958.90410958906,3515981.735159817,118356164.3835609,1012602739.7260346,377171.3989327045,34827189.838448495,0,0,9965172810.161552,6646131714.271143,201390000,20139,13049.07245909151,14798.391037851838,215.97342123967266,1965.292,23.6262666964698,85.0,4735.485132112588,2739.72602739726,24907558.991269473
289,1,0,1267982040.618087,1973622000.0,0.6424644843937122,1547428219.9437296,807791.9116955639,0.00042842530692419685,410958.90410958906,3515981.735159817,118767123.28767048,1016118721.4611945,380434.9666824278,35207624.80513092,0,0,9964792375.19487,6649678219.943729,202250000,20225,13116.06334362929,14874.466082728839,215.21926090045014,1973.6219999999998,23.647759596875893,86.0,4759.829146473228,2739.72602739726,24909579.094388552
290,1,0,1274321950.8211772,1982050000.0,0.6429312836816312,1550111444.9178066,806393.6332437628,0.0004237384128370297,410958.90410958906,3515981.735159817,119178082.19178006,1019634703.1963544,383715.66519226675,35591340.47032319,0,0,9964408659.529676,6653221444.917807,203110000,20311,13183.268760577286,14950.846040597355,214.472719979931,1982.05,23.668286740661888,86.0,4784.270732991154,2739.72602739726,24911623.639094148
291,1,0,1280693560.575283,1990478000.0,0.643410055562173,1552791363.5359843,805001.9013201714,0.0004183405578195118,410958.90410958906,3515981.735159817,119589041.09588964,1023150684.9315143,387022.02109168476,35978362.491414875,0,0,9964021637.508585,6656761363.535984,203970000,20397,13250.922647261408,15027.66968601767,213.7309612437362,1990.4779999999998,23.68944342493905,86.0,4808.854299525654,2739.72602739726,24913692.76736628
292,1,0,1287097028.3781593,1998906000.0,0.643900727887234,1555467949.9699237,803616.6865567231,0.00041205531207372866,410958.90410958906,3515981.735159817,119999999.99999923,1026666666.6666741,390354.20532986603,36368716.69674474,0,0,9963631283.303255,6660297949.969924,204830000,20483,13319.02744258666,15104.939491706551,212.99395088010687,1998.906,23.71122604909406,86.0,4833.5806373460955,2739.72602739726,24915786.62197623
293,1,0,1293532513.52005,2007334000.0,0.6444032301151926,1558131178.2194579,802243.1085862978,0.000406613596903068,410958.90410958906,3515981.735159817,120410958.9041088,1030182648.401834,393712.3897351046,36762429.08647984,0,0,9963237570.91352,6663831178.219458,205700000,20570,13387.585604609321,15182.657949188764,212.26165542055557,2007.3339999999998,23.73363110689206,87.0,4858.450543740405,2739.72602739726,24917905.346492574
294,1,0,1300000176.08765,2015860000.0,0.6448861409461223,1560791030.7736974,800875.9503060273,0.00040161326075199036,410958.90410958906,3515981.735159817,120821917.80821839,1033698630.1369939,397088.0850299007,37159517.17150974,0,0,9962840482.828491,6667361030.773697,206570000,20657,13456.366767106869,15260.690010492404,211.53675661446425,2015.86,23.755087657341708,87.0,4883.42080335757,2739.72602739726,24920049.041268535
295,1,0,1306500176.9680882,2024386000.0,0.6453809584575709,1563447481.3872764,799515.1835166604,0.00039849163280823507,410958.90410958906,3515981.735159817,121232876.71232797,1037214611.8721538,400490.02569037833,37560007.19720012,0,0,9962439992.8028,6670887481.387277,207440000,20744,13525.605804421164,15339.175327731038,210.81647669012662,2024.386,23.777169987879585,87.0,4908.536104873932,2739.72602739726,24922217.851346012
296,1,0,1313032677.8529284,2032912000.0,0.6458876123771853,1566090503.6414504,798165.8768082223,0.00039240072791582966,410958.90410958906,3515981.735159817,121643835.61643755,1040730593.6073136,403918.3850952463,37963925.582295366,0,0,9962036074.417706,6674410503.641451,208320000,20832,13595.30521729157,15418.116433760446,210.1007835311253,2032.9119999999998,23.799874622473897,88.0,4933.797258803343,2739.72602739726,24924411.92257742
297,1,0,1319597841.242193,2041536000.0,0.6463750045270781,1568730079.7635467,796822.8671872093,0.00038785857116444466,410958.90410958906,3515981.735159817,122054794.52054714,1044246575.3424735,407364.51717305696,38371290.099468425,0,0,9961628709.900532,6677930079.763547,209200000,20920,13665.234005472197,15497.377686426573,209.39231904562388,2041.5359999999998,23.821645968491033,88.0,4959.160859656503,2739.72602739726,24926631.35740968
298,1,0,1326195830.4484038,2050160000.0,0.6468743075898485,1571366183.0878835,795486.1275833494,0.0003865762482212228,410958.90410958906,3515981.735159817,122465753.42465672,1047762557.0776334,410837.31493256846,38782127.414400995,0,0,9961217872.5856,6681446183.087883,210080000,21008,13735.627759613863,15577.099410893621,208.68834872024047,2050.16,23.844042882753204,88.0,4984.671811485959,2739.72602739726,24928876.30319377
299,1,0,1332826809.6006458,2058784000.0,0.6473854516066988,1573998786.773879,794155.6311882875,0.00037740669771389957,410958.90410958906,3515981.735159817,122876712.3287663,1051278538.8127933,414336.9532737565,39196464.36767475,0,0,9960803535.632326,6684958786.773879,210960000,21096,13806.489023947679,15657.284182214224,207.98884173345445,2058.784,23.86706192127668,88.0,5010.330938308552,2739.72602739726,24931146.908104684
300,1,0,1339490943.648649,2067408000.0,0.647908368183082,1576617863.805186,792836.3801378723,0.00037349162279471336,410958.90410958906,3515981.735159817,123287671.23287588,1054794520.5479531,417863.60796241206,39614327.97563717,0,0,9960385672.024363,6688467863.805186,211850000,21185,13877.820362510454,15737.934594937225,207.29376757322777,2067.408,23.890699731599522,89.0,5036.139070379912,2739.72602739726,24933443.32114767
301,1,0,1346188398.366892,2076130000.0,0.6484123818676538,1579233396.0243058,791523.281578811,0.0003710152727756538,410958.90410958906,3515981.735159817,123698630.13698547,1058310502.283113,421408.42014952307,40035736.39578669,0,0,9959964263.604214,6691973396.024305,212740000,21274,13949.389913091556,15818.91419655182,206.6057165397381,2076.13,23.913420760522598,89.0,5062.052542896582,2739.72602739726,24935765.64766317
302,1,0,1352919340.3587265,2084852000.0,0.6489282406418904,1581845356.1653435,790216.3097853109,0.0003686023666869091,410958.90410958906,3515981.735159817,124109589.04109505,1061826484.0182729,424980.4982316287,40460716.894018315,0,0,9959539283.105982,6695475356.165343,213630000,21363,14021.434241539006,15900.364231714462,205.9220098245435,2084.852,23.93676376782239,89.0,5088.116554148627,2739.72602739726,24938114.03818992
303,1,0,1359683937.06052,2093574000.0,0.6494558764392947,1584443716.7851555,788920.4184142717,0.0003648002837699912,410958.90410958906,3515981.735159817,124520547.94520463,1065342465.7534328,428580.0194574521,40889296.91347577,0,0,9959110703.086525,6698973716.785155,214530000,21453,14093.955956490932,15982.287338347462,205.24261814347076,2093.574,23.960725433109214,90.0,5114.331948271188,2739.72602739726,24940488.6441108
304,1,0,1366482356.7458224,2102394000.0,0.649964924151145,1587038459.4621847,787630.5659433159,0.000361108743729884,410958.90410958906,3515981.735159817,124931506.84931421,1068858447.4885926,432197.9622402973,41321494.87571606,0,0,9958678505.124285,6702468459.462185,215430000,21543,14166.722535337049,16064.546440959024,204.57009437802523,2102.394,23.98378488285441,90.0,5140.654861106887,2739.72602739726,24942889.57294451
305,1,0,1373314768.5295515,2111214000.0,0.6504858193103833,1589629556.5021887,786346.7276932752,0.00035666662485598575,410958.90410958906,3515981.735159817,125342465.7534238,1072374429.2237525,435843.5992653104,41757338.47498137,0,0,9958242661.525019,6705959556.502189,216330000,21633,14239.971289847492,16147.283489589568,203.90180025792324,2111.214,24.00746612146806,90.0,5167.130716668662,2739.72602739726,24945316.977633785
306,1,0,1380181342.372199,2120034000.0,0.6510184942185828,1592206980.0322285,785073.8099230708,0.0003530366878702719,410958.90410958906,3515981.735159817,125753424.65753338,1075890410.9589124,439517.10922960064,42196855.58421097,0,0,9957803144.415789,6709446980.032228,217240000,21724,14313.704874111652,16230.501166435748,203.23770767590455,2120.034,24.031765862313275,91.0,5193.760373259439,2739.72602739726,24947771.01197965
307,1,0,1387082249.08406,2128952000.0,0.6515328899308486,1594780711.3661044,783806.8212708983,0.00035001363235106033,410958.90410958906,3515981.735159817,126164383.56164296,1079406392.6940722,443209.30539349554,42640064.889604464,0,0,9957359935.110395,6712930711.366104,218150000,21815,14387.690098788184,16314.061765687951,202.58033310022992,2128.9519999999998,24.055177699959334,91.0,5220.499765020144,2739.72602739726,24950251.785717275
308,1,0,1394017660.3294802,2137870000.0,0.6520591337777696,1597350722.3783185,782545.738069887,0.0003491871642069828,410958.90410958906,3515981.735159817,126575342.46575254,1082922374.4292321,446929.62705524196,43086994.51665971,0,0,9956913005.483341,6716410722.378319,219060000,21906,14462.165029292428,16398.107951621223,201.9270776712026,2137.87,24.07921109766809,91.0,5247.394544518792,2739.72602739726,24952759.4542344
309,1,0,1400987748.6311274,2146788000.0,0.6525971584670341,1599906984.7632644,781295.4202365513,0.0003460557931764121,410958.90410958906,3515981.735159817,126986301.36986212,1086438356.164392,450678.2543233851,43537672.77098309,0,0,9956462327.229017,6719886984.763265,219980000,21998,14537.132366033038,16482.64245162298,201.27791441005513,2146.788,24.103862804153444,92.0,5274.445584519354,2739.72602739726,24955294.173791524
310,1,0,1407992687.3742828,2155804000.0,0.6531172070254452,1602459479.5696855,780050.9254285017,0.0003393932513505982,410958.90410958906,3515981.735159817,127397260.2739717,1089954337.8995519,454445.8328484128,43992118.60383151,0,0,9956007881.396168,6723359479.569685,220900000,22090,14612.358246142954,16567.526921795812,200.63532434714142,2155.804,24.12764066971707,92.0,5301.60861497466,2739.72602739726,24957856.056379102
311,1,0,1415032650.8111541,2164820000.0,0.6536491028404922,1605008178.238052,778812.2309583712,0.00034262246115875024,410958.90410958906,3515981.735159817,127808219.17808129,1093470319.6347117,458241.9709028444,44450360.57473435,0,0,9955549639.425266,6726828178.238052,221820000,22182,14688.081496911269,16652.904749969573,199.99674694169533,2164.8199999999997,24.15203983150679,92.0,5328.929519990263,2739.72602739726,24960445.259871695
312,1,0,1422107814.0652099,2173836000.0,0.6541927790620865,1607543052.027354,777584.1514313224,0.00034456301359441193,410958.90410958906,3515981.735159817,128219178.08219087,1096986301.3698716,462066.84996722953,44912427.42470158,0,0,9955087572.575298,6730293052.027354,222750000,22275,14764.304865952134,16738.778709654718,199.3621562974148,2173.836,24.177057075104234,93.0,5356.40918708951,2739.72602739726,24963061.94303139
313,1,0,1429218353.1355357,2182950000.0,0.6547187764884838,1610074081.72104,776361.7924113522,0.00033705931892069266,410958.90410958906,3515981.735159817,128630136.98630045,1100502283.1050315,465910.9455833719,45378338.37028495,0,0,9954621661.629715,6733754081.72104,223680000,22368,14840.793809623501,16825.00981067033,198.73399895317127,2182.95,24.2012142936507,93.0,5384.003139414504,2739.72602739726,24965706.220143408
314,1,0,1436364444.9012132,2192064000.0,0.6552566188310256,1612601238.3229132,775145.1321592648,0.0003362215074100234,410958.90410958906,3515981.735159817,129041095.89041004,1104018264.8401914,469784.03739618586,45848122.40768114,0,0,9954151877.59232,6737211238.322913,224610000,22461,14917.787925813625,16911.74217418372,198.10975162990482,2192.064,24.225992513755124,93.0,5411.75749573879,2739.72602739726,24968378.25161175
315,1,0,1443546267.125719,2201178000.0,0.6558062397160607,1615114492.6539662,773938.9409762529,0.0003349963533748203,410958.90410958906,3515981.735159817,129452054.79451962,1107534246.5753512,473686.3082162372,46321808.715897374,0,0,9953678191.284103,6740664492.653966,225550000,22555,14995.29001024678,16998.978620776765,197.48938947001616,2201.178,24.251388559304278,94.0,5439.673158648564,2739.72602739726,24971078.198743004
316,1,0,1450763998.4613476,2210390000.0,0.6563384735098093,1617623825.2323,772738.3712467893,0.0003348764220350394,410958.90410958906,3515981.735159817,129863013.6986292,1111050228.310511,477608.0609354199,46799416.7768328,0,0,9953200583.223167,6744113825.2323,226490000,22649,15073.064830810406,17086.57950537088,196.87532543952813,2210.39,24.27593815310759,94.0,5467.705441718681,2739.72602739726,24973806.178157326
317,1,0,1458017818.453654,2219602000.0,0.6568825485171008,1620129206.6225631,771543.402149911,0.00033321357594690926,410958.90410958906,3515981.735159817,130273972.60273878,1114566210.045671,481559.24900637695,47280976.02583917,0,0,9952719023.974161,6747559206.622563,227430000,22743,15151.352765205931,17174.68969270905,196.26507249688206,2219.602,24.30110842709436,94.0,5495.900701666896,2739.72602739726,24976562.3528316
318,1,0,1465307907.5459223,2228814000.0,0.6574383988730877,1622620607.2053075,770358.7606673654,0.00033286321795202907,410958.90410958906,3515981.735159817,130684931.50684837,1118082191.7808309,485540.0565250692,47766516.08236424,0,0,9952233483.917635,6751000607.205307,228380000,22838,15230.15665819104,17263.312051409477,195.6586067815625,2228.814,24.326896244816297,95.0,5524.259856451033,2739.72602739726,24979346.886660654
319,1,0,1472634447.0836518,2238124000.0,0.6579771483097683,1625108007.2334273,769179.6449443381,0.0003308953366142723,410958.90410958906,3515981.735159817,131095890.41095795,1121598173.5159907,489540.61114948214,48256056.69351372,0,0,9951743943.306486,6754438007.233427,229330000,22933,15309.240581048649,17352.306272469985,195.0583085786632,2238.124,24.351850945532018,95.0,5552.738007190395,2739.72602739726,24982159.89864045
320,1,0,1479997619.3190699,2247434000.0,0.6585277339931094,1627591376.8300838,768006.0350494871,0.0003321562958001499,410958.90410958906,3515981.735159817,131506849.31506753,1125114155.2511506,493571.0426127854,48749627.736126505,0,0,9951250372.263874,6757871376.830084,230280000,23028,15388.84570098837,17441.817974896774,194.46172609159356,2247.4339999999997,24.37742598239573,95.0,5581.381751966967,2739.72602739726,24985001.55436502
321,1,0,1487397607.4156651,2256744000.0,0.6590900905976332,1630060685.9331043,766842.6156075683,0.0003318547743949431,410958.90410958906,3515981.735159817,131917808.21917711,1128630136.9863105,497631.53624900035,49247259.2723755,0,0,9950752740.727625,6761300685.9331045,231240000,23124,15468.974912743375,17531.85007632604,193.8688364173327,2256.7439999999997,24.403618259908058,96.0,5610.192024424333,2739.72602739726,24987872.02036205
322,1,0,1494834595.4527433,2266152000.0,0.6596356270244641,1632525914.5305185,765684.6294899296,0.00033166313458415345,410958.90410958906,3515981.735159817,132328767.1232867,1132146118.7214704,501712.04185505735,49748971.31423056,0,0,9950251028.68577,6764725914.530519,232200000,23220,15549.391582427137,17622.261594400858,193.28198802628106,2266.152,24.428990520726014,96.0,5639.123710208273,2739.72602739726,24990771.41804486
323,1,0,1502308768.4300067,2275560000.0,0.6601929935620272,1634987032.3018327,764532.0576275054,0.00032953334212774423,410958.90410958906,3515981.735159817,132739726.02739628,1135662100.4566302,505822.8679551499,50254794.18218571,0,0,9949745205.817814,6768147032.301832,233160000,23316,15630.337676926081,17713.198913521413,192.69876340466834,2275.56,24.454982754956262,96.0,5668.223652326852,2739.72602739726,24993699.91566979
324,1,0,1509820312.2721567,2284968000.0,0.6607621254530289,1637434008.7400308,763389.5432291992,0.0003320927664923662,410958.90410958906,3515981.735159817,133150684.93150586,1139178082.19179,509964.2010712367,50764758.38325695,0,0,9949235241.616743,6771564008.74003,234130000,23413,15711.816141910036,17804.665001340734,192.11914056930215,2284.968,24.4815919092585,97.0,5697.492800429034,2739.72602739726,24996657.682442825
325,1,0,1517369413.8335173,2294474000.0,0.661314712580538,1639876823.5688317,762252.3728822866,0.0003325593688144939,410958.90410958906,3515981.735159817,133561643.83561544,1142694063.92695,514125.81046852923,51278884.19372548,0,0,9948721115.806274,6774976823.568831,235100000,23510,15793.589629334301,17896.518192316875,191.54543701742764,2294.4739999999997,24.507393917005896,97.0,5726.8858215414,2739.72602739726,24999644.84223697
326,1,0,1524956260.9026847,2303980000.0,0.6618791226063961,1642305446.0220904,761125.1628177302,0.00033218843568362993,410958.90410958906,3515981.735159817,133972602.73972502,1146210045.6621099,518318.1860106693,51797202.37973615,0,0,9948202797.620264,6778385446.022091,236080000,23608,15875.900916397502,17988.905647812397,190.97526858510628,2303.98,24.533815520601724,98.0,5756.449807299966,2739.72602739726,25002661.566016875
327,1,0,1532581042.207198,2313584000.0,0.6624272307412213,1644729855.6863205,760003.2282981832,0.0003354350666772658,410958.90410958906,3515981.735159817,134383561.64383462,1149726027.3972697,522530.9750392627,52319733.354775414,0,0,9947680266.645226,6781789855.68632,237060000,23706,15958.512176698929,18081.685244012187,190.41093268674047,2313.584,24.559441351903807,98.0,5786.1392780839005,2739.72602739726,25005707.979267564
328,1,0,1540243947.4182336,2323188000.0,0.6629872173144118,1647150021.536239,758886.5517144438,0.00033452231356693866,410958.90410958906,3515981.735159817,134794520.54794422,1153242009.1324296,526774.7893509046,52846508.14412632,0,0,9947153491.855873,6785190021.536239,238040000,23804,16041.666728463597,18175.00466149597,189.85006696762798,2323.188,24.585689370381235,98.0,5816.0014916787095,2739.72602739726,25008784.254731845
329,1,0,1547945167.1553247,2332792000.0,0.6635590173300169,1649555912.358576,757779.709456909,0.0003319891718920693,410958.90410958906,3515981.735159817,135205479.45205382,1156757990.8675895,531049.816932159,53377557.961058475,0,0,9946622442.038942,6788585912.358576,239030000,23903,16125.367599145548,18268.86694816718,189.2926509783681,2332.792,24.612556526319747,99.0,5846.037423413497,2739.72602739726,25011890.566127863
330,1,0,1555684892.9911013,2342494000.0,0.6641147823606384,1651957507.477306,756678.0588133138,0.000336865496508801,410958.90410958906,3515981.735159817,135616438.3561634,1160273972.6027493,535345.5205396052,53912903.48159808,0,0,9946087096.518402,6791977507.477306,240020000,24002,16209.376244465984,18363.129291917903,188.74095254807972,2342.4939999999997,24.638640425002663,99.0,5876.201373413728,2739.72602739726,25015027.04147388
331,1,0,1563463317.4560566,2352196000.0,0.6646824148396038,1654354775.4194336,755581.582966744,0.00033863078622872424,410958.90410958906,3515981.735159817,136027397.260273,1163789954.3379092,539672.6971415641,54452576.178739645,0,0,9945547423.82126,6795364775.419434,241010000,24101,16293.936799396262,18457.94015826297,188.19264113329493,2352.196,24.665346000168217,99.0,5906.54085064415,2739.72602739726,25018193.856297128
332,1,0,1571280634.0433366,2361898000.0,0.66526185044542,1656737684.5229416,754494.8193533401,0.00033995744105715087,410958.90410958906,3515981.735159817,136438356.1643826,1167305936.073069,544031.5357613552,54996607.714501,0,0,9945003392.2855,6798747684.522942,242010000,24201,16379.052344981776,18553.302647872348,187.64769710942633,2361.8979999999997,24.692670249209687,100.0,5937.056847319151,2739.72602739726,25021391.18711705
333,1,0,1579137037.2135532,2371698000.0,0.6658255128661209,1659116213.8504248,753413.1663381476,0.000339222209412634,410958.90410958906,3515981.735159817,136849315.0684922,1170821917.808229,548411.3117861829,55545019.02628718,0,0,9944454980.973713,6802126213.850425,243010000,24301,16464.48360880274,18649.07324930363,187.10835949910992,2371.698,24.71922353431831,100.0,5967.703439777162,2739.72602739726,25024619.16452943
334,1,0,1587032722.3996208,2381498000.0,0.6664010309475887,1661490331.4796913,752336.6078734758,0.0003439713606468195,410958.90410958906,3515981.735159817,137260273.9726018,1174337899.5433888,552823.0100028565,56097842.03629004,0,0,9943902157.96371,6805500331.4796915,244010000,24401,16550.475554604407,18745.40122589337,186.5723287110393,2381.498,24.746397982670935,100.0,5998.528392285878,2739.72602739726,25027877.96689432
335,1,0,1594967886.0116186,2391298000.0,0.6669883410648186,1663850005.2985501,751269.6433088126,0.000343632018187571,410958.90410958906,3515981.735159817,137671232.8767114,1177853881.2785487,557266.8204105711,56655108.856700614,0,0,9943344891.1433,6808870005.29855,245020000,24502,16637.03131805637,18842.28973214221,186.03958591415926,2391.298,24.77419063967928,101.0,6029.532714285508,2739.72602739726,25031167.77358121
336,1,0,1602942725.4416766,2401196000.0,0.6675601348001898,1666205214.1096215,750207.7111599825,0.0003468501093202723,410958.90410958906,3515981.735159817,138082191.780821,1181369863.0137086,561731.8281980505,57216840.68489867,0,0,9942783159.315102,6812235214.109621,246030000,24603,16723.9108879389,18939.594545856835,185.51234208206523,2401.196,24.801224409125965,101.0,6060.670254674186,2739.72602739726,25034488.71780849
337,1,0,1610957439.0688848,2411094000.0,0.6681437716940463,1668545925.5402348,749155.2859687022,0.00034733324382259825,410958.90410958906,3515981.735159817,138493150.6849306,1184885844.7488685,566229.208656025,57783069.893554695,0,0,9942216930.106445,6815595925.540235,247050000,24705,16811.36006923876,19037.465741497188,184.9883277415726,2411.094,24.82887882955816,102.0,6091.9890372791,2739.72602739726,25037840.980818372
338,1,0,1619012226.264229,2421090000.0,0.6687121198568533,1670882118.2609928,748107.8325866413,0.00034816406345294075,410958.90410958906,3515981.735159817,138904109.5890402,1188401826.4840283,570747.918511374,58353817.81206607,0,0,9941646182.187935,6818952118.260993,248070000,24807,16899.13835473879,19135.758619061882,184.46973567690773,2421.0899999999997,24.855785065795242,102.0,6123.442758099802,2739.72602739726,25041224.697549075
339,1,0,1627107287.39555,2431086000.0,0.6692923604494246,1673213759.6390984,747065.3362721716,0.0003517909863759939,410958.90410958906,3515981.735159817,139315068.4931498,1191917808.2191882,575299.2611637688,58929117.07322984,0,0,9941070882.92677,6822303759.639098,249090000,24909,16987.492111997053,19234.623795883268,183.9543161137828,2431.086,24.883314317272447,102.0,6155.079614682645,2739.72602739726,25044640.051136363
340,1,0,1635242823.8325276,2441082000.0,0.6698844298686105,1675530816.850679,746032.23493645,0.00035694709140647157,410958.90410958906,3515981.735159817,139726027.39725938,1195433789.954348,579883.4276889311,59509000.500918776,0,0,9940490999.49908,6825650816.850679,250120000,25012,17076.42456469433,19334.064513145335,183.44205154899373,2441.082,24.911463645470956,103.0,6186.9006442065065,2739.72602739726,25048087.225753173
341,1,0,1643419037.9516902,2451176000.0,0.6704614592961461,1677843268.3096452,745004.0320269776,0.0003598742021390392,410958.90410958906,3515981.735159817,140136986.30136898,1198949771.689508,584489.1803031958,60093489.68122197,0,0,9939906510.318777,6828993268.309645,251150000,25115,17165.694460051534,19433.935352081073,182.93510797046258,2451.176,24.938876526786768,103.0,6218.859312665943,2739.72602739726,25051566.359038442
342,1,0,1651636133.1414485,2461270000.0,0.6710503655192029,1680141080.9319494,743985.1415969492,0.00036054592540324154,410958.90410958906,3515981.735159817,140547945.20547858,1202465753.4246678,589128.016965032,60682617.698187,0,0,9939317382.301813,6832331080.93195,252190000,25219,17255.549016624132,19534.387752281466,182.43126434266767,2461.27,24.96691180680465,104.0,6251.004080730068,2739.72602739726,25055077.63709178
343,1,0,1659894313.8071556,2471462000.0,0.6716244529785025,1682434233.0027063,742971.092408815,0.0003640009993437558,410958.90410958906,3515981.735159817,140958904.10958818,1205981735.1598277,593788.5685124411,61276406.26669944,0,0,9938723593.733301,6835664233.002707,253230000,25323,17345.746480537764,19635.275811261825,181.9326692759398,2471.462,24.99422106632107,104.0,6283.288259603783,2739.72602739726,25058621.199323986
344,1,0,1668193785.3761911,2481654000.0,0.6722104634152026,1684722691.1782296,741961.8709627554,0.0003649980798736418,410958.90410958906,3515981.735159817,141369863.01369777,1209497716.8949876,598482.4637459829,61874888.73044542,0,0,9938125111.269554,6838992691.178229,254270000,25427,17436.534639869824,19736.751519337384,181.4371205324381,2481.654,25.02215497108918,104.0,6315.760486187962,2739.72602739726,25062197.23378278
345,1,0,1676534754.303072,2491846000.0,0.6728083333813856,1686996421.9228828,740961.856086941,0.00036605796194460013,410958.90410958906,3515981.735159817,141780821.91780737,1213013698.6301475,603209.8946161437,62478098.625061564,0,0,9937521901.374939,6842316421.922883,255320000,25532,17527.9168092832,19838.818207430966,180.94460185223616,2491.846,25.050710605254977,105.0,6348.421826377909,2739.72602739726,25065805.92958176
346,1,0,1684917428.074587,2502136000.0,0.6733916254250717,1689265403.2691302,739966.6136422141,0.00037570507469943495,410958.90410958906,3515981.735159817,142191780.82191697,1216529680.3653073,607959.2930220346,63086057.9180836,0,0,9936913942.081917,6845635403.269131,256370000,25637,17619.650481102704,19941.329244857086,180.45723624561813,2502.136,25.07855162256601,105.0,6381.225358354268,2739.72602739726,25069447.42891272
347,1,0,1693342015.2149599,2512426000.0,0.6739868219859848,1691519601.4219224,738980.4995160769,0.0003713649216718557,410958.90410958906,3515981.735159817,142602739.72602656,1220045662.1004672,612742.4864770952,63698800.40456069,0,0,9936301199.59544,6848949601.421923,257430000,25743,17711.984305767517,20044.437456867054,179.97284890046274,2512.426,25.107016578358664,106.0,6414.219986197456,2739.72602739726,25073121.922871523
348,1,0,1701808725.2910345,2522814000.0,0.6745676555192077,1693768994.288684,737999.1039007998,0.0003778697789573366,410958.90410958906,3515981.735159817,143013698.63013616,1223561643.835627,617547.7725077943,64316348.17706849,0,0,9935683651.822931,6852258994.288684,258490000,25849,17804.67526844134,20147.995722216274,179.49354622506672,2522.814,25.13477706900053,106.0,6447.358631109208,2739.72602739726,25076829.555475235
349,1,0,1710317768.9174895,2533202000.0,0.6751604368374451,1696013547.8156838,737022.4144788805,0.0003801554072940006,410958.90410958906,3515981.735159817,143424657.53424576,1227077625.570787,622387.1122693869,64938735.28933787,0,0,9935061264.710663,6855563547.815683,259550000,25955,17897.972597097203,20252.15742575046,179.01717134674305,2533.2019999999998,25.163163634612655,106.0,6480.690376240148,2739.72602739726,25080570.51982408
350,1,0,1718869357.7620769,2543590000.0,0.6757651027728827,1698243227.7565825,736054.7532706993,0.00038470084514851365,410958.90410958906,3515981.735159817,143835616.43835536,1230593607.3059468,627260.6983707325,65565995.987708606,0,0,9934434004.012291,6858863227.756582,260620000,26062,17991.879700450136,20356.925991279073,178.54370917106374,2543.5899999999997,25.1921733882053,107.0,6514.216317209303,2739.72602739726,25084345.010113895
351,1,0,1727463704.550887,2554076000.0,0.6763556388106254,1700468011.7709985,735091.7461235634,0.00038551397357109986,410958.90410958906,3515981.735159817,144246575.34246495,1234109589.0411067,632156.624853476,66198152.61256208,0,0,9933801847.387438,6862158011.770998,261690000,26169,18086.15280018869,20462.15355853905,178.075241649643,2554.076,25.220489753343507,107.0,6547.889138732495,2739.72602739726,25088153.17322523
352,1,0,1736101023.0736413,2564562000.0,0.6769581016460672,1702677865.354428,734137.6930038427,0.000392621837833108,410958.90410958906,3515981.735159817,144657534.24657455,1237625570.7762666,637087.05583985,66835239.668401934,0,0,9933164760.331598,6865447865.354428,262770000,26277,18181.04199958041,20567.99436149603,177.60963808438302,2564.562,25.24943141029149,108.0,6581.758195678729,2739.72602739726,25091995.205393516
353,1,0,1744781528.1890094,2575146000.0,0.6775466432540173,1704882766.0457714,733188.2431419031,0.0003971529816565642,410958.90410958906,3515981.735159817,145068493.15068415,1241141552.5114264,642039.9479259354,67477279.61632787,0,0,9932522720.383673,6868732766.045772,263850000,26385,18276.303006145794,20674.300041579165,177.14896456663112,2575.1459999999997,25.277689559246046,108.0,6615.7760133053325,2739.72602739726,25095871.255379423
354,1,0,1753505435.8299544,2585730000.0,0.6781471521891127,1707082679.0832982,732243.3853474844,0.00039468230354157,410958.90410958906,3515981.735159817,145479452.05479375,1244657534.2465863,647027.6017425914,68124307.21807046,0,0,9931875692.781929,6872012679.083298,264930000,26493,18372.186509733263,20781.225402213655,176.69110751960753,2585.73,25.306575034226945,108.0,6649.99212870837,2739.72602739726,25099781.521480735
355,1,0,1762272963.009104,2596314000.0,0.6787595656800772,1709267569.512242,731307.3870328615,0.0004012519019856671,410958.90410958906,3515981.735159817,145890410.95890334,1248173515.9817462,652050.2103255532,68776357.42839602,0,0,9931223642.571604,6875287569.512242,266020000,26602,18468.696016280974,20888.77396333814,176.23605294283206,2596.314,25.336084982912972,109.0,6684.407668268204,2739.72602739726,25103726.203121606
356,1,0,1771084327.8241494,2606996000.0,0.6793582835662768,1711447414.62939,730375.9316909496,0.00040170896407137094,410958.90410958906,3515981.735159817,146301369.86301294,1251689497.716906,657095.522121429,69433452.95051745,0,0,9930566547.049482,6878557414.62939,267110000,26711,18565.586458764115,20996.796615199328,175.7858435647869,2606.996,25.364922181170392,109.0,6718.9749168637845,2739.72602739726,25107705.452011075
357,1,0,1779939749.46327,2617678000.0,0.679968945555286,1713612179.2235765,729453.265537814,0.0004070690604693061,410958.90410958906,3515981.735159817,146712328.76712254,1255205479.452066,662176.0450828231,70095628.99560027,0,0,9929904371.0044,6881822179.223577,268210000,26821,18663.109416788877,21105.44902599889,175.3383907899896,2617.678,25.394385859456353,110.0,6753.743688319644,2739.72602739726,25111719.469672
358,1,0,1788839448.210586,2628458000.0,0.680566114509186,1715771840.4757874,728535.0945341194,0.00040945687741916244,410958.90410958906,3515981.735159817,147123287.67123213,1258721461.1872258,667279.3870585696,70762908.38265884,0,0,9929237091.617342,6885081840.475787,269310000,26931,18761.01930123971,21214.581579043075,174.89572219663313,2628.458,25.423186400925463,110.0,6788.666105293783,2739.72602739726,25115768.409749895
359,1,0,1797783645.4516387,2639238000.0,0.6811752655318083,1717916362.9196126,727625.6440538367,0.0004133554697505438,410958.90410958906,3515981.735159817,147534246.57534173,1262237442.9223857,672418.1954442041,71435326.57810305,0,0,9928564673.421898,6888336362.919613,270420000,27042,18859.568288361235,21324.350522831308,174.45576552992964,2639.238,25.452615362223476,111.0,6823.792167306018,2739.72602739726,25119852.475889806
360,1,0,1806772563.6788967,2650116000.0,0.6817711238598222,1720055723.6224678,726720.6421472705,0.00041377620883033207,410958.90410958906,3515981.735159817,147945205.47945133,1265753424.6575456,677579.9364141745,72112906.51451722,0,0,9927887093.485483,6891585723.622468,271530000,27153,18958.51026806813,21434.605734561726,174.02053350640645,2650.116,25.4813907094458,111.0,6859.073835059752,2739.72602739726,25123971.82369747
361,1,0,1815806426.4972908,2660994000.0,0.68237900066565,1722189886.8639448,725820.0791529553,0.00042121564072822364,410958.90410958906,3515981.735159817,148356164.38356093,1269269406.3927054,682777.3977924024,72795683.91230962,0,0,9927204316.08769,6894829886.863945,272640000,27264,19058.098012939467,21545.50404304511,173.58796989435197,2660.9939999999997,25.510796350768288,111.0,6894.561293774436,2739.72602739726,25128126.658963848
362,1,0,1824885458.6297772,2671872000.0,0.6829988332636359,1724308816.7306738,724928.1496861067,0.0004287584106483355,410958.90410958906,3515981.735159817,148767123.28767052,1272785388.1278653,688010.7725402752,73483694.68484989,0,0,9926516305.31515,6898068816.730674,273760000,27376,19158.33516720446,21657.049105055452,173.15806214900525,2671.872,25.540829455186426,112.0,6930.255713617745,2739.72602739726,25132317.18865007
363,1,0,1834009885.922926,2682848000.0,0.6836055885100184,1726422490.0576806,724040.6141594254,0.00042566490358553574,410958.90410958906,3515981.735159817,149178082.19178012,1276301369.8630252,693267.3122625259,74176961.99711241,0,0,9925823038.002888,6901302490.05768,274880000,27488,19258.97483520864,21769.090034111403,172.7328010972372,2682.848,25.57021926937241,112.0,6966.108810915649,2739.72602739726,25136543.571433593
364,1,0,1843179935.3525405,2693824000.0,0.6842243351282565,1728520870.6788912,723161.6471654517,0.00043581672132473085,410958.90410958906,3515981.735159817,149589041.09588972,1279817351.598185,698560.0180588489,74875522.01517126,0,0,9925124477.984829,6904530870.678891,276010000,27601,19360.270695230116,21881.784541344296,172.31015388582227,2693.824,25.60023840012797,113.0,7002.171053230175,2739.72602739726,25140806.016459428
365,1,0,1852395835.029303,2704898000.0,0.6848301987835782,1730613935.3215628,722287.0303351319,0.0004357700525078373,410958.90410958906,3515981.735159817,149999999.9999993,1283333333.333345,703875.996597886,75579398.01176915,0,0,9924420601.988232,6907753935.321563,277140000,27714,19461.975321376194,21994.98122422805,171.8920971481439,2704.8979999999997,25.62962350133996,113.0,7038.393991752975,2739.72602739726,25145104.684423786
