timestep,run,subset,network_resource_demand,network_resource_provision,network_resource_demand_supply_ratio,dex_tokens,dex_usdc,dex_token_price,token_incentives_vested,token_seller_vested,token_incentives_vested_cum,token_seller_vested_cum,token_burned_supply,token_burned_supply_cum,token_minted_supply,token_minted_supply_cum,token_total_supply,token_circulating_supply,token_staked_supply,node_amount,node_profit,node_network_revenue,node_incentive_revenue,node_expenditures,node_apr,node_change_amount,foundation_revenue,foundation_expenditures,foundation_cash_reserves
1,1,0,1224000000.0,1470000000.0,0.8326530612244898,503836358.5391897,2480964.2631274527,0.004923596417162386,376712.3287671233,3515981.735159817,376712.3287671233,3515981.735159817,56335.524737212436,56335.524737212436,0,0,9999943664.475264,5603836358.539189,150000000,15000,21215.147672078212,20803.00408163266,1882.1435904455548,1470.0,49.167025514376796,0.0,6656.96130612245,2739.72602739726,25003917.235278726
2,1,0,1248480000.0,1470000000.0,0.8493061224489796,506630369.3061318,2467282.0180755616,0.004860007924921375,376712.3287671233,3515981.735159817,753424.6575342466,7031963.470319634,58683.29698484624,115018.82172205867,0,0,9999884981.178278,5607670369.306131,151040000,15104,21727.411192539228,21343.810246530615,1853.6009460086132,1470.0,50.3905814822471,104.0,6830.019278889797,2739.72602739726,25008007.52853022
3,1,0,1273449600.0,1480192000.0,0.8603273088896576,509292311.9383167,2454386.156434646,0.004951409803691518,376712.3287671233,3515981.735159817,1130136.98630137,10547945.20547945,60751.43174203129,175770.25346408994,0,0,9999824229.746536,5611502311.938316,152210000,15221,22207.92406846721,21854.89600424767,1833.220064219543,1480.192,51.17674182841468,117.0,6993.566721359253,2739.72602739726,25012261.369224183
4,1,0,1298918592.0,1491658000.0,0.8707884729609602,511812162.8685868,2442302.255956646,0.004973504262685041,376712.3287671233,3515981.735159817,1506849.3150684931,14063926.940639269,62843.133656888895,238613.38712097885,0,0,9999761386.612879,5615332162.868587,153520000,15352,22695.978759277918,22373.523127369685,1814.1136319082323,1491.658,51.92451814103002,131.0,7159.527400758299,2739.72602739726,25016681.170597546
5,1,0,1324896963.84,1504496000.0,0.8806251155470004,514189904.32917833,2431008.4454706926,0.004934850330842414,376712.3287671233,3515981.735159817,1883561.6438356163,17579908.675799087,64952.6033354043,303565.99045638315,0,0,9999696434.009544,5619159904.329178,154970000,15497,23190.993781545836,22899.188817296817,1796.3009642490183,1504.4959999999999,52.62802906444289,145.0,7327.740421534982,2739.72602739726,25021269.184991684
6,1,0,1351394903.1167998,1518706000.0,0.8898331231435181,516475520.90470356,2420250.233370966,0.004899730144499593,376712.3287671233,3515981.735159817,2260273.9726027395,21095890.410958905,67077.48840169045,370643.4788580736,0,0,9999629356.521141,5622985520.904703,156510000,15651,23692.86086860989,23431.834520845525,1779.7323477643604,1518.706,53.28622275484819,154.0,7498.187046670568,2739.72602739726,25026027.646010958
7,1,0,1378422801.1791358,1533798000.0,0.8986990471881798,518738979.3965047,2409689.746959514,0.004901224333274748,376712.3287671233,3515981.735159817,2636986.3013698626,24611872.146118723,69235.5721258019,439879.0509838755,0,0,9999560120.949017,5626808979.396504,158070000,15807,24204.019984966166,23973.797162402545,1764.0208225636184,1533.798,53.92168691651478,156.0,7671.615091968813,2739.72602739726,25030959.53507553
8,1,0,1405991257.2027185,1549086000.0,0.9076263404373408,520980218.35584044,2399323.3446461176,0.004933079581841386,376712.3287671233,3515981.735159817,3013698.630136986,28127853.88127854,71455.10459118319,511334.1555750587,0,0,9999488665.844425,5630630218.355841,159650000,15965,24728.16304432972,24528.58328320342,1748.6657611263008,1549.086,54.56693963340358,158.0,7849.1466506250945,2739.72602739726,25036068.95569876
9,1,0,1434111082.346773,1564570000.0,0.9166167588198502,523209174.7453307,2389101.836007426,0.004906097047282516,376712.3287671233,3515981.735159817,3390410.958904109,31643835.61643836,73737.67443666937,585071.8300117281,0,0,9999414928.169989,5634449174.745331,161240000,16124,25265.60263666362,25096.51450069123,1733.6581359723878,1564.57,55.222149344638524,159.0,8030.884640221194,2739.72602739726,25041360.114311583
10,1,0,1462793303.9937084,1580152000.0,0.9257294893109703,525415779.52094245,2379068.2516990835,0.004925960918691342,376712.3287671233,3515981.735159817,3767123.287671232,35159817.35159817,76089.288315203,661161.1183269311,0,0,9999338838.881674,5638265779.520943,162850000,16285,25817.19659628458,25678.42503756612,1718.923558718455,1580.1519999999998,55.89221036860004,161.0,8217.096012021158,2739.72602739726,25046837.48429621
11,1,0,1492049170.0735826,1595930000.0,0.9349089058251819,527609966.10998094,2369174.352820006,0.004904604785273014,376712.3287671233,3515981.735159817,4143835.6164383553,38675799.08675799,78507.47488844389,739668.593215375,0,0,9999260331.406784,5642079966.109981,164470000,16447,26382.761378110572,26274.170383068173,1704.5209950424007,1595.9299999999998,56.572621394205214,162.0,8407.734522581815,2739.72602739726,25052505.492791396
12,1,0,1521890153.4750543,1611806000.0,0.944214225207658,529781661.59799176,2359462.5684656543,0.004935602842655332,376712.3287671233,3515981.735159817,4520547.945205479,42191780.8219178,80998.57591613915,820667.1691315142,0,0,9999179332.830868,5645891661.597992,166110000,16611,26963.196065796117,26884.623834388323,1690.3782314077944,1611.806,57.26832873784641,164.0,8603.079627004263,2739.72602739726,25058368.846391004
13,1,0,1552327956.5445554,1661100000.0,0.9345180642613662,531931335.1621917,2349927.363498638,0.004901867252633383,376712.3287671233,3515981.735159817,4897260.273972603,45707762.55707762,83020.49972699331,903687.6688585074,0,0,9999096312.331142,5649701335.162191,167770000,16777,27347.459630857025,27332.006580827587,1676.5530500294376,1661.1,57.531223471794526,166.0,8746.242105864827,2739.72602739726,25064375.362469472
14,1,0,1583374515.6754465,1677700000.0,0.9437769062856568,534068395.7689949,2340524.1911013066,0.004980724257090102,376712.3287671233,3515981.735159817,5273972.602739726,49223744.29223743,85633.45712369212,989321.1259821996,0,0,9999010678.874018,5653508395.768995,169440000,16944,27951.94242796482,27966.607999479696,1663.0344284851224,1677.6999999999998,58.24106688361095,167.0,8949.314559833503,2739.72602739726,25070584.95100191
15,1,0,1615042005.9889555,1694400000.0,0.9531645455553326,536182765.1958332,2331294.627762708,0.004922335034608927,376712.3287671233,3515981.735159817,5650684.93150685,52739726.027397245,88324.6370886916,1077645.7630708911,0,0,9998922354.236929,5657312765.195833,171130000,17113,28572.265301634907,28616.908750014874,1649.7565516200348,1694.3999999999999,58.966722856923695,169.0,9157.41080000476,2739.72602739726,25077002.63577452
16,1,0,1647128721.9107914,1711300000.0,0.962501444463736,538274383.725208,2322235.7180536594,0.004901266597721807,376712.3287671233,3515981.735159817,6027397.260273973,56255707.76255706,91075.53455211548,1168721.2976230066,0,0,9998831278.702377,5661114383.725208,172840000,17284,29203.202846710195,29277.727307270565,1636.7755394396297,1711.3,59.693355538240226,171.0,9368.87273832658,2739.72602739726,25083631.78248545
17,1,0,1679221104.9172502,1728400000.0,0.9715465777119012,540353221.9069598,2313301.6503327703,0.0049329476573716875,376712.3287671233,3515981.735159817,6404109.589041097,59771689.497716874,93855.8821753647,1262577.1797983714,0,0,9998737422.820202,5664913221.90696,174560000,17456,29834.98673394891,29939.302365230713,1624.0843687181998,1728.3999999999999,60.400911183236516,172.0,9580.576756873828,2739.72602739726,25090472.63321493
18,1,0,1711332401.190326,1745600000.0,0.9803691574188393,542409244.6579697,2304532.9929585177,0.004962577939817001,376712.3287671233,3515981.735159817,6780821.917808221,63287671.23287669,96671.31291714453,1359248.492715516,0,0,9998640751.507284,5668709244.657969,176300000,17630,30468.43028000794,30602.41383959503,1611.6164404129067,1745.6,61.09491486610864,174.0,9792.772428670409,2739.72602739726,25097525.6796162
19,1,0,1743471396.752932,1763000000.0,0.9889230838076756,544442422.0363324,2295926.895859308,0.004924432462981218,376712.3287671233,3515981.735159817,7157534.246575344,66803652.9680365,99516.68556433945,1458765.1782798553,0,0,9998541234.82172,5672502422.036332,178060000,17806,31103.03745628665,31266.6114222795,1599.4260340071494,1763.0,61.77105246909543,176.0,10005.31565512944,2739.72602739726,25104791.269243937
20,1,0,1775649986.2924485,1780600000.0,0.9972200304910976,546452723.8760281,2287480.5914291386,0.004955918589446165,376712.3287671233,3515981.735159817,7534246.575342468,70319634.70319632,102392.22423141748,1561157.4025112728,0,0,9998438842.597488,5676292723.876028,179840000,17984,31738.988829013426,31932.082236341823,1587.506592671605,1780.6,62.42996113383437,178.0,10218.266315629384,2739.72602739726,25112269.80953217
21,1,0,1807879413.1163085,1798400000.0,1.0,548450855.4994296,2279146.7776301075,0.004966011593490969,376712.3287671233,3515981.735159817,7910958.904109592,73835616.43835613,104562.4405255122,1665719.843036785,0,0,9998334280.156963,5680080855.49943,181630000,18163,32148.65178037881,32371.199999999997,1575.8517803788097,1798.3999999999999,62.62846490412507,179.0,10358.784,2739.72602739726,25119888.867504776
22,1,0,1840511636.5230577,1816300000.0,1.0,550427178.4414941,2270963.4425017145,0.004922297352157078,376712.3287671233,3515981.735159817,8287671.232876715,77351598.17351595,106371.1218625289,1772090.9648993139,0,0,9998227909.0351,5683867178.441494,183440000,18344,32441.494247906823,32693.4,1564.3942479068228,1816.3,62.594383470246996,181.0,10461.888,2739.72602739726,25127611.02947738
23,1,0,1873732871.5622988,1834400000.0,1.0,552381671.4775398,2262928.088574038,0.004943779142736341,376712.3287671233,3515981.735159817,8664383.561643839,80867579.90867576,108201.0278814266,1880291.9927807404,0,0,9998119708.00722,5687651671.47754,185270000,18527,32737.984248160385,33019.2,1553.1842481603867,1834.3999999999999,62.56105922230003,183.0,10566.143999999998,2739.72602739726,25135437.447449986
24,1,0,1907553749.8939981,1852700000.0,1.0,554314313.4004567,2255038.2874507457,0.0049521194265498905,376712.3287671233,3515981.735159817,9041095.890410962,84383561.64383557,110052.14101013579,1990344.1337908763,0,0,9998009655.866209,5691434313.400456,187120000,18712,33038.11615637762,33348.600000000006,1542.2161563776071,1852.6999999999998,62.52847399822541,185.0,10671.552,2739.72602739726,25143369.27342259
25,1,0,1941985095.0795846,1871200000.0,1.0,556225083.0275347,2247291.6776716514,0.004911482480347458,376712.3287671233,3515981.735159817,9417808.219178084,87899543.37899539,111924.4368489841,2102268.5706398604,0,0,9997897731.42936,5695215083.0275345,188990000,18899,33341.884529802526,33681.600000000006,1531.4845298025164,1871.1999999999998,62.49660999208035,187.0,10778.112000000001,2739.72602739726,25151407.659395196
26,1,0,1977037926.045771,1889900000.0,1.0,558123959.2073474,2239645.8338310067,0.004916189232746912,376712.3287671233,3515981.735159817,9794520.547945207,91415525.1141552,113817.88411443715,2216086.4547542976,0,0,9997783913.545246,5698993959.207348,190870000,19087,33649.284100981444,34018.2,1520.9841009814452,1889.8999999999999,62.46544975042866,188.0,10885.823999999999,2739.72602739726,25159553.7573678
27,1,0,2012723460.6108968,1908700000.0,1.0,560000922.7706003,2232139.1790135577,0.004963587707477066,376712.3287671233,3515981.735159817,10171232.87671233,94931506.84931502,115730.50067415036,2331816.955428448,0,0,9997668183.04457,5702770922.7706,192770000,19277,33958.555654818694,34356.600000000006,1510.6556548186843,1908.6999999999998,62.43510841694737,190.0,10994.112000000001,2739.72602739726,25167808.143340405
28,1,0,2049053119.0749233,1927700000.0,1.0,561855952.6194509,2224769.5235270327,0.004905954173686257,376712.3287671233,3515981.735159817,10547945.205479452,98447488.58447483,117664.21507642088,2449481.170504869,0,0,9997550518.829494,5706545952.619451,194690000,19469,34271.44944307231,34698.600000000006,1500.5494430723063,1927.6999999999998,62.40543155128182,192.0,11103.552,2739.72602739726,25176171.96931301
29,1,0,2086038527.8742254,1946900000.0,1.0,563689027.7056319,2217534.7373494995,0.004863355729533995,376712.3287671233,3515981.735159817,10924657.534246575,101963470.31963465,119618.97774615994,2569100.1482510287,0,0,9997430899.85175,5710319027.705632,196630000,19663,34587.960647145395,35044.2,1490.6606471453965,1946.8999999999999,62.376402976466494,194.0,11214.143999999998,2739.72602739726,25184646.387285616
30,1,0,2123691523.302355,1966300000.0,1.0,565500127.0375239,2210432.74835031,0.004876057106758868,376712.3287671233,3515981.735159817,11301369.863013698,105479452.05479446,121594.73203505222,2690694.8802860808,0,0,9997309305.119715,5714090127.037524,198590000,19859,34908.08460115301,35393.4,1480.9846011530085,1966.3,62.34800684266483,196.0,11325.888,2739.72602739726,25193232.54925822
31,1,0,2162024155.297962,1985900000.0,1.0,567289229.6872767,2203461.5405779467,0.004931786637688694,376712.3287671233,3515981.735159817,11678082.19178082,108995433.78995427,123591.41417420133,2814286.294460282,0,0,9997185713.70554,5717859229.687277,200570000,20057,35231.816786491334,35746.2,1471.5167864913349,1985.8999999999999,62.320227623138095,198.0,11438.784,2739.72602739726,25201931.607230827
32,1,0,2201048691.3010902,2005700000.0,1.0,569056314.797975,2196619.1526119444,0.004876027444549673,376712.3287671233,3515981.735159817,12054794.520547943,112511415.52511409,125608.95322877979,2939895.247689062,0,0,9997060104.752312,5721626314.797975,202570000,20257,35559.15282663947,36102.600000000006,1462.2528266394588,2005.6999999999998,62.29305011009665,200.0,11552.832,2739.72602739726,25210744.71320343
33,1,0,2240777620.179075,2025700000.0,1.0,570801361.5908473,2189903.6759761777,0.004866698745854452,376712.3287671233,3515981.735159817,12431506.849315066,116027397.2602739,127647.27105469925,3067542.518743761,0,0,9996932457.481256,5725391361.590847,204590000,20459,35890.08848218253,36462.600000000006,1453.1884821825242,2025.6999999999998,62.26645941044351,202.0,11668.032000000001,2739.72602739726,25219673.019176036
34,1,0,2281223656.2233067,2045900000.0,1.0,572524349.372517,2183313.2536109528,0.00482945938040498,376712.3287671233,3515981.735159817,12808219.178082189,119543378.99543372,129706.28225731813,3197248.801001079,0,0,9996802751.199,5729154349.372517,206630000,20663,36224.61964604574,36826.2,1444.3196460457482,2045.8999999999999,62.24044094142042,204.0,11784.384,2739.72602739726,25228717.67714864
35,1,0,2322399743.2181373,2066300000.0,1.0,574225257.5422919,2176846.078401456,0.004865028033353278,376712.3287671233,3515981.735159817,13184931.506849311,123059360.73059353,131785.89415220256,3329034.6951532816,0,0,9996670965.304846,5732915257.542292,208690000,20869,36562.74233892929,37193.4,1435.6423389292931,2066.2999999999997,62.21498042616649,206.0,11901.888,2739.72602739726,25237879.839121245
36,1,0,2364319058.5832243,2086900000.0,1.0,575904065.599491,2170500.39176023,0.004839567255829695,376712.3287671233,3515981.735159817,13561643.835616434,126575342.46575335,133886.00672795638,3462920.701881238,0,0,9996537079.298119,5736674065.599491,210770000,21077,36904.45270493453,37564.2,1427.152704934532,2086.9,62.19006388919818,208.0,12020.544,2739.72602739726,25247160.65709385
37,1,0,2406995017.590651,2107700000.0,1.0,577560753.1508069,2164274.482261466,0.004814546009438726,376712.3287671233,3515981.735159817,13938356.164383557,130091324.20091316,136006.5126111376,3598927.2144923755,0,0,9996401072.785507,5740430753.150806,212870000,21287,37249.74700737276,37938.600000000006,1418.8470073727506,2107.7,62.16567765182101,210.0,12140.352,2739.72602739726,25256561.283066455
38,1,0,2450441277.658162,2128700000.0,1.0,579195299.9177006,2158166.6843249947,0.00480994627378299,376712.3287671233,3515981.735159817,14315068.49315068,133607305.93607298,138147.29703327524,3737074.5115256505,0,0,9996262925.488474,5744185299.917701,214990000,21499,37598.62162474782,38316.600000000006,1410.7216247478111,2128.7,62.141808327480874,212.0,12261.312,2739.72602739726,25266082.86903906
39,1,0,2494671742.7198915,2149900000.0,1.0,580807685.7438277,2152175.3769479776,0.004741610816994036,376712.3287671233,3515981.735159817,14691780.821917802,137123287.6712328,140308.23780000405,3877382.7493256545,0,0,9996122617.250675,5747937685.743828,217130000,21713,37951.073046904734,38698.2,1402.7730469047415,2149.9,62.1184428170644,214.0,12383.423999999999,2739.72602739726,25275726.56701166
40,1,0,2539700567.6759853,2171300000.0,1.0,582387890.6024925,2146335.8359097303,0.0047478884910967245,376712.3287671233,3515981.735159817,15068493.150684925,140639269.4063926,142489.20526233126,4019871.9545879858,0,0,9995980128.045412,5751687890.602492,219300000,21930,38307.097871336635,39083.4,1394.997871336636,2171.2999999999997,62.09556830415623,217.0,12506.688,2739.72602739726,25285493.528984267
41,1,0,2585542162.922537,2193000000.0,1.0,583945892.9429966,2140609.284364001,0.004726729155507344,376712.3287671233,3515981.735159817,15445205.479452047,144155251.14155242,144691.7234228819,4164563.678010868,0,0,9995835436.32199,5755435892.942997,221490000,22149,38668.44042962619,39474.0,1387.440429626193,2193.0,62.073071452981445,219.0,12631.68,2739.72602739726,25295385.48295687
42,1,0,2632211198.9632883,2214900000.0,1.0,585481673.0757643,2134994.240610926,0.00472574798661404,376712.3287671233,3515981.735159817,15821917.80821917,147671232.87671223,146913.93115942628,4311477.609170294,0,0,9995688522.39083,5759181673.075765,223700000,22370,39033.34913932474,39868.2,1380.049139324741,2214.9,62.05104435453921,221.0,12757.823999999999,2739.72602739726,25305403.580929477
43,1,0,2679722611.1045756,2237000000.0,1.0,586995211.4661849,2129489.2625746997,0.004687612803983704,376712.3287671233,3515981.735159817,16198630.136986293,151187214.61187205,149155.67350646085,4460633.282676755,0,0,9995539366.717323,5762925211.466185,225930000,22593,39401.820927927125,40266.0,1372.820927927128,2237.0,62.02947485197624,223.0,12885.119999999999,2739.72602739726,25315548.974902082
44,1,0,2728091604.235013,2259300000.0,1.0,588486488.7421675,2124092.9467586577,0.004652118378350739,376712.3287671233,3515981.735159817,16575342.465753416,154703196.34703186,151416.7879444515,4612050.070621207,0,0,9995387949.929379,5766666488.742167,228180000,22818,39773.852816386134,40667.4,1365.752816386137,2259.2999999999997,62.00835105820113,225.0,13013.568000000001,2739.72602739726,25325822.816874687
45,1,0,2777333657.691455,2281800000.0,1.0,589945485.7017115,2118839.8424867885,0.004661662190497105,376712.3287671233,3515981.735159817,16952054.79452054,158219178.08219168,153697.10438293274,4765747.1750041405,0,0,9995234252.824995,5770405485.701712,230460000,23046,40149.4419161463,41072.4,1358.841916146304,2281.7999999999997,61.987661350804615,228.0,13143.168,2739.72602739726,25336226.258847293
46,1,0,2827464530.2127852,2304600000.0,1.0,591382181.8063029,2113692.360804713,0.004595305779440559,376712.3287671233,3515981.735159817,17328767.123287663,161735159.8173515,155997.95933563594,4921745.134339777,0,0,9995078254.86566,5774142181.806303,232760000,23276,40530.33124969858,41482.8,1352.1312496985784,2304.6,61.96730195777308,230.0,13274.496,2739.72602739726,25346761.028819896
47,1,0,2878500264.9831257,2327600000.0,1.0,592796558.282324,2108649.2195939575,0.0046045860345486,376712.3287671233,3515981.735159817,17705479.452054787,165251141.5525113,158317.58790595844,5080062.722245735,0,0,9994919937.277754,5777876558.282324,235080000,23508,40914.77161612222,41896.8,1345.5716161222167,2327.6,61.94735724006033,232.0,13406.976,2739.72602739726,25357428.2787925
48,1,0,2930457194.766071,2350800000.0,1.0,594178596.5518601,2103744.5765532656,0.0046002624464120696,376712.3287671233,3515981.735159817,18082191.780821912,168767123.28767112,160655.79439086447,5240718.5166366,0,0,9994759281.483364,5781608596.55186,237430000,23743,41302.76040628039,42314.4,1339.1604062803906,2350.7999999999997,61.927816200676865,235.0,13540.608,2739.72602739726,25368229.160765104
49,1,0,2983351947.131598,2374300000.0,1.0,595538276.8268167,2098941.493165364,0.004583038735792436,376712.3287671233,3515981.735159817,18458904.109589037,172283105.02283093,163013.78897047124,5403732.305607071,0,0,9994596267.694393,5785338276.826817,239800000,23980,41696.03994137676,42737.4,1332.9399413767626,2374.2999999999997,61.908580140978174,237.0,13675.968,2739.72602739726,25379165.402737707
50,1,0,3037201449.7773232,2398000000.0,1.0,596875581.0153478,2094238.7991038703,0.004530274275377172,376712.3287671233,3515981.735159817,18835616.43835616,175799086.75799075,165389.87539594402,5569122.1810030155,0,0,9994430877.818996,5789065581.0153475,242190000,24219,42092.86230792196,43164.0,1326.862307921959,2398.0,61.889729304120046,239.0,13812.48,2739.72602739726,25390238.15671031
51,1,0,3092022935.9458036,2421900000.0,1.0,598180491.2470014,2089670.2889694471,0.004518290555912654,376712.3287671233,3515981.735159817,19212328.767123286,179315068.49315056,167783.83227353566,5736906.013276551,0,0,9994263093.986723,5792790491.247002,244610000,24461,42493.22514971781,43594.2,1320.9251497178136,2421.9,61.87125330045527,242.0,13950.143999999998,2739.72602739726,25401448.574682917
52,1,0,3147833949.9396253,2446100000.0,1.0,599462988.5771352,2085199.6266974956,0.004510150073643708,376712.3287671233,3515981.735159817,19589041.09589041,182831050.22831038,170196.73379320273,5907102.747069754,0,0,9994092897.25293,5796512988.577135,247050000,24705,42898.87013947941,44029.8,1315.1701394794077,2446.1,61.85305809710619,244.0,14089.536,2739.72602739726,25412798.38465552
53,1,0,3204652352.7360353,2470500000.0,1.0,600713055.6791375,2080860.3844756084,0.004463776325597448,376712.3287671233,3515981.735159817,19965753.424657535,186347031.9634702,172626.96192473633,6079729.70899449,0,0,9993920270.291006,5800233055.679137,249520000,24952,43308.050545139355,44469.0,1309.550545139351,2470.5,61.83522020976535,247.0,14230.08,2739.72602739726,25424288.738628123
54,1,0,3262496327.7029204,2495200000.0,1.0,601940674.2493856,2076616.606044684,0.004412041984455141,376712.3287671233,3515981.735159817,20342465.75342466,189863013.69863,175075.49367896965,6254805.202673459,0,0,9993745194.797327,5803950674.249386,252010000,25201,43722.507644142686,44913.600000000006,1304.107644142679,2495.2,61.81764846480146,249.0,14372.352,2739.72602739726,25435921.36460073
55,1,0,3321384386.417958,2520100000.0,1.0,603135827.5457056,2072501.6537096414,0.004402488863179402,376712.3287671233,3515981.735159817,20719178.082191784,193378995.43378982,177540.76760703637,6432345.9702804955,0,0,9993567654.02972,5807665827.545706,254530000,25453,44140.49544414923,45361.8,1298.7954441492257,2520.1,61.800417054253934,252.0,14515.776,2739.72602739726,25447697.414573334
56,1,0,3381335374.5928016,2545300000.0,1.0,604308497.9505711,2068479.9307625338,0.0043626847607281935,376712.3287671233,3515981.735159817,21095890.41095891,196894977.16894963,180023.65906151064,6612369.6293420065,0,0,9993387630.370659,5811378497.950571,257070000,25707,44563.75485016278,45815.4,1293.6548501627854,2545.2999999999997,61.78343750822156,254.0,14660.928,2739.72602739726,25459618.616545938
57,1,0,3442368478.1042013,2570700000.0,1.0,605448669.3467354,2064584.601942768,0.004312351719690778,376712.3287671233,3515981.735159817,21472602.739726033,200410958.90410945,182522.66776271324,6794892.29710472,0,0,9993205107.702896,5815088669.346735,259640000,25964,44990.54056616442,46272.600000000006,1288.6405661644105,2570.7,61.766781847513705,257.0,14807.232,2739.72602739726,25471686.122518543
58,1,0,3504503229.1339817,2596400000.0,1.0,606566324.8477037,2060780.410639937,0.00428586063626204,376712.3287671233,3515981.735159817,21849315.068493158,203926940.63926926,185038.56295867395,6979930.860063394,0,0,9993020069.139936,5818796324.847704,262230000,26223,45422.593147100575,46735.2,1283.7931471005816,2596.4,61.750364157186596,259.0,14955.264,2739.72602739726,25483901.660491146
59,1,0,3567759512.41985,2622300000.0,1.0,607651449.0014731,2057100.3361451346,0.004297512124221689,376712.3287671233,3515981.735159817,22226027.397260282,207442922.37442908,187569.9101576388,7167500.770221032,0,0,9992832499.229778,5822501449.001473,264850000,26485,45858.167952045915,47201.4,1279.0679520459198,2622.2999999999997,61.73425443011138,262.0,15104.448,2739.72602739726,25496266.38246375
60,1,0,3632157571.6190276,2648500000.0,1.0,608714025.6973062,2053509.4432366393,0.004235184407330839,376712.3287671233,3515981.735159817,22602739.726027407,210958904.1095889,190117.36809391907,7357618.138314951,0,0,9992642381.861685,5826204025.697306,267490000,26749,46299.00520785331,47673.0,1274.5052078533133,2648.5,61.718369164011534,264.0,15255.359999999999,2739.72602739726,25508782.016436353
61,1,0,3697718015.786751,2674900000.0,1.0,609744040.1885238,2050040.5376877934,0.004238098393426096,376712.3287671233,3515981.735159817,22979452.05479453,214474885.8447487,192679.57270946592,7550297.711024418,0,0,9992449702.288975,5829904040.188524,270160000,27016,46743.36088947266,48148.2,1270.0608894726593,2674.9,61.70277645852151,267.0,15407.423999999999,2739.72602739726,25521449.714408956
62,1,0,3764461825.971701,2701600000.0,1.0,610741477.1845938,2046692.4987022004,0.004219879419925514,376712.3287671233,3515981.735159817,23356164.383561656,217990867.57990852,195257.0678570554,7745554.778881473,0,0,9992254445.221119,5833601477.184594,272860000,27286,47192.97491723245,48628.8,1265.7749172324502,2701.6,61.687395087963836,270.0,15561.216,2739.72602739726,25534271.20438156
63,1,0,3832410361.93049,2728600000.0,1.0,611716321.8720613,2043430.844177219,0.0041582288468083916,376712.3287671233,3515981.735159817,23732876.71232878,221506849.31506833,197849.37645963088,7943404.155341104,0,0,9992056595.84466,5837296321.872061,275580000,27558,47647.84514604005,49114.8,1261.6451460400388,2728.6,61.67221957155861,272.0,15716.735999999999,2739.72602739726,25547248.214354165
64,1,0,3901585368.963335,2755800000.0,1.0,612658560.6885911,2040288.1477655114,0.004102343881288445,376712.3287671233,3515981.735159817,24109589.041095905,225022831.05022815,200455.24739715943,8143859.402738263,0,0,9991856140.597261,5840988560.688591,278330000,27833,48106.22841426487,49604.399999999994,1257.6284142648833,2755.7999999999997,61.6573153595242,275.0,15873.408,2739.72602739726,25560381.89632677
65,1,0,3972008984.8731227,2783300000.0,1.0,613568179.7104226,2037263.4066355191,0.004080593613249758,376712.3287671233,3515981.735159817,24486301.36986303,228538812.78538796,203075.04209551765,8346934.444833781,0,0,9991653065.555166,5844678179.7104225,281110000,28111,48569.864234018125,50099.399999999994,1253.7642340181346,2783.2999999999997,61.64260435584983,278.0,16031.807999999999,2739.72602739726,25573673.978299372
66,1,0,4043703747.050082,2811100000.0,1.0,614445165.5288608,2034355.6595878159,0.004069946196936475,376712.3287671233,3515981.735159817,24863013.698630154,232054794.52054778,205708.24548891353,8552642.690322693,0,0,9991447357.309677,5848365165.528861,283920000,28392,49038.75070027803,50599.8,1250.0507002780307,2811.1,61.62808123180095,281.0,16191.936000000002,2739.72602739726,25587126.188271977
67,1,0,4116692599.6843357,2839200000.0,1.0,615299505.2640767,2031530.9687491632,0.004012004398154814,376712.3287671233,3515981.735159817,25239726.02739728,235570776.2557076,208354.32871112335,8760997.019033818,0,0,9991239002.980967,5852049505.264076,286750000,28675,49512.88599157588,51105.600000000006,1246.4859915758689,2839.2,61.61374068291371,283.0,16353.792,2739.72602739726,25600740.25424458
68,1,0,4190998901.1086373,2867500000.0,1.0,616121187.1203154,2028821.644394956,0.003998218963507673,376712.3287671233,3515981.735159817,25616438.356164403,239086757.9908674,211012.2076882795,8972009.226722097,0,0,9991027990.773277,5855731187.120316,289610000,28961,49990.5279753085,51615.0,1243.0279753084983,2867.5,61.59964501329841,286.0,16516.8,2739.72602739726,25614517.328217186
69,1,0,4266646431.273648,2896100000.0,1.0,616910199.2006162,2026226.8343427354,0.003961021723591361,376712.3287671233,3515981.735159817,25993150.684931528,242602739.72602722,213681.98362624214,9185691.21034834,0,0,9990814308.789652,5859410199.200616,292500000,29250,50473.415702188366,52129.8,1239.71570218836,2896.1,61.585719861360154,289.0,16681.536,2739.72602739726,25628459.13818979
70,1,0,4343659399.358137,2925000000.0,1.0,617666530.173948,2023745.725137453,0.003914216335475654,376712.3287671233,3515981.735159817,26369863.013698652,246118721.46118703,216363.09059519772,9402054.300943537,0,0,9990597945.699057,5863086530.173948,295420000,29542,50961.547568268594,52650.0,1236.547568268591,2925.0,61.571960083379516,292.0,16848.0,2739.72602739726,25642567.412162393
71,1,0,4422062451.516551,2954200000.0,1.0,618390169.2886368,2021377.5413634805,0.003875277685931299,376712.3287671233,3515981.735159817,26746575.342465777,249634703.19634685,219054.94923825352,9621109.25018179,0,0,9990378890.749819,5866760169.288637,298370000,29837,51454.92204590393,53175.600000000006,1233.5220459039178,2954.2,61.55836056416062,295.0,17016.192,2739.72602739726,25656843.878135
72,1,0,4501880678.766424,2983700000.0,1.0,619081106.3856776,2019121.5449907165,0.003802562873980628,376712.3287671233,3515981.735159817,27123287.6712329,253150684.93150666,221756.96688623805,9842866.217068028,0,0,9990157133.782932,5870431106.385677,301350000,30135,51953.53768205267,53706.600000000006,1230.6376820526666,2983.7,61.54491621827316,298.0,17186.112,2739.72602739726,25671290.264107604
73,1,0,4583139625.018158,3013500000.0,1.0,619739331.9119254,2016977.0347537925,0.003788805544590468,376712.3287671233,3515981.735159817,27500000.000000026,256666666.66666648,224468.53767921578,10067334.754747244,0,0,9989932665.245253,5874099331.911925,304360000,30436,52457.39309666936,54243.0,1227.893096669357,3013.5,61.53162199111898,301.0,17357.76,2739.72602739726,25685908.29808021
74,1,0,4665865295.249735,3043600000.0,1.0,620364836.9331578,2014943.3455634352,0.003790664108918322,376712.3287671233,3515981.735159817,27876712.32876715,260182648.4018263,227189.04269471008,10294523.797441954,0,0,9989705476.202559,5877764836.933158,307400000,30740,52966.48698118475,54784.8,1225.2869811847515,3043.6,61.51847285983063,304.0,17531.136000000002,2739.72602739726,25700699.708052814
75,1,0,4750084163.828992,3074000000.0,1.0,620957613.1470022,2013019.8479490962,0.003749060359758538,376712.3287671233,3515981.735159817,28253424.657534275,263698630.1369861,229917.8500826251,10524441.647524578,0,0,9989475558.352476,5881427613.147002,310470000,31047,53480.818097070434,55332.0,1222.8180970704339,3074.0,61.50546383400866,307.0,17706.239999999998,2739.72602739726,25715666.222025417
76,1,0,4835823182.986105,3104700000.0,1.0,621517652.8957224,2011205.9475320103,0.0036535459241406826,376712.3287671233,3515981.735159817,28630136.9863014,267214611.87214592,232654.31520685734,10757095.962731436,0,0,9989242904.037268,5885087652.895722,313570000,31357,54000.38527448517,55884.600000000006,1220.4852744851573,3104.7,61.492589956303924,310.0,17883.072,2739.72602739726,25730809.56799802
77,1,0,4923109791.439004,3135700000.0,1.0,622044949.1788559,2009501.084527899,0.003697243597063995,376712.3287671233,3515981.735159817,29006849.315068524,270730593.60730577,235397.78079358226,10992493.743525019,0,0,9989007506.256475,5888744949.178856,316700000,31670,54525.1874110004,56442.600000000006,1218.2874110003868,3135.7,61.47984630285202,313.0,18061.632,2739.72602739726,25746131.473970626
78,1,0,5011971923.174478,3167000000.0,1.0,622539495.6656967,2007904.7332785807,0.0036291032941157117,376712.3287671233,3515981.735159817,29383561.64383565,274246575.3424656,238147.57708620199,11230641.320611222,0,0,9988769358.679388,5892399495.665697,319860000,31986,55055.22347040262,57006.0,1216.2234704026175,3167.0,61.46722798356541,316.0,18241.92,2739.72602739726,25761633.66794323
79,1,0,5102438016.387776,3198600000.0,1.0,623001286.7076168,2006416.401811792,0.003580358881440686,376712.3287671233,3515981.735159817,29760273.972602773,277762557.0776254,240903.022006936,11471544.342618158,0,0,9988528455.657381,5896051286.707617,323050000,32305,55590.49248157022,57574.8,1214.2924815702115,3198.6,61.454730142290025,319.0,18423.936,2739.72602739726,25777317.877915837
80,1,0,5194537022.583575,3230500000.0,1.0,623420317.3502188,2005067.7932875275,0.0035824270712541202,376712.3287671233,3515981.735159817,30136986.301369898,281278538.8127852,243663.4213250348,11715207.763943193,0,0,9988284792.236057,5899700317.350219,326280000,32628,56130.99353742264,58149.0,1212.4935374226402,3230.5,61.44234795683138,323.0,18607.68,2739.72602739726,25793185.83188844
81,1,0,5288298415.841208,3262800000.0,1.0,623806583.6505255,2003826.2383910646,0.0035295032588593626,376712.3287671233,3515981.735159817,30513698.630137023,284794520.547945,246427.763620345,11961635.527563538,0,0,9988038364.472437,5903346583.650525,329540000,32954,56678.46462712719,58730.399999999994,1210.8646271272019,3262.7999999999997,61.43001715244528,326.0,18793.728,2739.72602739726,25809239.833861046
82,1,0,5383752202.247142,3295400000.0,1.0,624160082.2259204,2002691.353702374,0.0034798406684536957,376712.3287671233,3515981.735159817,30890410.958904147,288310502.28310484,249195.4885321064,12210831.016095646,0,0,9987789168.983904,5906990082.225921,332830000,33283,57231.16598843877,59317.200000000004,1209.3659884387637,3295.3999999999996,61.41779340391808,329.0,18981.504,2739.72602739726,25825481.61183365
83,1,0,5480928929.497703,3328300000.0,1.0,624480810.4268316,2001662.7879175995,0.0034597456906445005,376712.3287671233,3515981.735159817,31267123.28767127,291826484.01826465,251965.86301583724,12462796.879111484,0,0,9987537203.120888,5910630810.426831,336150000,33615,57789.09691904932,59909.399999999994,1207.996919049325,3328.2999999999997,61.40567193201066,332.0,19171.007999999998,2739.72602739726,25841912.893806256
84,1,0,5579859696.675136,3361500000.0,1.0,624758766.3480989,2000772.2457527667,0.0034138928748647045,376712.3287671233,3515981.735159817,31643835.616438396,295342465.75342447,254738.14265973502,12717535.021771219,0,0,9987282464.97823,5914268766.348099,339510000,33951,58352.25677699709,60507.0,1206.7567769970885,3361.5,61.39364799194995,336.0,19362.239999999998,2739.72602739726,25858535.40777886
85,1,0,5680576164.200121,3395100000.0,1.0,625003949.449096,1999987.3618427776,0.003373070798546871,376712.3287671233,3515981.735159817,32020547.94520552,298858447.4885843,257510.9629299992,12975045.984701218,0,0,9987024954.015299,5917903949.449096,342900000,34290,58922.38356418585,61111.8,1205.6835641858509,3395.1,61.381659153295985,339.0,19555.776,2739.72602739726,25875351.457751464
86,1,0,5783110563.963933,3429000000.0,1.0,625216359.5041325,1999307.8891784055,0.0033499007777167637,376712.3287671233,3515981.735159817,32397260.273972645,302374429.2237441,260284.00889051845,13235329.993591737,0,0,9986764670.006409,5921536359.504132,346320000,34632,59497.73807815347,61722.0,1204.7380781534698,3429.0,61.36975924854878,342.0,19751.04,2739.72602739726,25892362.771724068
87,1,0,5887495709.643481,3463200000.0,1.0,625385997.0680664,1998765.5717593015,0.0032905670035043647,376712.3287671233,3515981.735159817,32773972.60273977,305890410.9589039,263056.4999931607,13498386.493584897,0,0,9986501613.506414,5925165997.068067,349780000,34978,60078.31987182374,62337.600000000006,1203.919871823731,3463.2,61.35794357876203,346.0,19948.032,2739.72602739726,25909571.077696674
88,1,0,5993765007.202545,3497800000.0,1.0,625522864.3368094,1998328.2326942396,0.0032871378919913548,376712.3287671233,3515981.735159817,33150684.931506895,309406392.6940637,265826.79518406256,13764213.28876896,0,0,9986235786.711231,5928792864.336809,353270000,35327,60665.86702420916,62960.399999999994,1203.2670242091724,3497.7999999999997,61.34615088600087,349.0,20147.327999999998,2739.72602739726,25926978.67966928
89,1,0,6101952465.58255,3532700000.0,1.0,625616963.622086,1998027.6633852555,0.0032257836794373014,376712.3287671233,3515981.735159817,33527397.26027402,312922374.42922354,268594.7786503468,14032808.067419307,0,0,9985967191.93258,5932416963.622086,356800000,35680,61258.64067956682,63588.600000000006,1202.740679566814,3532.7,61.334433810769525,353.0,20348.352,2739.72602739726,25944587.305641886
90,1,0,6212092707.586314,3568000000.0,1.0,625678299.0671839,1997831.796090139,0.003214814527713651,376712.3287671233,3515981.735159817,33904109.58904114,316438356.16438335,271358.6188291944,14304166.686248502,0,0,9985695833.313751,5936038299.0671835,360360000,36036,61858.37900626026,64224.0,1202.379006260259,3568.0,61.32273176850296,356.0,20551.68,2739.72602739726,25962399.25961449
91,1,0,6324220980.958246,3603600000.0,1.0,625696874.7918245,1997772.484345399,0.003154359006209757,376712.3287671233,3515981.735159817,34280821.917808264,319954337.89954317,274118.33928643813,14578285.025534939,0,0,9985421714.974464,5939656874.791824,363960000,36396,62463.34334953088,64864.8,1202.1433495308784,3603.6,61.311096679090774,360.0,20756.736,2739.72602739726,25980416.269587096
92,1,0,6438373169.664542,3639600000.0,1.0,625682696.941655,1997817.7534875607,0.0031341950595567564,376712.3287671233,3515981.735159817,34657534.246575385,323470319.634703,276871.9140964784,14855156.939631417,0,0,9985144843.06037,5943272696.941655,367590000,36759,63075.271993463095,65512.8,1202.071993463089,3639.6,61.29946856084214,363.0,20964.096,2739.72602739726,25998640.6395597
93,1,0,6554585805.3769865,3675900000.0,1.0,625625771.4929873,1997999.5341576608,0.00309858534575223,376712.3287671233,3515981.735159817,35034246.575342506,326986301.3698628,279619.51259481837,15134776.452226236,0,0,9984865223.547773,5946885771.492988,371260000,37126,63692.42645513251,66166.20000000001,1202.126455132503,3675.8999999999996,61.28789868367074,367.0,21173.184,2739.72602739726,26017074.097532306
94,1,0,6672896079.164041,3712600000.0,1.0,625526106.6460831,1998317.8746962424,0.003069522973737972,376712.3287671233,3515981.735159817,35410958.90410963,330502283.1050226,282358.91083116806,15417135.363057405,0,0,9984582864.636942,5950496106.646083,374970000,37497,64316.545161305265,66826.8,1202.3451613052587,3712.6,61.27632759909414,371.0,21384.576,2739.72602739726,26035718.94750491
95,1,0,6793341853.392951,3749700000.0,1.0,625393711.7367969,1998740.9155883729,0.003037079464022298,376712.3287671233,3515981.735159817,35787671.23287675,334018264.8401824,285088.9732133044,15702224.336270709,0,0,9984297775.663729,5954103711.736797,378710000,37871,64947.628214943616,67494.6,1202.7282149436016,3749.7,61.26475141593319,374.0,21598.272,2739.72602739726,26054577.493477516
96,1,0,6915961673.846693,3787100000.0,1.0,625218595.7026172,1999300.7383206086,0.0030126875965155765,376712.3287671233,3515981.735159817,36164383.56164387,337534246.57534224,287810.0981067649,15990034.434377473,0,0,9984009965.565622,5957708595.702618,382490000,38249,65583.93734704748,68167.8,1203.2373470474836,3787.1,61.253220530999656,378.0,21813.696,2739.72602739726,26073651.46345012
97,1,0,7040794782.059626,3824900000.0,1.0,625000770.0104228,1999997.5359697097,0.002970638016259569,376712.3287671233,3515981.735159817,36541095.89041099,341050228.31050205,290519.7561214253,16280554.190498898,0,0,9983719445.809502,5961310770.010423,386310000,38631,66227.21126239203,68848.20000000001,1203.911262392015,3824.8999999999996,61.24167614132647,382.0,22031.424,2739.72602739726,26092943.161422722
98,1,0,7167881127.875801,3863100000.0,1.0,624740247.3026359,2000831.5542291189,0.0029487193040164178,376712.3287671233,3515981.735159817,36917808.21917811,344566210.04566187,293216.7717139635,16573770.96221286,0,0,9983426229.037786,5964910247.302636,390170000,39017,66877.45033172847,69535.8,1204.750331728475,3863.1,61.23011419132525,386.0,22251.456000000002,2739.72602739726,26112454.891395327
99,1,0,7297261382.233958,3901700000.0,1.0,624437041.4108807,2001803.0915906462,0.002904394106708308,376712.3287671233,3515981.735159817,37294520.54794523,348082191.7808217,295899.95568227005,16869670.91789513,0,0,9983130329.082106,5968507041.410881,394070000,39407,67534.6550233621,70230.6,1205.7550233620786,3901.7,61.21853055346337,390.0,22473.792,2739.72602739726,26132188.95736793
100,1,0,7428976950.18328,3940700000.0,1.0,624091167.3691291,2002912.4995782615,0.002887937393159992,376712.3287671233,3515981.735159817,37671232.87671235,351598173.5159815,298568.10567863076,17168239.02357376,0,0,9982831760.976427,5972101167.369129,398010000,39801,68198.82590368389,70932.6,1206.9259036838762,3940.7,61.206921027926434,394.0,22698.432,2739.72602739726,26152147.663340535
101,1,0,7563069984.134088,3980100000.0,1.0,623702641.4263204,2004160.183034407,0.0028663633428986186,376712.3287671233,3515981.735159817,38047945.20547947,355114155.2511413,301220.0067356402,17469459.0303094,0,0,9982530540.96969,5975692641.42632,401990000,40199,68869.96363783182,71641.8,1208.2636378318252,3980.1,61.19528134206861,398.0,22925.376,2739.72602739726,26172333.313313138
102,1,0,7699583397.347707,4019900000.0,1.0,623281481.0584428,2005514.4232382702,0.0028361757262115577,376712.3287671233,3515981.735159817,38424657.53424659,358630136.9863011,303854.43180470756,17773313.46211411,0,0,9982226686.537886,5979281481.058443,406000000,40600,69548.06899048247,72358.20000000001,1209.7689904824554,4019.8999999999996,61.18360714965103,401.0,23154.624,2739.72602739726,26192748.211285744
103,1,0,7838560877.669832,4060000000.0,1.0,622807702.7540616,2007040.0453823968,0.002794775354323458,376712.3287671233,3515981.735159817,38801369.863013715,362146118.72146094,306472.3683082846,18079785.830422394,0,0,9981920214.169579,5982867702.754062,410060000,41006,70231.40396576987,73080.0,1211.4039657698765,4060.0,61.171947308432074,406.0,23385.6,2739.72602739726,26213394.08525835
104,1,0,7980046901.511772,4100600000.0,1.0,622291328.6038381,2008705.4769098202,0.0027933173246103894,376712.3287671233,3515981.735159817,39178082.191780835,365662100.45662075,309068.2141505133,18388854.04457291,0,0,9981611145.955427,5986451328.603838,414160000,41416,70923.44717230674,73810.8,1213.247172306746,4100.599999999999,61.16019066916202,410.0,23619.456000000002,2739.72602739726,26234273.815230954
105,1,0,8124086748.084059,4141600000.0,1.0,621732379.8308119,2010511.3398471754,0.002757574502579126,376712.3287671233,3515981.735159817,39554794.520547956,369178082.19178057,311642.8369533386,18700496.881526247,0,0,9981299503.118473,5990032379.8308115,418300000,41830,71622.46089066754,74548.8,1215.2608906675453,4141.599999999999,61.148386047744154,414.0,23855.616,2739.72602739726,26255389.70520356
106,1,0,8270726513.886975,4183000000.0,1.0,621130878.9277929,2012458.3117776897,0.0027141120630336437,376712.3287671233,3515981.735159817,39931506.84931508,372694063.9269404,314194.9669460299,19014691.848472275,0,0,9980985308.151527,5993610878.927793,422480000,42248,72328.44629421404,75294.0,1217.4462942140376,4183.0,61.13652879163918,418.0,24094.079999999998,2739.72602739726,26276744.059176162
107,1,0,8420013127.462634,4224800000.0,1.0,620486849.6665678,2014547.1264568034,0.002707780119784219,376712.3287671233,3515981.735159817,40308219.1780822,376210045.6621002,316723.3251521276,19331415.173624404,0,0,9980668584.826376,5997186849.666568,426700000,42670,73041.40466182845,76046.4,1219.8046618284568,4224.8,61.12461416774124,422.0,24334.847999999998,2739.72602739726,26298339.181148767
108,1,0,8571994364.413334,4267000000.0,1.0,619800317.1064947,2016778.5744860193,0.0026955953269166893,376712.3287671233,3515981.735159817,40684931.50684932,379726027.39726,319226.6240002125,19650641.797624618,0,0,9980349358.202375,6000760317.106495,430960000,43096,73761.33737953583,76806.0,1222.3373795358295,4267.0,61.11263736034124,426.0,24577.92,2739.72602739726,26320177.375121374
109,1,0,8726718862.690994,4309600000.0,1.0,619071307.6024756,2019153.5040462285,0.0026661559877315688,376712.3287671233,3515981.735159817,41061643.83561644,383242009.1324198,321703.5679461198,19972345.36557074,0,0,9980027654.63443,6004331307.602476,435260000,43526,74488.2459422757,77572.8,1225.0459422757044,4309.599999999999,61.100593468873335,430.0,24823.296000000002,2739.72602739726,26342260.94509398
110,1,0,8884236138.162565,4352600000.0,1.0,618329848.8122963,2021574.7345871325,0.0026379192719998526,376712.3287671233,3515981.735159817,41438356.16438356,386757990.86757964,324152.8541064098,20296498.21967715,0,0,9979703501.780323,6007899848.812296,439570000,43957,75222.13195582735,78346.8,1227.9319558273523,4352.599999999999,61.08847750544285,431.0,25070.976000000002,2739.72602739726,26364592.195066582
111,1,0,9044596600.456398,4395700000.0,1.0,617595960.4954034,2023976.9686921765,0.0026082417439773297,376712.3287671233,3515981.735159817,41815068.49315068,390273972.60273945,326582.38081988733,20623080.600497037,0,0,9979376919.399504,6011465960.495403,443870000,44387,75957.77772762357,79122.6,1230.8777276235573,4395.7,61.076443400523395,430.0,25319.232,2739.72602739726,26387171.701039188
112,1,0,9207851569.094635,4438700000.0,1.0,616859656.4002542,2026392.8545668216,0.0025878212344736876,376712.3287671233,3515981.735159817,42191780.8219178,393789954.33789927,328998.1590762306,20952078.759573266,0,0,9979047921.240427,6015029656.400254,448170000,44817,76691.70387317547,79896.6,1233.8038731754596,4438.7,61.064592284460275,430.0,25566.912,2739.72602739726,26409998.887011793
113,1,0,9374053289.916792,4481700000.0,1.0,616120953.2601248,2028822.4144720382,0.0025793744937594888,376712.3287671233,3515981.735159817,42568493.15068492,397305936.0730591,331397.20405646454,21283475.96362973,0,0,9978716524.03637,6018590953.260125,452470000,45247,77425.65014940033,80670.6,1236.750149400316,4481.7,61.05286648935815,430.0,25814.592,2739.72602739726,26433073.752984397
114,1,0,9543254951.79979,4524700000.0,1.0,615379867.8282443,2031265.6707659827,0.0025864579168209155,376712.3287671233,3515981.735159817,42945205.479452044,400821917.8082189,333779.4958075668,21617255.459437296,0,0,9978382744.540564,6022149867.828244,456770000,45677,78159.61664301543,81444.6,1239.716643015412,4524.7,61.041261514287115,430.0,26062.272,2739.72602739726,26456396.298957
115,1,0,9715510703.679775,4567700000.0,1.0,614636416.8767931,2033722.6459046425,0.0025772442663060317,376712.3287671233,3515981.735159817,43321917.808219165,404337899.5433787,336145.01537820103,21953400.474815495,0,0,9978046599.525185,6025706416.876793,461070000,46107,78893.60344132392,82218.6,1242.7034413239194,4567.7,61.029773022910796,430.0,26309.952,2739.72602739726,26479966.524929605
116,1,0,9890875671.881195,4610700000.0,1.0,613890617.1959051,2036193.3624424825,0.002519917984578175,376712.3287671233,3515981.735159817,43698630.136986285,407853881.2785385,338493.74481511366,22291894.21963061,0,0,9977708105.780369,6029260617.195906,465370000,46537,79627.61063221825,82992.6,1245.7106322182349,4610.7,61.01839683577522,430.0,26557.632,2739.72602739726,26503784.43090221
117,1,0,10069405977.75865,4653700000.0,1.0,613142485.5926727,2038677.8430330958,0.0025146115535861825,376712.3287671233,3515981.735159817,44075342.46575341,411369863.01369834,340825.6671594379,22632719.88679005,0,0,9977367280.11321,6032812485.592672,469670000,46967,80361.63830418335,83766.6,1248.7383041833377,4653.7,61.00712892302542,430.0,26805.311999999998,2739.72602739726,26527850.016874813
118,1,0,10251158755.657192,4696700000.0,1.0,612392038.8901569,2041176.110429859,0.0024951196371039977,376712.3287671233,3515981.735159817,44452054.79452053,414885844.74885815,343140.7664429064,22975860.653232954,0,0,9977024139.346767,6036362038.890157,473970000,47397,81095.68654630019,84540.6,1251.786546300176,4696.7,60.99596539752162,430.0,27052.992,2739.72602739726,26552163.282847416
119,1,0,10436192171.196804,4739700000.0,1.0,611649293.9264,2043654.7747416098,0.0024803198054784417,376712.3287671233,3515981.735159817,44828767.12328765,418401826.48401797,345439.0276839755,23321299.68091693,0,0,9976678700.319082,6039909293.9264,478260000,47826,81829.75544824908,85314.6,1254.8554482490783,4739.7,60.98490250833013,429.0,27300.672,2739.72602739726,26576724.22882002
120,1,0,10624565439.886906,4782600000.0,1.0,610904263.5248426,2046147.1209706008,0.0024755615088710562,376712.3287671233,3515981.735159817,45205479.45205477,421917808.2191778,347724.4654844262,23669024.146401357,0,0,9976330975.8536,6043454263.524843,482550000,48255,82562.10398042006,86086.8,1257.9039804200524,4782.599999999999,60.973990096479056,429.0,27547.776,2739.72602739726,26601532.278792623
121,1,0,10816338846.076862,4825500000.0,1.0,610156964.3446659,2048653.171307443,0.0024550466169382537,376712.3287671233,3515981.735159817,45582191.78082189,425433789.9543376,349993.244103764,24019017.39050512,0,0,9975980982.609495,6046996964.344666,486840000,48684,83294.47306703289,86859.0,1260.9730670328825,4825.5,60.96317135682795,429.0,27794.879999999997,2739.72602739726,26626587.432765227
122,1,0,11011573762.248549,4868400000.0,1.0,609407413.0582154,2051172.9480399555,0.002464873137967115,376712.3287671233,3515981.735159817,45958904.10958901,428949771.6894974,352245.35037754924,24371262.74088267,0,0,9975628737.259117,6050537413.058215,491130000,49113,84026.86279700143,87631.20000000001,1264.062797001418,4868.4,60.95244292794815,429.0,28041.984,2739.72602739726,26651889.690737832
123,1,0,11210332668.657133,4911300000.0,1.0,608655626.3500414,2053706.4735537998,0.002452729730810704,376712.3287671233,3515981.735159817,46335616.43835613,432465753.4246572,354480.77210099617,24725743.512983665,0,0,9975274256.487017,6054075626.350041,495420000,49542,84759.27325983171,88403.4,1267.1732598317203,4911.3,60.9418015611846,429.0,28289.088,2739.72602739726,26677439.052710436
124,1,0,11412679173.326393,4954200000.0,1.0,607901620.9159436,2056253.7703331183,0.0024215681327614583,376712.3287671233,3515981.735159817,46712328.76712325,435981735.15981704,356699.49802485225,25082443.011008516,0,0,9974917556.98899,6057611620.915943,499710000,49971,85491.70454562543,89175.6,1270.304545625416,4954.2,60.931244115739624,429.0,28536.192,2739.72602739726,26703235.518683042
125,1,0,11618678032.404934,4997100000.0,1.0,607145413.4620194,2058814.860961176,0.002430246878848817,376712.3287671233,3515981.735159817,47089041.09589037,439497716.89497685,358901.5178511954,25441344.528859712,0,0,9974558655.47114,6061145413.462019,504000000,50400,86224.15674508308,89947.8,1273.4567450830734,4997.099999999999,60.92076755400976,429.0,28783.296000000002,2739.72602739726,26729279.088655647
126,1,0,11828395170.889841,5040000000.0,1.0,606397020.7037174,2061355.7740593974,0.002418776901394264,376712.3287671233,3515981.735159817,47465753.424657494,443013698.63013667,361086.82222915074,25802431.351088863,0,0,9974197568.64891,6064677020.703717,508280000,50828,86956.62994950761,90720.0,1276.6299495076066,5040.0,60.91036893716082,428.0,29030.399999999998,2739.72602739726,26755569.76262825
127,1,0,12041897703.724401,5082800000.0,1.0,605646454.6063824,2063910.3729459052,0.0023995814427652867,376712.3287671233,3515981.735159817,47842465.753424615,446529680.3652965,363260.1612620776,26165691.51235094,0,0,9973834308.48765,6068206454.606382,512560000,51256,87687.38205348894,91490.4,1279.7820534889543,5082.8,60.90009957713316,428.0,29276.928,2739.72602739726,26782106.964600854
128,1,0,12259253957.276627,5125600000.0,1.0,604893731.7007859,2066478.6796275545,0.0023986414645943365,376712.3287671233,3515981.735159817,48219178.082191736,450045662.1004563,365416.9695235901,26531108.48187453,0,0,9973468891.518126,6071733731.700786,516840000,51684,88418.15505086239,92260.8,1282.955050862394,5125.599999999999,60.88990278536779,428.0,29523.456000000002,2739.72602739726,26808890.69457346
129,1,0,12480533491.20547,5168400000.0,1.0,604138868.5253913,2069060.7162076486,0.0023978353102590473,376712.3287671233,3515981.735159817,48595890.41095886,453561643.8356161,367557.23932164424,26898665.721196175,0,0,9973101334.278805,6075258868.525392,521120000,52112,89148.94903210457,93031.20000000001,1286.1490321045585,5168.4,60.879775908250664,428.0,29769.984,2739.72602739726,26835920.952546064
130,1,0,12705807120.721727,5211200000.0,1.0,603381881.6254348,2071656.504886561,0.002411354467291695,376712.3287671233,3515981.735159817,48972602.73972598,457077625.5707759,369680.9638835884,27268346.685079765,0,0,9972731653.31492,6078781881.625435,525400000,52540,89879.76408828676,93801.6,1289.364088286747,5211.2,60.86971637485924,428.0,30016.512,2739.72602739726,26863197.738518666
131,1,0,12935146939.250753,5254000000.0,1.0,602622787.5520102,2074266.0679623606,0.0024113961221743584,376712.3287671233,3515981.735159817,49349315.0684931,460593607.30593574,371788.13735167996,27640134.822431445,0,0,9972359865.177568,6082302787.55201,529680000,52968,90610.60031107826,94572.0,1292.6003110782624,5254.0,60.85972169356293,428.0,30263.039999999997,2739.72602739726,26890721.05249127
132,1,0,13168626341.504229,5296800000.0,1.0,601861602.8611587,2076889.4278314402,0.002417370528939427,376712.3287671233,3515981.735159817,49726027.39726022,464109589.04109555,373878.75477852655,28014013.57720997,0,0,9971985986.42279,6085821602.861158,533960000,53396,91341.45779274977,95342.4,1295.857792749779,5296.8,60.849789448788236,428.0,30509.568,2739.72602739726,26918490.894463874
133,1,0,13406320046.968378,5339600000.0,1.0,601108344.1129633,2079492.012117402,0.0023992661905799283,376712.3287671233,3515981.735159817,50102739.72602734,467625570.77625537,375952.8121224572,28389966.38933243,0,0,9971610033.610668,6089338344.112963,538230000,53823,92072.33662617674,96112.8,1299.1366261767328,5339.599999999999,60.83991729793935,427.0,30756.096,2739.72602739726,26946507.26443648
134,1,0,13648304123.816156,5382300000.0,1.0,600353022.3969796,2082108.281905961,0.0024163635137644988,376712.3287671233,3515981.735159817,50479452.05479446,471141552.5114152,378015.7799108485,28767982.169243276,0,0,9971232017.830757,6092853022.396979,542500000,54250,92801.493584259,96881.4,1302.3935842590085,5382.3,60.830158048750405,427.0,31002.048,2739.72602739726,26974769.586409084
135,1,0,13894656013.251036,5425000000.0,1.0,599595654.0835412,2084738.259003233,0.0024124894424256463,376712.3287671233,3515981.735159817,50856164.38356158,474657534.246575,380062.37736542564,29148044.5466087,0,0,9970851955.453392,6096365654.083541,546770000,54677,93530.67177597791,97650.0,1305.671775977917,5425.0,60.82045469156625,427.0,31248.0,2739.72602739726,27003277.86038169
136,1,0,14145454554.290215,5467700000.0,1.0,598836255.5455235,2087381.965310885,0.0023864848294072555,376712.3287671233,3515981.735159817,51232876.7123287,478173515.9817348,382092.6019446535,29530137.148553357,0,0,9970469862.851446,6099876255.545524,551040000,55104,94259.87129332009,98418.6,1308.9712933200765,5467.7,60.810805096636614,427.0,31493.952000000005,2739.72602739726,27032032.086354293
137,1,0,14400780008.995152,5510400000.0,1.0,598074843.1574659,2090039.4228267458,0.0024177070659088884,376712.3287671233,3515981.735159817,51609589.04109582,481689497.7168946,384106.4519847019,29914243.60053806,0,0,9970085756.399462,6103384843.157466,555310000,55531,94989.09222886869,99187.20000000001,1312.2922288686607,5510.4,60.80120719591103,427.0,31739.904,2739.72602739726,27061032.264326897
138,1,0,14660714088.157513,5553100000.0,1.0,597311433.2946984,2092710.6536454132,0.002438407178457822,376712.3287671233,3515981.735159817,51986301.369862944,485205479.45205444,386103.9266946569,30300347.527232718,0,0,9969699652.472767,6106891433.294699,559580000,55958,95718.3346758067,99955.79999999999,1315.63467580672,5553.099999999999,60.791658980636974,427.0,31985.855999999996,2739.72602739726,27090278.3942995
139,1,0,14925339977.448753,5595800000.0,1.0,596546042.3324738,2095395.6799588709,0.002429711271785416,376712.3287671233,3515981.735159817,52363013.698630065,488721461.18721426,388085.0261516657,30688432.553384382,0,0,9969311567.446615,6110396042.332474,563850000,56385,96447.59872792054,100724.40000000001,1318.9987279205313,5595.8,60.78215849906822,427.0,32231.808,2739.72602739726,27119770.476272102
140,1,0,15194742364.041702,5638500000.0,1.0,595788686.6451048,2098059.3086431306,0.0024380921215996867,376712.3287671233,3515981.735159817,52739726.027397186,492237442.92237407,390049.7512960194,31078482.304680403,0,0,9968921517.69532,6113898686.645105,568110000,56811,97176.88447960297,101493.0,1322.3844796029693,5638.5,60.772703854276465,426.0,32477.76,2739.72602739726,27149508.51024471
141,1,0,15469007463.712654,5681100000.0,1.0,595029376.4311428,2100736.618244391,0.0024900251437289574,376712.3287671233,3515981.735159817,53116438.35616431,495753424.6575339,392004.27788905497,31470486.582569458,0,0,9968529513.41743,6117399376.431143,572370000,57237,97904.44753484665,102259.79999999999,1325.7475348466737,5681.099999999999,60.76334939656506,426.0,32723.136,2739.72602739726,27179491.920217313
142,1,0,15748223048.432667,5723700000.0,1.0,594268127.8708187,2103427.6303503043,0.0024683252181377045,376712.3287671233,3515981.735159817,53493150.68493143,499269406.3926937,393942.62425112136,31864429.206820577,0,0,9968135570.793179,6120898127.870819,576630000,57663,98632.03216462643,103026.6,1329.1321646264303,5723.7,60.754037458884845,426.0,32968.512,2739.72602739726,27209720.706189916
143,1,0,16032478474.456875,5766300000.0,1.0,593504957.1420811,2106132.3666430414,0.0024965672870003483,376712.3287671233,3515981.735159817,53869863.01369855,502785388.1278535,395864.7926646114,32260293.999485187,0,0,9967739706.000515,6124394957.142081,580890000,58089,99359.63846238104,103793.40000000001,1332.538462381039,5766.3,60.74476630586791,426.0,33213.888,2739.72602739726,27240194.86816252
144,1,0,16321864710.92082,5808900000.0,1.0,592739880.4197613,2108850.8488998823,0.002542609285289851,376712.3287671233,3515981.735159817,54246575.34246567,506301369.8630133,397770.78624689457,32658064.785732083,0,0,9967341935.214268,6127889880.419762,585150000,58515,100087.26652214717,104560.20000000001,1335.9665221471505,5808.9,60.735534248897196,426.0,33459.264,2739.72602739726,27270914.406135123
145,1,0,16616474368.95294,5851500000.0,1.0,591972913.8747431,2111583.0989938146,0.00251970316705523,376712.3287671233,3515981.735159817,54623287.67123279,509817351.59817314,399660.60894527874,33057725.394677363,0,0,9966942274.605322,6131382913.8747425,589410000,58941,100814.91643856256,105327.0,1339.4164385625688,5851.5,60.726339644376615,426.0,33704.64,2739.72602739726,27301879.32010773
146,1,0,16916401731.312538,5894100000.0,1.0,591214073.6731383,2114293.3763973797,0.0025619142241173998,376712.3287671233,3515981.735159817,54999999.99999991,513333333.33333296,401534.265531915,33459259.66020928,0,0,9966540740.33979,6134874073.673138,593660000,59366,101542.58830686955,106093.79999999999,1342.8883068695773,5894.099999999999,60.71718089207654,425.0,33950.015999999996,2739.72602739726,27333089.61008033
147,1,0,17221742782.56273,5936600000.0,1.0,590453369.21327,2117017.304288652,0.002574588564920357,376712.3287671233,3515981.735159817,55376712.32876703,516849315.06849277,403398.52379535354,33862658.184004635,0,0,9966137341.815996,6138363369.21327,597910000,59791,102268.53669145243,106858.79999999999,1346.3366914524518,5936.599999999999,60.7081137111002,425.0,34194.816,2739.72602739726,27364544.700052936
148,1,0,17532595239.787983,5979100000.0,1.0,589690816.4644529,2119754.903924946,0.00258323142358941,376712.3287671233,3515981.735159817,55753424.65753415,520365296.8036526,405246.81274416356,34267904.9967488,0,0,9965732095.003252,6141850816.464453,602160000,60216,102994.5068965233,107623.79999999999,1349.8068965233172,5979.099999999999,60.699079658781386,425.0,34439.615999999995,2739.72602739726,27396244.59002554
149,1,0,17849058583.866154,6021600000.0,1.0,588926431.3900226,2122506.196656343,0.0026202582919516164,376712.3287671233,3515981.735159817,56130136.98630127,523881278.5388124,407079.138357278,34674984.13510608,0,0,9965325015.864895,6145336431.390022,606410000,60641,103720.49901631127,108388.79999999999,1353.299016311286,6021.599999999999,60.690077263930874,425.0,34684.416,2739.72602739726,27428189.279998146
150,1,0,18171234091.304935,6064100000.0,1.0,588160229.9465393,2125271.2039262643,0.0026195200071711306,376712.3287671233,3515981.735159817,56506849.315068394,527397260.2739722,408895.5074104312,35083879.64251651,0,0,9964916120.357483,6148820229.946539,610660000,61066,104446.51314564071,109153.79999999999,1356.8131456407273,6064.099999999999,60.681105092593754,425.0,34929.216,2739.72602739726,27460378.76997075
151,1,0,18499224866.65299,6106600000.0,1.0,587392228.0829954,2128049.9472720497,0.002674672198202122,376712.3287671233,3515981.735159817,56883561.643835515,530913242.009132,410695.92747097486,35494575.56998748,0,0,9964505424.430012,6152302228.082995,614910000,61491,105172.5493799345,109918.79999999999,1360.3493799345188,6106.599999999999,60.67216174672731,425.0,35174.015999999996,2739.72602739726,27492813.059943352
152,1,0,18833135875.496075,6149100000.0,1.0,586622441.7400298,2130842.4483255376,0.002682178574438631,376712.3287671233,3515981.735159817,57260273.972602636,534429223.74429184,412480.4068926435,35907055.976880126,0,0,9964092944.023119,6155782441.74003,619160000,61916,105898.6078152173,110683.79999999999,1363.9078152173226,6149.099999999999,60.66324586293382,425.0,35418.816,2739.72602739726,27525492.149915956
153,1,0,19173073978.04878,6191600000.0,1.0,585860886.8491466,2133612.3097801087,0.002698651567056987,376712.3287671233,3515981.735159817,57636986.30136976,537945205.4794517,414248.9548102721,36321304.931690395,0,0,9963678695.06831,6159260886.849147,623400000,62340,106624.68854811887,111448.79999999999,1367.4885481188833,6191.599999999999,60.65435611124524,424.0,35663.615999999995,2739.72602739726,27558416.03988856
154,1,0,19519147963.35256,6234000000.0,1.0,585097571.897436,2136395.80821769,0.0027338095197978847,376712.3287671233,3515981.735159817,58013698.63013688,541461187.2146115,416009.0156376408,36737313.94732804,0,0,9963262686.052671,6162737571.897436,627640000,62764,107349.04488526595,112212.0,1371.0448852659445,6234.0,60.6455498662822,424.0,35907.84,2739.72602739726,27591584.153861165
155,1,0,19871468584.09107,6276400000.0,1.0,584332512.6166196,2139192.964640247,0.0028055864125405595,376712.3287671233,3515981.735159817,58390410.958904,544977168.9497714,417753.3447435154,37155067.29207155,0,0,9962844932.707928,6166212512.616619,631880000,63188,108073.42338101783,112975.20000000001,1374.6233810178112,6276.4,60.63676757557366,424.0,36152.064,2739.72602739726,27624996.49183377
156,1,0,20230148592.03391,6318800000.0,1.0,583565724.7282308,2142003.8001412125,0.0028042186067693733,376712.3287671233,3515981.735159817,58767123.28767112,548493150.6849313,419481.9523157925,37574549.24438734,0,0,9962425450.755613,6169685724.728231,636120000,63612,108797.82413092106,113738.40000000001,1378.2241309210458,6318.799999999999,60.62800800985521,424.0,36396.288,2739.72602739726,27658653.053806372
157,1,0,20595302774.120117,6361200000.0,1.0,582797223.9428623,2144828.3359060446,0.0028558629075272337,376712.3287671233,3515981.735159817,59143835.61643824,552009132.4200912,421194.84929562145,37995744.09368297,0,0,9962004255.906317,6173157223.9428625,640360000,64036,109522.24723111752,114501.6,1381.8472311175105,6361.2,60.619269968767384,424.0,36640.512,2739.72602739726,27692553.839778975
158,1,0,20967047989.19298,6403600000.0,1.0,582027025.9594172,2147666.5932127866,0.002879677257934417,376712.3287671233,3515981.735159817,59520547.94520536,555525114.155251,422892.04737206845,38418636.14105503,0,0,9961581363.858946,6176627025.959417,644600000,64460,110246.69277834757,115264.79999999999,1385.4927783475891,6403.599999999999,60.61055227987387,424.0,36884.736,2739.72602739726,27726698.84975158
159,1,0,21345503205.39791,6446000000.0,1.0,581265146.4643675,2150481.5962273753,0.002914036610871805,376712.3287671233,3515981.735159817,59897260.27397248,559041095.8904109,424573.55897673516,38843209.700031765,0,0,9961156790.299969,6180095146.464367,648830000,64883,110971.16086995343,116028.0,1389.160869953428,6446.0,60.60185379771844,423.0,37128.96,2739.72602739726,27761088.083724186
160,1,0,21730789538.25534,6488300000.0,1.0,580501593.1322845,2153310.19723004,0.00294145511778397,376712.3287671233,3515981.735159817,60273972.6027396,562557077.6255708,426247.39601004473,39269457.096041806,0,0,9960730542.903957,6183561593.132284,653060000,65306,111693.90369498609,116789.40000000001,1392.803694986089,6488.299999999999,60.59323337089657,423.0,37372.608,2739.72602739726,27795720.96569679
161,1,0,22123030289.42085,6530600000.0,1.0,579736381.4482752,2156152.416857694,0.002961114134928194,376712.3287671233,3515981.735159817,60650684.93150672,566073059.3607306,427905.74793636,39697362.84397817,0,0,9960302637.156021,6187026381.448275,657290000,65729,112416.66891841256,117550.79999999999,1396.4689184125712,6530.599999999999,60.58463034816282,423.0,37616.255999999994,2739.72602739726,27830597.495669395
162,1,0,22522350986.144894,6572900000.0,1.0,578969526.8840916,2159008.2758367346,0.003012994497934612,376712.3287671233,3515981.735159817,61027397.260273844,569589041.0958905,429548.6281106659,40126911.472088836,0,0,9959873088.52791,6190489526.884091,661520000,66152,113139.45663642908,118312.20000000001,1400.1566364290659,6572.9,60.57604366629006,423.0,37859.904,2739.72602739726,27865717.673642
163,1,0,22928879421.444805,6615200000.0,1.0,578201044.8974156,2161877.7949835905,0.0030770587578297457,376712.3287671233,3515981.735159817,61404109.589040965,573105022.8310504,431176.0506030285,40558087.52269187,0,0,9959441912.477308,6193951044.897415,665750000,66575,113862.26694582327,119073.6,1403.8669458232603,6615.2,60.56747228550816,423.0,38103.552,2739.72602739726,27901081.499614604
164,1,0,23342745695.00188,6657500000.0,1.0,577430950.9311495,2164760.995205257,0.0030894128854344685,376712.3287671233,3515981.735159817,61780821.917808086,576621004.5662103,432788.03019318765,40990875.552885056,0,0,9959009124.447115,6197410950.9311495,669980000,66998,114585.0999439775,119835.0,1407.599943977499,6657.5,60.55891518873536,423.0,38347.2,2739.72602739726,27936688.973587207
165,1,0,23764082254.79666,6699800000.0,1.0,576669260.4127114,2167620.308225605,0.0031516839721962404,376712.3287671233,3515981.735159817,62157534.24657521,580136986.3013701,434384.5823651131,41425260.135250166,0,0,9958574739.86475,6200869260.412711,674200000,67420,115307.95572887197,120596.40000000001,1411.3557288719671,6699.799999999999,60.55037138083856,422.0,38590.848,2739.72602739726,27972540.095559813
166,1,0,24193023939.49574,6742000000.0,1.0,575905980.2015251,2170493.175921918,0.0031582819537326725,376712.3287671233,3515981.735159817,62534246.57534233,583652968.03653,435974.27511338197,41861234.41036355,0,0,9958138765.589636,6204325980.201525,678420000,67842,116029.08533594845,121356.0,1415.0853359484533,6742.0,60.541901234812975,422.0,38833.92,2739.72602739726,28008634.28953242
167,1,0,24629708021.603634,6784200000.0,1.0,575141125.5225616,2173379.6185489413,0.003236084520627473,376712.3287671233,3515981.735159817,62910958.90410945,587168949.7716899,437548.74289058335,42298783.15325413,0,0,9957701216.846746,6207781125.522562,682640000,68264,116750.23757654533,122115.6,1418.8375765453259,6784.2,60.533442883417365,422.0,39076.992000000006,2739.72602739726,28044971.555505022
168,1,0,25074274251.393578,6826400000.0,1.0,574374711.5845107,2176279.6564488285,0.0032546862382657965,376712.3287671233,3515981.735159817,63287671.23287657,590684931.5068498,439108.00197794655,42737891.15523207,0,0,9957262108.844769,6211234711.584511,686860000,68686,117471.4125474326,122875.20000000001,1422.6125474325877,6826.4,60.52499539928908,422.0,39320.064,2739.72602739726,28081551.893477626
169,1,0,25526864901.63123,6868600000.0,1.0,573606753.5791037,2179193.31005166,0.0033029573384633806,376712.3287671233,3515981.735159817,63664383.56164369,594200913.2420096,440652.0693339729,43178543.22456604,0,0,9956821456.775434,6214686753.579103,691080000,69108,118192.61034596732,123634.79999999999,1426.410345967328,6868.599999999999,60.51655787424456,422.0,39563.136,2739.72602739726,28118375.30345023
170,1,0,25987624813.10567,6910800000.0,1.0,572837266.6804417,2182120.599875966,0.0033361642853104723,376712.3287671233,3515981.735159817,64041095.89041081,597716894.9771695,442180.9625889876,43620724.18715503,0,0,9956379275.812845,6218137266.680442,695300000,69530,118913.83107009683,124394.40000000001,1430.2310700968214,6910.799999999999,60.508129418671516,422.0,39806.208,2739.72602739726,28155441.785422835
171,1,0,26456701440.982227,6953000000.0,1.0,572076266.0443292,2185023.351245225,0.003375674941256464,376712.3287671233,3515981.735159817,64417808.21917793,601232876.7123294,443694.70003966196,44064418.88719469,0,0,9955935581.112804,6221586266.044329,699510000,69951,119635.07481836164,125154.0,1434.0748183616452,6953.0,60.49970916094317,421.0,40049.28,2739.72602739726,28192751.33939544
172,1,0,26934244901.991955,6995100000.0,1.0,571313757.7138209,2187939.609579956,0.0034331637714868192,376712.3287671233,3515981.735159817,64794520.54794505,604748858.4474893,445202.39443524444,44509621.281629935,0,0,9955490378.71837,6225033757.713821,703720000,70372,120354.5914359,125911.79999999999,1437.8914359000166,6995.099999999999,60.49135904983757,421.0,40291.776,2739.72602739726,28230303.389368046
173,1,0,27420408022.472908,7037200000.0,1.0,570549756.6416743,2190869.3947355063,0.0034949190177500263,376712.3287671233,3515981.735159817,65171232.87671217,608264840.1826491,446695.1360736866,44956316.41770362,0,0,9955043683.582296,6228479756.641674,707930000,70793,121074.13091684614,126669.6,1441.7309168461304,7037.2,60.48301589819391,421.0,40534.272000000004,2739.72602739726,28268097.93534065
174,1,0,27915346387.27854,7079300000.0,1.0,569784277.7616746,2193812.7266524485,0.00354371820042221,376712.3287671233,3515981.735159817,65547945.205479294,611780821.917809,448172.94392673345,45404489.36163036,0,0,9954595510.63837,6231924277.761675,712140000,71214,121793.6933584648,127427.40000000001,1445.593358464801,7079.299999999999,60.474678890735355,421.0,40776.768000000004,2739.72602739726,28306134.977313254
175,1,0,28419218389.568916,7121400000.0,1.0,569017335.9879956,2196769.6253570854,0.003605622808709063,376712.3287671233,3515981.735159817,65924657.534246415,615296803.6529689,449635.8376061072,45854125.19923647,0,0,9954145874.800764,6235367335.987995,716350000,71635,122513.27885860292,128185.20000000001,1449.478858602906,7121.4,60.466347227973884,421.0,41019.264,2739.72602739726,28344414.515285857
176,1,0,28932185281.500633,7163500000.0,1.0,568248946.2145647,2199740.1109619476,0.0036362756698774964,376712.3287671233,3515981.735159817,66301369.863013536,618812785.3881288,451083.8373580495,46305209.03659452,0,0,9953694790.963406,6238808946.214565,720560000,72056,123232.88751569242,128943.0,1453.387515692418,7163.5,60.45802012572542,421.0,41261.76,2739.72602739726,28382936.549258463
177,1,0,29454411225.83172,7205600000.0,1.0,567489123.3144339,2202685.3883989556,0.0037103352785268513,376712.3287671233,3515981.735159817,66678082.19178066,622328767.1232886,452516.964057838,46757726.00065236,0,0,9953242273.999348,6242249123.314434,724760000,72476,123952.51942875344,129700.79999999999,1457.3194287534548,7205.599999999999,60.449696814641875,420.0,41504.255999999994,2739.72602739726,28421701.07923107
178,1,0,29986063348.457977,7247600000.0,1.0,566727872.5144238,2205644.1206149133,0.003728221090448917,376712.3287671233,3515981.735159817,67054794.52054778,625844748.8584485,453944.8639371029,47211670.86458946,0,0,9952788329.13541,6245687872.514423,728960000,72896,124670.42321527799,130456.79999999999,1461.2232152779989,7247.599999999999,60.44144087125617,420.0,41746.176,2739.72602739726,28460707.529203672
179,1,0,30527311791.89764,7289600000.0,1.0,565965208.484403,2208616.327048459,0.0037884284317481563,376712.3287671233,3515981.735159817,67431506.8493149,629360730.5936084,455358.0939479317,47667028.95853739,0,0,9952332971.041462,6249125208.484404,733160000,73316,125388.35008926986,131212.8,1465.1500892698768,7289.599999999999,60.433187694818656,420.0,41988.096,2739.72602739726,28499955.899176277
180,1,0,31078329769.74139,7331600000.0,1.0,565201145.8728073,2211602.0272211856,0.0038778459405933393,376712.3287671233,3515981.735159817,67808219.17808202,632876712.3287683,456756.67552275385,48123785.634060144,0,0,9951876214.36594,6252561145.8728075,737360000,73736,126106.30014840659,131968.8,1469.1001484066144,7331.599999999999,60.42493656323359,420.0,42230.015999999996,2739.72602739726,28539446.18914888
181,1,0,31639293622.08522,7373600000.0,1.0,564435699.306037,2214601.2407381195,0.0038860824274035643,376712.3287671233,3515981.735159817,68184931.50684914,636392694.0639281,458140.6306973378,48581926.264757484,0,0,9951418073.735243,6255995699.306037,741560000,74156,126824.27349094214,132724.8,1473.0734909421608,7373.599999999999,60.416686767484876,420.0,42471.935999999994,2739.72602739726,28579178.399121486
182,1,0,32210382871.963856,7415600000.0,1.0,563668883.3878586,2217613.9872882017,0.003962685813012973,376712.3287671233,3515981.735159817,68561643.83561626,639908675.799088,459509.98210534814,49041436.24686283,0,0,9950958563.753138,6259428883.387858,745760000,74576,127542.27021570984,133480.8,1477.0702157098444,7415.599999999999,60.40843761124578,420.0,42713.856,2739.72602739726,28619152.52909409
183,1,0,32791780282.8028,7457600000.0,1.0,562910712.6988128,2220600.8373993305,0.003998535796566671,376712.3287671233,3515981.735159817,68938356.16438338,643424657.5342479,460864.7529728818,49502300.99983571,0,0,9950497699.000164,6262860712.6988125,749950000,74995,128260.29042212534,134236.8,1481.090422125354,7457.599999999999,60.40018841050186,419.0,42955.776,2739.72602739726,28659368.579066694
184,1,0,33383671916.907387,7499500000.0,1.0,562151191.6509175,2223601.0855532587,0.004108994677310164,376712.3287671233,3515981.735159817,69315068.4931505,646940639.2694077,462215.1118224176,49964516.111658126,0,0,9950035483.888342,6266291191.650917,754140000,75414,128976.58146205815,134991.0,1485.0814620581443,7499.5,60.39200442188245,419.0,43197.119999999995,2739.72602739726,28699825.9730393
185,1,0,33986247195.00756,7541400000.0,1.0,561390334.6218364,2226614.7507545943,0.004128961784822428,376712.3287671233,3515981.735159817,69691780.82191762,650456621.0045676,463551.09300814336,50428067.20466627,0,0,9949571932.795334,6269720334.621837,758330000,75833,129692.89580709109,135745.2,1489.095807091061,7541.4,60.38381954534224,419.0,43438.464,2739.72602739726,28740524.711011905
186,1,0,34599698956.87744,7583300000.0,1.0,560628155.9655635,2229641.8520885347,0.004134003241569721,376712.3287671233,3515981.735159817,70068493.15068474,653972602.7397275,464872.7201999332,50892939.92486621,0,0,9949107060.075134,6273148155.965564,762520000,76252,130409.23355522928,136499.40000000002,1493.1335552292485,7583.299999999999,60.37563313681578,419.0,43679.808000000005,2739.72602739726,28781464.792984508
187,1,0,35224223523.04907,7625200000.0,1.0,559864670.0118555,2232682.408721325,0.004238081620690474,376712.3287671233,3515981.735159817,70445205.47945186,657488584.4748874,466180.0176351413,51359119.94250135,0,0,9948640880.057499,6276574670.011856,766710000,76671,131125.594805048,137253.6,1497.194805048008,7625.2,60.367444563135194,419.0,43921.152,2739.72602739726,28822646.21895711
188,1,0,35860020757.64011,7667100000.0,1.0,559109891.0656693,2235696.4524765,0.004289456441988099,376712.3287671233,3515981.735159817,70821917.80821899,661004566.2100472,467473.01011319715,51826592.952614546,0,0,9948173407.047386,6279999891.065669,770890000,77089,131841.97965569567,138007.8,1501.2796556956778,7667.099999999999,60.35925320171383,418.0,44162.496,2739.72602739726,28864068.988929715
189,1,0,36507294132.315506,7708900000.0,1.0,558353822.8369759,2238723.8143169396,0.0042809261644383735,376712.3287671233,3515981.735159817,71198630.1369861,664520547.9452071,468762.2926204789,52295355.245235026,0,0,9947704644.754765,6283423822.836976,775070000,77507,132556.6343760495,138760.2,1505.3343760495006,7708.9,60.351125748308974,418.0,44403.264,2739.72602739726,28905732.526902318
190,1,0,37166250791.4038,7750700000.0,1.0,557596479.4289123,2241764.512717663,0.004382676258368742,376712.3287671233,3515981.735159817,71575342.46575323,668036529.680367,470037.471990764,52765392.71722579,0,0,9947234607.282774,6286846479.428912,779250000,77925,133271.3125136862,139512.6,1509.4125136861842,7750.7,60.34299479417405,418.0,44644.032,2739.72602739726,28947636.832874924
191,1,0,37837101618.18864,7792500000.0,1.0,556837874.9194621,2244818.5662313886,0.004389624873338202,376712.3287671233,3515981.735159817,71952054.79452035,671552511.4155269,471298.5733772932,53236691.29060309,0,0,9946763308.709396,6290267874.919462,783430000,78343,133986.01416628654,140265.0,1513.5141662865437,7792.5,60.3348597516389,418.0,44884.799999999996,2739.72602739726,28989781.90684753
192,1,0,38520061302.396935,7834300000.0,1.0,556078023.3609179,2247885.993488971,0.004448847337683492,376712.3287671233,3515981.735159817,72328767.12328747,675068493.1506867,472545.6224711864,53709236.91307427,0,0,9946290763.086926,6293688023.360918,787610000,78761,134700.73943209188,141017.40000000002,1517.639432091857,7834.299999999999,60.32672004242843,418.0,45125.568,2739.72602739726,29032167.748820134
193,1,0,39215348408.9052,7876100000.0,1.0,555316938.7793489,2250966.813199838,0.004536724710209359,376712.3287671233,3515981.735159817,72705479.45205459,678584474.8858466,473778.64549610845,54183015.55857038,0,0,9945816984.44143,6297106938.779348,791790000,79179,135415.48840990663,141769.8,1521.788409906646,7876.099999999999,60.318575097395446,418.0,45366.335999999996,2739.72602739726,29074794.358792737
194,1,0,39923185447.68593,7917900000.0,1.0,554564635.174073,2254020.398555845,0.004561990878727651,376712.3287671233,3515981.735159817,73082191.78082171,682100456.6210065,474997.669202925,54658013.2277733,0,0,9945341986.772226,6300524635.174073,795960000,79596,136130.2611991015,142522.2,1525.961199101482,7917.9,60.31042435626234,417.0,45607.104,2739.72602739726,29117661.73676534
195,1,0,40643798945.016655,7959600000.0,1.0,553811115.4475129,2257087.2363043223,0.004651648565951168,376712.3287671233,3515981.735159817,73458904.10958883,685616438.3561664,476213.79048711614,55134227.01826042,0,0,9944865772.981739,6303941115.447513,800130000,80013,136843.30273472948,143272.8,1530.1027347295042,7959.599999999999,60.302336287853755,417.0,45847.295999999995,2739.72602739726,29160769.306737944
196,1,0,41377419515.974205,8001300000.0,1.0,553056393.3982236,2260167.344453767,0.004625846527519992,376712.3287671233,3515981.735159817,73835616.43835595,689132420.0913262,477416.11321633175,55611643.13147675,0,0,9944388356.868523,6307356393.398224,804300000,80430,137556.36788969825,144023.40000000002,1534.2678896982159,8001.299999999999,60.29424184560843,417.0,46087.488,2739.72602739726,29204117.06871055
197,1,0,42124281938.23753,8043000000.0,1.0,552300482.7977595,2263260.741087862,0.004713950694484053,376712.3287671233,3515981.735159817,74212328.76712307,692648401.8264861,478604.66439112887,56090247.79586788,0,0,9943909752.204132,6310770482.79776,808470000,80847,138269.4567618414,144774.0,1538.4567618414144,8043.0,60.28614049919854,417.0,46327.68,2739.72602739726,29247705.022683155
198,1,0,42884625227.22272,8084700000.0,1.0,551543397.3901707,2266367.4443658898,0.004793706124468886,376712.3287671233,3515981.735159817,74589041.0958902,696164383.561646,479779.47151591285,56570027.2673838,0,0,9943429972.732616,6314183397.390171,812640000,81264,138982.5694495459,145524.6,1542.669449545905,8084.7,60.27803172619883,417.0,46567.872,2739.72602739726,29291533.16865576
199,1,0,43658692712.57408,8126400000.0,1.0,550795150.891504,2269446.2686841404,0.004835031892800677,376712.3287671233,3515981.735159817,74965753.42465732,699680365.2968059,480940.56259367854,57050967.829977475,0,0,9942949032.170023,6317595150.891504,816800000,81680,139695.7060517542,146275.2,1546.9060517542016,8126.4,60.269915011867184,416.0,46808.064,2739.72602739726,29335601.506628364
200,1,0,44446732116.03604,8168000000.0,1.0,550045745.5112435,2272538.2574102483,0.004866884956133473,376712.3287671233,3515981.735159817,75342465.75342444,703196347.0319657,482099.44418760145,57533067.27416508,0,0,9942466932.725836,6321005745.511244,820960000,82096,140407.11036309594,147024.0,1551.1103630959408,8168.0,60.26186034149379,416.0,47047.68,2739.72602739726,29379909.46060097
201,1,0,45248995630.730484,8209600000.0,1.0,549295194.7663138,2275643.4279965414,0.004886078170614388,376712.3287671233,3515981.735159817,75719178.08219156,706712328.7671256,483244.80885666865,58016312.083021745,0,0,9941983687.916979,6324415194.766314,825120000,82512,141118.53838957244,147772.8,1555.3383895724555,8209.6,60.2537972508899,416.0,47287.295999999995,2739.72602739726,29424457.030573573
202,1,0,46065740001.865166,8251200000.0,1.0,548543512.1454688,2278761.7979675485,0.004927726109811095,376712.3287671233,3515981.735159817,76095890.41095868,710228310.5022855,484376.68477198994,58500688.76779374,0,0,9941499311.232206,6327823512.145469,829280000,82928,141829.99022853226,148521.6,1559.5902285322527,8251.199999999999,60.24572525180171,416.0,47526.912000000004,2739.72602739726,29469244.216546178
203,1,0,46897226608.89883,8292800000.0,1.0,547790711.1088152,2281893.3849203917,0.004967243920983483,376712.3287671233,3515981.735159817,76472602.7397258,713744292.2374454,485495.1005807313,58986183.86837447,0,0,9941013816.131626,6331230711.108815,833440000,83344,142541.4659778662,149270.40000000002,1563.8659778661581,8292.8,60.237643862840095,416.0,47766.528,2739.72602739726,29514271.018518783
204,1,0,47743721549.189445,8334400000.0,1.0,547036805.0873413,2285038.2065251805,0.005051589587207276,376712.3287671233,3515981.735159817,76849315.06849292,717260273.9726052,486600.0854009523,59472783.95377542,0,0,9940527216.046225,6334636805.087341,837600000,83760,143252.96573600994,150019.2,1568.1657360099139,8334.4,60.229552609293854,416.0,48006.144,2739.72602739726,29559537.43649139
205,1,0,48605495723.15231,8376000000.0,1.0,546291807.4824519,2288154.3945544087,0.005063003065592038,376712.3287671233,3515981.735159817,77226027.39726004,720776255.7077651,487691.6688164379,59960475.62259186,0,0,9940039524.377409,6338041807.482452,841750000,84175,143964.48960194679,150768.0,1572.4896019467953,8376.0,60.22145102294824,415.0,48245.759999999995,2739.72602739726,29605043.470463995
206,1,0,49482824920.95521,8417500000.0,1.0,545545719.7070011,2291283.672194124,0.005090375459612528,376712.3287671233,3515981.735159817,77602739.72602716,724292237.442925,488781.8393779366,60449257.4619698,0,0,9939550742.53803,6341445719.707001,845900000,84590,144674.27996685996,151515.0,1576.7799668599616,8417.5,60.21341095495535,415.0,48484.799999999996,2739.72602739726,29650788.5444366
207,1,0,50375989910.77844,8459000000.0,1.0,544798554.9650003,2294426.056398678,0.0051707722559528,376712.3287671233,3515981.735159817,77979452.05479428,727808219.1780849,489858.80592782696,60939116.26789763,0,0,9939060883.732101,6344848554.965,850050000,85005,145384.09423128044,152262.0,1581.0942312804275,8459.0,60.20536017912992,415.0,48723.84,2739.72602739726,29696772.658409204
208,1,0,51285276528.66799,8500500000.0,1.0,544050326.4308038,2297581.5641919817,0.005194519089026955,376712.3287671233,3515981.735159817,78356164.3835614,731324200.9132447,490922.59812356776,61430038.86602119,0,0,9938569961.133978,6348250326.430803,854200000,85420,146093.93249252753,153009.0,1585.4324925275168,8500.5,60.197298250296264,415.0,48962.88,2739.72602739726,29742995.812381808
209,1,0,52210975770.010445,8542000000.0,1.0,543301047.2486641,2300750.212667878,0.005234812191193985,376712.3287671233,3515981.735159817,78732876.71232852,734840182.6484046,491973.2460667241,61922012.11208792,0,0,9938077987.887913,6351651047.248664,858350000,85835,146803.79484845424,153756.0,1589.7948484542553,8542.0,60.18922472910116,415.0,49201.92,2739.72602739726,29789458.006354414
210,1,0,53153383882.65913,8583500000.0,1.0,542560730.5322933,2303889.5549512035,0.005272156440307884,376712.3287671233,3515981.735159817,79109589.04109564,738356164.3835645,493010.78029790777,62415022.892385826,0,0,9937584977.107615,6355050730.532293,862490000,86249,147513.6813974499,154503.0,1594.181397449882,8583.5,60.18113918185859,414.0,49440.96,2739.72602739726,29836159.24032702
211,1,0,54112802461.74112,8624900000.0,1.0,541819377.013569,2307041.890767854,0.005359836535153871,376712.3287671233,3515981.735159817,79486301.36986277,741872146.1187243,494047.5826513591,62909070.47503719,0,0,9937090929.524963,6358449377.013569,866630000,86663,148221.83333174893,155248.2,1598.5333317489,8624.9,60.173115053290694,414.0,49679.424,2739.72602739726,29883098.938299622
212,1,0,55089538546.175545,8666300000.0,1.0,541076999.6109678,2310207.236490907,0.005379895023558122,376712.3287671233,3515981.735159817,79863013.69862989,745388127.8538842,495071.466528334,63404141.94156552,0,0,9936595858.058434,6361846999.610968,870770000,87077,148930.0092432014,155993.40000000002,1602.9092432013683,8666.3,60.16507860044686,414.0,49917.888,2739.72602739726,29930277.100272227
213,1,0,56083904716.934006,8707700000.0,1.0,540333611.2124246,2313385.6085599414,0.005425347364227775,376712.3287671233,3515981.735159817,80239726.027397,748904109.5890441,496082.4624701266,63900224.40403565,0,0,9936099775.595964,6365243611.212425,874910000,87491,149638.20922847567,156738.6,1607.3092284756826,8707.699999999999,60.15702941025146,414.0,50156.352,2739.72602739726,29977693.726244833
214,1,0,57096219197.07466,8749100000.0,1.0,539589224.6749154,2316577.023481389,0.0054170170511872815,376712.3287671233,3515981.735159817,80616438.35616413,752420091.324204,497080.601436313,64397305.00547196,0,0,9935602694.994528,6368639224.674915,879050000,87905,150346.4333847623,157483.8,1611.7333847623015,8749.1,60.14896707472109,414.0,50394.816,2739.72602739726,30025348.816217437
215,1,0,58126805953.581856,8790500000.0,1.0,538853852.8240427,2319738.447538245,0.005470354185546526,376712.3287671233,3515981.735159817,80993150.68493125,755936073.0593638,498065.91479980754,64895370.92027177,0,0,9935104629.07973,6372033852.824043,883180000,88318,151054.68180977614,158229.0,1616.1818097761475,8790.5,60.14089119083098,413.0,50633.28,2739.72602739726,30073242.370190043
216,1,0,59175994801.044,8831800000.0,1.0,538117495.7176224,2322912.7652374003,0.00546009138122875,376712.3287671233,3515981.735159817,81369863.01369837,759452054.7945237,499051.17034729954,65394422.09061907,0,0,9934605577.909382,6375427495.717623,887310000,88731,151761.19447141158,158972.40000000002,1620.5944714115394,8831.8,60.13287682999885,413.0,50871.168,2739.72602739726,30121373.81216265
217,1,0,60244121507.202835,8873100000.0,1.0,537380165.9883863,2326099.9923600866,0.005546582300272467,376712.3287671233,3515981.735159817,81746575.34246549,762968036.5296836,500023.79316317657,65894445.883782245,0,0,9934105554.116219,6378820165.988386,891440000,89144,152467.73117812563,159715.8,1625.0311781256419,8873.1,60.12484869155631,413.0,51109.056,2739.72602739726,30169743.142135255
218,1,0,61331527900.40784,8914400000.0,1.0,536641876.23776126,2329300.144750966,0.0055372543810923314,376712.3287671233,3515981.735159817,82123287.67123261,766484018.2648435,500983.81455207657,66395429.69833432,0,0,9933604570.301666,6382211876.2377615,895570000,89557,153174.29202585627,160459.2,1629.4920258562586,8914.4,60.1168063910105,413.0,51346.943999999996,2739.72602739726,30218350.360107858
219,1,0,62438561979.01019,8955700000.0,1.0,535902639.0354762,2332513.23831846,0.0055293148597662075,376712.3287671233,3515981.735159817,82499999.99999973,770000000.0000033,501931.26621207333,66897360.9645464,0,0,9933102639.035454,6385602639.035477,899700000,89970,153880.8771110512,161202.6,1633.9771110512088,8955.699999999999,60.10874954833525,413.0,51584.832,2739.72602739726,30267195.46608046
220,1,0,63565578022.73132,8997000000.0,1.0,535172466.91917324,2335695.644426405,0.00563045151640943,376712.3287671233,3515981.735159817,82876712.32876685,773515981.7351632,502866.18022985297,67400227.14477625,0,0,9932599772.855225,6388992466.919173,903820000,90382,154587.48653067063,161946.0,1638.4865306706229,8997.0,60.10067778785584,412.0,51822.72,2739.72602739726,30316278.460053064
221,1,0,64712936706.04162,9038200000.0,1.0,534441359.2799723,2338890.8404920483,0.005631121642619937,376712.3287671233,3515981.735159817,83253424.65753397,777031963.4703231,503801.70312783186,67904028.84790409,0,0,9932095971.152096,6392381359.279972,907940000,90794,155292.359002829,162687.6,1642.959002829023,9038.199999999999,60.092667840573746,412.0,52060.032,2739.72602739726,30365598.76602567
222,1,0,65881005213.58566,9079400000.0,1.0,533709328.46520126,2342098.841694781,0.0056297166818932995,376712.3287671233,3515981.735159817,83630136.9863011,780547945.205483,504724.87869802467,68408753.7266021,0,0,9931591246.273397,6395769328.465201,912060000,91206,155997.255577938,163429.2,1647.4555779379837,9079.4,60.084642808473255,412.0,52297.344,2739.72602739726,30415156.383998275
223,1,0,67070157357.69088,9120600000.0,1.0,532976386.7902343,2345319.6632743413,0.0056715029766593265,376712.3287671233,3515981.735159817,84006849.31506822,784063926.9406428,505635.7388938816,68914389.46549599,0,0,9931085610.534504,6399156386.790235,916180000,91618,156702.176351125,164170.8,1651.9763511250098,9120.6,60.07660233262613,412.0,52534.655999999995,2739.72602739726,30464951.31397088
224,1,0,68280773697.99719,9161800000.0,1.0,532242546.53812283,2348553.32053112,0.005693277316681096,376712.3287671233,3515981.735159817,84383561.64383534,787579908.6758027,506534.31603842933,69420923.78153442,0,0,9930579076.218466,6402542546.538123,920300000,92030,157407.12141801522,164912.40000000002,1656.5214180151863,9161.8,60.06854605803359,412.0,52771.968,2739.72602739726,30514983.55594348
225,1,0,69513241663.24603,9203000000.0,1.0,531517819.9592302,2351755.581959469,0.005775581260063147,376712.3287671233,3515981.735159817,84760273.97260246,791095890.4109626,507420.64281957486,69928344.42435399,0,0,9930071655.575645,6405927819.95923,924410000,92441,158112.09087473337,165654.0,1661.0908747333642,9203.0,60.06047363352618,411.0,53009.28,2739.72602739726,30565253.109916087
226,1,0,70767955675.26762,9244100000.0,1.0,530792205.78576034,2354970.5258946014,0.005734685560030079,376712.3287671233,3515981.735159817,85136986.30136958,794611872.1461225,508308.23739677237,70436652.66175076,0,0,9929563347.33825,6409312205.785761,928520000,92852,158815.32216415365,166393.8,1665.6221641536597,9244.1,60.05246348232037,411.0,53246.015999999996,2739.72602739726,30615759.39988869
227,1,0,72045317275.20619,9285200000.0,1.0,530065716.0804968,2358198.166904686,0.005755235989751786,376712.3287671233,3515981.735159817,85513698.6301367,798127853.8812823,509183.7691904718,70945836.43094124,0,0,9929054163.56906,6412695716.080497,932630000,93263,159518.5776040224,167133.6,1670.1776040224008,9285.199999999999,60.04443707058981,411.0,53482.752,2739.72602739726,30666502.425861295
228,1,0,73345735252.02365,9326300000.0,1.0,529338362.8737294,2361438.5196151515,0.005741032786048381,376712.3287671233,3515981.735159817,85890410.95890382,801643835.6164422,510047.270694334,71455883.70163557,0,0,9928544116.298365,6416078362.87373,936740000,93674,160221.85728857727,167873.40000000002,1674.75728857724,9326.3,60.03639406237309,411.0,53719.488,2739.72602739726,30717482.1878339
229,1,0,74669625773.32268,9367400000.0,1.0,528610158.1629076,2364691.5987089695,0.005794195169159905,376712.3287671233,3515981.735159817,86267123.28767094,805159817.3516021,510898.7747487277,71966782.4763843,0,0,9928033217.523615,6419460158.162908,940850000,94085,160925.16131254061,168613.2,1679.3613125406087,9367.4,60.02833412517504,411.0,53956.224,2739.72602739726,30768698.685806505
230,1,0,76017412518.53114,9408500000.0,1.0,527891113.9122984,2367912.5619979976,0.005811296033772718,376712.3287671233,3515981.735159817,86643835.61643806,808675799.086762,511738.3145361635,72478520.79092047,0,0,9927521479.20908,6422841113.912298,944950000,94495,161628.4897711218,169353.0,1683.9897711217907,9408.5,60.02025692987999,410.0,54192.96,2739.72602739726,30820151.91977911
231,1,0,77389526814.49062,9449500000.0,1.0,527171228.2033494,2371146.0966110923,0.005758672581281584,376712.3287671233,3515981.735159817,87020547.94520518,812191780.8219218,512579.772875929,72991100.5637964,0,0,9927008899.436203,6426221228.203349,949050000,94905,162330.07880650132,170091.0,1688.5788065013307,9449.5,60.012242624271074,410.0,54429.119999999995,2739.72602739726,30871841.313751716
232,1,0,78786407773.49216,9490500000.0,1.0,526450512.81564605,2374392.2164964746,0.0058292974244712305,376712.3287671233,3515981.735159817,87397260.2739723,815707762.5570817,513409.45163032354,73504510.01542673,0,0,9926495489.984573,6429600512.815646,953150000,95315,163031.69202914613,170829.0,1693.1920291461347,9490.5,60.00421100129179,410.0,54665.28,2739.72602739726,30923766.86772432
233,1,0,80208502433.80368,9531500000.0,1.0,525728979.4958425,2377650.935656539,0.005790677110243859,376712.3287671233,3515981.735159817,87773972.60273942,819223744.2922416,514227.38373049314,74018737.39915721,0,0,9925981262.600843,6432978979.495842,957250000,95725,163733.3295323248,171567.0,1697.829532324814,9531.5,59.99616174570414,410.0,54901.439999999995,2739.72602739726,30975928.581696928
234,1,0,81656265902.73383,9572500000.0,1.0,525006639.957337,2380922.2681481224,0.005804322391373775,376712.3287671233,3515981.735159817,88150684.93150654,822739726.0274014,515033.6024324131,74533771.00158963,0,0,9925466228.998411,6436356639.957336,961350000,96135,164434.9914097776,172305.0,1702.49140977761,9572.5,59.98809454533639,410.0,55137.6,2739.72602739726,31028326.455669533
235,1,0,83130161502.27817,9613500000.0,1.0,524283505.8799515,2384206.2280827654,0.005838514878557015,376712.3287671233,3515981.735159817,88527397.26027367,826255707.7625613,515828.14131245593,75049599.14290208,0,0,9924950400.857098,6439733505.8799515,965450000,96545,165136.67775571835,173043.0,1707.1777557183611,9613.5,59.98000909100717,410.0,55373.759999999995,2739.72602739726,31080960.48964214
236,1,0,84630660917.39429,9654500000.0,1.0,523569588.90961546,2387457.2291398626,0.005873300847063345,376712.3287671233,3515981.735159817,88904109.58904079,829771689.4977212,516611.0342629668,75566210.17716505,0,0,9924433789.822834,6443109588.9096155,969540000,96954,165838.38866483647,173781.0,1711.8886648364762,9654.5,59.971905076451804,409.0,55609.92,2739.72602739726,31133830.683614746
237,1,0,86158244346.95325,9695400000.0,1.0,522854886.3806065,2390720.700064614,0.005830577502371116,376712.3287671233,3515981.735159817,89280821.9178079,833287671.2328811,517396.59293590457,76083606.77010095,0,0,9923916393.229898,6446484886.380607,973630000,97363,166538.35868262727,174517.2,1716.5586826272554,9695.4,59.9638647639142,409.0,55845.504,2739.72602739726,31186936.46158735
238,1,0,87713400657.41574,9736300000.0,1.0,522139409.75734097,2393996.654228748,0.005817619186495342,376712.3287671233,3515981.735159817,89657534.24657503,836803652.968041,518170.6871924656,76601777.45729342,0,0,9923398222.542707,6449859409.757341,977720000,97772,167238.3530064595,175253.40000000002,1721.2530064594773,9736.3,59.95580588781196,409.0,56081.088,2739.72602739726,31240277.823559955
239,1,0,89296627539.28209,9777200000.0,1.0,521423170.47066075,2397285.105055342,0.00581023903788802,376712.3287671233,3515981.735159817,90034246.57534215,840319634.7032008,518933.35060717096,77120710.8079006,0,0,9922879289.192099,6453233170.470661,981810000,98181,167938.37172901508,175989.6,1725.9717290150775,9777.199999999999,59.94772815440695,409.0,56316.672,2739.72602739726,31293854.769532558
240,1,0,90908431666.36612,9818100000.0,1.0,520716179.9175335,2400539.9643967496,0.0058598055395186225,376712.3287671233,3515981.735159817,90410958.90410927,843835616.4383607,519684.61705416,77640395.42495476,0,0,9922359604.575045,6456606179.917534,985890000,98589,168638.41494343602,176725.8,1730.7149434360238,9818.1,59.93963127261439,408.0,56552.255999999994,2739.72602739726,31347667.299505163
241,1,0,92549328857.94402,9858900000.0,1.0,520008434.90319365,2403807.1617679647,0.005807187473052981,376712.3287671233,3515981.735159817,90787671.23287639,847351598.1735206,520439.0782668194,78160834.50322157,0,0,9921839165.496778,6459978434.903193,989970000,98997,169336.71611052915,177460.2,1735.4161105291237,9858.9,59.93159893968021,408.0,56787.264,2739.72602739726,31401714.837477766
242,1,0,94219844243.8299,9899700000.0,1.0,519299946.64616627,2407086.709854326,0.005773918050793938,376712.3287671233,3515981.735159817,91164383.56164351,850867579.9086804,521182.32095434173,78682016.82417591,0,0,9921317983.175823,6463349946.646166,994050000,99405,170035.0415060239,178194.6,1740.1415060239112,9899.699999999999,59.92354748906189,408.0,57022.272000000004,2739.72602739726,31455997.38345037
243,1,0,95920512432.43102,9940500000.0,1.0,518590726.3314566,2410378.621389214,0.005771282328256233,376712.3287671233,3515981.735159817,91541095.89041063,854383561.6438403,521914.3786366007,79203931.20281251,0,0,9920796068.797188,6466720726.331457,998130000,99813,170733.39122101857,178929.0,1744.8912210185574,9940.5,59.91547664139453,408.0,57257.28,2739.72602739726,31510514.937422976
244,1,0,97651877681.83638,9981300000.0,1.0,517880785.1102661,2413682.9091542764,0.005759445682122254,376712.3287671233,3515981.735159817,91917808.21917775,857899543.3790002,522635.2851174702,79726566.48792998,0,0,9920273433.51207,6470090785.110266,1002210000,100221,171431.76534705568,179663.40000000002,1749.665347055644,9981.3,59.90738611973215,408.0,57492.288,2739.72602739726,31565267.49939558
245,1,0,99414494073.99352,10022100000.0,1.0,517180134.0997124,2416952.8517873185,0.005698960879760694,376712.3287671233,3515981.735159817,92294520.54794487,861415525.1141601,523345.074480667,80249911.56241065,0,0,9919750088.43759,6473460134.099712,1006280000,100628,172130.16397612388,180397.8,1754.4639761239082,10022.1,59.899275649489645,407.0,57727.295999999995,2739.72602739726,31620255.069368184
246,1,0,101208925692.02908,10062800000.0,1.0,516478769.4807012,2420235.0103507116,0.005712643749490654,376712.3287671233,3515981.735159817,92671232.876712,864931506.8493199,524058.68293809844,80773970.24534875,0,0,9919226029.754652,6476828769.480701,1010350000,101035,172826.8191922496,181130.40000000002,1759.2191922495624,10062.8,59.891230747702096,407.0,57961.728,2739.72602739726,31675477.07134079
247,1,0,103035746800.7702,10103500000.0,1.0,515776702.19521606,2423529.3968879883,0.005631074499680461,376712.3287671233,3515981.735159817,93047945.20547912,868447488.5844798,524761.349412093,81298731.59476085,0,0,9918701268.40524,6480196702.195216,1014420000,101442,173523.4986398539,181863.0,1763.9986398539097,10103.5,59.88316596765259,407.0,58196.159999999996,2739.72602739726,31730933.505313393
248,1,0,104895542030.5241,10144200000.0,1.0,515073943.1515568,2426836.023487688,0.005672983896191805,376712.3287671233,3515981.735159817,93424657.53424624,871963470.3196397,525453.1075861864,81824184.70234704,0,0,9918175815.297653,6483563943.151557,1018490000,101849,174220.2024088327,182595.6,1768.8024088327218,10144.199999999999,59.87508104559952,407.0,58430.592000000004,2739.72602739726,31786624.371285997
249,1,0,106788906564.17505,10184900000.0,1.0,514370503.2240748,2430154.9022835614,0.005665602975163776,376712.3287671233,3515981.735159817,93801369.86301336,875479452.0547996,526133.9914089667,82350318.69375601,0,0,9917649681.306244,6486930503.224075,1022560000,102256,174916.93058951217,183328.2,1773.630589512152,10184.9,59.86697571995878,407.0,58665.024,2739.72602739726,31842549.669258602
250,1,0,108716446327.6584,10225600000.0,1.0,513676393.2529117,2433438.6715423823,0.00564601102301473,376712.3287671233,3515981.735159817,94178082.19178048,878995433.7899594,526804.0350900559,82877122.72884607,0,0,9917122877.271154,6490296393.252912,1026620000,102662,175613.68327265035,184060.8,1778.4832726503653,10225.6,59.85884973125254,406.0,58899.456,2739.72602739726,31898709.399231207
251,1,0,110678778183.87262,10266200000.0,1.0,512981608.80398047,2436734.5311159007,0.005582109835112131,376712.3287671233,3515981.735159817,94554794.5205476,882511415.5251193,527478.512858155,83404601.24170423,0,0,9916595398.758295,6493661608.80398,1030680000,103068,176308.69114038014,184791.6,1783.2911403801422,10266.199999999999,59.850790447275834,406.0,59133.312000000005,2739.72602739726,31955102.98520381
252,1,0,112676530130.0915,10306800000.0,1.0,512286160.54570764,2440042.4924001424,0.005613723665867862,376712.3287671233,3515981.735159817,94931506.84931472,886027397.2602792,528142.3221997329,83932743.56390396,0,0,9916067256.436096,6497026160.545708,1034740000,103474,177003.72323092076,185522.40000000002,1788.1232309207396,10306.8,59.84271060713897,406.0,59367.168,2739.72602739726,32011730.427176416
253,1,0,114710341498.93965,10347400000.0,1.0,511590059.11275274,2443362.5668331296,0.005567533758178237,376712.3287671233,3515981.735159817,95308219.17808184,889543378.995439,528795.4968818609,84461539.06078582,0,0,9915538460.939215,6500390059.112753,1038800000,103880,177698.77963289,186253.2,1792.9796328899704,10347.4,59.83460996144022,406.0,59601.024,2739.72602739726,32068591.72514902
254,1,0,116780863162.9955,10388000000.0,1.0,510893315.105761,2446694.765895074,0.005541333930130968,376712.3287671233,3515981.735159817,95684931.50684896,893059360.7305989,529438.0709186661,84990977.13170448,0,0,9915009022.868296,6503753315.105761,1042860000,104286,178393.86043532175,186984.0,1797.8604353217547,10388.0,59.82648826270756,406.0,59834.88,2739.72602739726,32125686.879121624
255,1,0,118888757743.08755,10428600000.0,1.0,510205939.0911205,2449991.080517006,0.0055209656548355305,376712.3287671233,3515981.735159817,96061643.83561608,896575342.4657588,530070.078567451,85521047.21027192,0,0,9914478952.789728,6507115939.091121,1046910000,104691,179088.96572766762,187714.8,1802.7657276676468,10428.6,59.81834526535352,405.0,60068.736,2739.72602739726,32183015.88909423
256,1,0,121034699820.35028,10469100000.0,1.0,509517926.0293005,2453299.356396275,0.005456607656805919,376712.3287671233,3515981.735159817,96438356.1643832,900091324.2009187,530707.1257469143,86051754.33601885,0,0,9913948245.66398,6510477926.029301,1050960000,105096,179782.32476522384,188443.8,1807.624765223844,10469.1,59.81027021848055,405.0,60302.015999999996,2739.72602739726,32240578.179066833
257,1,0,123219376152.10759,10509600000.0,1.0,508829286.3184914,2456619.6042765426,0.0054892800622629145,376712.3287671233,3515981.735159817,96815068.49315032,903607305.9360785,531333.7747360326,86583088.11075488,0,0,9913416911.889246,6513839286.318491,1055010000,105501,180475.70800496143,189172.8,1812.5080049614585,10509.6,59.802174013782846,405.0,60535.295999999995,2739.72602739726,32298373.749039438
258,1,0,125443485891.65312,10550100000.0,1.0,508140030.3231077,2459951.834940496,0.005433486727025131,376712.3287671233,3515981.735159817,97191780.82191744,907123287.6712384,531950.0593106257,87115038.1700655,0,0,9912884961.829935,6517200030.323108,1059060000,105906,181169.11553414623,189901.8,1817.4155341462563,10550.1,59.794056415074905,405.0,60768.575999999994,2739.72602739726,32356402.599012043
259,1,0,127707740811.99745,10590600000.0,1.0,507450168.37355816,2463296.059210022,0.00539671626705778,376712.3287671233,3515981.735159817,97568493.15068457,910639269.4063983,532556.0134765079,87647594.18354201,0,0,9912352405.816458,6520560168.373558,1063110000,106311,181862.5474404456,190630.8,1822.3474404456283,10590.6,59.78591718790203,405.0,61001.856,2739.72602739726,32414664.728984646
260,1,0,130012865533.65399,10631100000.0,1.0,506769710.76601934,2466603.613918799,0.005360236552670218,376712.3287671233,3515981.735159817,97945205.47945169,914155251.1415582,533151.6714657448,88180745.85500775,0,0,9911819254.144993,6523919710.76602,1067150000,106715,182556.00381193,191359.8,1827.3038119300093,10631.1,59.7777560995005,404.0,61235.136,2739.72602739726,32473160.13895725
261,1,0,132359597756.53644,10671500000.0,1.0,506088651.86524916,2469922.9974689735,0.0053409377968550754,376712.3287671233,3515981.735159817,98321917.8082188,917671232.876718,533752.9646971491,88714498.8197049,0,0,9911285501.180296,6527278651.86525,1071190000,107119,183247.71245232184,192087.0,1832.2124523218497,10671.5,59.769664310368434,404.0,61467.84,2739.72602739726,32531888.252929855
262,1,0,134748688496.0419,10711900000.0,1.0,505407001.8028306,2473254.219947863,0.005328597298064884,376712.3287671233,3515981.735159817,98698630.13698593,921187214.6118779,534344.1263455178,89248842.94605042,0,0,9910751157.05395,6530637001.802831,1075230000,107523,183939.44526211033,192814.2,1837.1452621103117,10711.9,59.76155083228204,404.0,61700.544,2739.72602739726,32590849.07090246
263,1,0,137180902323.39545,10752300000.0,1.0,504724770.6766317,2476597.2914788863,0.0052351807130517946,376712.3287671233,3515981.735159817,99075342.46575305,924703196.3470378,534925.1901258279,89783768.13617624,0,0,9910216231.863823,6533994770.676632,1079270000,107927,184631.20232713677,193541.40000000002,1842.1023271367292,10752.3,59.753415441285284,404.0,61933.248,2739.72602739726,32650042.592875063
264,1,0,139657017610.33273,10792700000.0,1.0,504041968.5505917,2479952.222221716,0.005261525238426991,376712.3287671233,3515981.735159817,99452054.79452017,928219178.0821977,535496.1899669032,90319264.32614315,0,0,9909680735.673857,6537351968.550591,1083310000,108331,185322.9837336294,194268.6,1847.0837336294044,10792.699999999999,59.7452579149792,404.0,62165.952000000005,2739.72602739726,32709468.818847667
265,1,0,142177826778.19922,10833100000.0,1.0,503368605.4545108,2483269.688365597,0.0052315218765196445,376712.3287671233,3515981.735159817,99828767.12328729,931735159.8173575,536057.1600078086,90855321.48615095,0,0,9909144678.51385,6540708605.454511,1087340000,108734,186014.7895682049,194995.8,1852.0895682049158,10833.1,59.737078032486615,403.0,62398.655999999995,2739.72602739726,32769127.74882027
266,1,0,144744136551.54572,10873400000.0,1.0,502694675.1673215,2486598.847668292,0.00519431959788207,376712.3287671233,3515981.735159817,100205479.45205441,935251141.5525174,536624.351116258,91391945.8372672,0,0,9908608054.162733,6544064675.167321,1091370000,109137,186704.8461585183,195721.2,1857.0461585182918,10873.4,59.72896889529261,403.0,62630.784,2739.72602739726,32829018.806792878
267,1,0,147356768216.3011,10913700000.0,1.0,502020187.5579095,2489939.7095577097,0.0050717333140134655,376712.3287671233,3515981.735159817,100582191.78082153,938767123.2876773,537181.6733389215,91929127.51060612,0,0,9908070872.489393,6547420187.557909,1095400000,109540,187394.9268731186,196446.6,1862.0268731185804,10913.699999999999,59.720837603490104,403.0,62862.912000000004,2739.72602739726,32889141.992765483
268,1,0,150016557882.60532,10954000000.0,1.0,501345152.46157104,2493292.2834949773,0.005085036531656472,376712.3287671233,3515981.735159817,100958904.10958865,942283105.0228372,537729.1602653792,92466856.67087151,0,0,9907533143.329128,6550775152.461571,1099430000,109943,188085.03179635224,197172.0,1867.031796352242,10954.0,59.712683944484034,403.0,63095.04,2739.72602739726,32949497.306738086
269,1,0,152724356752.38632,10994300000.0,1.0,500679579.67981416,2496606.7136179716,0.005045285049452333,376712.3287671233,3515981.735159817,101335616.43835577,945799086.757997,538266.8456838017,93005123.51655531,0,0,9906994876.483444,6554129579.679814,1103450000,110345,188775.16101293793,197897.40000000002,1872.0610129378979,10994.3,59.704507707084254,402.0,63327.168,2739.72602739726,33010084.748710692
270,1,0,155481031391.76688,11034500000.0,1.0,500013462.51219183,2499932.6892514806,0.005016406517459464,376712.3287671233,3515981.735159817,101712328.7671229,949315068.4931569,538811.2315492524,93543934.74810456,0,0,9906456065.251896,6557483462.512192,1107470000,110747,189463.5396542322,198621.0,1877.0396542322098,11034.5,59.69640356409559,402.0,63558.72,2739.72602739726,33070903.742683295
271,1,0,158287464008.38824,11074700000.0,1.0,499346810.60273147,2503270.219131366,0.004986282234906787,376712.3287671233,3515981.735159817,102089041.09589002,952831050.2283168,539345.9733872938,94083280.72149186,0,0,9905916719.278507,6560836810.602732,1111490000,111149,190151.94227916404,199344.59999999998,1882.042279164063,11074.699999999999,59.68827706570907,402.0,63790.272,2739.72602739726,33131954.2886559
272,1,0,161144552733.73962,11114900000.0,1.0,498679633.5622419,2506619.312023761,0.004915116451371755,376712.3287671233,3515981.735159817,102465753.42465714,956347031.9634767,539871.1044165095,94623151.82590836,0,0,9905376848.174091,6564189633.5622425,1115510000,111551,190840.3689701586,200068.2,1887.0689701585866,11114.9,59.68012800862458,402.0,64021.82400000001,2739.72602739726,33193236.386628505
273,1,0,164053211910.58362,11155100000.0,1.0,498011940.9681258,2509979.9767251997,0.004857108536024673,376712.3287671233,3515981.735159817,102842465.75342426,959863013.6986365,540386.6580430487,95163538.4839514,0,0,9904836461.516048,6567541940.968126,1119530000,111953,191528.81980999705,200791.80000000002,1892.1198099970447,11155.1,59.67195619084209,402.0,64253.376000000004,2739.72602739726,33254750.036601108
274,1,0,167014372385.56964,11195300000.0,1.0,497353742.36419547,2513301.6875636876,0.004859165091790872,376712.3287671233,3515981.735159817,103219178.08219138,963378995.4337964,540892.66785728,95704431.15180868,0,0,9904295568.848192,6570893742.364195,1123540000,112354,192217.29488181797,201515.40000000002,1897.1948818179376,11195.3,59.66376141163339,401.0,64484.928,2739.72602739726,33316495.23857371
275,1,0,170028981807.12915,11235400000.0,1.0,496695030.483342,2516634.802614499,0.004819814145404278,376712.3287671233,3515981.735159817,103595890.4109585,966894977.1689563,541405.9447804169,96245837.0965891,0,0,9903754162.90341,6574245030.483342,1127550000,112755,192904.01780220485,202237.2,1902.2178022048292,11235.4,59.65564033114469,401.0,64715.90400000001,2739.72602739726,33378471.416546315
276,1,0,173098004928.7478,11275500000.0,1.0,496035814.71566796,2519979.32995334,0.004779227215629758,376712.3287671233,3515981.735159817,103972602.73972562,970410958.9041162,541909.8316009939,96787746.9281901,0,0,9903212253.07181,6577595814.715668,1131560000,113156,193590.76463706398,202959.0,1907.2646370639804,11275.5,59.64749653800306,401.0,64946.88,2739.72602739726,33440678.57051892
277,1,0,176222423917.71167,11315600000.0,1.0,495376104.418282,2523335.2776834434,0.004788554332301832,376712.3287671233,3515981.735159817,104349315.06849274,973926940.639276,542404.3613129329,97330151.28950302,0,0,9902669848.710497,6580946104.418282,1135570000,113557,194277.5354672046,203680.80000000002,1912.3354672046037,11315.6,59.639329838944434,401.0,65177.856,2739.72602739726,33503116.70049152
278,1,0,179403238669.42636,11355700000.0,1.0,494715908.91512483,2526702.6539356797,0.004671788839862801,376712.3287671233,3515981.735159817,104726027.39725986,977442922.3744359,542889.5670840604,97873040.85658708,0,0,9902126959.143414,6584295908.915125,1139580000,113958,194964.3303737771,204402.59999999998,1917.4303737771424,11355.699999999999,59.6311400418849,401.0,65408.831999999995,2739.72602739726,33565785.80646413
279,1,0,182641467127.4095,11395800000.0,1.0,494065237.4967989,2530030.2574073463,0.0046772298749894695,376712.3287671233,3515981.735159817,105102739.72602698,980958904.1095958,543365.4822528911,98416406.33883998,0,0,9901583593.66116,6587645237.496799,1143580000,114358,195651.1494382743,205124.40000000002,1922.5494382742706,11395.8,59.62292695589541,400.0,65639.808,2739.72602739726,33628685.88843673
280,1,0,185938145609.0592,11435800000.0,1.0,493414082.3396561,2533369.1208666665,0.0046132365236069865,376712.3287671233,3515981.735159817,105479452.0547941,984474885.8447556,543849.2210697018,98960255.55990969,0,0,9901039744.44009,6590994082.339656,1147580000,114758,196336.2147391124,205844.40000000002,1927.6147391123413,11435.8,59.614789256197135,400.0,65870.208,2739.72602739726,33691816.370409325
281,1,0,189294329137.3027,11475800000.0,1.0,492762452.5844056,2536719.2517289743,0.004606694850133031,376712.3287671233,3515981.735159817,105856164.38356122,987990867.5799155,544323.819177452,99504579.37908714,0,0,9900495420.620913,6594342452.584406,1151580000,115158,197021.30387267802,206564.40000000002,1932.7038726779858,11475.8,59.606628540440234,400.0,66100.60800000001,2739.72602739726,33755177.25238193
282,1,0,192711091778.231,11515800000.0,1.0,492110357.3390383,2540080.657434452,0.004543088284980023,376712.3287671233,3515981.735159817,106232876.71232834,991506849.3150754,544789.3092941985,100049368.68838133,0,0,9899950631.311619,6597690357.339039,1155580000,115558,197706.41691810157,207284.40000000002,1937.8169181015498,11515.8,59.598444624778935,400.0,66331.008,2739.72602739726,33818768.53435453
283,1,0,196189526984.82803,11555800000.0,1.0,491467805.6786662,2543401.593261896,0.0044709178765437434,376712.3287671233,3515981.735159817,106609589.04109547,995022831.0502353,545245.7242990584,100594614.41268039,0,0,9899405385.58732,6601037805.678666,1159570000,115957,198391.5539548397,208004.40000000002,1942.9539548396604,11555.8,59.590237326442285,399.0,66561.408,2739.72602739726,33882590.21632713
284,1,0,199730747946.90417,11595700000.0,1.0,490824789.325633,2546733.6352702975,0.004498407361808875,376712.3287671233,3515981.735159817,106986301.36986259,998538812.7853951,545710.4169601006,101140324.8296405,0,0,9898859675.170359,6604384789.325633,1163560000,116356,199074.93581641873,208722.59999999998,1948.0358164187573,11595.699999999999,59.58210694954301,399.0,66791.23199999999,2739.72602739726,33946641.72229973
285,1,0,203335887947.34576,11635600000.0,1.0,490181317.2086511,2550076.790193069,0.004436060482198345,376712.3287671233,3515981.735159817,107363013.6986297,1002054794.520555,546166.1809088051,101686491.01054929,0,0,9898313508.98945,6607731317.208651,1167550000,116755,199758.3413386583,209440.80000000002,1953.141338658286,11635.6,59.5739534801703,399.0,67021.056,2739.72602739726,34010923.052272335
286,1,0,207006100724.79535,11675500000.0,1.0,489537398.22418773,2553431.064785779,0.0044520522509460024,376712.3287671233,3515981.735159817,107739726.02739683,1005570776.2557149,546613.0483903043,102233104.05893959,0,0,9897766895.941061,6611077398.224188,1171540000,117154,200441.7705986374,210159.0,1958.270598637397,11675.5,59.565776742344546,399.0,67250.88,2739.72602739726,34075434.20624494
287,1,0,210742560842.8779,11715400000.0,1.0,488893041.2363129,2556796.465826241,0.00437405433457785,376712.3287671233,3515981.735159817,108116438.35616395,1009086757.9908748,547051.0518017263,102780155.11074132,0,0,9897219844.88926,6614423041.236313,1175530000,117553,201125.22367374576,210877.2,1963.4236737457538,11715.4,59.55757656108904,399.0,67480.70400000001,2739.72602739726,34140175.18421754
288,1,0,214546464066.09183,11755300000.0,1.0,488258255.07655066,2560120.5653022057,0.004353443716418866,376712.3287671233,3515981.735159817,108493150.68493107,1012602739.7260346,547480.2236892185,103327635.33443053,0,0,9896672364.66557,6617768255.0765505,1179510000,117951,201808.70064168438,211595.40000000002,1968.6006416843366,11755.3,59.5493527624092,398.0,67710.528,2739.72602739726,34205145.98619014
289,1,0,218419027742.48477,11795100000.0,1.0,487623030.93003005,2563455.6218888117,0.004281921264670129,376712.3287671233,3515981.735159817,108869863.01369819,1016118721.4611945,547918.2104475733,103875553.54487811,0,0,9896124446.455122,6621113030.93003,1183490000,118349,202490.42076173914,212311.80000000002,1973.7207617391284,11795.1,59.541207707769914,398.0,67939.776,2739.72602739726,34270346.03616274
290,1,0,222361491193.2366,11834900000.0,1.0,486987377.48573375,2566801.641664041,0.0042608301239757795,376712.3287671233,3515981.735159817,109246575.34246531,1019634703.1963544,548347.5082232134,104423901.05310133,0,0,9895576098.9469,6624457377.485734,1187470000,118747,203172.1644366167,213028.2,1978.8644366166889,11834.9,59.53303934718246,398.0,68169.024,2739.72602739726,34335775.33413534
291,1,0,226375116109.2745,11874700000.0,1.0,486351303.40075153,2570158.6307255197,0.004232109972251026,376712.3287671233,3515981.735159817,109623287.67123243,1023150684.9315143,548768.1489091285,104972669.20201045,0,0,9895027330.797989,6627801303.400751,1191450000,119145,203853.93174161346,213744.59999999998,1984.031741613487,11874.699999999999,59.52484751312802,398.0,68398.272,2739.72602739726,34401433.88010794
292,1,0,230461186955.04688,11914500000.0,1.0,485714817.30013955,2573526.5951905893,0.004193830185653263,376712.3287671233,3515981.735159817,109999999.99999955,1026666666.6666741,549180.1645389014,105521849.36654936,0,0,9894478150.633451,6631144817.300139,1195430000,119543,204535.72275232166,214461.0,1989.2227523216561,11914.5,59.516632039007064,398.0,68627.52,2739.72602739726,34467321.67408054
293,1,0,234621011379.58545,11954300000.0,1.0,485087927.77678263,2576852.418754163,0.004163433079069179,376712.3287671233,3515981.735159817,110376712.32876667,1030182648.401834,549583.5872838547,106071432.95383321,0,0,9893928567.046167,6634487927.776783,1199400000,119940,205217.53754462974,215177.40000000002,1994.437544629702,11954.3,59.50839275912059,397.0,68856.768,2739.72602739726,34533438.71605314
294,1,0,238855920634.98694,11994000000.0,1.0,484460625.4887612,2580189.047848731,0.004136930314062346,376712.3287671233,3515981.735159817,110753424.6575338,1033698630.1369939,549996.3519483879,106621429.3057816,0,0,9893378570.694218,6637830625.488761,1203370000,120337,205897.59378163365,215892.0,1999.5937816336502,11994.0,59.50023411779699,397.0,69085.44,2739.72602739726,34599784.43002574
295,1,0,243167270002.44843,12033700000.0,1.0,483832918.8902973,2583536.487899593,0.0041294060958986314,376712.3287671233,3515981.735159817,111130136.98630092,1037214611.8721538,550400.6623908515,107171829.96817246,0,0,9892828170.031828,6641172918.890297,1207340000,120734,206577.67345505167,216606.59999999998,2004.7734550517152,12033.699999999999,59.492052002088,397.0,69314.112,2739.72602739726,34666358.815998346
296,1,0,247556439225.99258,12073400000.0,1.0,483204816.4041115,2586894.744349264,0.004090641285694649,376712.3287671233,3515981.735159817,111506849.31506804,1040730593.6073136,550796.5501127141,107722626.51828517,0,0,9892277373.481714,6644514816.404112,1211310000,121131,207257.77663834405,217321.2,2009.9766383440153,12073.4,59.4838462524844,397.0,69542.784,2739.72602739726,34733161.87397095
297,1,0,252024832954.02173,12113100000.0,1.0,482586326.4212931,2590210.1480364148,0.004067374728840913,376712.3287671233,3515981.735159817,111883561.64383516,1044246575.3424735,551184.046745371,108273810.56503054,0,0,9891726189.434969,6647856326.421293,1215270000,121527,207937.90340525156,218035.80000000002,2015.2034052515417,12113.099999999999,59.47561671032236,396.0,69771.456,2739.72602739726,34800193.60394355
298,1,0,256573881188.8418,12152700000.0,1.0,481967439.17121494,2593536.198523144,0.004077969714184819,376712.3287671233,3515981.735159817,112260273.97260228,1047762557.0776334,551581.3140050858,108825391.87903564,0,0,9891174608.120964,6651197439.171215,1219230000,121923,208616.27012891992,218748.59999999998,2020.3701289199562,12152.699999999999,59.46746950107039,396.0,69999.552,2739.72602739726,34867453.42991615
299,1,0,261205039744.30035,12192300000.0,1.0,481348162.9097993,2596872.900570906,0.004004831191536096,376712.3287671233,3515981.735159817,112636986.3013694,1051278538.8127933,551970.3253426065,109377362.20437825,0,0,9890622637.795622,6654538162.9098,1223190000,122319,209294.66008619405,219461.40000000002,2025.560086194021,12192.3,59.45929884456247,396.0,70227.648,2739.72602739726,34934941.35188875
300,1,0,265919790711.68494,12231900000.0,1.0,480728505.8620146,2600220.2589559765,0.003986724683314811,376712.3287671233,3515981.735159817,113013698.63013652,1054794520.5479531,552351.1117115974,109929713.31608984,0,0,9890070286.68391,6657878505.862015,1227150000,122715,209973.0733483803,220174.2,2030.773348380288,12231.9,59.45110458809767,396.0,70455.744,2739.72602739726,35002657.36986136
301,1,0,270719642934.03082,12271500000.0,1.0,480108476.2217532,2603578.2784695,0.003983666155468577,376712.3287671233,3515981.735159817,113390410.95890364,1058310502.283113,552723.7041883322,110482437.02027817,0,0,9889517562.979721,6661218476.221753,1231110000,123111,210651.50998705096,220887.0,2036.0099870509507,12271.5,59.442886579770835,396.0,70683.84,2739.72602739726,35070601.48383396
302,1,0,275606132488.99005,12311100000.0,1.0,479498082.15171105,2606892.5956716393,0.003981014240413749,376712.3287671233,3515981.735159817,113767123.28767076,1061826484.0182729,553088.1339690634,111035525.15424724,0,0,9888964474.845753,6664558082.1517105,1235060000,123506,211329.9700740444,221599.80000000002,2041.270074044369,12311.099999999999,59.4346446684573,395.0,70911.936,2739.72602739726,35138773.69380656
303,1,0,280580823180.4163,12350600000.0,1.0,478887313.3733739,2610217.404163012,0.003962974366084157,376712.3287671233,3515981.735159817,114143835.61643788,1065342465.7534328,553462.8422640675,111588987.99651131,0,0,9888411012.003489,6667897313.373374,1239010000,123901,212006.66835353046,222310.80000000002,2046.4683535304641,12350.599999999999,59.42648709999223,395.0,71139.456,2739.72602739726,35207173.42377916
304,1,0,285645307038.8228,12390100000.0,1.0,478276177.9181487,2613552.708063101,0.003945750229782135,376712.3287671233,3515981.735159817,114520547.945205,1068858447.4885926,553829.5191521634,112142817.51566347,0,0,9887857182.484337,6671236177.918149,1242960000,124296,212683.38972461506,223021.80000000002,2051.689724615045,12390.099999999999,59.418305991354856,395.0,71366.97600000001,2739.72602739726,35275800.673751764
305,1,0,290801204830.87354,12429600000.0,1.0,477664683.78693634,2616898.511503967,0.003919920803429711,376712.3287671233,3515981.735159817,114897260.27397212,1072374429.2237525,554188.195139318,112697005.7108028,0,0,9887302994.289198,6674574683.786936,1246910000,124691,213360.1342566848,223732.80000000002,2056.9342566848027,12429.599999999999,59.410101197139845,395.0,71594.496,2739.72602739726,35344655.443724364
306,1,0,296050166578.0708,12469100000.0,1.0,477052838.9500185,2620254.818630292,0.003902589804682573,376712.3287671233,3515981.735159817,115273972.60273924,1075890410.9589124,554538.9008447246,113251544.61164752,0,0,9886748455.388353,6677912838.950018,1250860000,125086,214036.9020193776,224443.80000000002,2062.202019377573,12469.099999999999,59.40187257267877,395.0,71822.016,2739.72602739726,35413737.73369697
307,1,0,301393872084.80493,12508600000.0,1.0,476450651.3469472,2623566.567631382,0.0038915460921319753,376712.3287671233,3515981.735159817,115650684.93150637,1079406392.6940722,554881.6669982828,113806426.2786458,0,0,9886193573.721354,6681250651.346947,1254800000,125480,214713.6930825828,225154.80000000002,2067.4930825827873,12508.599999999999,59.393619974026365,394.0,72049.53600000001,2739.72602739726,35483047.54366957
308,1,0,306834031475.9356,12548000000.0,1.0,475848110.2013651,2626888.6503953603,0.0039047060921153895,376712.3287671233,3515981.735159817,116027397.26027349,1082922374.4292321,555235.2095090288,114361661.48815483,0,0,9885638338.511845,6684588110.2013645,1258740000,125874,215388.7205413491,225864.0,2072.7205413490906,12548.0,59.38545379028932,394.0,72276.48,2739.72602739726,35552584.297642164
309,1,0,312372385744.07623,12587400000.0,1.0,475245223.32541156,2630221.070405462,0.0038919215468419628,376712.3287671233,3515981.735159817,116404109.5890406,1086438356.164392,555580.939880505,114917242.42803533,0,0,9885082757.571964,6687925223.325412,1262680000,126268,216063.7709374342,226573.2,2077.9709374341733,12587.4,59.37726401150483,394.0,72503.424,2739.72602739726,35622347.99561477
310,1,0,318010707306.7568,12626800000.0,1.0,474641998.5011966,2633563.8311553574,0.0038388757614841017,376712.3287671233,3515981.735159817,116780821.91780773,1089954337.8995519,555918.8881418833,115473161.31617722,0,0,9884526838.683823,6691261998.501197,1266620000,126662,216738.84433826208,227282.40000000002,2083.244338262034,12626.8,59.36905049922275,394.0,72730.368,2739.72602739726,35692338.63758737
311,1,0,323750800573.6437,12666200000.0,1.0,474048443.48069674,2636861.3106751963,0.0038975182998399653,376712.3287671233,3515981.735159817,117157534.24657485,1093470319.6347117,556249.0844268318,116029410.40060405,0,0,9883970589.599396,6694598443.480697,1270550000,127055,217413.94081149346,227991.59999999998,2088.5408114934853,12666.199999999999,59.36081311567777,393.0,72957.31199999999,2739.72602739726,35762556.22355997
312,1,0,329594502523.9979,12705500000.0,1.0,473454547.0837061,2640168.9617293896,0.003941834719305881,376712.3287671233,3515981.735159817,117534246.57534197,1096986301.3698716,556590.4609176103,116586000.86152166,0,0,9883413999.13848,6697934547.083706,1274480000,127448,218087.27212151737,228699.0,2093.7721215173538,12705.5,59.352663977166046,393.0,73183.68,2739.72602739726,35833000.17753257
313,1,0,335543683294.556,12744800000.0,1.0,472860316.93823785,2643486.787163225,0.003877828006279091,376712.3287671233,3515981.735159817,117910958.90410909,1100502283.1050315,556924.2093951728,117142925.07091683,0,0,9882857074.929083,6701270316.938238,1278410000,127841,218760.6261367412,229406.40000000002,2099.026136741148,12744.8,59.34449135745411,393.0,73410.048,2739.72602739726,35903670.49950517
314,1,0,341600246778.0227,12784100000.0,1.0,472265760.64287543,2646814.7898303582,0.0038900740879375764,376712.3287671233,3515981.735159817,118287671.23287621,1104018264.8401914,557250.3592893323,117700175.43020616,0,0,9882299824.569794,6704605760.642876,1282340000,128234,219434.00292236393,230113.80000000002,2104.302922363922,12784.099999999999,59.336295124086966,393.0,73636.416,2739.72602739726,35974567.18947777
315,1,0,347766131232.36597,12823400000.0,1.0,471670885.76667374,2650152.9725928362,0.003897783114299646,376712.3287671233,3515981.735159817,118664383.56164333,1107534246.5753512,557568.9401286137,118257744.37033477,0,0,9881742255.629665,6707940885.766674,1286270000,128627,220107.4025438071,230821.2,2109.6025438071056,12823.4,59.328075145259795,393.0,73862.784,2739.72602739726,36045690.247450374
316,1,0,354043309901.1101,12862700000.0,1.0,471085699.84906274,2653445.0109620187,0.003918259482224293,376712.3287671233,3515981.735159817,119041095.89041045,1111050228.310511,557879.9815379353,118815624.35187271,0,0,9881184375.648127,6711275699.849063,1290190000,129019,220780.82506671478,231528.59999999998,2114.925066714801,12862.699999999999,59.31983128980658,392.0,74089.15199999999,2739.72602739726,36117039.67342298
317,1,0,360433791644.82513,12901900000.0,1.0,470500191.2307206,2656747.06046417,0.003920585471349204,376712.3287671233,3515981.735159817,119417808.21917757,1114566210.045671,558202.6822691164,119373827.03414182,0,0,9880626172.965858,6714610191.2307205,1294110000,129411,221452.48057753028,232234.2,2120.1805775302732,12901.9,59.31167784930449,392.0,74314.944,2739.72602739726,36188614.89139558
318,1,0,366939621584.0142,12941100000.0,1.0,469914367.3309548,2660059.1233246704,0.003938299083823511,376712.3287671233,3515981.735159817,119794520.5479447,1118082191.7808309,558517.963692725,119932344.99783455,0,0,9880067655.002165,6717944367.330955,1298030000,129803,222124.15861673641,232939.80000000002,2125.4586167363973,12941.099999999999,59.3035009364312,392.0,74540.736,2739.72602739726,36260415.90136818
319,1,0,373562881753.60565,12980300000.0,1.0,469328235.54015887,2663381.2017753366,0.003936798847116561,376712.3287671233,3515981.735159817,120171232.87671182,1121598173.5159907,558825.8547228555,120491170.8525574,0,0,9879508829.147442,6721278235.540159,1301950000,130195,222795.85924750887,233645.40000000002,2130.75924750884,12980.3,59.295300425134286,392.0,74766.528,2739.72602739726,36332442.703340776
320,1,0,380305691769.2582,13019500000.0,1.0,468751803.2197211,2666656.408389593,0.0039736828983019685,376712.3287671233,3515981.735159817,120547945.20547894,1125114155.2511506,559126.3843647045,121050297.23692212,0,0,9878949702.763079,6724611803.219721,1305860000,130586,223467.5825332318,234351.0,2136.0825332318013,13019.5,59.28707618996965,391.0,74992.31999999999,2739.72602739726,36404695.29731338
321,1,0,387170209505.69324,13058600000.0,1.0,468175058.32229257,2669941.4626644724,0.0039919287779362905,376712.3287671233,3515981.735159817,120924657.53424606,1128630136.9863105,559438.9613554468,121609736.19827756,0,0,9878390263.801722,6727945058.322292,1309770000,130977,224137.5372078901,235054.80000000002,2141.3372078900775,13058.599999999999,59.27894427362006,391.0,75217.53600000001,2739.72602739726,36477173.10728598
322,1,0,394158631787.27094,13097700000.0,1.0,467598008.0925326,2673236.3662094236,0.0040115383945734506,376712.3287671233,3515981.735159817,121301369.86301318,1132146118.7214704,559744.2936869195,122169480.49196449,0,0,9877830519.508036,6731278008.092533,1313680000,131368,224807.5141610662,235758.59999999998,2146.614161066255,13097.699999999999,59.27078904673474,391.0,75442.752,2739.72602739726,36549876.13325857
323,1,0,401273195091.0311,13136800000.0,1.0,467020659.74680656,2676541.120638494,0.004007650631752496,376712.3287671233,3515981.735159817,121678082.1917803,1135662100.4566302,560042.4096529539,122729522.90161744,0,0,9877270477.098383,6734610659.746807,1317590000,131759,225477.5134536864,236462.40000000002,2151.913453686374,13136.8,59.262610388816775,391.0,75667.968,2739.72602739726,36622804.37523118
324,1,0,408516176262.4242,13175900000.0,1.0,466443020.4730999,2679855.7275703405,0.0040608943229786905,376712.3287671233,3515981.735159817,122054794.52054742,1139178082.19179,560333.3376335811,123289856.23925102,0,0,9876710143.76075,6737943020.4731,1321500000,132150,226147.5351468713,237166.2,2157.2351468712636,13175.9,59.254408179949756,391.0,75893.18400000001,2739.72602739726,36695957.83320378
325,1,0,415889893243.96094,13215000000.0,1.0,465875097.4309339,2683122.594217132,0.004088735038987652,376712.3287671233,3515981.735159817,122431506.84931454,1142694063.92695,560617.1060929021,123850473.34534392,0,0,9876149526.654655,6741275097.430934,1325400000,132540,226817.5793019367,237870.0,2162.579301936696,13215.0,59.246182300788455,390.0,76118.4,2739.72602739726,36769336.50717638
326,1,0,423396705817.0144,13254000000.0,1.0,465306878.1121394,2686399.1460250784,0.004106271013005227,376712.3287671233,3515981.735159817,122808219.17808166,1146210045.6621099,560913.3827214453,124411386.72806536,0,0,9875588613.271935,6744606878.11214,1329300000,132930,227485.8529491524,238572.0,2167.85294915242,13254.0,59.23805099722135,390.0,76343.04,2739.72602739726,36842939.82114898
327,1,0,431039016357.0115,13293000000.0,1.0,464738369.563295,2689685.384003575,0.004168789196924866,376712.3287671233,3515981.735159817,123184931.50684878,1149726027.3972697,561202.6127713367,124972589.34083669,0,0,9875027410.659163,6747938369.563295,1333200000,133320,228154.14867663462,239274.0,2173.148676634629,13293.0,59.229896448846006,390.0,76567.68,2739.72602739726,36916767.77512158
328,1,0,438819270602.2555,13332000000.0,1.0,464169578.8032305,2692981.3091649055,0.004179868592134635,376712.3287671233,3515981.735159817,123561643.8356159,1153242009.1324296,561484.8239913958,125534074.16482809,0,0,9874465925.835173,6751269578.80323,1337100000,133710,228822.4665432415,239976.0,2178.4665432414854,13332.0,59.22171854108838,390.0,76792.31999999999,2739.72602739726,36990820.36909418
329,1,0,446739958436.62616,13371000000.0,1.0,463600512.8229474,2696286.9225242445,0.004170542678598479,376712.3287671233,3515981.735159817,123938356.16438302,1156757990.8675895,561760.0442100556,126095834.20903815,0,0,9873904165.790962,6754600512.8229475,1341000000,134100,229490.8066080127,240678.0,2183.8066080126996,13371.0,59.21351715992098,390.0,77016.95999999999,2739.72602739726,37065097.60306678
330,1,0,454803614686.4072,13410000000.0,1.0,463041178.585541,2699543.9235414015,0.004254435809250784,376712.3287671233,3515981.735159817,124315068.49315014,1160273972.6027493,562028.3013333266,126657862.51037148,0,0,9873342137.489628,6757931178.585541,1344890000,134489,230159.16893016963,241380.0,2189.168930169621,13410.0,59.20529219185453,389.0,77241.59999999999,2739.72602739726,37139599.47703938
331,1,0,463012819931.4968,13448900000.0,1.0,462481563.1315644,2702810.446185187,0.004299491205869919,376712.3287671233,3515981.735159817,124691780.82191727,1163789954.3379092,562309.5179035557,127220172.02827503,0,0,9872779827.971725,6761261563.131564,1348780000,134878,230825.7588199649,242080.2,2194.4588199648633,13448.9,59.19716410366212,389.0,77465.664,2739.72602739726,37214325.41501198
332,1,0,471370201331.2603,13487800000.0,1.0,461921673.3149281,2706086.490875312,0.004339257322815491,376712.3287671233,3515981.735159817,125068493.15068439,1167305936.073069,562583.8805632053,127782755.90883823,0,0,9872217244.091162,6764591673.314928,1352670000,135267,231492.3705807159,242780.40000000002,2199.770580715891,13487.8,59.18901286517727,389.0,77689.728,2739.72602739726,37289275.41698458
333,1,0,479878433465.2895,13526700000.0,1.0,461361515.9623544,2709372.058032777,0.004352817058361205,376712.3287671233,3515981.735159817,125445205.4794515,1170821917.808229,562851.4165006377,128345607.32533887,0,0,9871654392.674662,6767921515.962355,1356560000,135656,232159.0042691907,243480.59999999998,2205.104269190723,13526.699999999999,59.18083836751511,389.0,77913.792,2739.72602739726,37364449.482957184
334,1,0,488540239189.3379,13565600000.0,1.0,460811097.8733036,2712608.2808529143,0.004437025742994552,376712.3287671233,3515981.735159817,125821917.80821863,1174337899.5433888,563112.1529777586,128908719.47831663,0,0,9871091280.521683,6771251097.873303,1360440000,136044,232825.65994232602,244180.80000000002,2210.459942325998,13565.599999999999,59.172640502307274,388.0,78137.856,2739.72602739726,37439847.612929784
335,1,0,497358390506.7054,13604400000.0,1.0,460260405.72375757,2715853.861108097,0.004455870105874214,376712.3287671233,3515981.735159817,126198630.13698575,1177853881.2785487,563386.2134729838,129472105.69178961,0,0,9870527894.30821,6774580405.723758,1364320000,136432,233490.5415263542,244879.2,2215.741526354193,13604.4,59.16454152115547,388.0,78361.34400000001,2739.72602739726,37515469.23090238
336,1,0,506335709455.3514,13643200000.0,1.0,459709446.2072788,2719108.7986398097,0.004521109455113089,376712.3287671233,3515981.735159817,126575342.46575287,1181369863.0137086,563653.5804056836,130035759.2721953,0,0,9869964240.727804,6777909446.207279,1368200000,136820,234155.4447063724,245577.59999999998,2221.044706372435,13643.199999999999,59.15641961544515,388.0,78584.832,2739.72602739726,37591314.336874984
337,1,0,515475069011.02045,13682000000.0,1.0,459158225.99088275,2722373.093289342,0.004551021370503948,376712.3287671233,3515981.735159817,126952054.79451999,1184885844.7488685,563914.2803229504,130599673.55251825,0,0,9869400326.447481,6781238225.990883,1372080000,137208,234820.3695368843,246276.0,2226.3695368843096,13682.0,59.14827468126585,388.0,78808.31999999999,2739.72602739726,37667382.930847585
338,1,0,524779394006.6693,13720800000.0,1.0,458606751.71496797,2725646.744897778,0.0045856495434841524,376712.3287671233,3515981.735159817,127328767.12328711,1188401826.4840283,564168.3398417161,131163841.89235997,0,0,9868836158.10764,6784566751.714968,1375960000,137596,235485.3160725495,246974.40000000002,2231.7160725494546,13720.8,59.1401066152036,388.0,79031.808,2739.72602739726,37743675.012820184
339,1,0,534251662068.4896,13759600000.0,1.0,458065029.99324805,2728870.1781458217,0.004657407034463614,376712.3287671233,3515981.735159817,127705479.45205423,1191917808.2191882,564415.7856468814,131728257.67800686,0,0,9868271742.321993,6787895029.993248,1379830000,137983,236150.28436818355,247672.80000000002,2237.084368183539,13759.599999999999,59.13191531433392,387.0,79255.296,2739.72602739726,37820190.58279278
340,1,0,543894904568.8258,13798300000.0,1.0,457523047.06794995,2732102.8044613446,0.004749977558304261,376712.3287671233,3515981.735159817,128082191.78082135,1195433789.954348,564676.9892250582,132292934.66723192,0,0,9867707065.332767,6791223047.06795,1383700000,138370,236813.47660930624,248369.40000000002,2242.3766093062,13798.3,59.12382527240403,387.0,79478.208,2739.72602739726,37896929.06476538
341,1,0,553712207596.2931,13837000000.0,1.0,456980809.4505687,2735344.6231208914,0.004813508042391515,376712.3287671233,3515981.735159817,128458904.10958847,1198949771.689508,564931.6813081971,132857866.34854011,0,0,9867142133.65146,6794550809.450569,1387570000,138757,237476.69021773632,249066.0,2247.690217736333,13837.0,59.115712447825274,387.0,79701.12,2739.72602739726,37973890.45873798
342,1,0,563706712943.4061,13875700000.0,1.0,456438323.6266291,2738595.633399437,0.004847188475449613,376712.3287671233,3515981.735159817,128835616.4383556,1202465753.4246678,565179.8878664764,133423046.2364066,0,0,9866576953.763594,6797878323.626629,1391440000,139144,238139.92524586804,249762.59999999998,2253.025245868072,13875.699999999999,59.107576741977454,387.0,79924.03199999999,2739.72602739726,38051074.764710575
343,1,0,573881619112.0345,13914400000.0,1.0,455905596.0556213,2741795.693702218,0.004918534848685274,376712.3287671233,3515981.735159817,129212328.76712272,1205981735.1598277,565421.6349347205,133988467.87134132,0,0,9866011532.128658,6801205596.055621,1395300000,139530,238803.18174623945,250459.2,2258.3817462394327,13914.4,59.09941805671212,386.0,80146.944,2739.72602739726,38128481.982683174
344,1,0,584240182337.0067,13953000000.0,1.0,455372612.62987757,2745004.783623282,0.004956964555625883,376712.3287671233,3515981.735159817,129589041.09588984,1209497716.8949876,565677.4896707033,134554145.361012,0,0,9865445854.638988,6804532612.629877,1399160000,139916,239464.66050534684,251154.0,2263.6605053468516,13953.0,59.09136268562041,386.0,80369.28,2739.72602739726,38206111.536655776
345,1,0,594785717628.1896,13991600000.0,1.0,454839379.7098692,2748222.901889871,0.0049964574484645695,376712.3287671233,3515981.735159817,129965753.42465696,1213013698.6301475,565926.9839352776,135120072.34494728,0,0,9864879927.655052,6807859379.709869,1403020000,140302,240126.16034263893,251848.80000000002,2268.960342638913,13991.599999999999,59.08328479191412,386.0,80591.61600000001,2739.72602739726,38283963.42662837
346,1,0,605521599831.3783,14030200000.0,1.0,454305903.630743,2751450.0472264118,0.005153966024115988,376712.3287671233,3515981.735159817,130342465.75342408,1216529680.3653073,566170.1430531315,135686242.48800042,0,0,9864313757.512,6811185903.630743,1406880000,140688,240787.68130825873,252543.59999999998,2274.2813082587704,14030.199999999999,59.07518428161095,386.0,80813.95199999999,2739.72602739726,38362037.652600974
347,1,0,616451264708.3346,14068800000.0,1.0,453772190.7022594,2754686.2183545036,0.005120030799304804,376712.3287671233,3515981.735159817,130719178.0821912,1220045662.1004672,566406.9924105668,136252649.480411,0,0,9863747350.519588,6814512190.702259,1410740000,141074,241449.22345248182,253238.40000000002,2279.6234524817955,14068.8,59.067061061184255,386.0,81036.288,2739.72602739726,38440334.21457358
348,1,0,627578210036.32,14107400000.0,1.0,453248247.2087326,2757870.565849951,0.005235721458612522,376712.3287671233,3515981.735159817,131095890.41095832,1223561643.835627,566637.5574537795,136819287.03786477,0,0,9863180712.962135,6817838247.208733,1414590000,141459,242110.78682571548,253933.2,2284.9868257154635,14107.4,59.05891503755674,385.0,81258.62400000001,2739.72602739726,38518853.112546176
349,1,0,638905996727.4755,14145900000.0,1.0,452724058.62565535,2761063.7786617726,0.005293541800186687,376712.3287671233,3515981.735159817,131472602.73972544,1227077625.570787,566882.6470041957,137386169.68486896,0,0,9862613830.31513,6821164058.625655,1418440000,141844,242770.5704568084,254626.2,2290.2704568083946,14145.9,59.05087476291205,385.0,81480.384,2739.72602739726,38597593.77051878
350,1,0,650438249968.4064,14184400000.0,1.0,452199631.14191175,2764265.8549797977,0.0053833690989630294,376712.3287671233,3515981.735159817,131849315.06849256,1230593607.3059468,567121.5476705341,137953291.2325395,0,0,9862046708.76746,6824489631.1419115,1422290000,142229,243430.37491977622,255319.2,2295.5749197761925,14184.4,59.042812149119484,385.0,81702.144,2739.72602739726,38676556.18849138
351,1,0,662178660380.336,14222900000.0,1.0,451674970.9216476,2767476.7929898957,0.0054214072498213394,376712.3287671233,3515981.735159817,132226027.39725968,1234109589.0411067,567354.2841910481,138520645.51673055,0,0,9861479354.483269,6827814970.921648,1426140000,142614,244090.20026265006,256012.2,2300.9002626500464,14222.9,59.034727107124056,385.0,81923.90400000001,2739.72602739726,38755740.36646398
352,1,0,674130985200.201,14261400000.0,1.0,451150084.10421336,2770696.590873963,0.005548585671840562,376712.3287671233,3515981.735159817,132602739.7260268,1237625570.7762666,567580.8813611934,139088226.39809173,0,0,9860911773.601908,6831140084.104214,1429990000,142999,244750.04653358206,256705.2,2306.246533582036,14261.4,59.0266195483057,385.0,82145.664,2739.72602739726,38835146.30443658
353,1,0,686299049483.0646,14299900000.0,1.0,450634976.8041083,2773863.690885722,0.0056401028399134445,376712.3287671233,3515981.735159817,132979452.05479392,1241141552.5114264,567801.3640319876,139656027.76212373,0,0,9860343972.237877,6834464976.804109,1433830000,143383,245409.913780845,257398.2,2311.613780844972,14299.9,59.01848938447382,384.0,82367.424,2739.72602739726,38914774.00240918
354,1,0,698686747326.2338,14338300000.0,1.0,450119634.0887728,2777039.4920242913,0.005632306036416148,376712.3287671233,3515981.735159817,133356164.38356104,1244657534.2465863,568036.7792624553,140224064.5413862,0,0,9859775935.458614,6837789634.088773,1437670000,143767,246067.99926415252,258089.40000000002,2316.8992641524846,14338.3,59.0104674378507,384.0,82588.608,2739.72602739726,38994622.884381786
355,1,0,711298043115.4722,14376700000.0,1.0,449604061.980818,2780223.991956228,0.0057538710606700166,376712.3287671233,3515981.735159817,133732876.71232817,1248173515.9817462,568266.1718817102,140792330.7132679,0,0,9859207669.286732,6841114061.980818,1441510000,144151,246726.1053240563,258780.59999999998,2322.2053240563387,14376.699999999999,59.00242335652741,384.0,82809.792,2739.72602739726,39074692.95035439
356,1,0,724136972793.7064,14415100000.0,1.0,449088266.4787088,2783417.188343101,0.005788339797544739,376712.3287671233,3515981.735159817,134109589.04109529,1251689497.716906,568489.566036079,141360820.27930397,0,0,9858639179.720695,6844438266.478708,1445350000,144535,247384.2320064752,259471.80000000002,2327.5320064752127,14415.099999999999,58.99435705619616,384.0,83030.97600000001,2739.72602739726,39154984.200326994
357,1,0,737207645152.6327,14453500000.0,1.0,448582253.55671066,2786556.9582592,0.005893800345952698,376712.3287671233,3515981.735159817,134486301.3698624,1255205479.452066,568706.9859250782,141929527.26522905,0,0,9858070472.734772,6847762253.556711,1449180000,144918,248042.37935743778,260163.0,2332.8793574377764,14453.5,58.98626845296523,383.0,83252.16,2739.72602739726,39235496.63429959
358,1,0,750514243147.6377,14491800000.0,1.0,448076007.9538609,2789705.26832751,0.005956700683261113,376712.3287671233,3515981.735159817,134863013.69862953,1258721461.1872258,568939.6667766995,142498466.93200573,0,0,9857501533.067995,6851086007.953861,1453010000,145301,248698.74321742676,260852.40000000002,2338.143217426744,14491.8,58.978290188015634,383.0,83472.768,2739.72602739726,39316229.67627219
359,1,0,764061025236.4525,14530100000.0,1.0,447569535.5555919,2792862.115712039,0.006042082018019871,376712.3287671233,3515981.735159817,135239726.02739665,1262237442.9223857,569166.4621959467,143067633.39420167,0,0,9856932366.605799,6854409535.555592,1456840000,145684,249355.12734623897,261541.80000000002,2343.427346238976,14530.099999999999,58.970290092505095,383.0,83693.376,2739.72602739726,39397183.326244794
360,1,0,777852326741.9705,14568400000.0,1.0,447062842.2238344,2796027.4975709077,0.006076993972727697,376712.3287671233,3515981.735159817,135616438.35616377,1265753424.6575456,569387.3956844308,143637020.7898861,0,0,9856362979.210114,6857732842.223835,1460670000,146067,250011.53178758486,262231.2,2348.7317875848507,14568.4,58.962268086296135,383.0,83913.98400000001,2739.72602739726,39478357.58421739
361,1,0,791892561239.663,14606700000.0,1.0,446555933.7969665,2799201.4110563286,0.00621563781614304,376712.3287671233,3515981.735159817,135993150.6849309,1269269406.3927054,569602.4907948212,144206623.2806809,0,0,9855793376.719318,6861055933.796967,1464500000,146450,250667.95658527449,262920.6,2354.0565852745185,14606.699999999999,58.95422408965509,383.0,84134.59199999999,2739.72602739726,39559752.45018999
362,1,0,806186221970.0388,14645000000.0,1.0,446058816.0897641,2802321.0278809895,0.006356778477261625,376712.3287671233,3515981.735159817,136369863.013698,1272785388.1278653,569811.7711293384,144776435.05181023,0,0,9855223564.94819,6864378816.089764,1468320000,146832,251324.40178321768,263610.0,2359.4017832176683,14645.0,58.94615802324762,382.0,84355.2,2739.72602739726,39641367.9241626
363,1,0,820737883276.5979,14683200000.0,1.0,445561473.4491358,2805449.0221599964,0.006340461520697343,376712.3287671233,3515981.735159817,136746575.34246513,1276301369.8630252,570036.7045553027,145346471.75636554,0,0,9854653528.243635,6867701473.449136,1472140000,147214,251979.06144194608,264297.6,2364.6614419460843,14683.199999999999,58.93820480701771,382.0,84575.23199999999,2739.72602739726,39723203.4301352
364,1,0,835552202069.7404,14721400000.0,1.0,445063911.60446084,2808585.3905650987,0.00652199626750875,376712.3287671233,3515981.735159817,137123287.67123225,1279817351.598185,570255.9086018712,145916727.66496742,0,0,9854083272.335033,6871023911.604461,1475960000,147596,252633.74109964314,264985.2,2369.9410996431197,14721.4,58.930229997716076,382.0,84795.26400000001,2739.72602739726,39805258.9681078
365,1,0,850633919317.0991,14759600000.0,1.0,444566136.26220953,2811730.1297613517,0.00655168031682976,376712.3287671233,3515981.735159817,137499999.99999937,1283333333.333345,570469.4061782109,146487197.07114562,0,0,9853512802.928854,6874346136.262209,1479780000,147978,253288.44079792892,265672.80000000005,2375.240797928881,14759.599999999999,58.92223351962921,382.0,85015.296,2739.72602739726,39887534.538080394
