timestep,run,subset,network_resource_demand,network_resource_provision,network_resource_demand_supply_ratio,dex_tokens,dex_usdc,dex_token_price,token_incentives_vested,token_seller_vested,token_incentives_vested_cum,token_seller_vested_cum,token_burned_supply,token_burned_supply_cum,token_minted_supply,token_minted_supply_cum,token_total_supply,token_circulating_supply,token_staked_supply,node_amount,node_profit,node_network_revenue,node_incentive_revenue,node_expenditures,node_apr,node_change_amount,foundation_revenue,foundation_expenditures,foundation_cash_reserves
1,1,0,1200000000.0,1470000000.0,0.8163265306122449,505521705.47150624,2472693.034682081,0.004890893917949564,2054794.5205479453,3515981.735159817,2054794.5205479453,3515981.735159817,49070.784201473034,49070.784201473034,0,0,9999950929.2158,3155521705.471506,150000000,15000,26761.923601637114,18000.000000000004,10231.923601637109,1470.0,62.03178557504875,0.0,5760.000000000001,2739.72602739726,25003020.273972604
2,1,0,1224000000.0,1470000000.0,0.8326530612244898,503751330.3986786,2481383.0248561837,0.004855542746259648,2054794.5205479453,3515981.735159817,4109589.0410958906,7031963.470319634,51151.32853536204,100222.11273683507,0,0,9999899777.887262,3161041330.398679,157290000,15729,26900.06961264233,18360.000000000004,10010.069612642328,1470.0,62.416189438104055,729.0,5875.200000000001,2739.72602739726,25006155.747945208
3,1,0,1248480000.0,1541442000.0,0.8099428976244322,502780293.21252006,2486175.406782775,0.0050272801237223035,2054794.5205479453,3515981.735159817,6164383.561643836,10547945.20547945,51813.441866257126,152035.5546030922,0,0,9999847964.445396,3166560293.21252,163780000,16378,27266.16626644676,18727.2,10080.408266446757,1541.442,60.31375063899639,649.0,5992.704000000001,2739.72602739726,25009408.725917812
4,1,0,1273449600.0,1605044000.0,0.7934047913951269,502398421.1811011,2488065.143718691,0.005114778646599737,2054794.5205479453,3515981.735159817,8219178.082191781,14063926.940639269,52648.28712671958,204683.84172981177,0,0,9999795316.15827,3172078421.181101,169680000,16968,27616.00376297353,19101.744000000002,10119.303762973528,1605.0439999999999,58.65634254923236,590.0,6112.558080000001,2739.72602739726,25012781.557970416
5,1,0,1298918592.0,1662864000.0,0.7811333891406633,502485576.94093645,2487633.5906193154,0.005126593911026728,2054794.5205479453,3515981.735159817,10273972.602739727,17579908.675799087,53620.49587240346,258304.33760221524,0,0,9999741695.662397,3177595576.9409366,175110000,17511,27955.576460001084,19483.77888,10134.661580001084,1662.864,57.3088738662495,543.0,6234.809241600001,2739.72602739726,25016276.64118462
6,1,0,1324896963.84,1716078000.0,0.7720493846083919,502941641.6376864,2485377.8182489136,0.005130763134796372,2054794.5205479453,3515981.735159817,12328767.123287672,21095890.410958905,54711.558957819994,313015.89656003524,0,0,9999686984.10344,3183111641.6376863,180170000,18017,28288.52980084795,19873.4544576,10131.15334324795,1716.078,56.19408103836581,506.0,6359.505426432,2739.72602739726,25019896.420583658
7,1,0,1351394903.1167998,1765666000.0,0.7653740306019371,503696511.9943359,2481653.0792535176,0.005165158831983256,2054794.5205479453,3515981.735159817,14383561.643835617,24611872.146118723,55905.89905824687,368921.7956182821,0,0,9999631078.204382,3188626511.994336,184930000,18493,28618.082819897252,20270.923546752,10112.825273145252,1765.666,55.25684965672239,476.0,6486.69553496064,2739.72602739726,25023643.39009122
8,1,0,1378422801.1791358,1812314000.0,0.7605871836663711,504690094.9419764,2476767.451011122,0.0052258135842002534,2054794.5205479453,3515981.735159817,16438356.164383562,28127853.88127854,57193.30806722537,426115.1036855075,0,0,9999573884.896315,3194140094.9419765,189450000,18945,28946.6260920056,20676.34201768704,10082.598074318561,1812.3139999999999,54.460238594179145,452.0,6616.429445659853,2739.72602739726,25027520.093509488
9,1,0,1405991257.2027185,1856610000.0,0.7572894992500948,505892306.31381184,2470881.6172915036,0.005219202375275454,2054794.5205479453,3515981.735159817,18493150.68493151,31643835.61643836,58564.88387232522,484679.98755783273,0,0,9999515320.012442,3199652306.313812,193760000,19376,29276.277135752534,21089.86885804078,10043.018277711755,1856.61,53.77617978878768,431.0,6748.758034573049,2739.72602739726,25031529.125516664
10,1,0,1434111082.346773,1898848000.0,0.7552532284557653,507273064.7252001,2464156.066865387,0.0052580026879440024,2054794.5205479453,3515981.735159817,20547945.205479454,35159817.35159817,60017.84431943336,544697.831877266,0,0,9999455302.168123,3205163064.7252,197890000,19789,29608.256736166433,21511.666235201596,9995.438500964834,1898.848,53.18795672245983,413.0,6883.73319526451,2739.72602739726,25035673.132684533
11,1,0,1462793303.9937084,1939322000.0,0.7542807764743082,508792291.9655374,2456798.225403673,0.005249136813511816,2054794.5205479453,3515981.735159817,22602739.7260274,38675799.08675799,61549.015370441055,606246.8472477071,0,0,9999393753.152752,3210672291.9655375,201880000,20188,29943.7859427892,21941.89955990563,9941.208382883571,1939.322,52.68133493563116,399.0,7021.407859169801,2739.72602739726,25039954.814516306
12,1,0,1492049170.0735826,1978424000.0,0.754160468167381,510439915.8954332,2448868.0470985547,0.00529316336538894,2054794.5205479453,3515981.735159817,24657534.246575344,42191780.8219178,63152.32581200588,669399.173059713,0,0,9999330600.82694,3216179915.8954334,205740000,20574,30284.361751429315,22380.73755110374,9882.048200325575,1978.424,52.241823147647736,386.0,7161.836016353197,2739.72602739726,25044376.924505264
13,1,0,1521890153.4750543,2016252000.0,0.7548114786619203,512195863.6283762,2440472.656583064,0.005264846180677376,2054794.5205479453,3515981.735159817,26712328.76712329,45707762.55707762,64828.52276475853,734227.6958244715,0,0,9999265772.304176,3221685863.628376,209490000,20949,30630.58338586097,22828.352302125815,9818.483083735155,2016.252,51.86303544909507,375.0,7305.072736680261,2739.72602739726,25048942.27121455
14,1,0,1552327956.5445554,2053002000.0,0.7561258861630702,514040064.183465,2431717.0724534513,0.0053550923241128465,2054794.5205479453,3515981.735159817,28767123.287671234,49223744.29223743,66575.70061890908,800803.3964433806,0,0,9999199196.603556,3227190064.183465,213150000,21315,30983.328965889094,23284.919348168332,9751.411617720762,2053.002,51.53728029305855,366.0,7451.174191413866,2739.72602739726,25053653.71937857
15,1,0,1583374515.6754465,2088870000.0,0.7580052926584453,515952448.8219459,2422703.880665895,0.005295815665182893,2054794.5205479453,3515981.735159817,30821917.80821918,52739726.027397245,68391.61722684742,869195.0136702281,0,0,9999130804.98633,3232692448.821946,216740000,21674,31343.454172873808,23750.617735131702,9681.706437742103,2088.87,51.25767559697682,359.0,7600.197675242143,2739.72602739726,25058514.191026416
16,1,0,1615042005.9889555,2124052000.0,0.7603589770819902,517932951.4151236,2413439.8025549147,0.005274782620918063,2054794.5205479453,3515981.735159817,32876712.328767125,56255707.76255706,70273.66253004952,939468.6762002776,0,0,9999060531.3238,3238192951.4151235,220260000,22026,31711.788608861938,24225.630089834336,9610.210519027602,2124.0519999999997,51.01799582319535,352.0,7752.201628746987,2739.72602739726,25063526.66662777
17,1,0,1647342846.1087346,2158548000.0,0.763171746057412,519961503.32565916,2404024.1287192134,0.005308980842541643,2054794.5205479453,3515981.735159817,34931506.84931507,59771689.497716874,72224.34517213733,1011693.021372415,0,0,9998988306.978628,3243691503.3256593,223730000,22373,32088.59420887667,24710.142691631023,9536.999517245651,2158.548,50.81648592605106,347.0,7907.2456613219265,2739.72602739726,25068694.186261695
18,1,0,1680289703.0309093,2192554000.0,0.7663618332916359,522038038.9620649,2394461.527143301,0.005339643518714627,2054794.5205479453,3515981.735159817,36986301.36986302,63287671.23287669,74240.61930199573,1085933.6406744109,0,0,9998914066.359325,3249188038.9620647,227150000,22715,32474.667757065396,25204.345545463642,9462.876211601751,2192.554,50.64770937467573,342.0,8065.390574548364,2739.72602739726,25074019.850808848
19,1,0,1713895497.0915275,2226070000.0,0.7699198574579988,524142490.43512166,2384847.6756049697,0.005296185450854748,2054794.5205479453,3515981.735159817,39041095.89041097,66803652.9680365,76324.7826510301,1162258.4233254408,0,0,9998837741.576675,3254682490.4351215,230540000,23054,32870.25351556281,25708.43245637291,9387.891059189895,2226.0699999999997,50.51044121815438,339.0,8226.698386039332,2739.72602739726,25079506.82316749
20,1,0,1748173407.033358,2259292000.0,0.7737704586363153,526274793.4028334,2375185.009180548,0.005326631299139045,2054794.5205479453,3515981.735159817,41095890.410958916,70319634.70319632,78473.28799602,1240731.7113214608,0,0,9998759268.28868,3260174793.4028335,233900000,23390,33276.11264189155,26222.601105500376,9312.803536391177,2259.292,50.39981492263238,336.0,8391.232353760119,2739.72602739726,25085158.329493858
21,1,0,1783136875.1740253,2292220000.0,0.7779082614993436,528434881.48919123,2365475.943747986,0.005333191168820055,2054794.5205479453,3515981.735159817,43150684.931506865,73835616.43835613,80688.16934989108,1321419.880671352,0,0,9998678580.11933,3265664881.489191,237230000,23723,33692.47049207233,26747.05312761038,9237.637364461949,2292.22,50.31497795949297,333.0,8559.057000835322,2739.72602739726,25090977.660467297
22,1,0,1818799612.6775057,2324854000.0,0.7823285301689937,530602686.2206714,2355811.6693742853,0.005281357159725213,2054794.5205479453,3515981.735159817,45205479.45205481,77351598.17351595,82971.5242275761,1404391.404898928,0,0,9998595608.5951,3271152686.2206717,240550000,24055,34119.5560250225,27281.994190162586,9162.415834859918,2324.854,50.25515153081934,332.0,8730.238140852029,2739.72602739726,25096968.172580753
23,1,0,1855175604.9310558,2357390000.0,0.7869616842911252,532778143.3254993,2346192.3422716614,0.005298969091844349,2054794.5205479453,3515981.735159817,47260273.97260276,80867579.90867576,85319.15087987683,1489710.555778805,0,0,9998510289.444221,3276638143.3254995,243860000,24386,34558.08961203489,27827.63407396584,9087.845538069047,2357.39,50.21599786497135,331.0,8904.842903669069,2739.72602739726,25103133.289457027
24,1,0,1892279117.029677,2389828000.0,0.7918055680281916,534961186.7611077,2336618.1153590875,0.005301942129816096,2054794.5205479453,3515981.735159817,49315068.49315071,84383561.64383557,87732.82009935277,1577443.3758781578,0,0,9998422556.624123,3282121186.7611074,247160000,24716,35008.28222183996,28384.18675544516,9013.923466394805,2389.828,50.19698254630575,330.0,9082.939761742451,2739.72602739726,25109476.503191374
25,1,0,1930124699.3702705,2422168000.0,0.7968583101462287,537141748.6674093,2327132.4619639334,0.005252107006365216,2054794.5205479453,3515981.735159817,51369863.01369866,87899543.37899539,90214.34940620327,1667657.725284361,0,0,9998332342.274715,3287601748.6674094,250460000,25046,35470.34907726102,28951.870490554058,8940.646586706953,2422.1679999999997,50.19761090719802,330.0,9264.598556977298,2739.72602739726,25116001.375720955
26,1,0,1968727193.357676,2454508000.0,0.8020862809808222,539309762.737142,2317777.4376935344,0.005250691058324597,2054794.5205479453,3515981.735159817,53424657.53424661,91415525.1141552,92762.1859752255,1760419.9112595865,0,0,9998239580.088741,3293079762.737142,253770000,25377,35944.74130915987,29530.907900365142,8868.341408794735,2454.508,50.21566661789104,331.0,9449.890528116845,2739.72602739726,25122711.540221676
27,1,0,2008101737.2248297,2486946000.0,0.8074569119011147,541465164.4951267,2308551.0979557233,0.005294785789667596,2054794.5205479453,3515981.735159817,55479452.05479456,94931506.84931502,95374.49772311955,1855794.408982706,0,0,9998144205.591017,3298555164.4951267,257090000,25709,36431.89845495774,30121.526058372445,8797.318396585299,2486.946,50.249031359870365,332.0,9638.888338679182,2739.72602739726,25129610.70253296
28,1,0,2048263771.9693263,2519482000.0,0.8129701946548243,543607888.0103368,2299451.5487535247,0.005226744390436748,2054794.5205479453,3515981.735159817,57534246.575342506,98447488.58447483,98052.74049781241,1953847.1494805184,0,0,9998046152.85052,3304027888.010337,260420000,26042,36932.02555131122,30723.956579539896,8727.550971771327,2519.482,50.297400647620705,333.0,9831.666105452765,2739.72602739726,25136702.642611016
29,1,0,2089229047.4087129,2552116000.0,0.8186262095487481,545727865.8676691,2290518.916443068,0.0051748437391286265,2054794.5205479453,3515981.735159817,59589041.095890455,101963470.31963465,100798.39837546443,2054645.5478559828,0,0,9997945354.452145,3309497865.867669,263770000,26377,37445.33304282724,31338.435711130696,8659.013331696542,2552.116,50.360489229067305,335.0,10028.299427561822,2739.72602739726,25143991.21601118
30,1,0,2131013628.356887,2584946000.0,0.8243938667797652,547825032.8977385,2281750.422006248,0.005181907690849335,2054794.5205479453,3515981.735159817,61643835.616438404,105479452.05479446,103609.22563853356,2158254.7734945165,0,0,9997841745.226505,3314965032.8977385,267140000,26714,37972.25313249332,31965.20442535331,8591.994707140006,2584.946,50.436331114614454,337.0,10228.86541611306,2739.72602739726,25151480.3553999
31,1,0,2173633900.924025,2617972000.0,0.8302739299442565,549899322.6573898,2273143.3709708424,0.005234691036153283,2054794.5205479453,3515981.735159817,63698630.13698635,108995433.78995427,106486.4960566054,2264741.269551122,0,0,9997735258.73045,3320429322.6573896,270530000,27053,38512.99635220228,32604.508513860375,8526.45983834191,2617.9719999999998,50.52471581237501,339.0,10433.442724435321,2739.72602739726,25159174.07209694
32,1,0,2217106578.942506,2651194000.0,0.8362671984556792,551940667.411819,2264736.1823537108,0.005169312819223223,2054794.5205479453,3515981.735159817,65753424.6575343,112511415.52511409,109431.50127866876,2374172.7708297907,0,0,9997625827.22917,3325890667.411819,273950000,27395,39067.779359359,33256.59868413759,8462.374675221412,2651.194,50.6254454428116,342.0,10642.111578924028,2739.72602739726,25167076.457648467
33,1,0,2261448710.521356,2684710000.0,0.8423437579929884,553949002.1499989,2256525.411452092,0.0051535049571218286,2054794.5205479453,3515981.735159817,67808219.17808224,116027397.2602739,112441.51752792562,2486614.2883577165,0,0,9997513385.711643,3331349002.1499987,277400000,27740,39637.03079825575,33921.73065782034,8400.010140435403,2684.71,50.73667345648584,345.0,10854.95381050251,2739.72602739726,25175191.685431574
34,1,0,2306677684.7317834,2718520000.0,0.8485049529640332,555924260.8183782,2248507.734056925,0.0051084571830252975,2054794.5205479453,3515981.735159817,69863013.69863018,119543378.99543372,115517.58732856905,2602131.8756862856,0,0,9997397868.124313,3336804260.8183784,280880000,28088,40220.969712094506,34600.16527097675,8339.324441117753,2718.52,50.85826069132147,348.0,11072.052886712561,2739.72602739726,25183524.01229089
35,1,0,2352811238.4264193,2752624000.0,0.8547521341187243,557866376.3146787,2240679.9424938075,0.005140683056580094,2054794.5205479453,3515981.735159817,71917808.21917813,123059360.73059353,118660.75940742536,2720792.635093711,0,0,9997279207.364906,3342256376.3146787,284390000,28439,40819.821993876496,35292.16857639629,8280.2774174802,2752.624,50.990076353805655,351.0,11293.493944446813,2739.72602739726,25192077.780207943
36,1,0,2399867463.1949477,2787022000.0,0.8610866592351792,559765280.4820505,2233078.834263437,0.005108754694592293,2054794.5205479453,3515981.735159817,73972602.73972607,126575342.46575335,121872.08833600367,2842664.7234297143,0,0,9997157335.27657,3347705280.4820504,287940000,28794,41433.820424703714,35998.01194792421,8222.830476779496,2787.022,51.13199770801123,355.0,11519.363823335749,2739.72602739726,25200857.418003883
37,1,0,2447864812.4588466,2821812000.0,0.8674797656466294,561620908.5305457,2225700.6123054945,0.00507777098099479,2054794.5205479453,3515981.735159817,76027397.26027401,130091324.20091316,125148.2072126754,2967812.9306423897,0,0,9997032187.069357,3353150908.5305457,291530000,29153,42063.39798552292,36717.972186882704,8167.237798640215,2821.812,51.28229442968281,359.0,11749.751099802465,2739.72602739726,25209867.44307629
38,1,0,2496822108.7080235,2856994000.0,0.8739332699711737,563423194.9133148,2218581.0085300477,0.005068866175853653,2054794.5205479453,3515981.735159817,78082191.78082195,133607305.93607298,128489.87293874969,3096302.8035811395,0,0,9996903697.196419,3358593194.913315,295170000,29517,42708.79257961075,37452.331630620356,8113.454948990397,2856.9939999999997,51.440890473654754,364.0,11984.746121798513,2739.72602739726,25219112.463170692
39,1,0,2546758550.882184,2892666000.0,0.8804191534322262,565182077.9694533,2211676.6414301675,0.004993355389644382,2054794.5205479453,3515981.735159817,80136986.30136989,137123287.6712328,131893.1995692852,3228196.003150425,0,0,9996771803.99685,3364032077.9694533,298850000,29885,43370.43736111557,38201.378263232764,8061.7250978828,2892.6659999999997,51.60612112405348,368.0,12224.441044234483,2739.72602739726,25228597.17818753
40,1,0,2597693721.899828,2928730000.0,0.8869693423087236,566887490.8735015,2205023.077990154,0.004996874252173246,2054794.5205479453,3515981.735159817,82191780.82191783,140639269.4063926,135363.35165963077,3363559.354810056,0,0,9996636440.64519,3369467490.873502,302580000,30258,44048.392387199616,38965.40582849742,8011.716558702198,2928.73,51.779535662503825,373.0,12468.929865119175,2739.72602739726,25238326.382025253
41,1,0,2649647596.3378243,2965284000.0,0.8935560965957474,568539370.9253749,2198616.4264498684,0.004972017548125379,2054794.5205479453,3515981.735159817,84246575.34246577,144155251.14155242,138896.2038345628,3502455.558644619,0,0,9996497544.441355,3374899370.925375,306360000,30636,44743.10122535875,39744.71394506737,7963.671280291377,2965.2839999999997,51.95949961396418,378.0,12718.308462421557,2739.72602739726,25248304.96446028
42,1,0,2702640548.2645807,3002328000.0,0.9001816418008228,570137655.0397297,2192452.9785932107,0.004968968643484997,2054794.5205479453,3515981.735159817,86301369.86301371,147671232.87671223,142492.14135295636,3644947.699997575,0,0,9996355052.300003,3380327655.0397296,310190000,31019,45454.825231330076,40539.60822396871,7917.545007361371,3002.328,52.14598689012481,383.0,12972.674631669988,2739.72602739726,25258537.913064554
43,1,0,2756693359.229872,3039862000.0,0.9068481921974985,571672279.7686504,2186567.451732775,0.004927517248219928,2054794.5205479453,3515981.735159817,88356164.38356166,151187214.61187205,146151.52678712286,3791099.2267846977,0,0,9996208900.773216,3385752279.7686505,314080000,31408,46183.83411339939,41350.400388448084,7873.2957249513065,3039.862,52.338975171199294,389.0,13232.128124303386,2739.72602739726,25269030.315161463
44,1,0,2811827226.4144697,3077984000.0,0.9135288638324532,573143186.5174105,2180955.8752593365,0.004889584659787325,2054794.5205479453,3515981.735159817,90410958.9041096,154703196.34703186,149869.5069477195,3940968.733732417,0,0,9996059031.266268,3391173186.5174103,318030000,31803,46930.58143930307,42177.40839621705,7831.1570430860165,3077.984,52.53690206002505,395.0,13496.770686789456,2739.72602739726,25279787.359820858
45,1,0,2868063770.942759,3116694000.0,0.9202262945745585,574560316.7268143,2175576.634183632,0.004899542222313179,2054794.5205479453,3515981.735159817,92465753.42465754,158219178.08219168,153646.04630409903,4094614.7800365165,0,0,9995905385.219963,3396590316.7268143,322030000,32203,47695.34725110936,43020.95656414139,7791.084686967972,3116.694,52.739781632644544,400.0,13766.706100525244,2739.72602739726,25290814.339893986
46,1,0,2925425046.361614,3155894000.0,0.9269718965090761,575903606.4826937,2170502.122107422,0.004830350408033033,2054794.5205479453,3515981.735159817,94520547.94520548,161735159.8173515,157486.4998284849,4252101.279865001,0,0,9995747898.720135,3402003606.4826937,326100000,32610,48478.24928641252,43881.37569542421,7752.76759098831,3155.894,52.94915469594611,407.0,14042.040222535748,2739.72602739726,25302116.654089127
47,1,0,2983933547.2888465,3195780000.0,0.9337105643344806,577183002.7226986,2165690.9404876456,0.004841441951192721,2054794.5205479453,3515981.735159817,96575342.46575342,165251141.5525113,161380.01570292842,4413481.29556793,0,0,9995586518.704432,3407413002.7226987,330230000,33023,49279.93060488625,44759.0032093327,7716.707395553547,3195.7799999999997,53.161983363664476,413.0,14322.881026986463,2739.72602739726,25313699.80908872
48,1,0,3043612218.2346234,3236254000.0,0.9404738374165388,578398447.2262805,2161139.9650092437,0.00483884703905806,2054794.5205479453,3515981.735159817,98630136.98630136,168767123.28767112,165331.75212603304,4578813.047693963,0,0,9995421186.952307,3412818447.22628,334420000,33442,50100.525089768504,45654.18327351935,7682.595816249152,3236.254,53.379823389410305,419.0,14609.338647526192,2739.72602739726,25325569.42170885
49,1,0,3104484462.599316,3277316000.0,0.9472643048760987,579539881.9690588,2156883.4844514485,0.004823368495791389,2054794.5205479453,3515981.735159817,100684931.5068493,172283105.02283093,169341.51292950267,4748154.560623466,0,0,9995251845.439377,3418219881.969059,338680000,33868,50940.349349849224,46567.26693898974,7650.398410859483,3277.316,53.60269922666004,426.0,14901.525420476717,2739.72602739726,25337731.22110193
50,1,0,3166574151.8513026,3319064000.0,0.9540563700643623,580607255.0929332,2152918.3265199247,0.004771290961026745,2054794.5205479453,3515981.735159817,102739726.02739725,175799086.75799075,173403.1318334301,4921557.692456896,0,0,9995078442.307543,3423617255.092933,343010000,34301,51799.89375971516,47498.61227776954,7620.345481945615,3319.064,53.82915274645739,433.0,15199.555928886253,2739.72602739726,25350191.05100342
51,1,0,3229368245.6593637,3361498000.0,0.9606931926359509,581610544.9361755,2149204.499270516,0.0047627939339600885,2054794.5205479453,3515981.735159817,104794520.54794519,179315068.49315056,177486.41246555778,5099044.104922454,0,0,9994900955.895077,3429010544.9361753,347400000,34740,52671.42814778469,48440.52368489046,7592.402462894229,3361.498,54.05096973813457,439.0,15500.967579164946,2739.72602739726,25362952.292555187
52,1,0,3292525806.642512,3404520000.0,0.9671042633447628,582539744.8281868,2145776.3373187147,0.004759007548084203,2054794.5205479453,3515981.735159817,106849315.06849313,182831050.22831038,181576.3636966181,5280620.468619072,0,0,9994719379.531382,3434399744.828187,351860000,35186,53549.64409108731,49387.88709963768,7566.276991449634,3404.52,54.26442503112337,446.0,15804.123871884058,2739.72602739726,25376016.690399677
53,1,0,3356067648.3333626,3448228000.0,0.9732731270476785,583404855.4781185,2142594.4406574946,0.00471548934679483,2054794.5205479453,3515981.735159817,108904109.58904107,186347031.9634702,185665.60577609396,5466286.074395166,0,0,9994533713.925606,3439784855.4781184,356380000,35638,54434.987624030226,50341.01472500044,7542.200899029793,3448.228,54.46854111079959,452.0,16109.12471200014,2739.72602739726,25389386.089084283
54,1,0,3420017338.9909067,3492524000.0,0.9792394666410043,584205872.4651067,2139656.6842533164,0.004666771361429985,2054794.5205479453,3515981.735159817,110958904.10958901,189863013.69863,189759.26871967898,5656045.3431148445,0,0,9994343954.656885,3445165872.465107,360960000,36096,55327.624631289546,51300.26008486361,7519.8885464259365,3492.524,54.665296254987005,458.0,16416.083227156352,2739.72602739726,25403062.446284045
55,1,0,3484393888.6986513,3537408000.0,0.9850132890236725,584942792.5637571,2136961.111224838,0.004663168403315071,2054794.5205479453,3515981.735159817,113013698.63013695,193378995.43378982,193856.15705756922,5849901.500172414,0,0,9994150098.499828,3450542792.563757,365600000,36560,56227.81774718969,52265.90833047977,7499.317416709928,3537.408,54.85511128044632,464.0,16725.090665753527,2739.72602739726,25417047.810922403
56,1,0,3549215566.8541684,3582880000.0,0.9906040857785269,585615613.802928,2134505.929380254,0.004628027146693164,2054794.5205479453,3515981.735159817,115068493.1506849,196894977.16894963,197955.01653698654,6047856.5167094,0,0,9993952143.48329,3455915613.802928,370300000,37030,57135.8203370624,53238.23350281253,7480.4668342498735,3582.8799999999997,55.03838360401622,470.0,17036.23472090001,2739.72602739726,25431344.319615908
57,1,0,3614499957.3876214,3628940000.0,0.9960208648772427,586234335.5229815,2132253.1354034008,0.00458206449360351,2054794.5205479453,3515981.735159817,117123287.67123283,200410958.90410945,202054.53565424876,6249911.052363649,0,0,9993750088.947636,3461284335.5229816,375050000,37505,58051.87727787616,54217.49936081433,7463.317917061839,3628.94,55.21548874731241,475.0,17349.599795460585,2739.72602739726,25445954.193383973
58,1,0,3680264008.4329505,3675490000.0,1.0,586809218.8021673,2130164.216832836,0.0045616354868841065,2054794.5205479453,3515981.735159817,119178082.19178078,203926940.63926926,205892.9765221412,6455804.02888579,0,0,9993544195.971115,3466649218.8021674,379840000,37984,58904.459888041274,55132.350000000006,7447.599888041265,3675.49,55.32092467322459,479.0,17642.352,2739.72602739726,25460856.81935658
59,1,0,3746692773.785165,3722432000.0,1.0,587421068.1751057,2127945.4682878205,0.004581397737168843,2054794.5205479453,3515981.735159817,121232876.71232872,207442922.37442908,208926.88276945523,6664730.911655245,0,0,9993335269.088345,3472011068.1751056,384590000,38459,59547.08799155516,55836.479999999996,7433.039991555166,3722.432,55.222994283232,475.0,17867.6736,2739.72602739726,25475984.766929183
60,1,0,3814320578.351987,3768982000.0,1.0,588059868.665148,2125633.91349492,0.004521301006609191,2054794.5205479453,3515981.735159817,123287671.23287666,210958904.1095889,211975.7656655621,6876706.677320807,0,0,9993123293.32268,3477369868.665148,389310000,38931,60183.33871909643,56534.729999999996,7417.590719096434,3768.982,55.12770636923453,472.0,18091.1136,2739.72602739726,25491336.15450179
61,1,0,3883169064.7912397,3815238000.0,1.0,588715606.0882921,2123266.288634006,0.004530010681153033,2054794.5205479453,3515981.735159817,125342465.7534246,214474885.8447487,215038.8325637922,7091745.5098846,0,0,9992908254.490116,3482725606.088292,394010000,39401,60814.84426638105,57228.57000000001,7401.5122663810425,3815.238,55.034937060680676,470.0,18313.1424,2739.72602739726,25506909.570874393
62,1,0,3953260266.4107213,3861298000.0,1.0,589398267.3927743,2120807.048737062,0.00451528724817467,2054794.5205479453,3515981.735159817,127397260.27397254,217990867.57990852,218114.95122564162,7309860.461110241,0,0,9992690139.538889,3488078267.3927746,398680000,39868,61443.233829524645,57919.47,7385.061829524644,3861.298,54.94457478559147,467.0,18534.2304,2739.72602739726,25522704.075246997
63,1,0,4024616614.2194343,3907064000.0,1.0,590107837.2172542,2118256.9035086506,0.00445318853441934,2054794.5205479453,3515981.735159817,129452054.79452048,221506849.31506833,221206.43122804145,7531066.892338282,0,0,9992468933.107662,3493427837.217254,403320000,40332,62066.8901545776,58605.96000000001,7367.994154577587,3907.064,54.85653294245017,464.0,18753.9072,2739.72602739726,25538718.256419603
64,1,0,4097260944.106095,3952536000.0,1.0,590844299.5346879,2115616.5862722714,0.004396353612155236,2054794.5205479453,3515981.735159817,131506849.31506842,225022831.05022815,224313.93827417598,7755380.830612458,0,0,9992244619.169388,3498774299.534688,407930000,40793,62685.820357634795,59288.04,7350.31635763479,3952.5359999999996,54.770719508618846,461.0,18972.1728,2739.72602739726,25554950.703192208
65,1,0,4171216504.1472096,3997714000.0,1.0,591597637.6567527,2112922.568371145,0.00437525020896268,2054794.5205479453,3515981.735159817,133561643.83561637,228538812.78538796,227438.1336430069,7982818.964255465,0,0,9992017181.035744,3504117637.6567526,412520000,41252,63300.03177580037,59965.71000000001,7332.035775800361,3997.714,54.687047643503014,459.0,19189.027200000004,2739.72602739726,25571400.00436481
66,1,0,4246506962.047066,4042696000.0,1.0,592377836.3716147,2110139.717002932,0.004365245007733212,2054794.5205479453,3515981.735159817,135616438.3561643,232054794.52054778,230577.54084582085,8213396.505101286,0,0,9991786603.494898,3509457836.3716145,417080000,41708,63911.15076885234,60640.44000000001,7313.406768852331,4042.696,54.605431395428496,456.0,19404.940800000004,2739.72602739726,25588065.219137415
67,1,0,4323156412.712015,4087384000.0,1.0,593174877.8413216,2107304.349349724,0.0043037855699572004,2054794.5205479453,3515981.735159817,137671232.87671226,235570776.2557076,233734.78600092622,8447131.291102212,0,0,9991552868.708899,3514794877.8413215,421620000,42162,64517.564277619655,61310.76000000001,7294.188277619643,4087.384,54.52579893043974,454.0,19619.4432,2739.72602739726,25604944.93631002
68,1,0,4401189385.961467,4131876000.0,1.0,593998745.872781,2104381.547411088,0.004288981161733307,2054794.5205479453,3515981.735159817,139726027.39726022,239086757.9908674,236908.2242483616,8684039.515350573,0,0,9991315960.48465,3520128745.872781,426130000,42613,65120.89702188705,61978.14,7274.63302188705,4131.876,54.4480744992693,451.0,19833.0048,2739.72602739726,25622038.215082623
69,1,0,4480630854.378071,4176074000.0,1.0,594839421.4901292,2101407.463662445,0.004248303599467072,2054794.5205479453,3515981.735159817,141780821.91780818,242602739.72602722,240100.63835966028,8924140.153710233,0,0,9991075859.84629,3525459421.4901295,430620000,43062,65719.53812057982,62641.11000000001,7254.502120579811,4176.074,54.372192182999626,449.0,20045.1552,2739.72602739726,25639343.64425523
70,1,0,4561506241.299595,4220076000.0,1.0,595696887.5290172,2098382.6274216007,0.0041966608837752115,2054794.5205479453,3515981.735159817,143835616.43835613,246118721.46118703,243310.21681988478,9167450.370530117,0,0,9990832549.62947,3530786887.5290174,435090000,43509,66315.11054618887,63301.14,7234.046546188861,4220.076,54.298085119773155,447.0,20256.3648,2739.72602739726,25656860.28302783
71,1,0,4643841428.955052,4263882000.0,1.0,596571126.4218165,2095307.5746347369,0.004152817708639196,2054794.5205479453,3515981.735159817,145890410.9589041,249634703.19634685,246537.36290859646,9413987.733438713,0,0,9990586012.266562,3536111126.4218163,439540000,43954,66907.61942075928,63958.23000000001,7213.271420759262,4263.882,54.225692541732165,445.0,20466.6336,2739.72602739726,25674587.190600436
72,1,0,4727662766.74769,4307492000.0,1.0,597472120.1991411,2092147.830401487,0.004072121240173666,2054794.5205479453,3515981.735159817,147945205.47945204,253150684.93150666,249782.47838320123,9663770.211821916,0,0,9990336229.788177,3541432120.199141,443960000,44396,67497.06991628656,64612.380000000005,7192.18191628656,4307.492,54.15495658864828,442.0,20675.961600000002,2739.72602739726,25692523.42617304
73,1,0,4812997079.687486,4350808000.0,1.0,598389847.7980216,2088939.1833765376,0.004053913709164797,2054794.5205479453,3515981.735159817,150000000.0,256666666.66666648,253048.6568274991,9916818.868649414,0,0,9990083181.131351,3546749847.7980213,448360000,44836,68081.85562787903,65262.12,7170.54362787904,4350.808,54.08582102884437,440.0,20883.8784,2739.72602739726,25710667.578545645
74,1,0,4899871676.975844,4393928000.0,1.0,599324290.2947366,2085682.192833004,0.0040517860263585715,2054794.5205479453,3515981.735159817,152054794.52054796,260182648.4018263,256333.75899285005,10173152.627642265,0,0,9989826847.372358,3552064290.294737,452740000,45274,68663.59569339875,65908.92000000001,7148.603693398735,4393.928,54.018233416088044,438.0,21090.854400000004,2739.72602739726,25729018.70691825
75,1,0,4988314360.745258,4436852000.0,1.0,600275428.3692157,2082377.4236368772,0.004002617031479749,2054794.5205479453,3515981.735159817,154109589.0410959,263698630.1369861,259638.1812287238,10432790.808870988,0,0,9989567209.19113,3557375428.369216,457100000,45710,69242.29546047466,66552.78,7126.3674604746675,4436.852,53.952143741677595,436.0,21296.889600000002,2739.72602739726,25747575.870490856
76,1,0,5078353434.95671,4479580000.0,1.0,601243242.3065071,2079025.4460153657,0.0038954553976792627,2054794.5205479453,3515981.735159817,156164383.56164387,267214611.87214592,262962.31841645663,10695753.127287444,0,0,9989304246.872713,3562683242.306507,461440000,46144,69817.96031416087,67193.70000000001,7103.840314160865,4479.58,53.887504268553755,434.0,21501.984,2739.72602739726,25766338.128463462
77,1,0,5170017714.457678,4522112000.0,1.0,602227711.9982375,2075626.8353251552,0.003936186759882292,2054794.5205479453,3515981.735159817,158219178.08219182,270730593.60730577,266306.56397742935,10962059.691264873,0,0,9989037940.308735,3567987711.9982376,465760000,46576,70390.59567418213,67831.68000000001,7081.027674182121,4522.112,53.82426940157256,432.0,21706.137600000002,2739.72602739726,25785304.540036067
78,1,0,5263336534.203638,4564448000.0,1.0,603218816.9440651,2072216.5239018402,0.0038573609606423072,2054794.5205479453,3515981.735159817,160273972.60273978,274246575.3424656,269671.30988027446,11231731.001145149,0,0,9988768268.998856,3573288816.944065,470070000,47007,70960.20699219196,68466.72,7057.934992191958,4564.447999999999,53.76239556650294,431.0,21909.3504,2739.72602739726,25804474.164408673
79,1,0,5358339758.646013,4606686000.0,1.0,604226539.4151953,2068760.5036512166,0.003798834216024506,2054794.5205479453,3515981.735159817,162328767.12328774,277762557.0776254,273053.78457761876,11504784.785722768,0,0,9988495215.214277,3578586539.4151955,474360000,47436,71528.40458943782,69100.29000000001,7034.800589437809,4606.686,53.70184471434427,429.0,22112.0928,2739.72602739726,25823846.531181276
80,1,0,5455057791.289574,4648728000.0,1.0,605250858.2837474,2065259.3596389408,0.0037936703284650757,2054794.5205479453,3515981.735159817,164383561.6438357,281278538.8127852,276457.3871558067,11781242.172878575,0,0,9988218757.827122,3583880858.2837477,478630000,47863,72093.58672599871,69730.92000000001,7011.3947259987,4648.728,53.64257393264518,427.0,22313.8944,2739.72602739726,25843420.69955388
81,1,0,5553521584.42235,4690574000.0,1.0,606291752.0333272,2061713.681256381,0.003729753844647295,2054794.5205479453,3515981.735159817,166438356.16438365,284794520.547945,279882.50612812274,12061124.679006698,0,0,9987938875.320993,3589171752.033327,482880000,48288,72655.75889719489,70358.61000000002,6987.722897194871,4690.574,53.584544976052605,425.0,22514.755200000003,2739.72602739726,25863195.728726484
82,1,0,5653762649.021173,4732224000.0,1.0,607339198.7604684,2058157.9495464216,0.0036690236595002413,2054794.5205479453,3515981.735159817,168493150.6849316,288310502.28310484,283329.52856674313,12344454.20757344,0,0,9987655545.792427,3594459198.7604685,487120000,48712,73214.92662095847,70983.36000000002,6963.790620958459,4732.224,53.52772121761426,424.0,22714.6752,2739.72602739726,25883170.67789909
83,1,0,5755813064.836004,4773776000.0,1.0,608403179.6474319,2054558.6246350396,0.003639152426279061,2054794.5205479453,3515981.735159817,170547945.20547956,291826484.01826465,286795.3687444159,12631249.576317856,0,0,9987368750.423681,3599743179.647432,491340000,49134,73772.69557658066,71606.64,6939.831576580663,4773.776,53.47207223237116,422.0,22914.1248,2739.72602739726,25903345.076671693
84,1,0,5859705490.656294,4815132000.0,1.0,609483672.1713624,2050916.3035438345,0.0035817673468284726,2054794.5205479453,3515981.735159817,172602739.72602752,295342465.75342447,290283.73177735903,12921533.308095215,0,0,9987078466.691904,3605023672.1713624,495540000,49554,74327.46870230722,72226.98000000001,6915.620702307211,4815.132,53.41756006879632,420.0,23112.6336,2739.72602739726,25923717.9842443
85,1,0,5965473174.762639,4856292000.0,1.0,610570653.4257925,2047265.1166355726,0.003529378398618936,2054794.5205479453,3515981.735159817,174657534.24657547,298858447.4885843,293795.0012777636,13215328.309372978,0,0,9986784671.690626,3610300653.4257927,499730000,49973,74879.25153615644,72844.38,6891.163536156448,4856.2919999999995,53.36415238848129,419.0,23310.2016,2739.72602739726,25944288.459816903
86,1,0,6073149965.567104,4897354000.0,1.0,611674103.8240031,2043571.8827810234,0.0034951908217342397,2054794.5205479453,3515981.735159817,176712328.76712343,302374429.2237441,297325.85749726306,13512654.166870242,0,0,9986487345.83313,3615574103.824003,503900000,50390,75429.64617402651,73460.31,6866.690174026509,4897.353999999999,53.31182337336984,417.0,23507.2992,2739.72602739726,25965056.032989506
87,1,0,6182770322.44559,4938220000.0,1.0,612783999.8460058,2039870.493214806,0.0034230246775772406,2054794.5205479453,3515981.735159817,178767123.2876714,305890410.9589039,300880.23370516754,13813534.400575409,0,0,9986186465.599424,3620843999.846006,508060000,50806,75977.059118811,74073.3,6841.979118810996,4938.219999999999,53.260538262131284,416.0,23703.456000000002,2739.72602739726,25986019.76296211
88,1,0,6294369326.765733,4978988000.0,1.0,613910321.4468551,2036128.0081658042,0.0034087242271256418,2054794.5205479453,3515981.735159817,180821917.80821934,309406392.6940637,304454.65485855646,14117989.055433964,0,0,9985882010.944567,3626110321.446855,512200000,51220,76523.09003656158,74684.82,6817.258036561575,4978.987999999999,53.210273863150015,414.0,23899.1424,2739.72602739726,26007179.179334715
89,1,0,6407982693.113853,5019560000.0,1.0,615043044.4965998,2032378.0769248651,0.0033340975986880027,2054794.5205479453,3515981.735159817,182876712.3287673,312922374.42922354,308053.2059631341,14426042.2613971,0,0,9985573957.738604,3631373044.4965997,516330000,51633,77066.14782045572,75293.40000000001,6792.307820455704,5019.5599999999995,53.16099732394206,413.0,24093.888000000003,2739.72602739726,26028533.34130732
90,1,0,6523646780.724558,5060034000.0,1.0,616192148.495333,2028588.003031787,0.00331133193266991,2054794.5205479453,3515981.735159817,184931506.84931526,316438356.16438335,311672.25697465584,14737714.518371755,0,0,9985262285.481628,3636632148.4953327,520440000,52044,77607.829687056,75900.51000000001,6767.353687055997,5060.034,53.11268778945723,411.0,24288.163200000003,2739.72602739726,26050081.778479923
91,1,0,6641398605.116635,5100312000.0,1.0,617347608.7067586,2024791.1911711425,0.0032374002008917773,2054794.5205479453,3515981.735159817,186986301.3698632,319954337.89954317,315316.04428223683,15053030.562653992,0,0,9984946969.437346,3641887608.7067585,524540000,52454,78146.54693055064,76504.68000000001,6742.17893055064,5100.312,53.06531417986833,410.0,24481.4976,2739.72602739726,26071823.550052527
92,1,0,6761275849.93899,5140492000.0,1.0,618509404.1793505,2020987.864620324,0.0032047315258402318,2054794.5205479453,3515981.735159817,189041095.89041117,323470319.634703,318980.7831159829,15372011.345769975,0,0,9984627988.65423,3647139404.1793504,528630000,52863,78683.89430025712,77107.38,6717.006300257106,5140.492,53.01885771928547,409.0,24674.3616,2739.72602739726,26093758.185625132
93,1,0,6883316879.030388,5180574000.0,1.0,619687513.8112452,2017145.693822646,0.0031560536033491604,2054794.5205479453,3515981.735159817,191095890.41095912,326986301.3698628,322666.6238131337,15694677.969583109,0,0,9984305322.030416,3652387513.811245,532700000,53270,79219.87352304083,77708.61000000002,6691.837523040811,5180.574,52.973294848686606,407.0,24866.755200000003,2739.72602739726,26115885.214797735
94,1,0,7007560748.696886,5220460000.0,1.0,620871912.0373948,2013297.712080633,0.0031138325051842095,2054794.5205479453,3515981.735159817,193150684.93150708,330502283.1050226,326378.0295582698,16021055.999141378,0,0,9983978944.000858,3657631912.0373945,536760000,53676,79752.8995014206,78306.90000000001,6666.459501420595,5220.46,52.928596904018235,406.0,25058.208000000002,2739.72602739726,26138203.69677034
95,1,0,7134047220.210864,5260248000.0,1.0,622062577.3091075,2009444.1388955002,0.0030680760410728837,2054794.5205479453,3515981.735159817,195205479.45205504,334018264.8401824,330110.98399509717,16351166.983136475,0,0,9983648833.016863,3662872577.309108,540810000,54081,80284.56326075847,78903.72,6641.091260758454,5260.248,52.88474779237892,405.0,25249.1904,2739.72602739726,26160713.161142945
96,1,0,7262816772.535669,5299938000.0,1.0,623269487.9295177,2005553.0139177474,0.0030302946725380385,2054794.5205479453,3515981.735159817,197260273.972603,337534246.57534224,333865.63529760257,16685032.618434077,0,0,9983314967.381565,3668109487.9295177,544840000,54484,80814.86646328717,79499.07,6615.734463287159,5299.938,52.84172629793167,403.0,25439.702400000002,2739.72602739726,26183413.13751555
97,1,0,7393910615.279938,5339432000.0,1.0,624482617.512183,2001656.9956418837,0.0029746078521119025,2054794.5205479453,3515981.735159817,199315068.49315095,341050228.31050205,337646.6730427024,17022679.29147678,0,0,9982977320.708523,3673342617.512183,548860000,54886,81342.2276225156,80091.48000000001,6590.179622515587,5339.432,52.79950594405385,402.0,25629.273600000004,2739.72602739726,26206302.685088154
98,1,0,7527370701.88574,5378828000.0,1.0,625701943.9184043,1997756.2993843348,0.002938989473982732,2054794.5205479453,3515981.735159817,201369863.0136989,344566210.04566187,341449.84948650305,17364129.140963282,0,0,9982635870.859037,3678571943.9184046,552870000,55287,81868.23402722909,80682.42000000001,6564.642027229074,5378.8279999999995,52.75807289679897,401.0,25818.3744,2739.72602739726,26229381.33346076
99,1,0,7663239743.054777,5418126000.0,1.0,626927444.8635819,1993851.1389815027,0.0028809794829924317,2054794.5205479453,3515981.735159817,203424657.53424686,348082191.7808217,345275.3105303072,17709404.45149359,0,0,9982290595.548506,3683797444.8635817,556870000,55687,82392.88727181537,81271.89,6539.123271815377,5418.126,52.71740798929883,400.0,26007.0048,2739.72602739726,26252648.612233363
100,1,0,7801561220.416915,5457326000.0,1.0,628159097.9179435,1989941.7267746138,0.00285054453463979,2054794.5205479453,3515981.735159817,205479452.05479482,351598173.5159815,349123.2013462743,18058527.652839866,0,0,9981941472.34716,3689019097.9179435,560860000,56086,82916.18893029854,81859.89,6513.624930298539,5457.326,52.677492672652235,399.0,26195.1648,2739.72602739726,26276104.051005967
101,1,0,7942379400.445439,5496428000.0,1.0,629396880.5072851,1986028.2735950868,0.0028148946785989926,2054794.5205479453,3515981.735159817,207534246.57534277,355114155.2511413,352993.66636624857,18411521.319206115,0,0,9981588478.680794,3694236880.507285,564840000,56484,83438.1405563019,82446.42000000001,6488.14855630189,5496.428,52.63830899072097,398.0,26382.8544,2739.72602739726,26299747.179378573
102,1,0,8085739348.623479,5535432000.0,1.0,630650769.9137225,1982079.5591370254,0.0027707055856744474,2054794.5205479453,3515981.735159817,209589041.09589073,358630136.9863011,356886.8492705012,18768408.168476615,0,0,9981231591.831524,3699450769.9137225,568800000,56880,83958.74368301741,83031.48000000001,6462.695683017395,5535.432,52.59983955615722,396.0,26570.073600000003,2739.72602739726,26323577.52695118
103,1,0,8231686943.866132,5574240000.0,1.0,631910738.2770708,1978127.4858664225,0.0027155576639909646,2054794.5205479453,3515981.735159817,211643835.6164387,362146118.72146094,360807.89235959074,19129216.060836207,0,0,9980870783.939163,3704660738.277071,572750000,57275,84476.4240094599,83613.6,6437.0640094598875,5574.24,52.56206168098658,395.0,26756.352,2739.72602739726,26347594.152923785
104,1,0,8380268893.202914,5612950000.0,1.0,633176762.4474912,1974172.2598413876,0.0026990800294384165,2054794.5205479453,3515981.735159817,213698630.13698664,365662100.45662075,364752.0852874225,19493968.14612363,0,0,9980506031.853876,3709866762.447491,576690000,57669,84992.76136283907,84194.25000000001,6411.461362839054,5612.95,52.52496501785835,394.0,26942.160000000003,2739.72602739726,26371796.58689639
105,1,0,8531532746.725226,5651562000.0,1.0,634448819.1339633,1970214.0855211846,0.0026493629865930036,2054794.5205479453,3515981.735159817,215753424.6575346,369178082.19178057,368719.5692356282,19862687.715359256,0,0,9980137312.284641,3715068819.1339636,580620000,58062,85507.75720472026,84773.43000000001,6385.88920472025,5651.562,52.488533768457145,393.0,27127.4976,2739.72602739726,26396184.358468994
106,1,0,8685526912.803616,5690076000.0,1.0,635726884.9050877,1966253.1657547234,0.0025923641844366923,2054794.5205479453,3515981.735159817,217808219.17808256,372694063.9269404,372710.48458350287,20235398.19994276,0,0,9979764601.800056,3720266884.9050875,584540000,58454,86021.41297585474,85351.14,6360.3489758547385,5690.076,52.452752616915646,392.0,27312.3648,2739.72602739726,26420756.997241598
107,1,0,8842300673.57972,5728492000.0,1.0,637010936.1898993,1962289.701769547,0.0025708154316216847,2054794.5205479453,3515981.735159817,219863013.6986305,376210045.6621002,376724.97089621006,20612123.17083897,0,0,9979387876.82916,3725460936.1898994,588450000,58845,86533.73009618779,85927.38,6334.842096187779,5728.492,52.417606711135434,391.0,27496.7616,2739.72602739726,26445514.0328142
108,1,0,9001904200.737833,5766810000.0,1.0,638300949.2786943,1958323.8931613183,0.002543528585638781,2054794.5205479453,3515981.735159817,221917808.21917847,379726027.39726,380763.1669129138,20992886.337751884,0,0,9979007113.662249,3730650949.278694,592350000,59235,87044.70996487241,86502.15000000001,6309.369964872396,5766.8099999999995,52.38308164497612,390.0,27680.688000000002,2739.72602739726,26470454.994786806
109,1,0,9164388571.56115,5805030000.0,1.0,639596900.3238673,1954355.937883792,0.0024999249969700167,2054794.5205479453,3515981.735159817,223972602.73972642,383242009.1324198,384825.21053484076,21377711.548286725,0,0,9978622288.451714,3735836900.3238673,596240000,59624,87554.35396028872,87075.45000000001,6283.933960288712,5805.03,52.34916344126687,389.0,27864.144,2739.72602739726,26495579.412759412
110,1,0,9329805785.277828,5843152000.0,1.0,640898765.3407619,1950386.032239274,0.002457641111526937,2054794.5205479453,3515981.735159817,226027397.26027438,386757990.86757964,388911.23881327355,21766622.7871,0,0,9978233377.2129,3741018765.340762,600120000,60012,88062.66344006875,87647.28,6258.5354400687565,5843.152,52.315838535595596,388.0,28047.1296,2739.72602739726,26520886.816332016
111,1,0,9498208779.702091,5881176000.0,1.0,642206520.2085323,1946414.3708695578,0.0024144118572749563,2054794.5205479453,3515981.735159817,228082191.78082234,390273972.60273945,393021.3879374792,22159644.175037477,0,0,9977840355.824963,3746196520.2085323,603990000,60399,88569.6397411266,88217.64,6233.1757411266035,5881.1759999999995,52.28309376083517,387.0,28229.6448,2739.72602739726,26546376.73510462
112,1,0,9669651448.175713,5919102000.0,1.0,643520140.6710176,1942441.1467473365,0.00238013923982293,2054794.5205479453,3515981.735159817,230136986.3013703,393789954.33789927,397155.7932225739,22556799.96826005,0,0,9977443200.03174,3751370140.6710176,607850000,60785,89075.28417969376,88786.53,6207.856179693754,5919.102,52.250916332367524,386.0,28411.6896,2739.72602739726,26572048.698677223
113,1,0,9844188656.815283,5956930000.0,1.0,644829602.3376281,1938496.6128548295,0.0023571375860699383,2054794.5205479453,3515981.735159817,232191780.82191825,397305936.0730591,401314.5890973278,22958114.55735738,0,0,9977041885.442642,3756539602.3376284,611710000,61171,89579.59805135966,89353.95000000001,6182.578051359638,5956.929999999999,52.21929383396947,386.0,28593.264,2739.72602739726,26597902.236649826
114,1,0,10021876262.070797,5994758000.0,1.0,646144886.524552,1934550.634182759,0.0023484225177789536,2054794.5205479453,3515981.735159817,234246575.3424662,400821917.8082189,405492.0687839463,23363606.626141325,0,0,9976636393.37386,3761704886.524552,615560000,61556,90084.14530508625,89921.37,6157.533305086257,5994.758,52.188219333290306,385.0,28774.8384,2739.72602739726,26623937.34902243
115,1,0,10202771128.601173,6032488000.0,1.0,647465968.7214346,1930603.3990765905,0.0023249729380347304,2054794.5205479453,3515981.735159817,236301369.86301416,404337899.5433787,409694.0588252093,23773300.684966534,0,0,9976226699.315033,3766865968.7214346,619400000,61940,90587.36208152084,90487.32,6132.530081520835,6032.487999999999,52.15767577691489,384.0,28955.9424,2739.72602739726,26650153.565395035
116,1,0,10386931147.472424,6070120000.0,1.0,648792824.2860128,1926655.0942138215,0.0022585593874336557,2054794.5205479453,3515981.735159817,238356164.38356212,407853881.2785385,413920.69112962816,24187221.376096163,0,0,9975812778.623903,3772022824.2860126,623230000,62323,91089.24962714045,91051.8,6107.56962714045,6070.12,52.12765176930223,383.0,29136.576,2739.72602739726,26676550.41536764
117,1,0,10574415254.6843,6107654000.0,1.0,650125428.4450445,1922705.90459712,0.0022391859744741466,2054794.5205479453,3515981.735159817,240410958.90411007,411369863.01369834,418172.09667608404,24605393.472772248,0,0,9975394606.527227,3777175428.4450445,627050000,62705,91589.8091682418,91614.81000000001,6082.653168241781,6107.6539999999995,52.09813623359801,382.0,29316.739200000004,2739.72602739726,26703127.428540245
118,1,0,10765283450.03135,6145090000.0,1.0,651463756.2952509,1918756.0135479053,0.0022073755030241685,2054794.5205479453,3515981.735159817,242465753.42465803,414885844.74885815,422448.40550149267,25027841.87827374,0,0,9974972158.121727,3782323756.295251,630860000,63086,92089.0419109976,92176.35,6057.781910997592,6145.09,52.06911840029909,381.0,29496.432,2739.72602739726,26729884.13451285
119,1,0,10959596816.304415,6182428000.0,1.0,652797782.8042704,1914834.9349936591,0.002180034536849761,2054794.5205479453,3515981.735159817,244520547.945206,418401826.48401797,426749.7466884243,25454591.624962166,0,0,9974545408.375038,3787467782.8042703,634670000,63467,92586.94904151777,92736.42000000001,6032.957041517759,6182.428,52.04058779640482,381.0,29675.654400000003,2739.72602739726,26756820.062885452
120,1,0,11157417538.838709,6219766000.0,1.0,654137489.1147412,1910913.2572292606,0.002161750071696505,2054794.5205479453,3515981.735159817,246575342.46575394,421917808.2191778,431069.945237084,25885661.57019925,0,0,9974114338.4298,3792607489.1147413,638470000,63847,93085.0875132845,93296.49,6008.363513284495,6219.766,52.01253883185528,380.0,29854.876800000002,2739.72602739726,26783935.213658057
121,1,0,11358808925.414747,6257006000.0,1.0,655482850.0855045,1906991.1590165386,0.0021298999045668197,2054794.5205479453,3515981.735159817,248630136.9863019,425433789.9543376,435415.28494450764,26321076.85514376,0,0,9973678923.144855,3797742850.0855045,642260000,64226,93581.90031134737,93855.09000000001,5983.816311347351,6257.005999999999,51.98495677489823,379.0,30033.628800000002,2739.72602739726,26811229.116430663
122,1,0,11563835426.518482,6294148000.0,1.0,656833840.4490176,1903068.81744325,0.0021244837290210917,2054794.5205479453,3515981.735159817,250684931.50684986,428949771.6894974,439785.89219470497,26760862.747338463,0,0,9973239137.25266,3802873840.4490175,646040000,64604,94077.38857514181,94412.22,5959.316575141818,6294.148,51.957831978542714,378.0,30211.9104,2739.72602739726,26838701.300803266
123,1,0,11772562655.96714,6331192000.0,1.0,658190434.8123515,1899146.4079182378,0.002100195326445432,2054794.5205479453,3515981.735159817,252739726.0273978,432465753.4246572,444181.89237399003,27205044.639712453,0,0,9972794955.360287,3808000434.812351,649810000,64981,94571.55342454732,94967.88,5934.865424547309,6331.192,51.93115505388045,377.0,30389.7216,2739.72602739726,26866351.29637587
124,1,0,11985057411.907347,6368138000.0,1.0,659542607.6582007,1895252.839597918,0.0020599480414930575,2054794.5205479453,3515981.735159817,254794520.54794577,435981735.15981704,448603.40985853126,27653648.049570985,0,0,9972346351.95043,3813122607.6582007,653580000,65358,95064.39595996164,95522.07,5910.463959961637,6368.138,51.90491686129385,377.0,30567.062400000003,2739.72602739726,26894178.632748473
125,1,0,12201387698.192272,6405084000.0,1.0,660900340.0372117,1891359.293187291,0.0020537991072431647,2054794.5205479453,3515981.735159817,256849315.06849372,439497716.89497685,453043.87669693393,28106691.92626792,0,0,9971893308.073732,3818240340.0372114,657340000,65734,95557.46747731534,96076.26000000001,5886.291477315337,6405.084,51.87911261937821,376.0,30744.4032,2739.72602739726,26922183.30992108
126,1,0,12421622746.144642,6441932000.0,1.0,662263606.3329331,1887465.9396150198,0.0020307219269923827,2054794.5205479453,3515981.735159817,258904109.58904168,443013698.63013667,457509.95998646494,28564201.88625438,0,0,9971435798.113745,3823353606.332933,661090000,66109,96049.21650801098,96628.98000000001,5862.16850801098,6441.932,51.85372931299133,375.0,30921.2736,2739.72602739726,26950364.857493684
127,1,0,12645833036.712551,6478682000.0,1.0,663622380.8073796,1883601.33134636,0.0020014414546049093,2054794.5205479453,3515981.735159817,260958904.10958964,446529680.3652965,462001.7812613571,29026203.66751574,0,0,9970973796.332485,3828462380.8073797,664840000,66484,96539.64410791922,97180.23000000001,5838.09610791921,6478.682,51.828758500095674,375.0,31097.673600000002,2739.72602739726,26978722.805066288
128,1,0,12874090323.025211,6515432000.0,1.0,664986644.5276344,1879736.999662519,0.0019875773467141282,2054794.5205479453,3515981.735159817,263013698.6301376,450045662.1004563,466512.5354530969,29492716.202968836,0,0,9970507283.797031,3833566644.5276346,668580000,66858,97030.29826724203,97731.48000000001,5814.250267242019,6515.432,51.80419577893532,374.0,31274.073600000003,2739.72602739726,27007257.152638894
129,1,0,13106467653.355816,6552084000.0,1.0,666356371.6625237,1875873.1110821948,0.0019738832567541497,2054794.5205479453,3515981.735159817,265068493.15068555,453561643.8356161,471049.1208184944,29963765.32378733,0,0,9970036234.676212,3838666371.6625237,672310000,67231,97519.63077667661,98281.26000000001,5790.454776676597,6552.084,51.780029080966585,373.0,31450.0032,2739.72602739726,27035967.429811496
130,1,0,13343039394.498886,6588638000.0,1.0,667721536.2622572,1872037.8662596657,0.0019719925024558327,2054794.5205479453,3515981.735159817,267123287.6712335,457077625.5707759,475611.6559743934,30439376.979761723,0,0,9969560623.020239,3843761536.262257,676040000,67604,98007.64264893491,98829.57,5766.710648934909,6588.638,51.75625059671538,373.0,31625.4624,2739.72602739726,27064853.1661841
131,1,0,13583881255.56959,6625192000.0,1.0,669092119.4203876,1868203.1423159726,0.001959086084603972,2054794.5205479453,3515981.735159817,269178082.19178146,460593607.30593574,480193.0975774147,30919570.07733914,0,0,9969080429.92266,3848852119.4203877,679760000,67976,98495.87863403276,99377.88,5743.1906340327505,6625.192,51.73285623959948,372.0,31800.921599999998,2739.72602739726,27093914.361756705
132,1,0,13829070312.23262,6661648000.0,1.0,670468095.1000187,1864369.101431367,0.001951017656158208,2054794.5205479453,3515981.735159817,271232876.7123294,464109589.04109555,484800.5760767309,31404370.65341587,0,0,9968595629.346584,3853938095.1000185,683470000,68347,98982.79371869237,99924.72000000002,5719.721718692348,6661.648,51.70983483108369,371.0,31975.910400000004,2739.72602739726,27123150.54612931
133,1,0,14078685031.368418,6698006000.0,1.0,671839437.1486287,1860563.5973160197,0.0019236915702773992,2054794.5205479453,3515981.735159817,273287671.2328773,467625570.77625537,489434.2070979441,31893804.860513814,0,0,9968106195.139486,3859019437.1486287,687180000,68718,99468.38887381843,100470.09000000003,5696.304873818402,6698.005999999999,51.68717913639181,371.0,32150.428800000005,2739.72602739726,27152561.248901915
134,1,0,14332805296.184616,6734364000.0,1.0,673216126.6964593,1856758.84820808,0.001924705463513197,2054794.5205479453,3515981.735159817,275342465.75342524,471141552.5114152,494086.7078772334,32387891.568391047,0,0,9967612108.431608,3864096126.6964593,690880000,69088,99954.20567394172,101015.45999999999,5673.1096739417235,6734.364,51.66488532851869,370.0,32324.9472,2739.72602739726,27182146.47007452
135,1,0,14591512431.780746,6770624000.0,1.0,674598137.5100863,1852955.0120220033,0.0019089953356592542,2054794.5205479453,3515981.735159817,277397260.27397317,474657534.246575,498765.4420808924,32886657.01047194,0,0,9967113342.989529,3869168137.510086,694570000,69457,100438.7022393293,101559.36000000002,5649.966239329286,6770.624,51.64294306658284,369.0,32498.9952,2739.72602739726,27211905.739247125
136,1,0,14854889231.174387,6806786000.0,1.0,675975443.243523,1849179.600374485,0.0018760071471400827,2054794.5205479453,3515981.735159817,279452054.7945211,478173515.9817348,503470.52227117255,33390127.53274311,0,0,9966609872.467257,3874235443.243523,698260000,69826,100921.87950041133,102101.79000000001,5626.875500411324,6806.786,51.621345638890105,369.0,32672.572799999998,2739.72602739726,27241838.58601973
137,1,0,15123019981.797083,6842948000.0,1.0,677358025.0740995,1845405.167914383,0.00188805555865973,2054794.5205479453,3515981.735159817,281506849.315069,481689497.7168946,508194.4251313558,33898321.95787447,0,0,9966101678.042126,3879298025.0740995,701940000,70194,101405.27592007397,102644.22000000002,5604.003920073957,6842.947999999999,51.60008943010473,368.0,32846.150400000006,2739.72602739726,27271945.010392334
138,1,0,15395990492.46852,6879012000.0,1.0,678735856.5812465,1841659.0016272338,0.0018916970109104923,2054794.5205479453,3515981.735159817,283561643.83561695,485205479.45205444,512944.74856087746,34411266.706435345,0,0,9965588733.293564,3884355856.5812464,705620000,70562,101887.35269045623,103185.18000000002,5581.184690456213,6879.012,51.57916488843517,368.0,33019.257600000004,2739.72602739726,27302224.541964937
139,1,0,15673888120.857574,6915076000.0,1.0,680118919.0287309,1837913.8780393477,0.0018725492240857485,2054794.5205479453,3515981.735159817,285616438.3561649,488721461.18721426,517713.8082234702,34928980.514658816,0,0,9965071019.485342,3889408919.028731,709290000,70929,102369.64624424356,103726.14000000001,5558.582244243548,6915.076,51.55856851728956,367.0,33192.3648,2739.72602739726,27332677.18073754
140,1,0,15956801801.439053,6951042000.0,1.0,681497185.9255918,1834196.8621665053,0.0018666729340090804,2054794.5205479453,3515981.735159817,287671232.8767128,492237442.92237407,522509.3588468619,35451489.87350568,0,0,9964548510.126493,3894457185.925592,712960000,71296,102850.61979193958,104265.63000000002,5536.0317919395575,6951.0419999999995,51.538291266175875,367.0,33365.0016,2739.72602739726,27363302.456310146
141,1,0,16244822073.955027,6987008000.0,1.0,682880638.6268445,1830480.9498092656,0.0018939463371929939,2054794.5205479453,3515981.735159817,289726027.3972607,495753424.6575339,527323.5544551277,35978813.42796081,0,0,9964021186.572039,3899500638.6268444,716620000,71662,103331.80776828098,104805.12,5513.695768280988,6987.008,51.51832974127068,366.0,33537.638399999996,2739.72602739726,27394100.36868275
142,1,0,16538041112.389914,7022876000.0,1.0,684269250.5753552,1826766.2896571562,0.001865111915634699,2054794.5205479453,3515981.735159817,291780821.91780865,499269406.3926937,532164.3071972646,36510977.73515808,0,0,9963489022.264841,3904539250.575355,720270000,72027,103811.67537048766,105343.14000000001,5491.411370487654,7022.875999999999,51.498675374004655,365.0,33709.804800000005,2739.72602739726,27425070.447455354
143,1,0,16836552754.46855,7058646000.0,1.0,685652995.1086037,1823079.6174120577,0.001874060188983248,2054794.5205479453,3515981.735159817,293835616.4383566,502785388.1278535,537031.7224593391,37048009.45761742,0,0,9962951990.542383,3909572995.1086035,723920000,72392,104290.22344829504,105879.69,5469.17944829503,7058.646,51.47932250337632,365.0,33881.5008,2739.72602739726,27456212.222227957
144,1,0,17140452531.686705,7094416000.0,1.0,687041853.6535788,1819394.252843149,0.0018960805383873114,2054794.5205479453,3515981.735159817,295890410.9589045,506301369.8630133,541917.7107328421,37589927.16835026,0,0,9962410072.83165,3914601853.6535788,727560000,72756,104768.98348382818,106416.24,5447.159483828168,7094.415999999999,51.46026786124239,364.0,34053.1968,2739.72602739726,27487525.693000562
145,1,0,17449837699.883648,7130088000.0,1.0,688425799.4881227,1815736.715459327,0.0018666489008644853,2054794.5205479453,3515981.735159817,297945205.47945243,509817351.59817314,546830.421163887,38136757.589514144,0,0,9961863242.410486,3919625799.488123,731200000,73120,105246.42359157752,106951.32,5425.191591577521,7130.088,51.44150356661249,364.0,34224.4224,2739.72602739726,27519010.38937317
146,1,0,17764807270.366547,7165760000.0,1.0,689814814.1425549,1812080.5386787541,0.0018854737541324387,2054794.5205479453,3515981.735159817,300000000.00000036,513333333.33333296,551761.6012757405,38688519.190789886,0,0,9961311480.80921,3924644814.1425548,734830000,73483,105724.07332753636,107486.40000000001,5403.433327536352,7165.759999999999,51.42302641978035,363.0,34395.648,2739.72602739726,27550666.31134577
147,1,0,18085462041.59666,7201334000.0,1.0,691198870.8393778,1808452.028403998,0.0018824045526064275,2054794.5205479453,3515981.735159817,302054794.5205483,516849315.06849277,556719.5588849639,39245238.74967485,0,0,9960754761.250324,3929658870.839378,738460000,73846,106200.4027228481,108020.01000000001,5381.726722848092,7201.334,51.40482897748085,363.0,34566.4032,2739.72602739726,27582492.988518376
148,1,0,18411904631.44748,7236908000.0,1.0,692587951.2171392,1804824.9291708043,0.0018763633438056324,2054794.5205479453,3515981.735159817,304109589.0410962,520365296.8036526,561695.87794633,39806934.62762118,0,0,9960193065.37238,3934667951.2171392,742080000,74208,106676.9394381183,108553.62,5360.227438118294,7236.907999999999,51.38690809721681,362.0,34737.1584,2739.72602739726,27614490.42089098
149,1,0,18744239510.045105,7272384000.0,1.0,693972028.4473207,1801225.3358348627,0.001890799862289167,2054794.5205479453,3515981.735159817,306164383.56164414,523881278.5388124,566699.0255263718,40373633.653147556,0,0,9959626366.346853,3939672028.447321,745700000,74570,107152.15539093736,109085.76000000001,5338.779390937355,7272.384,51.36925675692768,362.0,34907.4432,2739.72602739726,27646658.138063584
150,1,0,19082573033.201416,7307860000.0,1.0,695361084.2816112,1797627.2015443915,0.0018778907935724958,2054794.5205479453,3515981.735159817,308219178.08219206,527397260.2739722,571720.4214173941,40945354.07456495,0,0,9959054645.925434,3944671084.2816114,749310000,74931,107627.57637677908,109617.90000000001,5317.536376779071,7307.86,51.35187186117406,361.0,35077.728,2739.72602739726,27678996.140036188
151,1,0,19427013476.4507,7343238000.0,1.0,696745091.844808,1794056.4126405786,0.0019048716348209925,2054794.5205479453,3515981.735159817,310273972.60274,530913242.009132,576768.6925110735,41522122.76707602,0,0,9958477877.232924,3949665091.844808,752920000,75292,108101.67616994568,110148.57,5296.344169945671,7343.237999999999,51.33474679330161,361.0,35247.5424,2739.72602739726,27711503.95640879
152,1,0,19777671069.70063,7378616000.0,1.0,698134033.0066662,1790487.1284051714,0.0018977052009912536,2054794.5205479453,3515981.735159817,312328767.1232879,534429223.74429184,581835.0938496816,42103957.860925704,0,0,9957896042.139074,3954654033.006666,756520000,75652,108575.97873055356,110679.24,5275.35473055355,7378.616,51.317878495759714,360.0,35417.3568,2739.72602739726,27744181.587181397
153,1,0,20134658032.508724,7413896000.0,1.0,699517880.8496532,1786945.0291702957,0.0018968833478404576,2054794.5205479453,3515981.735159817,314383561.64383584,537945205.4794517,586928.4127207696,42690886.273646474,0,0,9957309113.726353,3959637880.8496532,760120000,76012,109048.9596603464,111208.44,5254.41566034639,7413.896,51.30126074218371,360.0,35586.7008,2739.72602739726,27777028.561954003
154,1,0,20498088609.995506,7449176000.0,1.0,700896617.3665255,1783429.9225136002,0.0019090961445257044,2054794.5205479453,3515981.735159817,316438356.16438377,541461187.2146115,592039.7388355333,43282926.01248201,0,0,9956717073.987518,3964616617.3665257,763720000,76372,109522.14111338244,111737.64000000001,5233.677113382442,7449.1759999999995,51.28489050463997,360.0,35756.0448,2739.72602739726,27810044.880726606
155,1,0,20868079109.405922,7484456000.0,1.0,702280224.6877143,1779916.2728181183,0.0019464729592118008,2054794.5205479453,3515981.735159817,318493150.6849317,544977168.9497714,597168.9345190146,43880094.947001025,0,0,9956119905.053,3969590224.6877146,767310000,76731,109995.52102567954,112266.84000000003,5213.137025679513,7484.455999999999,51.26876320569834,359.0,35925.38880000001,2739.72602739726,27843230.54349921
156,1,0,21244747937.330696,7519638000.0,1.0,703658675.9145392,1776429.4576136833,0.0019328638529080165,2054794.5205479453,3515981.735159817,320547945.2054796,548493150.6849313,602325.0288830365,44482419.975884065,0,0,9955517580.024117,3974558675.9145393,770900000,77090,110467.5776937098,112794.57,5192.645693709797,7519.638,51.252873178992594,359.0,36094.2624,2739.72602739726,27876585.079871815
157,1,0,21628215637.599514,7554820000.0,1.0,705041953.3078091,1772944.1406081817,0.0019556489888884524,2054794.5205479453,3515981.735159817,322602739.72602755,552009132.4200912,607498.8624379503,45089918.83832201,0,0,9954910081.161678,3979521953.307809,774480000,77448,110939.83063317431,113322.30000000002,5172.350633174298,7554.82,51.23721742943209,358.0,36263.136000000006,2739.72602739726,27910108.48984442
158,1,0,22018604929.858185,7589904000.0,1.0,706420029.9372054,1769485.5001650243,0.001959120118095358,2054794.5205479453,3515981.735159817,324657534.2465755,555525114.155251,612699.6263115035,45702618.46463352,0,0,9954297381.535366,3984480029.9372053,778060000,77806,111410.75989037684,113848.56000000001,5152.103890376823,7589.9039999999995,51.221790645499254,358.0,36431.5392,2739.72602739726,27943800.303017024
159,1,0,22416040748.84212,7624988000.0,1.0,707802888.1988455,1766028.396946666,0.0019696222698826265,2054794.5205479453,3515981.735159817,326712328.7671234,559041095.8904109,617917.9940677728,46320536.45870129,0,0,9953679463.541298,3989432888.1988454,781630000,78163,111881.88325208363,114374.82,5132.051252083615,7624.987999999999,51.20658984486196,357.0,36599.9424,2739.72602739726,27977660.51938963
160,1,0,22820650284.35872,7659974000.0,1.0,709180501.1351494,1762597.8125445016,0.0019752764410662454,2054794.5205479453,3515981.735159817,328767123.2876713,562557077.6255708,623163.319403987,46943699.778105274,0,0,9953056300.221895,3994380501.1351495,785200000,78520,112351.6824869471,114899.61000000002,5112.046486947095,7659.973999999999,51.19161005787598,357.0,36767.8752,2739.72602739726,28011688.668562233
161,1,0,23232563021.99139,7694960000.0,1.0,710552851.2824756,1759193.559977847,0.001975623720040689,2054794.5205479453,3515981.735159817,330821917.80821925,566073059.3607306,628426.108381604,47572125.88648688,0,0,9952427874.113514,3999322851.2824755,788770000,78877,112821.67368028617,115424.40000000001,5092.233680286174,7694.96,51.17684830921446,357.0,36935.808000000005,2739.72602739726,28045884.750534836
162,1,0,23651910784.538334,7729946000.0,1.0,711929921.3236741,1755790.7914249948,0.001997240853701482,2054794.5205479453,3515981.735159817,332876712.3287672,569589041.0958905,633706.2145094046,48205832.100996286,0,0,9951794167.899004,4004259921.323674,792330000,79233,113291.85486646395,115949.19,5072.610866463952,7729.946,51.16230065776982,356.0,37103.7408,2739.72602739726,28080248.76530744
163,1,0,24078827774.19925,7764834000.0,1.0,713301684.3428203,1752414.1992622367,0.002026518438103538,2054794.5205479453,3515981.735159817,334931506.8493151,573105022.8310504,639013.2365616002,48844845.33755789,0,0,9951155154.662441,4009191684.34282,795890000,79589,113760.71035407961,116472.51000000001,5053.034354079606,7764.834,51.14796262510618,356.0,37271.2032,2739.72602739726,28114780.242480047
164,1,0,24513450615.523544,7799722000.0,1.0,714678123.1703117,1749039.1261104078,0.0020214966532411103,2054794.5205479453,3515981.735159817,336986301.36986303,576621004.5662103,644337.428216447,49489182.76577434,0,0,9950510817.234226,4014118123.170312,799440000,79944,114229.75374274334,116995.83,5033.645742743339,7799.722,51.133831239013986,355.0,37438.6656,2739.72602739726,28149479.182052653
165,1,0,24955918399.133743,7834512000.0,1.0,716049210.8736277,1745690.0741150812,0.00204894010529034,2054794.5205479453,3515981.735159817,339041095.89041096,580136986.3013701,649688.5523918762,50138871.31816622,0,0,9949861128.681833,4019039210.8736277,802990000,80299,114697.47099048407,117517.68000000002,5014.302990484045,7834.512,51.11990233241311,355.0,37605.657600000006,2739.72602739726,28184345.11362526
166,1,0,25406372726.238106,7869302000.0,1.0,717414930.4356221,1742366.8604736384,0.0020400473682024287,2054794.5205479453,3515981.735159817,341095890.4109589,583652968.03653,655056.6937134513,50793928.01187967,0,0,9949206071.988121,4023954930.435622,806540000,80654,115165.37406787027,118039.53,4995.146067870267,7869.302,51.1061729285323,355.0,37772.6496,2739.72602739726,28219378.03719786
167,1,0,25864957753.9467,7904092000.0,1.0,718785264.9918487,1739045.109688224,0.0020768812191242075,2054794.5205479453,3515981.735159817,343150684.9315068,587168949.7716899,660441.6994812845,51454369.711360954,0,0,9948545630.28864,4028865264.991849,810080000,81008,115633.46108067226,118561.38000000002,4976.173080672246,7904.092,51.09263947686178,354.0,37939.6416,2739.72602739726,28254577.952770468
168,1,0,26331820241.405437,7938784000.0,1.0,720150187.6675116,1735749.0443051104,0.0020754063238510433,2054794.5205479453,3515981.735159817,345205479.45205474,590684931.5068498,665853.5800450314,52120223.29140598,0,0,9947879776.708593,4033770187.6675115,813620000,81362,116100.22041950443,119081.76000000001,4957.244419504421,7938.784,51.07929825807395,354.0,38106.1632,2739.72602739726,28289944.38994307
169,1,0,26807109596.762802,7973476000.0,1.0,721509681.7578417,1732478.484494631,0.0020926901823935546,2054794.5205479453,3515981.735159817,347260273.97260267,594200913.2420096,671282.1653777054,52791505.45678369,0,0,9947208494.543217,4038669681.7578416,817160000,81716,116567.1616748274,119602.14000000001,4938.497674827369,7973.476,51.06614628338957,354.0,38272.6848,2739.72602739726,28325477.348715674
170,1,0,27290977924.984367,8008168000.0,1.0,722873730.7144507,1729209.3306041076,0.0021001828038452013,2054794.5205479453,3515981.735159817,349315068.4931506,597716894.9771695,676727.2990987956,53468232.75588249,0,0,9946531767.244118,4043563730.714451,820690000,82069,117034.28299940015,120122.52000000002,4919.930999400139,8008.168,51.05318021523292,353.0,38439.2064,2739.72602739726,28361176.829088278
171,1,0,27783580076.53033,8042762000.0,1.0,724232307.7296548,1725965.5315827692,0.0021114721932207012,2054794.5205479453,3515981.735159817,351369863.0136985,601232876.7123294,682199.2405037457,54150431.99638623,0,0,9945849568.003614,4048452307.729655,824220000,82422,117500.0751508,120641.43000000002,4901.407150799972,8042.762,51.04039675783498,353.0,38605.257600000004,2739.72602739726,28397042.36066088
172,1,0,28285073696.9117,8077356000.0,1.0,725585396.4218887,1722746.9105141996,0.0021337702564427842,2054794.5205479453,3515981.735159817,353424657.53424644,604748858.4474893,687687.5634739775,54838119.55986021,0,0,9945161880.44014,4053335396.421889,827750000,82775,117966.04540362817,121160.34000000003,4883.061403628149,8077.356,51.02779290335878,353.0,38771.308800000006,2739.72602739726,28433073.943433486
173,1,0,28795619277.140953,8111950000.0,1.0,726942980.5695897,1719529.6376898824,0.0021583329222042407,2054794.5205479453,3515981.735159817,355479452.0547944,608264840.1826491,693192.108006872,55531311.66786708,0,0,9944468688.332132,4058212980.5695896,831270000,83127,118432.19195632615,121679.25,4864.8919563261425,8111.95,51.0153655121627,352.0,38937.36,2739.72602739726,28469271.57740609
174,1,0,29315380205.093346,8146446000.0,1.0,728295033.4414606,1716337.3943294967,0.002174545645458134,2054794.5205479453,3515981.735159817,357534246.5753423,611780821.917809,698723.3838369816,56230035.051704064,0,0,9943769964.948296,4063085033.4414606,834790000,83479,118897.00786976365,122196.69,4846.763869763646,8146.446,51.0031116893003,352.0,39102.940800000004,2739.72602739726,28505634.792178694
175,1,0,29844522817.795277,8180942000.0,1.0,729641538.9898249,1713170.0063713917,0.002198484754445003,2054794.5205479453,3515981.735159817,359589041.0958902,615296803.6529689,704270.7073435481,56934305.75904761,0,0,9943065694.240952,4067951538.989825,838310000,83831,119361.99816501487,122714.13000000002,4828.810165014841,8180.942,50.99102840197093,352.0,39268.52160000001,2739.72602739726,28542163.5877513
176,1,0,30383216454.65648,8215438000.0,1.0,730992481.3305683,1710003.9082820022,0.002203096946894446,2054794.5205479453,3515981.735159817,361643835.61643815,618812785.3881288,709833.9149643986,57644139.67401201,0,0,9942355860.325989,4072812481.3305683,841820000,84182,119827.16108493545,123231.57,4811.029084935438,8215.438,50.97911269469607,351.0,39434.1024,2739.72602739726,28578857.964123905
177,1,0,30931633511.663025,8249836000.0,1.0,732337833.8179308,1706862.5192875091,0.0022337323843184664,2054794.5205479453,3515981.735159817,363698630.1369861,622328767.1232886,715423.7683453879,58359563.4423574,0,0,9941640436.557642,4077667833.8179307,845330000,84533,120290.9919319056,123747.54000000001,4793.287931905597,8249.836,50.96736205197083,351.0,39599.2128,2739.72602739726,28615717.45089651
178,1,0,31489949496.54854,8284234000.0,1.0,733677580.748657,1703745.6681237416,0.002230356152100456,2054794.5205479453,3515981.735159817,365753424.657534,625844748.8584485,721029.3249817477,59080592.76733915,0,0,9940919407.23266,4082517580.748657,848840000,84884,120754.99353395129,124263.51000000001,4775.717533951275,8284.234,50.955773411123914,351.0,39764.323200000006,2739.72602739726,28652742.048069112
179,1,0,32058343084.961235,8318632000.0,1.0,735021706.5865465,1700630.0477914491,0.002252091884838161,2054794.5205479453,3515981.735159817,367808219.1780819,629360730.5936084,726650.4178182955,59807243.18515744,0,0,9940192756.814842,4087361706.5865464,852340000,85234,121219.16417711129,124779.48000000001,4758.316177111276,8318.632,50.94434398818264,350.0,39929.433600000004,2739.72602739726,28689931.755641717
180,1,0,32636996177.644783,8352932000.0,1.0,736360184.7803916,1697538.821131163,0.002290719786875838,2054794.5205479453,3515981.735159817,369863013.69862986,632876712.3287683,732298.0618628688,60539541.24702031,0,0,9939460458.75298,4092200184.7803917,855840000,85584,121682.00134532085,125293.98000000001,4740.9533453208405,8352.931999999999,50.93307162696331,350.0,40094.0736,2739.72602739726,28727286.103214324
181,1,0,33226093958.651268,8387232000.0,1.0,737692999.9817256,1694471.8196200817,0.002281148888725188,2054794.5205479453,3515981.735159817,371917808.2191778,636392694.0639281,737961.0543739086,61277502.30139422,0,0,9938722497.698606,4097032999.9817257,859340000,85934,122145.00573224417,125808.48000000001,4723.75773224417,8387.232,50.9219532308891,350.0,40258.7136,2739.72602739726,28764805.090786926
182,1,0,33825824954.60492,8421532000.0,1.0,739030137.0125598,1691405.9892780636,0.00231148664100185,2054794.5205479453,3515981.735159817,373972602.7397257,639908675.799088,743639.2248736996,62021141.526267916,0,0,9937978858.473732,4101860137.01256,862830000,86283,122608.17566590797,126322.98000000001,4706.7276659079635,8421.532,50.910986175846254,349.0,40423.3536,2739.72602739726,28802488.71835953
183,1,0,34436381095.03554,8455734000.0,1.0,740361569.4251068,1688364.242042791,0.0023177711041149273,2054794.5205479453,3515981.735159817,376027397.26027364,643424657.5342479,749343.843160846,62770485.36942876,0,0,9937229514.630571,4106681569.425107,866320000,86632,123070.0107536141,126836.01000000001,4689.734753614101,8455.734,50.90016864602658,349.0,40587.5232,2739.72602739726,28840336.515532136
184,1,0,35057957773.80093,8489936000.0,1.0,741687282.2358811,1685346.4120778742,0.002366935514483014,2054794.5205479453,3515981.735159817,378082191.78082156,646940639.2694077,755063.4449335414,63525548.8143623,0,0,9936474451.185638,4111497282.235881,869810000,86981,123532.0096116179,127349.04000000001,4672.905611617906,8489.936,50.88949750767316,349.0,40751.6928,2739.72602739726,28878348.48230474
185,1,0,35690753911.61803,8524138000.0,1.0,743007260.635223,1682352.3351997435,0.002363626328560932,2054794.5205479453,3515981.735159817,380136986.3013695,650456621.0045676,760797.8563658807,64286346.670728184,0,0,9935713653.329271,4116307260.635223,873300000,87330,123994.17060877362,127862.07,4656.238608773616,8524.137999999999,50.878970285802325,349.0,40915.8624,2739.72602739726,28916524.618677344
186,1,0,36334972019.722725,8558340000.0,1.0,744331489.9883723,1679359.2865721146,0.0023517753826451694,2054794.5205479453,3515981.735159817,382191780.8219174,653972602.7397275,766546.9025585975,65052893.57328678,0,0,9934947106.426714,4121111489.9883723,876780000,87678,124456.49213516657,128375.1,4639.732135166563,8558.34,50.86858455402494,348.0,41080.032,2739.72602739726,28954864.92464995
187,1,0,36990818264.67872,8592444000.0,1.0,745649944.0486401,1676389.852875108,0.002395970307128361,2054794.5205479453,3515981.735159817,384246575.34246534,657488584.4748874,772322.1954401067,65825215.768726885,0,0,9934174784.231274,4125909944.0486403,880260000,88026,124917.47654443789,128886.66,4623.260544437893,8592.444,50.85833892371434,348.0,41243.7312,2739.72602739726,28993368.929822553
188,1,0,37658502534.35616,8626548000.0,1.0,746962608.3844259,1673443.8725167315,0.0024099889321341546,2054794.5205479453,3515981.735159817,386301369.86301327,661004566.2100472,778111.9199220575,66603327.68864894,0,0,9933396672.311352,4130702608.384426,883740000,88374,125378.61977805158,129398.22000000002,4606.947778051565,8626.547999999999,50.84823020872486,348.0,41407.430400000005,2739.72602739726,29032036.634195156
189,1,0,38338238505.10129,8660652000.0,1.0,748279468.7422597,1670498.8606744565,0.002390335778943784,2054794.5205479453,3515981.735159817,388356164.3835612,664520547.9452071,783915.8978739895,67387243.58652292,0,0,9932612756.413477,4135489468.74226,887210000,88721,125839.92026511396,129909.78,4590.792265113978,8660.652,50.838256118719926,347.0,41571.1296,2739.72602739726,29070868.03776776
190,1,0,39030243710.11836,8694658000.0,1.0,749590498.9985003,1667577.166026131,0.002432030545988336,2054794.5205479453,3515981.735159817,390410958.9041091,668036529.680367,789745.9994671979,68176989.58599012,0,0,9931823010.41401,4140270498.9985003,890680000,89068,126299.88234834472,130419.87,4574.6703483447345,8694.658,50.82841556519199,347.0,41734.3584,2739.72602739726,29109862.670140363
191,1,0,39734739609.086,8728664000.0,1.0,750895685.1093107,1664678.6295197122,0.0024208692871438174,2054794.5205479453,3515981.735159817,392465753.42465705,671552511.4155269,795590.1448974917,68972579.7308876,0,0,9931027420.269112,4145045685.1093106,894150000,89415,126760.00002287638,130929.96000000002,4558.704022876356,8728.663999999999,50.81870531969659,347.0,41897.5872,2739.72602739726,29149020.53131297
192,1,0,40451951659.03,8762670000.0,1.0,752195013.2121323,1661803.0936712828,0.002438437084708493,2054794.5205479453,3515981.735159817,394520547.945205,675068493.1506867,801448.1528862152,69774027.88377382,0,0,9930225972.116226,4149815013.2121325,897620000,89762,127220.27175576579,131440.05000000002,4542.8917557657705,8762.67,50.80912321905623,347.0,42060.816000000006,2739.72602739726,29188341.621285573
193,1,0,41182109386.47549,8796676000.0,1.0,753498469.6266701,1658928.3859054958,0.002471306635618716,2054794.5205479453,3515981.735159817,396575342.4657529,678584474.8858466,807319.8411700146,70581347.72494383,0,0,9929418652.275057,4154578469.62667,901080000,90108,127680.69603386696,131950.14,4527.232033866946,8796.676,50.79966714166111,346.0,42224.0448,2739.72602739726,29227825.940058175
194,1,0,41925446460.90137,8830584000.0,1.0,754796028.4557925,1656076.5463450558,0.0024698279378785036,2054794.5205479453,3515981.735159817,398630136.9863008,682100456.6210065,813217.4265854335,71394565.15152927,0,0,9928605434.84847,4159336028.4557924,904540000,90454,128139.77977314693,132458.76,4511.603773146919,8830.583999999999,50.790336376044195,346.0,42386.8032,2739.72602739726,29267473.01723078
195,1,0,42682200769.52063,8864492000.0,1.0,756087676.2370344,1653247.4199568317,0.002503000095997713,2054794.5205479453,3515981.735159817,400684931.50684875,685616438.3561664,819128.4744659315,72213693.6259952,0,0,9927786306.374004,4164087676.2370343,908000000,90800,128599.01446208905,132967.38,4496.1264620890315,8864.492,50.78112763628243,346.0,42549.56160000001,2739.72602739726,29307282.852803383
196,1,0,43452614493.41048,8898400000.0,1.0,757373399.6932142,1650440.853225589,0.0024739601445038116,2054794.5205479453,3515981.735159817,402739726.0273967,689132420.0913262,825052.7995281242,73038746.42552333,0,0,9926961253.574476,4168833399.6932144,911460000,91146,129058.39862382962,133476.00000000003,4480.798623829571,8898.4,50.772038917047404,346.0,42712.32000000001,2739.72602739726,29347255.446775988
197,1,0,44236934185.01653,8932308000.0,1.0,758663185.7333627,1647634.976240108,0.0025057290345518305,2054794.5205479453,3515981.735159817,404794520.5479446,692648401.8264861,830990.2155593223,73869736.64108264,0,0,9926130263.358917,4173573185.7333627,914910000,91491,129517.93080048113,133984.62,4465.6188004811365,8932.307999999999,50.76306825108785,345.0,42875.0784,2739.72602739726,29387390.799148593
198,1,0,45035410847.056076,8966118000.0,1.0,759947008.7003807,1644851.5300266983,0.0025326093134017116,2054794.5205479453,3515981.735159817,406849315.06849253,696164383.561646,836953.2886898791,74706689.92977253,0,0,9925293310.070227,4178307008.700381,918360000,91836,129976.1203850266,134491.77000000002,4450.468385026599,8966.118,50.75421527818143,345.0,43037.3664,2739.72602739726,29427688.439521197
199,1,0,45848300012.845436,8999928000.0,1.0,761224855.7290286,1642090.3634352603,0.0025389699897289783,2054794.5205479453,3515981.735159817,408904109.58904046,699680365.2968059,842929.2270600084,75549619.15683253,0,0,9924450380.843168,4183034855.7290287,921810000,92181,130434.45645261345,134998.92,4435.464452613431,8999.928,50.74547665338242,345.0,43199.65440000001,2739.72602739726,29468148.3678938
200,1,0,46675861828.07729,9033738000.0,1.0,762496714.1431653,1639351.3267853057,0.002540296326914474,2054794.5205479453,3515981.735159817,410958904.1095884,703196347.0319657,848917.8415711191,76398536.99840365,0,0,9923601463.001596,4187756714.1431656,925260000,92526,130892.93758004931,135506.07,4420.6055800493,9033.738,50.73685051590875,345.0,43361.9424,2739.72602739726,29508770.584266406
201,1,0,47518361134.07408,9067548000.0,1.0,763762571.4566206,1636634.2718471778,0.0025349803456634935,2054794.5205479453,3515981.735159817,413013698.6301363,706712328.7671256,854918.942252681,77253455.94065633,0,0,9922746544.059343,4192472571.4566207,928710000,92871,131351.56236233673,136013.22000000003,4405.890362336715,9067.547999999999,50.72833503990096,345.0,43524.2304,2739.72602739726,29549555.08863901
202,1,0,48376067552.54411,9101358000.0,1.0,765032415.3740485,1633917.6940481276,0.002541216977759563,2054794.5205479453,3515981.735159817,415068493.15068424,710228310.5022855,860932.3382800183,78114388.27893636,0,0,9921885611.721064,4197182415.374048,932150000,93215,131810.3294123983,136520.37,4391.31741239832,9101.358,50.71992843366585,344.0,43686.5184,2739.72602739726,29590501.881011613
203,1,0,49249255571.86753,9135070000.0,1.0,766296220.5935283,1631222.97410244,0.0025461960557550426,2054794.5205479453,3515981.735159817,417123287.67123216,713744292.2374454,866971.0362280714,78981359.31516443,0,0,9921018640.684835,4201886220.5935283,935590000,93559,132267.75109127886,137026.05000000002,4376.771091278857,9135.07,50.71163074332578,344.0,43848.336,2739.72602739726,29631610.490984216
204,1,0,50138204634.939735,9168782000.0,1.0,767553975.0546639,1628549.9660281376,0.002573898332521228,2054794.5205479453,3515981.735159817,419178082.1917801,717260273.9726052,873021.7945722484,79854381.10973668,0,0,9920145618.890263,4206583975.0546637,939030000,93903,132725.31358948254,137531.73,4362.365589482529,9168.782,50.703438549782035,344.0,44010.153600000005,2739.72602739726,29672880.91855682
205,1,0,51043199228.600395,9202494000.0,1.0,768805666.8905853,1625898.5252484255,0.0025643200865453006,2054794.5205479453,3515981.735159817,421232876.712328,720776255.7077651,879084.4197864075,80733465.52952309,0,0,9919266534.470476,4211275666.8905854,942470000,94247,133183.015552556,138037.41,4348.099552556009,9202.493999999999,50.69535015682539,344.0,44171.9712,2739.72602739726,29714313.163729426
206,1,0,51964528974.67663,9236206000.0,1.0,770061284.4287432,1623247.4288424018,0.0025628465911378506,2054794.5205479453,3515981.735159817,423287671.23287594,724292237.442925,885158.7175498917,81618624.24707298,0,0,9918381375.752928,4215961284.4287434,945900000,94590,133640.85564323573,138543.09000000003,4333.971643235714,9236.206,50.6873638996282,343.0,44333.7888,2739.72602739726,29755907.22650203
207,1,0,52902488722.66953,9269820000.0,1.0,771310802.6348308,1620617.7791494445,0.002587838441879294,2054794.5205479453,3515981.735159817,425342465.75342387,727808219.1780849,891258.0496202544,82509882.29669324,0,0,9917490117.703306,4220640802.634831,949330000,94933,134097.34849285387,139047.30000000002,4319.868492853862,9269.82,50.67948012429942,343.0,44495.136000000006,2739.72602739726,29797662.636474635
208,1,0,53857378644.113716,9303434000.0,1.0,772554210.0784025,1618009.4337628155,0.0025842936698714314,2054794.5205479453,3515981.735159817,427397260.2739718,731324200.9132447,897368.8121361784,83407251.10882941,0,0,9916592748.89117,4225314210.0784025,952760000,95276,134553.9780788454,139551.51,4305.902078845399,9303.434,50.67169535170822,343.0,44656.4832,2739.72602739726,29839579.39364724
209,1,0,54829504328.63996,9337048000.0,1.0,773791495.5258886,1615422.2516370553,0.0025889173300396298,2054794.5205479453,3515981.735159817,429452054.7945197,734840182.6484046,903490.8082217838,84310741.9170512,0,0,9915689258.082949,4229981495.5258884,956190000,95619,135010.7430951612,140055.72000000003,4292.0710951611645,9337.047999999999,50.664008004688185,343.0,44817.830400000006,2739.72602739726,29881657.498019844
210,1,0,55819176881.771904,9370662000.0,1.0,775022647.9413284,1612856.0930707979,0.002592028103401553,2054794.5205479453,3515981.735159817,431506849.31506765,738356164.3835645,909623.8402679971,85220365.7573192,0,0,9914779634.242682,4234642647.9413285,959620000,95962,135467.64225224574,140559.93000000002,4278.374252245729,9370.662,50.65641653492929,343.0,44979.1776,2739.72602739726,29923896.94959245
211,1,0,56826713024.487885,9404276000.0,1.0,776257656.487085,1610290.0751495936,0.002619662971120536,2054794.5205479453,3515981.735159817,433561643.8356156,741872146.1187243,915767.709951251,86136133.46727045,0,0,9913863866.53273,4239297656.487085,963040000,96304,135924.67427679148,141064.14,4264.81027679147,9404.276,50.64891942236959,342.0,45140.5248,2739.72602739726,29966297.748365052
212,1,0,57852435194.57989,9437792000.0,1.0,777486496.5161445,1607744.9648337131,0.0026140288255543944,2054794.5205479453,3515981.735159817,435616438.3561635,745388127.8538842,921936.2266483314,87058069.69391878,0,0,9912941930.306082,4243946496.5161448,966460000,96646,136380.35652156407,141566.88,4251.268521564066,9437.792,50.64151736072281,342.0,45301.401600000005,2739.72602739726,30008859.423937656
213,1,0,58896671649.84205,9471308000.0,1.0,778709157.441182,1605220.6244851458,0.0026206716493505037,2054794.5205479453,3515981.735159817,437671232.8767114,748904109.5890441,928115.3306704063,87986185.02458918,0,0,9912013814.97541,4248589157.441182,969880000,96988,136836.1703176595,142069.62,4237.8583176594875,9471.307999999999,50.634206796945,342.0,45462.278399999996,2739.72602739726,30051581.97631026
214,1,0,59959756573.12169,9504824000.0,1.0,779925628.8755529,1602716.917768437,0.0026013544489226137,2054794.5205479453,3515981.735159817,439726027.39725935,752420091.324204,934304.8213370184,88920489.8459262,0,0,9911079510.154074,4253225628.875553,973300000,97330,137292.11442114145,142572.36000000002,4224.578421141429,9504.823999999999,50.626986289840936,342.0,45623.1552,2739.72602739726,30094465.405482866
215,1,0,61042030179.26653,9538340000.0,1.0,781135900.6339444,1600233.7096343634,0.0026116974327052983,2054794.5205479453,3515981.735159817,441780821.9178073,755936073.0593638,940504.4973164188,89860994.34324262,0,0,9910139005.656757,4257855900.6339445,976720000,97672,137748.18760367023,143075.1,4211.427603670234,9538.34,50.619854424225764,342.0,45784.032,2739.72602739726,30137509.71145547
216,1,0,62143838824.00229,9571856000.0,1.0,782349962.7330076,1597750.4435909633,0.0025916933608565226,2054794.5205479453,3515981.735159817,443835616.4383552,759452054.7945237,946714.1566446836,90807708.4998873,0,0,9909192291.500113,4262479962.7330074,980130000,98013,138204.3886522721,143577.84000000003,4198.40465227205,9571.856,50.61280981038444,341.0,45944.908800000005,2739.72602739726,30180714.894228075
217,1,0,63265535114.77552,9605274000.0,1.0,783557790.928484,1595287.5645826173,0.0026174941381257254,2054794.5205479453,3515981.735159817,445890410.95890313,762968036.5296836,952948.060231498,91760656.5601188,0,0,9908239343.43988,4267097790.928484,983540000,98354,138659.2375115726,144079.11000000002,4185.401511572588,9605.274,50.605853461122464,341.0,46105.3152,2739.72602739726,30224080.48340068
218,1,0,64407478023.59721,9638692000.0,1.0,784759375.4949379,1592844.9395226117,0.0025979875343390695,2054794.5205479453,3515981.735159817,447945205.47945106,766484018.2648435,959191.689253933,92719848.24937272,0,0,9907280151.750628,4271709375.494938,986950000,98695,139114.21299147405,144580.38,4172.5249914740625,9638.692,50.59898175062769,341.0,46265.721600000004,2739.72602739726,30267606.478973284
219,1,0,65570033001.923134,9672110000.0,1.0,785954706.9110497,1590422.4365711517,0.002579300852015911,2054794.5205479453,3515981.735159817,449999999.999999,770000000.0000033,965444.8395960694,93685293.08896878,0,0,9906314706.911032,4276314706.91105,990360000,99036,139569.3139066509,145081.65000000002,4159.773906650878,9672.109999999999,50.592193360257575,341.0,46426.128000000004,2739.72602739726,30311292.880945887
220,1,0,66753572097.60784,9705528000.0,1.0,787143775.8601829,1588019.9251198417,0.002611414770158096,2054794.5205479453,3515981.735159817,452054794.5205469,773515981.7351632,971707.3065746673,94657000.39554346,0,0,9905342999.604456,4280913775.860183,993770000,99377,140024.5390865337,145582.92,4147.147086533688,9705.528,50.58548699485216,341.0,46586.534400000004,2739.72602739726,30355139.689318493
221,1,0,67958474073.96966,9738946000.0,1.0,788326573.2309321,1585637.2757763965,0.00259682860289362,2054794.5205479453,3515981.735159817,454109589.04109484,777031963.4703231,977978.8849586302,95634979.28050208,0,0,9904365020.719498,4285506573.230932,997180000,99718,140479.88737509257,146084.19,4134.643375092561,9738.946,50.57886138225308,341.0,46746.940800000004,2739.72602739726,30399146.904091097
222,1,0,69185124531.0048,9772364000.0,1.0,789513090.1176515,1583254.3065419793,0.0025813737626404765,2054794.5205479453,3515981.735159817,456164383.56164277,780547945.205483,984259.3689885219,96619238.64949061,0,0,9903380761.35051,4290093090.1176515,1000580000,100058,140935.35763062385,146585.46000000002,4122.2616306238315,9772.364,50.57231527283344,340.0,46907.347200000004,2739.72602739726,30443314.5252637
223,1,0,70433916028.78943,9805684000.0,1.0,790693302.8067429,1580891.093377018,0.0025857037767271435,2054794.5205479453,3515981.735159817,458219178.0821907,784063926.9406428,990563.5666164076,97609802.21610701,0,0,9902390197.783894,4294673302.8067427,1003980000,100398,141389.47274651006,147085.26,4109.896746510072,9805.684,50.56585002876063,340.0,47067.283200000005,2739.72602739726,30487642.082436305
224,1,0,71705248213.10907,9839004000.0,1.0,791867202.6585274,1578547.5087280115,0.0025808629489772156,2054794.5205479453,3515981.735159817,460273972.6027386,787579908.6758027,996876.4039233902,98606678.6200304,0,0,9901393321.37997,4299247202.658527,1007380000,100738,141843.70866823848,147585.06,4097.652668238474,9839.003999999999,50.55946193948834,340.0,47227.2192,2739.72602739726,30532129.57560891
225,1,0,72999527943.35568,9872324000.0,1.0,793034781.240977,1576223.4262209546,0.00260335983792272,2054794.5205479453,3515981.735159817,462328767.12328655,791095890.4109626,1003197.673258188,99609876.29328859,0,0,9900390123.70671,4303814781.240977,1010780000,101078,142298.06427971,148084.86000000002,4085.5282797099653,9872.323999999999,50.55314981822544,340.0,47387.1552,2739.72602739726,30576777.004781514
226,1,0,74317169422.73325,9905644000.0,1.0,794196030.3301773,1573918.7206467981,0.0025703829987968924,2054794.5205479453,3515981.735159817,464383561.6438345,794611872.1461225,1009527.1665076494,100619403.45979623,0,0,9899380596.540203,4308376030.330177,1014180000,101418,142752.53847859122,148584.66,4073.522478591216,9905.644,50.54691249898542,340.0,47547.0912,2739.72602739726,30621584.36995412
227,1,0,75658594330.81357,9938964000.0,1.0,795350941.9107686,1571633.2679471162,0.002565114819252177,2054794.5205479453,3515981.735159817,466438356.1643824,798127853.8812823,1015864.6751165378,101635268.13491277,0,0,9898364731.865088,4312930941.9107685,1017580000,101758,143207.13017611427,149084.46000000002,4061.6341761142567,9938.964,50.54074883616715,340.0,47707.027200000004,2739.72602739726,30666551.671126723
228,1,0,77024231958.48474,9972284000.0,1.0,796509508.1763692,1569347.2421464855,0.0025444234490944457,2054794.5205479453,3515981.735159817,468493150.6849303,801643835.6164422,1022209.990107347,102657478.12502012,0,0,9897342521.874979,4317479508.176369,1020970000,102097,143661.8382968795,149584.26,4049.8622968794675,9972.284,50.53465770414493,339.0,47866.963200000006,2739.72602739726,30711678.908299327
229,1,0,78414519345.33539,10005506000.0,1.0,797661705.9601649,1567080.368356637,0.0025535740863402447,2054794.5205479453,3515981.735159817,470547945.20547825,805159817.3516021,1028578.4719121066,103686056.59693222,0,0,9896313943.403069,4322021705.960165,1024360000,102436,144115.18851219674,150082.59000000003,4038.104512196694,10005.506,50.528640781159815,339.0,48026.4288,2739.72602739726,30756965.611071933
230,1,0,79829901419.51868,10038728000.0,1.0,798807527.7288178,1564832.5242428032,0.0025468200545491343,2054794.5205479453,3515981.735159817,472602739.7260262,808675799.086762,1034954.4870549786,104721011.08398719,0,0,9895278988.916014,4326557527.728818,1027750000,102775,144568.65406777264,150580.92,4026.462067772643,10038.728,50.522694274731336,339.0,48185.894400000005,2739.72602739726,30802411.779444538
231,1,0,81270831140.14098,10071950000.0,1.0,799946966.1595925,1562603.5885867204,0.002509755619679027,2054794.5205479453,3515981.735159817,474657534.2465741,812191780.8219218,1041337.8249331544,105762348.90892035,0,0,9894237651.09108,4331086966.159593,1031140000,103114,145022.23391193416,151079.25000000003,4014.9339119341594,10071.949999999999,50.51681711490813,339.0,48345.36000000001,2739.72602739726,30848017.413417142
232,1,0,82737769642.22052,10105172000.0,1.0,801080014.1407111,1560393.4412729896,0.002526473508025444,2054794.5205479453,3515981.735159817,476712328.76712203,815707762.5570817,1047728.2745892759,106810077.18350962,0,0,9893189922.81649,4335610014.140711,1034530000,103453,145475.92700586055,151577.58000000002,4003.5190058605276,10105.171999999999,50.51100825020971,339.0,48504.8256,2739.72602739726,30893782.512989745
233,1,0,84231186384.26259,10138394000.0,1.0,802206664.7716875,1558201.9632756312,0.0024958762573212847,2054794.5205479453,3515981.735159817,478767123.28766996,819223744.2922416,1054125.6247314408,107864202.80824105,0,0,9892135797.19176,4340126664.7716875,1037920000,103792,145929.73232339812,152075.91,3992.2163233981037,10138.394,50.50526664726009,339.0,48664.2912,2739.72602739726,30939707.07816235
234,1,0,85751559298.49852,10171616000.0,1.0,803336911.3636421,1556009.66707505,0.002487944287544304,2054794.5205479453,3515981.735159817,480821917.8082179,822739726.0274014,1060529.6637532178,108924732.47199427,0,0,9891075267.528006,4344636911.363642,1041300000,104130,146383.648850878,152574.24,3981.024850878029,10171.616,50.49959129042965,338.0,48823.7568,2739.72602739726,30985791.108934954
235,1,0,87299374943.83641,10204740000.0,1.0,804460731.3096014,1553835.944192247,0.002488784207807604,2054794.5205479453,3515981.735159817,482876712.3287658,826255707.7625613,1066956.3097485737,109991688.78174284,0,0,9890008311.218258,4349140731.309601,1044680000,104468,146836.2048773015,153071.1,3969.8448773014716,10204.74,50.49398414438615,338.0,48982.752,2739.72602739726,31032034.13490756
236,1,0,88875128661.57265,10237864000.0,1.0,805578118.1998093,1551680.6772176996,0.002489870709595511,2054794.5205479453,3515981.735159817,484931506.84931374,829771689.4977212,1073389.3655000133,111065078.14724286,0,0,9888934921.852757,4353638118.199809,1048060000,104806,147288.8711031455,153567.96000000002,3958.775103145469,10237.864,50.48844133783212,338.0,49141.747200000005,2739.72602739726,31078436.156080164
237,1,0,90479324733.91403,10270988000.0,1.0,806689065.83747,1549543.7497994893,0.00245827078321995,2054794.5205479453,3515981.735159817,486986301.36986166,833287671.2328811,1079828.6180471391,112144906.76528999,0,0,9887855093.23471,4358129065.83747,1051440000,105144,147741.64653673995,154064.82,3947.8145367399507,10270.988,50.48296190456942,338.0,49300.7424,2739.72602739726,31124997.17245277
238,1,0,92112476545.36118,10304112000.0,1.0,807793568.2389942,1547425.0466304962,0.0024394543624945766,2054794.5205479453,3515981.735159817,489041095.8904096,836803652.968041,1086273.854183621,113231180.6194736,0,0,9886768819.380526,4362613568.238995,1054820000,105482,148194.53019842439,154561.68000000002,3936.9621984243604,10304.112,50.47754489483207,338.0,49459.7376,2739.72602739726,31171717.184025373
239,1,0,93775106747.00493,10337236000.0,1.0,808891619.6342248,1545324.4534357793,0.002423127772887633,2054794.5205479453,3515981.735159817,491095890.4109575,840319634.7032008,1092724.8604773136,114323905.47995092,0,0,9885676094.520048,4367091619.634225,1058200000,105820,148647.52112037604,155058.54000000004,3926.217120376005,10337.235999999999,50.47218937496519,338.0,49618.732800000005,2739.72602739726,31218596.190797977
240,1,0,95467747423.78836,10370360000.0,1.0,809983214.4666423,1543241.8569601355,0.0024306050487331926,2054794.5205479453,3515981.735159817,493150684.93150544,843835616.4383607,1099181.423290371,115423086.90324129,0,0,9884576913.096758,4371563214.466642,1061580000,106158,149100.61834644128,155555.40000000002,3915.5783464412275,10370.359999999999,50.46689442711128,338.0,49777.728,2739.72602739726,31265634.19277058
241,1,0,97190940264.78773,10403484000.0,1.0,811078347.3935508,1541158.1433741776,0.002395821494898175,2054794.5205479453,3515981.735159817,495205479.45205337,847351598.1735206,1105643.3287993537,116528730.23204064,0,0,9883471269.76796,4376028347.393551,1064950000,106495,149553.82093196939,156052.26,3905.0449319693666,10403.484,50.46165914890312,337.0,49936.7232,2739.72602739726,31312831.189943187
242,1,0,98945236736.56714,10436510000.0,1.0,812166996.4971251,1539092.336171365,0.0023692831588674112,2054794.5205479453,3515981.735159817,497260273.9726013,850867579.9086804,1112127.1521335081,117640857.38417415,0,0,9882359142.615826,4380486996.497126,1068320000,106832,150005.66003007605,156547.65000000002,3894.5200300760207,10436.51,50.45648580626967,337.0,50095.248,2739.72602739726,31360186.71191579
243,1,0,100731198259.66217,10469536000.0,1.0,813249156.7193537,1537044.3235902514,0.002355494302902114,2054794.5205479453,3515981.735159817,499315068.4931492,854383561.6438403,1118616.0334793078,118759473.41765346,0,0,9881240526.582346,4384939156.719354,1071690000,107169,150457.6035584625,157043.04000000004,3884.0995584624598,10469.536,50.451370440364066,337.0,50253.772800000006,2739.72602739726,31407700.758688394
244,1,0,102549396388.24907,10502562000.0,1.0,814324823.2170765,1535013.9948599183,0.0023380803838459548,2054794.5205479453,3515981.735159817,501369863.01369715,857899543.3790002,1125109.757985028,119884583.17563848,0,0,9880115416.824362,4389384823.217076,1075060000,107506,150909.65059255273,157538.43000000002,3873.782592552706,10502.562,50.44631219193805,337.0,50412.297600000005,2739.72602739726,31455373.330261
245,1,0,104400412993.05696,10535588000.0,1.0,815393991.3621019,1533001.2401881176,0.002301216337597401,2054794.5205479453,3515981.735159817,503424657.5342451,861415525.1141601,1131608.1106824318,121016191.28632091,0,0,9878983808.713678,4393823991.3621025,1078430000,107843,151361.80021884336,158033.82,3863.5682188433534,10535.588,50.441310216108434,337.0,50570.8224,2739.72602739726,31503204.426633604
246,1,0,106284840447.58163,10568614000.0,1.0,816456656.7413028,1531005.9507495798,0.0022945412526235785,2054794.5205479453,3515981.735159817,505479452.054793,864931506.8493199,1138110.876506878,122154302.16282779,0,0,9877845697.837172,4398256656.7413025,1081800000,108180,151814.05153474706,158529.21000000002,3853.455534747044,10568.614,50.43636368208162,337.0,50729.347200000004,2739.72602739726,31551194.047806207
247,1,0,108203281817.66048,10601640000.0,1.0,817512815.1566933,1529028.0186744882,0.002249844767402527,2054794.5205479453,3515981.735159817,507534246.5753409,868447488.5844798,1144617.840317402,123298920.00314519,0,0,9876701079.996855,4402682815.156693,1085170000,108517,152266.4036484385,159024.6,3843.4436484384937,10601.64,50.43147177288374,337.0,50887.872,2739.72602739726,31599342.193778813
248,1,0,110156351054.46924,10634666000.0,1.0,818562462.6254845,1527067.3370371158,0.0022546595003514404,2054794.5205479453,3515981.735159817,509589041.09588885,871963470.3196397,1151128.7869167724,124450048.79006197,0,0,9875549951.209938,4407102462.625484,1088540000,108854,152718.85567870302,159519.99,3833.5316787030238,10634.666,50.42663368509698,337.0,51046.3968,2739.72602739726,31647648.864551418
249,1,0,112144673191.0024,10667692000.0,1.0,819615595.3801209,1525105.1920508153,0.0022398758465263695,2054794.5205479453,3515981.735159817,511643835.6164368,875479452.0547996,1157643.5010715118,125607692.29113348,0,0,9874392307.708866,4411515595.380121,1091900000,109190,153171.40675478755,160015.38,3823.7187547875574,10667.692,50.42184862860144,336.0,51204.9216,2739.72602739726,31696114.06012402
250,1,0,114168884542.09998,10700620000.0,1.0,820662192.3188757,1523160.213422314,0.002220427968059609,2054794.5205479453,3515981.735159817,513698630.1369847,878995433.7899594,1164179.3169530048,126771871.60808648,0,0,9873228128.391914,4415922192.318876,1095260000,109526,153622.5910650733,160509.30000000002,3813.91106507328,10700.619999999999,50.417119175547775,336.0,51362.976,2739.72602739726,31744737.310096625
251,1,0,116229632908.08487,10733548000.0,1.0,821702249.963246,1521232.2955863322,0.0021838583926178075,2054794.5205479453,3515981.735159817,515753424.65753263,882511415.5251193,1170718.6113375002,127942590.21942398,0,0,9872057409.780577,4420322249.963245,1098620000,109862,154073.87357906342,161003.22000000003,3804.20157906339,10733.547999999999,50.41244127260733,336.0,51521.0304,2739.72602739726,31793518.61446923
252,1,0,118327577782.07579,10766476000.0,1.0,822735765.0506128,1519321.3338952707,0.00218481079874894,2054794.5205479453,3515981.735159817,517808219.17808056,886027397.2602792,1177261.1683410462,129119851.38776502,0,0,9870880148.612234,4424715765.050613,1101980000,110198,154525.2534440395,161497.14,3794.589444039483,10766.475999999999,50.40781416664847,336.0,51679.084800000004,2739.72602739726,31842457.973241836
253,1,0,120463390561.04225,10799404000.0,1.0,823762734.5342083,1517427.2246083675,0.0021555987759329705,2054794.5205479453,3515981.735159817,519863013.6986285,889543378.995439,1183806.7721123826,130303658.1598774,0,0,9869696341.840122,4429102734.534208,1105340000,110534,154976.7298173613,161991.06,3785.073817361326,10799.403999999999,50.403237116891994,336.0,51837.139200000005,2739.72602739726,31891555.38641444
254,1,0,122637754760.66905,10832332000.0,1.0,824783155.5830634,1515549.8648810084,0.0021343576793311503,2054794.5205479453,3515981.735159817,521917808.2191764,893059360.7305989,1190355.206852847,131494013.36673026,0,0,9868505986.63327,4433483155.583063,1108700000,110870,155428.30186632622,162484.98,3775.653866326212,10832.332,50.39870939467871,336.0,51995.1936,2739.72602739726,31940810.85398704
255,1,0,124851366234.09912,10865260000.0,1.0,825797025.5819349,1513689.1527541832,0.0021155815555632513,2054794.5205479453,3515981.735159817,523972602.73972434,896575342.4657588,1196906.2568362374,132690919.6235665,0,0,9867309080.376434,4437857025.581935,1112060000,111206,155879.9687680306,162978.90000000002,3766.328768030592,10865.26,50.3942302832419,336.0,52153.248,2739.72602739726,31990224.375959646
256,1,0,127104933394.6246,10898188000.0,1.0,826804342.1312141,1511844.9871440905,0.002080239147418672,2054794.5205479453,3515981.735159817,526027397.26027226,900091324.2009187,1203459.7064286144,133894379.32999511,0,0,9866105620.670006,4442224342.131214,1115420000,111542,156331.7297092339,163472.82,3757.097709233905,10898.188,50.389799077484824,336.0,52311.3024,2739.72602739726,32039795.95233225
257,1,0,129399177442.39757,10931116000.0,1.0,827815103.046814,1509999.0268350476,0.0020820061202910935,2054794.5205479453,3515981.735159817,528082191.7808202,903607305.9360785,1210015.340108054,135104394.67010316,0,0,9864895605.329897,4446585103.046814,1118770000,111877,156783.58388622457,163966.74,3747.9598862245966,10931.116,50.385415083762716,335.0,52469.3568,2739.72602739726,32089525.583104856
258,1,0,131734832595.23283,10963946000.0,1.0,828819288.043403,1508169.5347014957,0.0020503198080031493,2054794.5205479453,3515981.735159817,530136986.3013681,907123287.6712384,1216591.2591188408,136320985.92922202,0,0,9863679014.070778,4450939288.043404,1122120000,112212,157234.0682849495,164459.19,3738.8242849494745,10963.946,50.38108114518902,335.0,52626.940800000004,2739.72602739726,32139412.79787746
259,1,0,134112646323.57677,10996776000.0,1.0,829816895.2284142,1506356.4108995048,0.0020260702011851784,2054794.5205479453,3515981.735159817,532191780.82191604,910639269.4063983,1223169.0706967239,137544154.99991873,0,0,9862455845.000082,4455286895.228415,1125470000,112547,157684.64515576672,164951.64,3729.781155766709,10996.776,50.376793119401256,335.0,52784.5248,2739.72602739726,32189457.596650064
260,1,0,136533379589.71732,11029606000.0,1.0,830807922.9250778,1504559.5564364512,0.0020021879428494993,2054794.5205479453,3515981.735159817,534246575.34246397,914155251.1415582,1229748.5590442007,138773903.55896294,0,0,9861226096.441036,4459627922.925077,1128820000,112882,158135.31371118137,165444.09000000003,3720.829711181349,11029.606,50.37255034458477,335.0,52942.1088,2739.72602739726,32239659.97942267
261,1,0,138997807091.3117,11062436000.0,1.0,831792369.6722418,1502778.87316109,0.0019849445827727075,2054794.5205479453,3515981.735159817,536301369.8630119,917671232.876718,1236329.5085438935,140010233.06750682,0,0,9859989766.932493,4463962369.672241,1132170000,113217,158586.07317288537,165936.54000000004,3711.969172885329,11062.436,50.36835216957945,335.0,53099.692800000004,2739.72602739726,32290019.946195275
262,1,0,141506717509.30988,11095266000.0,1.0,832770234.2241716,1501014.263753764,0.0019704219548317865,2054794.5205479453,3515981.735159817,538356164.3835598,921187214.6118779,1242911.7037780755,141253144.7712849,0,0,9858746855.228716,4468290234.224172,1135520000,113552,159036.92277163087,166428.99,3703.19877163087,11095.266,50.364197953683046,335.0,53257.2768,2739.72602739726,32340537.49696788
263,1,0,144060913760.3529,11128096000.0,1.0,833741515.5503314,1499265.6317167461,0.0019261892758728745,2054794.5205479453,3515981.735159817,540410958.9041078,924703196.3470378,1249494.9295481239,142502639.70083302,0,0,9857497360.299168,4472611515.550331,1138870000,113887,159487.8617471059,166921.44,3694.51774710588,11128.096,50.360087066458746,335.0,53414.8608,2739.72602739726,32391212.631740484
264,1,0,146661213253.72726,11160926000.0,1.0,834706212.8351454,1497532.881364716,0.0019262175850485199,2054794.5205479453,3515981.735159817,542465753.4246558,928219178.0821977,1256078.970893893,143758718.6717269,0,0,9856241281.328274,4476926212.835146,1142220000,114222,159938.88934781132,167413.89,3685.92534781132,11160.926,50.35601888754654,335.0,53572.444800000005,2739.72602739726,32442045.35051309
265,1,0,149308448152.95703,11193756000.0,1.0,835664325.4777402,1495815.9178153665,0.0019057336476636108,2054794.5205479453,3515981.735159817,544520547.9452038,931735159.8173575,1262663.6131130112,145021382.28483993,0,0,9854978617.71516,4481234325.47774,1145570000,114557,160390.00483094054,167906.34000000003,3677.420830940513,11193.756,50.35199280647864,335.0,53730.02880000001,2739.72602739726,32493035.653285693
266,1,0,152003465642.1179,11226586000.0,1.0,836625853.0916679,1494096.7881649772,0.0018828342656847317,2054794.5205479453,3515981.735159817,546575342.4657518,935251141.5525174,1269248.6417800935,146290630.92662004,0,0,9853709369.07338,4485535853.091668,1148910000,114891,160841.20746226038,168398.79000000004,3669.0034622603475,11226.586,50.348008222498585,334.0,53887.6128,2739.72602739726,32544183.540058296
267,1,0,154747128196.9581,11259318000.0,1.0,837580776.3173302,1492393.3730858022,0.001829318797883907,2054794.5205479453,3515981.735159817,548630136.9862998,938767123.2876773,1275853.0300454716,147566483.95666552,0,0,9852433516.043335,4489830776.31733,1152250000,115225,161291.03711333292,168889.77000000002,3660.585113332907,11259.318,50.344068247847176,334.0,54044.7264,2739.72602739726,32595488.5404309
268,1,0,157540313860.91318,11292050000.0,1.0,838529095.0601022,1490705.5788093444,0.0018250807297985718,2054794.5205479453,3515981.735159817,550684931.5068477,942283105.0228372,1282457.5129358256,148848941.46960133,0,0,9851151058.5304,4494119095.060102,1155590000,115559,161740.9532298848,169380.75000000003,3652.2532298847564,11292.05,50.3401686461733,334.0,54201.840000000004,2739.72602739726,32646950.654403504
269,1,0,160383916526.10263,11324782000.0,1.0,839470809.4396431,1489033.3123488068,0.0018019504058062812,2054794.5205479453,3515981.735159817,552739726.0273957,945799086.757997,1289061.8761669162,150138003.34576824,0,0,9849861996.654232,4498400809.439643,1158930000,115893,162190.95509204146,169871.73,3644.0070920414714,11324.782,50.336308843690134,334.0,54358.9536,2739.72602739726,32698569.88197611
270,1,0,163278846219.39877,11357514000.0,1.0,840405919.7895532,1487376.4814901107,0.0017829247033797535,2054794.5205479453,3515981.735159817,554794520.5479437,949315068.4931569,1295665.9057978364,151433669.25156608,0,0,9848566330.748434,4502675919.789553,1162270000,116227,162641.04198820173,170362.71000000002,3635.8459882017137,11357.514,50.33248827566138,334.0,54516.067200000005,2739.72602739726,32750346.223148715
271,1,0,166226029393.6589,11390246000.0,1.0,841334426.6570112,1485734.9947830394,0.0017636228147563193,2054794.5205479453,3515981.735159817,556849315.0684917,952831050.2283168,1302269.3882498767,152735938.63981596,0,0,9847264061.360184,4506944426.657011,1165610000,116561,163091.21321492485,170853.69,3627.7692149248237,11390.246,50.32870638623756,334.0,54673.1808,2739.72602739726,32802279.677921318
272,1,0,169226409224.21442,11422978000.0,1.0,842256330.8023937,1484108.7615324974,0.0017300419670372895,2054794.5205479453,3515981.735159817,558904109.5890397,956347031.9634767,1308872.1103252983,154044810.75014126,0,0,9845955189.249859,4511206330.802394,1168950000,116895,163541.46807682017,171344.67,3619.776076820165,11422.978,50.324962628295836,334.0,54830.294400000006,2739.72602739726,32854370.24629392
273,1,0,172280945910.71146,11455710000.0,1.0,843171633.1988755,1482497.6917898916,0.0017013747990169822,2054794.5205479453,3515981.735159817,560958904.1095877,959863013.6986365,1315473.8592260038,155360284.60936728,0,0,9844639715.390633,4515461633.198875,1172290000,117229,163991.80588643823,171835.65000000002,3611.8658864381905,11455.71,50.32125646328305,334.0,54987.408,2739.72602739726,32906617.928266525
274,1,0,175390616984.39978,11488442000.0,1.0,844080335.0320113,1480901.6963446266,0.0016939371960754531,2054794.5205479453,3515981.735159817,563013698.6301357,963378995.4337964,1322074.4225720996,156682359.0319394,0,0,9843317640.968061,4519710335.032011,1175630000,117563,164442.2259641632,172326.63,3604.0379641632003,11488.442,50.31758736106181,334.0,55144.52160000001,2739.72602739726,32959022.72383913
275,1,0,178556417620.96817,11521174000.0,1.0,844982437.6992987,1479320.686715716,0.0016722200443008038,2054794.5205479453,3515981.735159817,565068493.1506836,966894977.1689563,1328673.5884203543,158011032.62035975,0,0,9841988967.37964,4523952437.699299,1178970000,117897,164892.72763810778,172817.61000000002,3596.2916381077607,11521.173999999999,50.313954799760054,334.0,55301.6352,2739.72602739726,33011584.633011736
276,1,0,181779360959.02664,11553906000.0,1.0,845887942.8097241,1477737.1052813602,0.001650245333318438,2054794.5205479453,3515981.735159817,567123287.6712316,970410958.9041162,1335271.1452825456,159346303.7656423,0,0,9840653696.234358,4528187942.809724,1182300000,118230,165343.31024400878,173308.59000000003,3588.626244008751,11553.905999999999,50.310358265623144,333.0,55458.7488,2739.72602739726,33064303.65578434
277,1,0,185060478424.33707,11586540000.0,1.0,846786832.020238,1476168.4437367015,0.00164559597242158,2054794.5205479453,3515981.735159817,569178082.1917796,973926940.639276,1341887.0451938575,160688190.81083614,0,0,9839311809.189163,4532416832.020238,1185630000,118563,165792.51655881517,173798.1,3580.956558815163,11586.539999999999,50.30680113266388,333.0,55615.392,2739.72602739726,33117179.321756944
278,1,0,188400820059.89633,11619174000.0,1.0,847679107.2290322,1474614.614587065,0.0015978474902432844,2054794.5205479453,3515981.735159817,571232876.7123276,977442922.3744359,1348501.046913712,162036691.85774985,0,0,9837963308.14225,4536639107.2290325,1188960000,118896,166241.80320391178,174287.61000000002,3573.3672039117637,11619.173999999999,50.30327906678681,333.0,55772.0352,2739.72602739726,33170211.63092955
279,1,0,191801454861.97745,11651808000.0,1.0,848564770.5451965,1473075.5310486564,0.0015921658126607562,2054794.5205479453,3515981.735159817,573287671.2328756,980958904.1095958,1355112.9395434428,163391804.7972933,0,0,9836608195.202707,4540854770.545197,1192290000,119229,166691.16952755622,174777.12000000002,3565.857527556177,11651.807999999999,50.29979157675998,333.0,55928.678400000004,2739.72602739726,33223400.58330215
280,1,0,195263471122.2361,11684442000.0,1.0,849443824.2882016,1471551.1070405329,0.0015630282015101844,2054794.5205479453,3515981.735159817,575342465.7534236,984474885.8447556,1361722.5127027933,164753527.3099961,0,0,9835246472.690004,4545063824.288201,1195620000,119562,167140.61488537042,175266.63,3558.4268853704143,11684.442,50.29633817893004,333.0,56085.3216,2739.72602739726,33276746.178874757
281,1,0,198787976775.99246,11717076000.0,1.0,850316270.9873617,1470041.257176679,0.0015535218969549816,2054794.5205479453,3515981.735159817,577397260.2739716,987990867.5799155,1368329.556547804,166121856.8665439,0,0,9833878143.133455,4549266270.987362,1198950000,119895,167590.13864024237,175756.14,3551.074640242364,11717.076,50.29291839708837,333.0,56241.9648,2739.72602739726,33330248.41764736
282,1,0,202376099756.7991,11749710000.0,1.0,851182113.381281,1468545.896758193,0.0015249347585569342,2054794.5205479453,3515981.735159817,579452054.7945195,991506849.3150754,1374933.8617885674,167496790.72833246,0,0,9832503209.271667,4553462113.381281,1202280000,120228,168039.74016222882,176245.65000000002,3543.8001622287857,11749.71,50.2895317623398,333.0,56398.608,2739.72602739726,33383907.299619965
283,1,0,206028988357.4093,11782344000.0,1.0,852041354.417282,1467064.9417655698,0.0014937677036292677,2054794.5205479453,3515981.735159817,581506849.3150675,995022831.0502353,1381535.219706861,168878325.94803932,0,0,9831121674.05196,4557651354.417282,1205610000,120561,168489.41882845983,176735.16000000003,3536.602828459801,11782.344,50.28617781297395,333.0,56555.251200000006,2739.72602739726,33437722.82479257
284,1,0,209747811597.26053,11814978000.0,1.0,852893997.2508162,1465598.3088510956,0.0014960478636691088,2054794.5205479453,3515981.735159817,583561643.8356155,998538812.7853951,1388133.4221736444,170266459.37021297,0,0,9829733540.629787,4561833997.250816,1208940000,120894,168939.17402304482,177224.67,3529.4820230448213,11814.978,50.28285609433924,333.0,56711.894400000005,2739.72602739726,33491694.993165176
285,1,0,213533759596.59106,11847612000.0,1.0,853740045.2448577,1464145.9153313348,0.0014685535187540536,2054794.5205479453,3515981.735159817,585616438.3561635,1002054794.520555,1394728.2616664341,171661187.63187942,0,0,9828338812.36812,4566010045.244858,1212270000,121227,169389.00513697995,177714.18000000002,3522.4371369799205,11847.612,50.279566158719234,333.0,56868.5376,2739.72602739726,33545823.80473778
286,1,0,217388043957.3095,11880246000.0,1.0,854579501.969279,1462707.679179723,0.001467112597113033,2054794.5205479453,3515981.735159817,587671232.8767115,1005570776.2557149,1401319.5312865318,173062507.16316596,0,0,9826937492.836834,4570179501.969279,1215600000,121560,169838.91156805662,178203.69,3515.4675680566047,11880.246,50.276307565211496,333.0,57025.1808,2739.72602739726,33600109.25951038
287,1,0,221311898150.73892,11912880000.0,1.0,855422371.2002108,1461266.43642277,0.0014348232617701062,2054794.5205479453,3515981.735159817,589726027.3972595,1009086757.9908748,1407907.024776125,174470414.1879421,0,0,9825529585.812057,4574342371.200211,1218920000,121892,170288.89272077198,178693.2,3508.572720771972,11912.88,50.27307987960891,332.0,57181.824,2739.72602739726,33654551.357482985
288,1,0,225306577912.35974,11945416000.0,1.0,856258635.6741842,1459839.29144942,0.0014215669368162992,2054794.5205479453,3515981.735159817,591780821.9178075,1012602739.7260346,1414511.7817345033,175884925.96967658,0,0,9824115074.030323,4578498635.674185,1222240000,122224,170737.49423293065,179181.24,3501.670232930658,11945.416,50.26988672665015,332.0,57337.9968,2739.72602739726,33709149.62825558
289,1,0,229373361643.67783,11977952000.0,1.0,857088299.4502637,1458426.1630940454,0.001391897585349413,2054794.5205479453,3515981.735159817,593835616.4383554,1016118721.4611945,1421112.479628279,177306038.44930485,0,0,9822693961.550695,4582648299.450264,1225560000,122556,171186.1699440091,179669.28,3494.841944009084,11977.952,50.26672367149144,332.0,57494.1696,2739.72602739726,33763904.07182819
290,1,0,233513550821.3462,12010488000.0,1.0,857911366.7927166,1457026.9708316685,0.001378803253698844,2054794.5205479453,3515981.735159817,595890410.9589034,1019634703.1963544,1427708.9132549807,178733747.36255983,0,0,9821266252.63744,4586791366.792717,1228880000,122888,171634.9192692567,180157.32,3488.087269256708,12010.488,50.263590298483116,332.0,57650.3424,2739.72602739726,33818814.68820079
291,1,0,237728470413.67148,12043024000.0,1.0,858727842.1703124,1455641.6347708623,0.0013633574492065608,2054794.5205479453,3515981.735159817,597945205.4794514,1023150684.9315143,1434300.8781121257,180168048.24067196,0,0,9819831951.759329,4590927842.170313,1232200000,123220,172083.741630407,180645.36000000002,3481.4056304069877,12043.024,50.260486198237984,332.0,57806.5152,2739.72602739726,33873881.477373384
292,1,0,242019469304.6382,12075560000.0,1.0,859537730.2556065,1454270.0756467406,0.0013449729867470465,2054794.5205479453,3515981.735159817,599999999.9999994,1026666666.6666741,1440888.1704137323,181608936.4110857,0,0,9818391063.588915,4595057730.255607,1235520000,123552,172532.63645559212,181133.40000000002,3474.7964555920967,12075.56,50.257410967523185,332.0,57962.688,2739.72602739726,33929104.439345986
293,1,0,246387920725.5869,12108096000.0,1.0,860341035.9242077,1452912.2148140431,0.0013292858857791227,2054794.5205479453,3515981.735159817,602054794.5205474,1030182648.401834,1447470.5871066845,183056406.99819237,0,0,9816943593.001808,4599181035.924208,1238840000,123884,172981.60317925893,181621.44,3468.2591792589224,12108.096,50.25436420915435,332.0,58118.8608,2739.72602739726,33984483.574118584
294,1,0,250835222694.68375,12140632000.0,1.0,861137764.2540286,1451567.9742403086,0.0013149921600611957,2054794.5205479453,3515981.735159817,604109589.0410954,1033698630.1369939,1454047.9258869467,184510454.92407933,0,0,9815489545.07592,4603297764.254028,1242160000,124216,173430.6412420863,182109.48,3461.7932420863203,12140.632,50.251345531891786,332.0,58275.0336,2739.72602739726,34040018.88169119
295,1,0,255362798464.32275,12173168000.0,1.0,861927920.5245208,1450237.2764991405,0.0013068203519074626,2054794.5205479453,3515981.735159817,606164383.5616434,1037214611.8721538,1460619.9852156206,185971074.90929496,0,0,9814028925.090706,4607407920.524521,1245480000,124548,173879.7500909036,182597.52000000002,3455.398090903602,12173.168,50.24835455033859,332.0,58431.2064,2739.72602739726,34095710.36206379
296,1,0,259972096976.60376,12205704000.0,1.0,862711510.2158937,1448920.0447635571,0.0012888672712252798,2054794.5205479453,3515981.735159817,608219178.0821913,1040730593.6073136,1467186.5643348505,187438261.4736298,0,0,9812561738.526371,4611511510.215894,1248800000,124880,174328.92917861024,183085.56,3449.0731786102506,12205.704,50.245390884840745,332.0,58587.3792,2739.72602739726,34151558.015236385
297,1,0,264664593327.03143,12238240000.0,1.0,863488539.0083181,1447616.2027994301,0.0012759499456447328,2054794.5205479453,3515981.735159817,610273972.6027393,1044246575.3424735,1473747.463283569,188912008.93691337,0,0,9811087991.063087,4615608539.008318,1252120000,125212,174778.17796409683,183573.6,3442.8179640968133,12238.24,50.24245416138927,332.0,58743.552,2739.72602739726,34207561.84120899
298,1,0,269441789236.58432,12270776000.0,1.0,864259012.7811128,1446325.674959008,0.001273738170580656,2054794.5205479453,3515981.735159817,612328767.1232873,1047762557.0776334,1480302.4829130862,190392311.41982645,0,0,9809607688.580173,4619699012.781113,1255440000,125544,175227.49591216698,184061.64,3436.631912166983,12270.776,50.239544011524,332.0,58899.7248,2739.72602739726,34263721.839981586
299,1,0,274305213532.30463,12303312000.0,1.0,865022937.6119181,1445048.386174525,0.0012454956914131263,2054794.5205479453,3515981.735159817,614383561.6438353,1051278538.8127933,1486851.4249025106,191879162.84472895,0,0,9808120837.155272,4623782937.6119175,1258760000,125876,175676.88249346084,184549.68000000002,3430.5144934608284,12303.312,50.23666007223952,332.0,59055.897600000004,2739.72602739726,34320038.01155419
300,1,0,279256422636.5627,12335848000.0,1.0,865790319.775852,1443767.5860405401,0.0012345145295095021,2054794.5205479453,3515981.735159817,616438356.1643833,1054794520.5479531,1493394.091774016,193372556.93650296,0,0,9806627443.063498,4627860319.775852,1262070000,126207,176126.3371843792,185037.72000000003,3424.465184379155,12335.848,50.23380198589267,331.0,59212.070400000004,2739.72602739726,34376510.35592679
301,1,0,284297001065.1526,12368286000.0,1.0,866551143.2107999,1442499.9722099153,0.0012282449288905397,2054794.5205479453,3515981.735159817,618493150.6849313,1058310502.283113,1499952.820759851,194872509.75726283,0,0,9805127490.242737,4631931143.2108,1265380000,126538,176574.4085930201,185524.29000000004,3418.404593020064,12368.286,50.23097363357284,331.0,59367.772800000006,2739.72602739726,34433138.40269939
302,1,0,289428561934.37854,12400724000.0,1.0,867305414.4630147,1441245.4703444657,0.0012221711773029342,2054794.5205479453,3515981.735159817,620547945.2054793,1061826484.0182729,1506505.003493084,196379014.7607559,0,0,9803620985.239244,4635995414.463015,1268690000,126869,177022.54767027835,186010.86000000002,3412.411670278322,12400.724,50.2281704684826,331.0,59523.4752,2739.72602739726,34489922.15187199
303,1,0,294652747477.29407,12433162000.0,1.0,868053140.274669,1440004.0066723623,0.0012114623524490185,2054794.5205479453,3515981.735159817,622602739.7260273,1065342465.7534328,1513050.4440535274,197892065.20480943,0,0,9802107934.79519,4640053140.27467,1272000000,127200,177470.75390150087,186497.43000000002,3406.485901500868,12433.162,50.2253921478234,331.0,59679.1776,2739.72602739726,34546861.60344458
304,1,0,299971229569.2592,12465600000.0,1.0,868794327.5829601,1438775.5079819958,0.0012010848936665883,2054794.5205479453,3515981.735159817,624657534.2465752,1068858447.4885926,1519588.9474168057,199411654.15222624,0,0,9800588345.847775,4644104327.58296,1275310000,127531,177919.02677761222,186984.00000000003,3400.626777612191,12465.599999999999,50.22263833382274,331.0,59834.880000000005,2739.72602739726,34603956.75741719
305,1,0,305385710262.9843,12498038000.0,1.0,869528983.519199,1437559.901615919,0.0011881792059029706,2054794.5205479453,3515981.735159817,626712328.7671232,1072374429.2237525,1526120.3194689227,200937774.47169515,0,0,9799062225.528305,4648148983.519199,1278620000,127862,178367.3657950424,187470.57,3394.8337950423966,12498.037999999999,50.21990869364977,331.0,59990.5824,2739.72602739726,34661207.61378979
306,1,0,310897922333.23114,12530476000.0,1.0,870257115.4078863,1436357.1154648704,0.0011779400011666472,2054794.5205479453,3515981.735159817,628767123.2876712,1075890410.9589124,1532644.3670206487,202470418.8387158,0,0,9797529581.161283,4652187115.4078865,1281930000,128193,178815.77045565634,187957.14,3389.106455656323,12530.475999999999,50.21720289933278,331.0,60146.2848,2739.72602739726,34718614.17256239
307,1,0,316509629831.34595,12562914000.0,1.0,870978730.7657723,1435167.0779618684,0.0011696938881437424,2054794.5205479453,3515981.735159817,630821917.8082192,1079406392.6940722,1539160.8978217386,204009579.73653752,0,0,9795990420.263462,4656218730.765772,1285240000,128524,179264.24026668374,188443.71000000002,3383.444266683699,12562.913999999999,50.21452062767783,331.0,60301.9872,2739.72602739726,34776176.43373499
308,1,0,322222628649.8017,12595352000.0,1.0,871693837.3009052,1433989.7180763888,0.0011687785888031816,2054794.5205479453,3515981.735159817,632876712.3287672,1082922374.4292321,1545669.7205749701,205555249.4571125,0,0,9794444750.542887,4660243837.300905,1288550000,128855,179712.77474065032,188930.28,3377.846740650317,12595.351999999999,50.211861560189256,331.0,60457.6896,2739.72602739726,34833894.39730759
309,1,0,328038747096.9306,12627790000.0,1.0,872402442.911663,1432824.9653086103,0.0011601305444997937,2054794.5205479453,3515981.735159817,634931506.8493152,1086438356.164392,1552170.6449500069,207107420.1020625,0,0,9792892579.897938,4664262442.911663,1291860000,129186,180161.37339531022,189416.85,3372.313395310211,12627.789999999999,50.20922538299154,331.0,60613.392,2739.72602739726,34891768.06328019
310,1,0,333959846482.03015,12660228000.0,1.0,873104555.6857738,1431672.7496837387,0.0011395955480232936,2054794.5205479453,3515981.735159817,636986301.3698632,1089954337.8995519,1558663.4815970801,208666083.58365956,0,0,9791333916.41634,4668274555.685774,1295170000,129517,180610.03575357882,189903.42,3366.8437535788216,12660.228,50.20661178675256,331.0,60769.0944,2739.72602739726,34949797.43165279
311,1,0,339987821711.03076,12692666000.0,1.0,873800183.8993212,1430533.0017463984,0.0011522664403246447,2054794.5205479453,3515981.735159817,639041095.8904111,1093470319.6347117,1565148.0421604938,210231231.62582004,0,0,9789768768.37418,4672280183.899321,1298480000,129848,181058.7613434671,190389.99,3361.4373434671284,12692.666,50.204020466608455,331.0,60924.7968,2739.72602739726,35007982.502425395
312,1,0,346124601892.91486,12725104000.0,1.0,874489336.015737,1429405.6525551002,0.001160634012008655,2054794.5205479453,3515981.735159817,641095890.4109591,1096986301.3698716,1571624.1392919451,211802855.76511198,0,0,9788197144.234888,4676279336.015738,1301790000,130179,181507.54969801675,190876.56,3356.093698016732,12725.104,50.20145112208978,331.0,61080.4992,2739.72602739726,35066323.275598
313,1,0,352372150957.0819,12757542000.0,1.0,875172020.6847812,1428290.6336767762,0.0011371625176726692,2054794.5205479453,3515981.735159817,643150684.9315071,1100502283.1050315,1578091.5866636636,213380947.35177565,0,0,9786619052.648224,4680272020.684781,1305100000,130510,181956.4003552359,191363.13,3350.8123552358848,12757.542,50.19890345704895,331.0,61236.2016,2739.72602739726,35124819.7511706
314,1,0,358732468281.8572,12789980000.0,1.0,875858246.7415076,1427171.5824455367,0.0011361324912443505,2054794.5205479453,3515981.735159817,645205479.4520551,1104018264.8401914,1584550.198981364,214965497.55075702,0,0,9785034502.449244,4684258246.741508,1308400000,130840,182405.31285803643,191849.7,3345.59285803643,12789.98,50.19637717958933,330.0,61391.90400000001,2739.72602739726,35183471.9291432
315,1,0,365207589334.34467,12822320000.0,1.0,876537999.2748452,1426064.815255207,0.0011337725333853649,2054794.5205479453,3515981.735159817,647260273.9726031,1107534246.5753512,1591023.7223702807,216556521.2731273,0,0,9783443478.726873,4688237999.274845,1311700000,131170,182852.83856589522,192334.80000000002,3340.3585658952175,12822.32,50.19387640954156,330.0,61547.136000000006,2739.72602739726,35242279.3391158
316,1,0,371799586321.8295,12854660000.0,1.0,877211287.3738418,1424970.2642817656,0.0011351488055472616,2054794.5205479453,3515981.735159817,649315068.4931511,1111050228.310511,1597488.1567113935,218154009.4298387,0,0,9781845990.570162,4692211287.373842,1315000000,131500,183300.42575274708,192819.90000000002,3335.1857527470443,12854.66,50.19139648540754,330.0,61702.368,2739.72602739726,35301241.9810884
317,1,0,378510568854.93854,12887000000.0,1.0,877878120.3108151,1423887.8621983258,0.0011312952524392217,2054794.5205479453,3515981.735159817,651369863.013699,1114566210.045671,1603943.3187344924,219757952.74857318,0,0,9780242047.251427,4696178120.310815,1318300000,131830,183748.07396882807,193305.00000000003,3330.0739688280382,12887.0,50.18893712704221,330.0,61857.600000000006,2739.72602739726,35360359.855061
318,1,0,385342684622.77014,12919340000.0,1.0,878538507.5402753,1422817.5421698825,0.001131889714716197,2054794.5205479453,3515981.735159817,653424657.534247,1118082191.7808309,1610389.0262476269,221368341.7748208,0,0,9778631658.22518,4700138507.540276,1321600000,132160,184195.78276912845,193790.1,3325.0227691284504,12919.34,50.186498058293296,330.0,62012.832,2739.72602739726,35419632.961033605
319,1,0,392298120080.2111,12951680000.0,1.0,879192458.6978339,1421759.237848125,0.0011269741487133173,2054794.5205479453,3515981.735159817,655479452.054795,1121598173.5159907,1616825.0981492735,222985166.87297007,0,0,9777014833.12703,4704092458.697834,1324900000,132490,184643.55171333256,194275.2,3320.0317133325575,12951.68,50.18407900693628,330.0,62168.064000000006,2739.72602739726,35479061.29900621
320,1,0,399379101147.6589,12984020000.0,1.0,879839983.5991014,1420712.883366316,0.0011330613467796843,2054794.5205479453,3515981.735159817,657534246.575343,1125114155.2511506,1623251.3544403084,224608418.22741038,0,0,9775391581.772589,4708039983.599102,1328200000,132820,185091.38036575945,194760.30000000002,3315.100365759429,12984.019999999999,50.181679704610346,330.0,62323.296,2739.72602739726,35538644.868978806
321,1,0,406587893923.3741,13016360000.0,1.0,880481092.2385736,1419678.4133342346,0.0011338264195399348,2054794.5205479453,3515981.735159817,659589041.095891,1128630136.9863105,1629667.6162357908,226238085.84364617,0,0,9773761914.156353,4711981092.238573,1331500000,133150,185539.26829530456,195245.40000000002,3310.2282953045355,13016.359999999999,50.17929988675597,330.0,62478.528,2739.72602739726,35598383.6709514
322,1,0,413926805408.6909,13048700000.0,1.0,881115794.7885048,1418655.7628331822,0.0011349669166339105,2054794.5205479453,3515981.735159817,661643835.616439,1132146118.7214704,1636073.705776554,227874159.5494227,0,0,9772125840.450577,4715915794.788505,1334800000,133480,185987.2150753822,195730.50000000003,3305.4150753821864,13048.699999999999,50.1769392925531,330.0,62633.76,2739.72602739726,35658277.704924
323,1,0,421398184246.31775,13081040000.0,1.0,881744101.5977721,1417644.8674110535,0.0011294719204347858,2054794.5205479453,3515981.735159817,663698630.136987,1135662100.4566302,1642469.4464406022,229516628.99586332,0,0,9770483371.004137,4719844101.597773,1338100000,133810,186435.22028386878,196215.6,3300.6602838687936,13081.039999999999,50.17459766486093,330.0,62788.992,2739.72602739726,35718326.9708966
324,1,0,429004421471.96375,13113380000.0,1.0,882366023.1907257,1416645.663077466,0.0011400541070175792,2054794.5205479453,3515981.735159817,665753424.657535,1139178082.19179,1648854.6627543136,231165483.65861765,0,0,9768834516.341383,4723766023.190725,1341400000,134140,186883.28350304693,196700.7,3295.9635030469335,13113.38,50.17227475015854,330.0,62944.22400000001,2739.72602739726,35778531.4688692
325,1,0,436747951279.53265,13145720000.0,1.0,882981570.2660301,1415658.0862989526,0.0011434708515839901,2054794.5205479453,3515981.735159817,667808219.178083,1142694063.92695,1655229.1804034472,232820712.8390211,0,0,9767179287.160978,4727681570.26603,1344700000,134470,187331.4043195502,197185.80000000002,3291.324319550198,13145.72,50.16997029848653,330.0,63099.456000000006,2739.72602739726,35838891.1988418
326,1,0,444631251800.1282,13178060000.0,1.0,883590753.6954939,1414682.0739942144,0.0011440108981466634,2054794.5205479453,3515981.735159817,669863013.6986309,1146210045.6621099,1661592.826243956,234482305.66526505,0,0,9765517694.334736,4731590753.695494,1348000000,134800,187779.58232430887,197670.90000000002,3286.7423243088333,13178.06,50.16768406339002,330.0,63254.688,2739.72602739726,35899406.160814404
327,1,0,452656845895.1204,13210400000.0,1.0,884193584.5228891,1413717.5635294307,0.0011570276200297519,2054794.5205479453,3515981.735159817,671917808.2191789,1149726027.3972697,1667945.428312604,236150251.09357765,0,0,9763849748.906422,4735493584.522889,1351300000,135130,188227.81711249615,198156.0,3282.2171124961365,13210.4,50.165415801862345,330.0,63409.92,2739.72602739726,35960076.35478701
328,1,0,460827301963.5273,13242740000.0,1.0,884790073.9627596,1412764.4927136293,0.001155719551714823,2054794.5205479453,3515981.735159817,673972602.7397269,1153242009.1324296,1674286.8158373842,237824537.90941504,0,0,9762175462.090586,4739390073.962759,1354600000,135460,188676.10828347565,198641.10000000003,3277.748283475608,13242.74,50.16316527429006,330.0,63565.15200000001,2739.72602739726,36020901.78075961
329,1,0,469145234763.96893,13275080000.0,1.0,885380233.3992198,1411822.7997941144,0.0011487968255924654,2054794.5205479453,3515981.735159817,676027397.2602749,1156757990.8675895,1680616.8192477366,239505154.72866276,0,0,9760494845.271338,4743280233.3992195,1357900000,135790,189124.45544074886,199126.2,3273.3354407488496,13275.08,50.16093224439865,330.0,63720.384000000005,2739.72602739726,36081882.438732214
330,1,0,477613306251.4585,13307420000.0,1.0,885964074.384743,1410892.423451949,0.001167528807992608,2054794.5205479453,3515981.735159817,678082191.7808229,1160273972.6027493,1686935.2701845767,241192089.99884734,0,0,9758807910.001152,4747164074.384743,1361200000,136120,189572.8581919042,199611.30000000002,3268.978191904188,13307.42,50.158716479199526,330.0,63875.616,2739.72602739726,36143018.32870481
331,1,0,486234226429.2973,13339760000.0,1.0,886551608.6389407,1409957.3987791738,0.0011755113298434125,2054794.5205479453,3515981.735159817,680136986.3013709,1163789954.3379092,1693242.001510116,242885332.00035745,0,0,9757114667.999643,4751041608.638941,1364490000,136449,190021.31614856602,200096.40000000002,3264.6761485660168,13339.76,50.15651774893768,329.0,64030.848,2739.72602739726,36204309.45067741
332,1,0,495010754216.34607,13372002000.0,1.0,887132822.4139361,1409033.6513519313,0.0011819774255150406,2054794.5205479453,3515981.735159817,682191780.8219188,1167305936.073069,1699562.4807123863,244584894.48106983,0,0,9755415105.51893,4754912822.413937,1367780000,136778,190468.38345874578,200580.03000000003,3260.3554587457666,13372.001999999999,50.15434042565424,329.0,64185.6096,2739.72602739726,36265755.33425001
333,1,0,503945698329.95105,13404244000.0,1.0,887707727.6571605,1408121.120336594,0.0011812803513326314,2054794.5205479453,3515981.735159817,684246575.3424668,1170821917.808229,1705871.0124835197,246290765.49355334,0,0,9753709234.506447,4758777727.657161,1371070000,137107,190915.505683353,201063.66,3256.089683352999,13404.243999999999,50.15217971298887,329.0,64340.3712,2739.72602739726,36327355.979422614
334,1,0,513041918184.80664,13436486000.0,1.0,888276336.4807098,1407219.7453243749,0.0011997133073038064,2054794.5205479453,3515981.735159817,686301369.8630148,1174337899.5433888,1712167.432158556,248002932.9257119,0,0,9751997067.074287,4762636336.48071,1374360000,137436,191362.6824397143,201547.29000000004,3251.8784397142554,13436.485999999999,50.15003539011028,329.0,64495.13280000001,2739.72602739726,36389111.38619521
335,1,0,522302324808.04236,13468728000.0,1.0,888838661.1600899,1406329.4663269762,0.0012004251537465164,2054794.5205479453,3515981.735159817,688356164.3835628,1177853881.2785487,1718451.5763278403,249721384.50203973,0,0,9750278615.497961,4766488661.1600895,1377650000,137765,191809.91334907556,202030.91999999998,3247.7213490755894,13468.728,50.14790723923187,329.0,64649.8944,2739.72602739726,36451021.554567814
336,1,0,531729881770.82745,13500970000.0,1.0,889394714.1329517,1405450.2237722948,0.0012135826179602823,2054794.5205479453,3515981.735159817,690410958.9041108,1181369863.0137086,1724723.2828460066,251446107.78488573,0,0,9748553892.215115,4770334714.132952,1380940000,138094,192257.19803655418,202514.55000000002,3243.6180365541663,13500.97,50.145795045563865,329.0,64804.656,2739.72602739726,36513086.48454042
337,1,0,541327606136.79083,13533212000.0,1.0,889944507.9978188,1404581.9585001776,0.0012171936267715976,2054794.5205479453,3515981.735159817,692465753.4246588,1184885844.7488685,1730982.3908407479,253177090.17572647,0,0,9746822909.824274,4774174507.997819,1384230000,138423,192704.5361310906,202998.18000000005,3239.568131090536,13533.212,50.14369859726613,329.0,64959.41760000001,2739.72602739726,36575306.17611302
338,1,0,551098569427.5598,13565454000.0,1.0,890488055.5128053,1403724.6117582296,0.001222032667737056,2054794.5205479453,3515981.735159817,694520547.9452068,1188401826.4840283,1737228.7407213927,254914318.91644788,0,0,9745085681.083551,4778008055.512806,1387520000,138752,193151.92726540155,203481.81,3235.571265401566,13565.454,50.141617685401876,329.0,65114.1792,2739.72602739726,36637680.62928562
339,1,0,561045898605.7272,13597696000.0,1.0,891025369.5943259,1402878.125197675,0.0012367202324711636,2054794.5205479453,3515981.735159817,696575342.4657547,1191917808.2191882,1743462.1741872802,256657781.09063515,0,0,9743342218.909365,4781835369.594326,1390810000,139081,193599.37107593406,203965.44000000003,3231.62707593402,13597.696,50.139552103892484,329.0,65268.94080000001,2739.72602739726,36700209.84405822
340,1,0,571172777075.5605,13629938000.0,1.0,891556463.3157978,1402042.4408692685,0.0012568348098301698,2054794.5205479453,3515981.735159817,698630136.9863027,1195433789.954348,1749682.5342359259,258407463.62487108,0,0,9741592536.37513,4785656463.315798,1394100000,139410,194046.8672028188,204449.07,3227.735202818786,13629.938,50.137501649472526,329.0,65423.7024,2739.72602739726,36762893.82043082
341,1,0,581482445701.7744,13662180000.0,1.0,892081349.9063346,1401217.5012192545,0.001269148279315781,2054794.5205479453,3515981.735159817,700684931.5068507,1198949771.689508,1755889.665170997,260163353.29004207,0,0,9739836646.709957,4789471349.906335,1397390000,139739,194494.41528982576,204932.7,3223.895289825728,13662.18,50.135466121646246,329.0,65578.464,2739.72602739726,36825732.558403425
342,1,0,591978203846.6914,13694422000.0,1.0,892600042.7494324,1400403.2490853795,0.0012735301285725427,2054794.5205479453,3515981.735159817,702739726.0273987,1202465753.4246678,1762083.4126100722,261925436.70265216,0,0,9738074563.297348,4793280042.749433,1400680000,140068,194942.0149843192,205416.33000000002,3220.106984319158,13694.421999999999,50.133445322644256,329.0,65733.2256,2739.72602739726,36888726.05797602
343,1,0,602663410426.1241,13726664000.0,1.0,893112555.3816481,1399599.6276929502,0.0012877687008116315,2054794.5205479453,3515981.735159817,704794520.5479467,1205981735.1598277,1768263.623492217,263693700.32614437,0,0,9736306299.673855,4797082555.381648,1403970000,140397,195389.66593721395,205899.96000000002,3216.3699372139204,13726.663999999999,50.13143905738138,329.0,65887.9872,2739.72602739726,36951874.31914862
344,1,0,613541484984.3157,13758906000.0,1.0,893618901.4912705,1398806.5806509408,0.0012933461140603433,2054794.5205479453,3515981.735159817,706849315.0684947,1209497716.8949876,1774430.1460853356,265468130.4722297,0,0,9734531869.527771,4800878901.49127,1407260000,140726,195837.3678029321,206383.59,3212.6838029320793,13758.905999999999,50.12944713341496,329.0,66042.7488,2739.72602739726,37015177.341921225
345,1,0,624615908788.2825,13791148000.0,1.0,894119094.916985,1398024.051948148,0.0012991597833545605,2054794.5205479453,3515981.735159817,708904109.5890427,1213013698.6301475,1780582.8299933448,267248713.30222303,0,0,9732751286.697777,4804669094.916985,1410550000,141055,196285.12023936023,206867.22000000003,3209.04823936019,13791.148,50.12746936090412,329.0,66197.5104,2739.72602739726,37078635.12629382
346,1,0,635890225941.9109,13823390000.0,1.0,894613149.6465298,1397251.985949392,0.0013355124023075975,2054794.5205479453,3515981.735159817,710958904.1095906,1216529680.3653073,1786721.526163124,269035434.8283861,0,0,9730964565.171614,4808453149.64653,1413840000,141384,196732.92290780722,207350.85000000003,3205.462907807164,13823.39,50.12550555256955,329.0,66352.27200000001,2739.72602739726,37142247.67226642
347,1,0,647368044520.1624,13855632000.0,1.0,895101079.8153464,1396490.327391764,0.0013221767134560503,2054794.5205479453,3515981.735159817,713013698.6301386,1220045662.1004672,1792846.0868912812,270828280.9152774,0,0,9729171719.084723,4812231079.815346,1417130000,141713,197180.7754729627,207834.48,3201.927472962694,13855.632,50.12355552365414,329.0,66507.0336,2739.72602739726,37206014.97983903
348,1,0,659053037723.7512,13887874000.0,1.0,895582899.7052236,1395739.0213809193,0.0013474670176038127,2054794.5205479453,3515981.735159817,715068493.1506866,1223561643.835627,1798956.3658307067,272627237.28110814,0,0,9727372762.718891,4816002899.705223,1420420000,142042,197628.67760285627,208318.11000000004,3198.441602856255,13887.874,50.121619091884185,329.0,66661.79520000001,2739.72602739726,37269937.049011625
349,1,0,670948945054.6649,13920116000.0,1.0,896058623.7429345,1394998.013387415,0.0013577713960947727,2054794.5205479453,3515981.735159817,717123287.6712346,1227077625.570787,1805052.2179969307,274432289.4991051,0,0,9725567710.500895,4819768623.742934,1423710000,142371,198076.62896881663,208801.74,3195.004968816654,13920.116,50.11969607743133,329.0,66816.5568,2739.72602739726,37334013.87978423
350,1,0,683059573512.9016,13952358000.0,1.0,896538266.498868,1394251.6975672597,0.0013761723684402843,2054794.5205479453,3515981.735159817,719178082.1917826,1230593607.3059468,1811133.4997742788,276243422.9988794,0,0,9723756577.001122,4823528266.498868,1426990000,142699,198524.62924543215,209285.37000000002,3191.6172454321295,13952.358,50.1177863028752,328.0,66971.3184,2739.72602739726,37398245.47215683
351,1,0,695388798814.8094,13984502000.0,1.0,897011815.1467869,1393515.6470547772,0.0013812388373300383,2054794.5205479453,3515981.735159817,721232876.7123306,1234109589.0411067,1817227.6077889495,278060650.6066683,0,0,9721939349.393332,4827281815.146787,1430270000,143027,198971.2350680312,209767.53000000003,3188.207068031181,13984.501999999999,50.1158943891944,328.0,67125.60960000001,2739.72602739726,37462631.35572943
352,1,0,707940566633.4167,14016646000.0,1.0,897479284.450931,1392789.807694328,0.0014089047567562457,2054794.5205479453,3515981.735159817,723287671.2328786,1237625570.7762666,1823306.9515638407,279883957.5582321,0,0,9720116042.441769,4831029284.450932,1433550000,143355,199417.8895777103,210249.69000000003,3184.8455777102745,14016.645999999999,50.114015390035796,328.0,67279.9008,2739.72602739726,37527171.53050203
353,1,0,720718893861.1499,14048790000.0,1.0,897940689.3163478,1392074.1256883566,0.0014273914508966627,2054794.5205479453,3515981.735159817,725342465.7534266,1241141552.5114264,1829371.3902909497,281713328.9485231,0,0,9718286671.051477,4834770689.316348,1436830000,143683,199864.59245333142,210731.85000000003,3181.532453331401,14048.789999999999,50.11214913460952,328.0,67434.19200000001,2739.72602739726,37591865.99647463
354,1,0,733727869895.3436,14080934000.0,1.0,898396044.7875031,1391368.5475938586,0.0014207349885051127,2054794.5205479453,3515981.735159817,727397260.2739745,1244657534.2465863,1835420.7845526107,283548749.73307574,0,0,9716451250.266924,4838506044.787503,1440110000,144011,200311.34337692766,211214.01000000004,3178.267376927633,14080.934,50.11029545439881,328.0,67588.48320000002,2739.72602739726,37656714.75364723
355,1,0,746971657946.9545,14113078000.0,1.0,898845366.0468842,1390673.0203188863,0.0014466457398923753,2054794.5205479453,3515981.735159817,729452054.7945225,1248173515.9817462,1841454.996326802,285390204.72940254,0,0,9714609795.270597,4842235366.046885,1443390000,144339,200758.1420336649,211696.16999999998,3175.0500336648984,14113.078,50.10845418312544,328.0,67742.7744,2739.72602739726,37721717.802019835
356,1,0,760454496372.897,14145222000.0,1.0,899288668.4135997,1389987.4911190995,0.001450560265079604,2054794.5205479453,3515981.735159817,731506849.3150705,1251689497.716906,1847473.8889922542,287237678.6183948,0,0,9712762321.381605,4845958668.4136,1446670000,144667,201204.98811180427,212178.33000000002,3171.880111804267,14145.222,50.10662515671596,328.0,67897.0656,2739.72602739726,37786875.141592436
357,1,0,774180700032.4277,14177366000.0,1.0,899725967.3419743,1389311.9075943558,0.001472214165927102,2054794.5205479453,3515981.735159817,733561643.8356185,1255205479.452066,1853477.3273333537,289091155.9457281,0,0,9710908844.054272,4849675967.341974,1449950000,144995,201651.88130266473,212660.49,3168.757302664746,14177.366,50.10480821326823,328.0,68051.3568,2739.72602739726,37852186.77236503
358,1,0,788154661668.013,14209510000.0,1.0,900157278.4201373,1388646.2176853425,0.0014831640126181656,2054794.5205479453,3515981.735159817,735616438.3561665,1258721461.1872258,1859465.1775448597,290950621.12327296,0,0,9709049378.876726,4853387278.420137,1453230000,145323,202098.82130058657,213142.65000000002,3165.681300586568,14209.51,50.10300319301886,328.0,68205.648,2739.72602739726,37917652.694337636
359,1,0,802380853311.1205,14241654000.0,1.0,900582617.3686087,1387990.369670249,0.0014996235679974853,2054794.5205479453,3515981.735159817,737671232.8767145,1262237442.9223857,1865437.3072364114,292816058.4305094,0,0,9707183941.56949,4857092617.368608,1456510000,145651,202545.80780289497,213624.81,3162.6518028949754,14241.653999999999,50.10120993831087,328.0,68359.93920000001,2739.72602739726,37983272.907510236
360,1,0,816863827713.3861,14273798000.0,1.0,901002000.0388798,1387344.3121614782,0.001503491857118947,2054794.5205479453,3515981.735159817,739726027.3972625,1265753424.6575456,1871393.585436848,294687452.0159462,0,0,9705312547.984055,4860792000.038879,1459790000,145979,202992.8405098645,214106.97000000003,3159.668509864482,14273.797999999999,50.099428293562276,328.0,68514.2304,2739.72602739726,38049047.41188284
361,1,0,831608219803.6127,14305942000.0,1.0,901415442.4119893,1386707.9941023989,0.0015329182228508817,2054794.5205479453,3515981.735159817,741780821.9178104,1269269406.3927054,1877333.8825983268,296564785.89854455,0,0,9703435214.101456,4864485442.411989,1463070000,146307,203439.9191246836,214589.13,3156.731124683616,14305.942,50.09765810523472,328.0,68668.52160000001,2739.72602739726,38114976.20745544
362,1,0,846618748171.0677,14338086000.0,1.0,901822960.5970969,1386081.3647641344,0.0015628074555377165,2054794.5205479453,3515981.735159817,743835616.4383584,1272785388.1278653,1883258.0706002454,298448043.9691448,0,0,9701551956.030855,4868172960.597097,1466350000,146635,203887.04335342016,215071.29000000004,3153.839353420126,14338.086,50.09589922180319,328.0,68822.8128,2739.72602739726,38181059.29422804
363,1,0,861900216575.5554,14370230000.0,1.0,902224570.8300518,1385464.3737423925,0.0015539547537024158,2054794.5205479453,3515981.735159817,745890410.9589064,1276301369.8630252,1889166.0227529756,300337209.9918978,0,0,9699662790.008102,4871854570.830051,1469630000,146963,204334.21290498666,215553.45,3150.992904986652,14370.23,50.09415149372573,328.0,68977.104,2739.72602739726,38247296.67220064
364,1,0,877457515484.7441,14402374000.0,1.0,902620289.4719583,1384856.97095433,0.0015934978311026664,2054794.5205479453,3515981.735159817,747945205.4794544,1279817351.598185,1895057.613801396,302232267.60569924,0,0,9697767732.3943,4875530289.471958,1472910000,147291,204781.42749110688,216035.61000000004,3148.191491106848,14402.374,50.092414773414106,328.0,69131.39520000001,2739.72602739726,38313688.34137324
365,1,0,893295623639.2437,14434518000.0,1.0,903010133.0077379,1384259.1066354576,0.0015958107164753955,2054794.5205479453,3515981.735159817,750000000.0000024,1283333333.333345,1900932.7199282334,304133200.32562745,0,0,9695866799.674372,4879200133.007738,1476190000,147619,205228.68682628198,216517.77000000002,3145.434826281955,14434.518,50.09068891520464,328.0,69285.6864,2739.72602739726,38380234.30174585
