node_amount,node_network_revenue,node_incentive_revenue,node_profit,node_expenditures,node_apr,node_change_amount,network_resource_demand,network_resource_provision,network_resource_provision_max,network_resource_demand_supply_ratio,network_revenue,buyback_and_burn_revenue,foundation_revenue,foundation_expenditures,foundation_cash_reserves,token_circulating_supply,token_total_supply,token_burned_supply,token_burned_supply_cum,token_minted_supply,token_minted_supply_cum,token_staked_supply,token_incentives_vested,token_incentives_vested_cum,token_seller_vested,token_seller_vested_cum,emission_cap_utilization,dex_tokens,dex_usdc,dex_token_price,node_apr_error_cum,step_cost_data,simulation,subset,run,substep,timestep
15000,0.0,0.0,0.0,0.0,0.0,0.0,0.0,0.0,0,0.0,0.0,0.0,0.0,0.0,25000000.0,0.05,10000000000.0,0.0,0.0,0,0,150000000,0.0,0.0,0.0,0.0,0,500000000.0,2500000.0,0.005,0.0,{},0,0,1,0,0
15000,0.0,0.0,0.0,0.0,0.0,0.0,1200000000.0,0.0,0,0.0,0.0,0.0,0.0,0.0,25000000.0,0.05,10000000000.0,0.0,0.0,0,0,150000000,0.0,0.0,0.0,0.0,0,500000000.0,2500000.0,0.005,0.0,{},0,0,1,1,1
15000,0.0,0.0,0.0,0.0,0.0,0.0,1200000000.0,0.0,0,0.0,0.0,0.0,0.0,0.0,25000000.0,0.05,10000000000.0,0.0,0.0,0,0,150000000,2054794.5205479453,2054794.5205479453,3515981.735159817,3515981.735159817,0,500000000.0,2500000.0,0.005,0.0,{},0,0,1,2,1
15000,0.0,0.0,0.0,0.0,0.0,0.0,1200000000.0,1470000000.0,0,0.8163265306122449,0.0,0.0,0.0,0.0,25000000.0,0.05,10000000000.0,0.0,0.0,0,0,150000000,2054794.5205479453,2054794.5205479453,3515981.735159817,3515981.735159817,0,500000000.0,2500000.0,0.005,0.0,{},0,0,1,3,1
15000,18000.000000000004,0.0,0.0,0.0,0.0,0.0,1200000000.0,1470000000.0,0,0.8163265306122449,24000.000000000004,240.00000000000003,5760.000000000001,0.0,25000000.0,0.05,10000000000.0,0.0,0.0,0,0,150000000,2054794.5205479453,2054794.5205479453,3515981.735159817,3515981.735159817,0,500000000.0,2500000.0,0.005,0.0,{},0,0,1,4,1
15000,18000.000000000004,10231.923601637109,26761.923601637114,1470.0,62.03178557504875,0.0,1200000000.0,1470000000.0,0,0.8163265306122449,24000.000000000004,240.00000000000003,5760.000000000001,0.0,25000000.0,0.05,10000000000.0,0.0,0.0,0,0,150000000,2054794.5205479453,2054794.5205479453,3515981.735159817,3515981.735159817,0,502054794.5205479,2489768.076398363,0.004979536152796726,0.0,{},0,0,1,5,1
15000,18000.000000000004,10231.923601637109,26761.923601637114,1470.0,62.03178557504875,0.0,1200000000.0,1470000000.0,0,0.8163265306122449,24000.000000000004,240.00000000000003,5760.000000000001,2739.72602739726,25003020.273972604,0.05,10000000000.0,0.0,0.0,0,0,150000000,2054794.5205479453,2054794.5205479453,3515981.735159817,3515981.735159817,0,502054794.5205479,2489768.076398363,0.004979536152796726,0.0,{},0,0,1,6,1
15000,18000.000000000004,10231.923601637109,26761.923601637114,1470.0,62.03178557504875,0.0,1200000000.0,1470000000.0,0,0.8163265306122449,24000.000000000004,240.00000000000003,5760.000000000001,2739.72602739726,25003020.273972604,0.05,10000000000.0,0.0,0.0,0,0,150000000,2054794.5205479453,2054794.5205479453,3515981.735159817,3515981.735159817,0,505570776.25570774,2472453.034682081,0.004924667708916559,0.0,{},0,0,1,7,1
15000,18000.000000000004,10231.923601637109,26761.923601637114,1470.0,62.03178557504875,0.0,1200000000.0,1470000000.0,0,0.8163265306122449,24000.000000000004,240.00000000000003,5760.000000000001,2739.72602739726,25003020.273972604,0.05,10000000000.0,49070.784201473034,49070.784201473034,0,0,150000000,2054794.5205479453,2054794.5205479453,3515981.735159817,3515981.735159817,0,505521705.47150624,2472693.034682081,0.004890893917949564,0.0,{},0,0,1,8,1
15000,18000.000000000004,10231.923601637109,26761.923601637114,1470.0,62.03178557504875,0.0,1200000000.0,1470000000.0,0,0.8163265306122449,24000.000000000004,240.00000000000003,5760.000000000001,2739.72602739726,25003020.273972604,0.05,10000000000.0,49070.784201473034,49070.784201473034,0,0,150000000,2054794.5205479453,2054794.5205479453,3515981.735159817,3515981.735159817,0,505521705.47150624,2472693.034682081,0.004890893917949564,0.0,{},0,0,1,9,1
15000,18000.000000000004,10231.923601637109,26761.923601637114,1470.0,62.03178557504875,0.0,1200000000.0,1470000000.0,0,0.8163265306122449,24000.000000000004,240.00000000000003,5760.000000000001,2739.72602739726,25003020.273972604,3155521705.471506,9999950929.2158,49070.784201473034,49070.784201473034,0,0,150000000,2054794.5205479453,2054794.5205479453,3515981.735159817,3515981.735159817,0,505521705.47150624,2472693.034682081,0.004890893917949564,0.0,{},0,0,1,10,1
15000,18000.000000000004,10231.923601637109,26761.923601637114,1470.0,62.03178557504875,0.0,1200000000.0,1470000000.0,0,0.8163265306122449,24000.000000000004,240.00000000000003,5760.000000000001,2739.72602739726,25003020.273972604,3155521705.471506,9999950929.2158,49070.784201473034,49070.784201473034,0,0,150000000,2054794.5205479453,2054794.5205479453,3515981.735159817,3515981.735159817,0,505521705.47150624,2472693.034682081,0.004890893917949564,0.0,"{'total_cost': 1.7750515900718553, 'price_stability_cost': 1.0, 'utilization_efficiency_cost': 0.0015694152811184462, 'foundation_sustainability_cost': 0.0, 'node_profitability_cost': 9.831061575010505, 'decentralization_cost': 0.0}",0,0,1,11,1
15000,18000.000000000004,10231.923601637109,26761.923601637114,1470.0,62.03178557504875,0.0,1200240000.0,1470000000.0,0,0.8163265306122449,24000.000000000004,240.00000000000003,5760.000000000001,2739.72602739726,25003020.273972604,3155521705.471506,9999950929.2158,49070.784201473034,49070.784201473034,0,0,150000000,2054794.5205479453,2054794.5205479453,3515981.735159817,3515981.735159817,0,505521705.47150624,2472693.034682081,0.004890893917949564,0.0,"{'total_cost': 1.7750515900718553, 'price_stability_cost': 1.0, 'utilization_efficiency_cost': 0.0015694152811184462, 'foundation_sustainability_cost': 0.0, 'node_profitability_cost': 9.831061575010505, 'decentralization_cost': 0.0}",0,0,1,1,2
15000,18000.000000000004,10231.923601637109,26761.923601637114,1470.0,62.03178557504875,0.0,1200240000.0,1470000000.0,0,0.8163265306122449,24000.000000000004,240.00000000000003,5760.000000000001,2739.72602739726,25003020.273972604,3155521705.471506,9999950929.2158,49070.784201473034,49070.784201473034,0,0,150000000,2054794.5205479453,4109589.0410958906,3515981.735159817,7031963.470319634,0,505521705.47150624,2472693.034682081,0.004890893917949564,0.0,"{'total_cost': 1.7750515900718553, 'price_stability_cost': 1.0, 'utilization_efficiency_cost': 0.0015694152811184462, 'foundation_sustainability_cost': 0.0, 'node_profitability_cost': 9.831061575010505, 'decentralization_cost': 0.0}",0,0,1,2,2
15000,18000.000000000004,10231.923601637109,26761.923601637114,1470.0,62.03178557504875,0.0,1200240000.0,1470000000.0,0,0.8164897959183673,24000.000000000004,240.00000000000003,5760.000000000001,2739.72602739726,25003020.273972604,3155521705.471506,9999950929.2158,49070.784201473034,49070.784201473034,0,0,150000000,2054794.5205479453,4109589.0410958906,3515981.735159817,7031963.470319634,0,505521705.47150624,2472693.034682081,0.004890893917949564,0.0,"{'total_cost': 1.7750515900718553, 'price_stability_cost': 1.0, 'utilization_efficiency_cost': 0.0015694152811184462, 'foundation_sustainability_cost': 0.0, 'node_profitability_cost': 9.831061575010505, 'decentralization_cost': 0.0}",0,0,1,3,2
15000,18003.600000000002,10231.923601637109,26761.923601637114,1470.0,62.03178557504875,0.0,1200240000.0,1470000000.0,0,0.8164897959183673,24004.800000000003,240.04800000000003,5761.152,2739.72602739726,25003020.273972604,3155521705.471506,9999950929.2158,49070.784201473034,49070.784201473034,0,0,150000000,2054794.5205479453,4109589.0410958906,3515981.735159817,7031963.470319634,0,505521705.47150624,2472693.034682081,0.004890893917949564,0.0,"{'total_cost': 1.7750515900718553, 'price_stability_cost': 1.0, 'utilization_efficiency_cost': 0.0015694152811184462, 'foundation_sustainability_cost': 0.0, 'node_profitability_cost': 9.831061575010505, 'decentralization_cost': 0.0}",0,0,1,4,2
15000,18003.600000000002,10010.069612642328,26543.66961264233,1470.0,61.58923507567794,0.0,1200240000.0,1470000000.0,0,0.8164897959183673,24004.800000000003,240.04800000000003,5761.152,2739.72602739726,25003020.273972604,3155521705.471506,9999950929.2158,49070.784201473034,49070.784201473034,0,0,150000000,2054794.5205479453,4109589.0410958906,3515981.735159817,7031963.470319634,0,507576499.99205416,2462682.965069439,0.004871567211485933,0.0,"{'total_cost': 1.7750515900718553, 'price_stability_cost': 1.0, 'utilization_efficiency_cost': 0.0015694152811184462, 'foundation_sustainability_cost': 0.0, 'node_profitability_cost': 9.831061575010505, 'decentralization_cost': 0.0}",0,0,1,5,2
15000,18003.600000000002,10010.069612642328,26543.66961264233,1470.0,61.58923507567794,0.0,1200240000.0,1470000000.0,0,0.8164897959183673,24004.800000000003,240.04800000000003,5761.152,2739.72602739726,25006041.699945208,3155521705.471506,9999950929.2158,49070.784201473034,49070.784201473034,0,0,150000000,2054794.5205479453,4109589.0410958906,3515981.735159817,7031963.470319634,0,507576499.99205416,2462682.965069439,0.004871567211485933,0.0,"{'total_cost': 1.7750515900718553, 'price_stability_cost': 1.0, 'utilization_efficiency_cost': 0.0015694152811184462, 'foundation_sustainability_cost': 0.0, 'node_profitability_cost': 9.831061575010505, 'decentralization_cost': 0.0}",0,0,1,6,2
15000,18003.600000000002,10010.069612642328,26543.66961264233,1470.0,61.58923507567794,0.0,1200240000.0,1470000000.0,0,0.8164897959183673,24004.800000000003,240.04800000000003,5761.152,2739.72602739726,25006041.699945208,3155521705.471506,9999950929.2158,49070.784201473034,49070.784201473034,0,0,150000000,2054794.5205479453,4109589.0410958906,3515981.735159817,7031963.470319634,0,511092481.727214,2445741.318235951,0.00481846838510892,0.0,"{'total_cost': 1.7750515900718553, 'price_stability_cost': 1.0, 'utilization_efficiency_cost': 0.0015694152811184462, 'foundation_sustainability_cost': 0.0, 'node_profitability_cost': 9.831061575010505, 'decentralization_cost': 0.0}",0,0,1,7,2
15000,18003.600000000002,10010.069612642328,26543.66961264233,1470.0,61.58923507567794,0.0,1200240000.0,1470000000.0,0,0.8164897959183673,24004.800000000003,240.04800000000003,5761.152,2739.72602739726,25006041.699945208,3155521705.471506,9999950929.2158,50158.48842808369,99229.27262955673,0,0,150000000,2054794.5205479453,4109589.0410958906,3515981.735159817,7031963.470319634,0,511042323.2387859,2445981.366235951,0.0047857901528307895,0.0,"{'total_cost': 1.7750515900718553, 'price_stability_cost': 1.0, 'utilization_efficiency_cost': 0.0015694152811184462, 'foundation_sustainability_cost': 0.0, 'node_profitability_cost': 9.831061575010505, 'decentralization_cost': 0.0}",0,0,1,8,2
15697,18003.600000000002,10010.069612642328,26543.66961264233,1470.0,61.58923507567794,697.0,1200240000.0,1470000000.0,0,0.8164897959183673,24004.800000000003,240.04800000000003,5761.152,2739.72602739726,25006041.699945208,3155521705.471506,9999950929.2158,50158.48842808369,99229.27262955673,0,0,156970000,2054794.5205479453,4109589.0410958906,3515981.735159817,7031963.470319634,0,504072323.2387859,2479802.882190495,0.0048524413134209245,0.018673827728109067,"{'total_cost': 1.7750515900718553, 'price_stability_cost': 1.0, 'utilization_efficiency_cost': 0.0015694152811184462, 'foundation_sustainability_cost': 0.0, 'node_profitability_cost': 9.831061575010505, 'decentralization_cost': 0.0}",0,0,1,9,2
15697,18003.600000000002,10010.069612642328,26543.66961264233,1470.0,61.58923507567794,697.0,1200240000.0,1470000000.0,0,0.8164897959183673,24004.800000000003,240.04800000000003,5761.152,2739.72602739726,25006041.699945208,3161042323.2387857,9999900770.727371,50158.48842808369,99229.27262955673,0,0,156970000,2054794.5205479453,4109589.0410958906,3515981.735159817,7031963.470319634,0,504072323.2387859,2479802.882190495,0.0048524413134209245,0.018673827728109067,"{'total_cost': 1.7750515900718553, 'price_stability_cost': 1.0, 'utilization_efficiency_cost': 0.0015694152811184462, 'foundation_sustainability_cost': 0.0, 'node_profitability_cost': 9.831061575010505, 'decentralization_cost': 0.0}",0,0,1,10,2
15697,18003.600000000002,10010.069612642328,26543.66961264233,1470.0,61.58923507567794,697.0,1200240000.0,1470000000.0,0,0.8164897959183673,24004.800000000003,240.04800000000003,5761.152,2739.72602739726,25006041.699945208,3161042323.2387857,9999900770.727371,50158.48842808369,99229.27262955673,0,0,156970000,2054794.5205479453,4109589.0410958906,3515981.735159817,7031963.470319634,0,504072323.2387859,2479802.882190495,0.0048524413134209245,0.018673827728109067,"{'total_cost': 280.7372606504832, 'price_stability_cost': 930.966114029305, 'utilization_efficiency_cost': 0.0015542336022043852, 'foundation_sustainability_cost': 0.0, 'node_profitability_cost': 9.646919221941245, 'decentralization_cost': 0.0}",0,0,1,11,2
15697,18003.600000000002,10010.069612642328,26543.66961264233,1470.0,61.58923507567794,697.0,1200480048.0,1470000000.0,0,0.8164897959183673,24004.800000000003,240.04800000000003,5761.152,2739.72602739726,25006041.699945208,3161042323.2387857,9999900770.727371,50158.48842808369,99229.27262955673,0,0,156970000,2054794.5205479453,4109589.0410958906,3515981.735159817,7031963.470319634,0,504072323.2387859,2479802.882190495,0.0048524413134209245,0.018673827728109067,"{'total_cost': 280.7372606504832, 'price_stability_cost': 930.966114029305, 'utilization_efficiency_cost': 0.0015542336022043852, 'foundation_sustainability_cost': 0.0, 'node_profitability_cost': 9.646919221941245, 'decentralization_cost': 0.0}",0,0,1,1,3
15697,18003.600000000002,10010.069612642328,26543.66961264233,1470.0,61.58923507567794,697.0,1200480048.0,1470000000.0,0,0.8164897959183673,24004.800000000003,240.04800000000003,5761.152,2739.72602739726,25006041.699945208,3161042323.2387857,9999900770.727371,50158.48842808369,99229.27262955673,0,0,156970000,2054794.5205479453,6164383.561643836,3515981.735159817,10547945.20547945,0,504072323.2387859,2479802.882190495,0.0048524413134209245,0.018673827728109067,"{'total_cost': 280.7372606504832, 'price_stability_cost': 930.966114029305, 'utilization_efficiency_cost': 0.0015542336022043852, 'foundation_sustainability_cost': 0.0, 'node_profitability_cost': 9.646919221941245, 'decentralization_cost': 0.0}",0,0,1,2,3
15697,18003.600000000002,10010.069612642328,26543.66961264233,1470.0,61.58923507567794,697.0,1200480048.0,1538306000.0,0,0.7803909287228938,24004.800000000003,240.04800000000003,5761.152,2739.72602739726,25006041.699945208,3161042323.2387857,9999900770.727371,50158.48842808369,99229.27262955673,0,0,156970000,2054794.5205479453,6164383.561643836,3515981.735159817,10547945.20547945,0,504072323.2387859,2479802.882190495,0.0048524413134209245,0.018673827728109067,"{'total_cost': 280.7372606504832, 'price_stability_cost': 930.966114029305, 'utilization_efficiency_cost': 0.0015542336022043852, 'foundation_sustainability_cost': 0.0, 'node_profitability_cost': 9.646919221941245, 'decentralization_cost': 0.0}",0,0,1,3,3
15697,18007.20072,10010.069612642328,26543.66961264233,1470.0,61.58923507567794,697.0,1200480048.0,1538306000.0,0,0.7803909287228938,24009.600960000003,240.09600960000003,5762.304230400001,2739.72602739726,25006041.699945208,3161042323.2387857,9999900770.727371,50158.48842808369,99229.27262955673,0,0,156970000,2054794.5205479453,6164383.561643836,3515981.735159817,10547945.20547945,0,504072323.2387859,2479802.882190495,0.0048524413134209245,0.018673827728109067,"{'total_cost': 280.7372606504832, 'price_stability_cost': 930.966114029305, 'utilization_efficiency_cost': 0.0015542336022043852, 'foundation_sustainability_cost': 0.0, 'node_profitability_cost': 9.646919221941245, 'decentralization_cost': 0.0}",0,0,1,4,3
15697,18007.20072,10067.600007132913,26536.49472713291,1538.306,58.82285139519164,697.0,1200480048.0,1538306000.0,0,0.7803909287228938,24009.600960000003,240.09600960000003,5762.304230400001,2739.72602739726,25006041.699945208,3161042323.2387857,9999900770.727371,50158.48842808369,99229.27262955673,0,0,156970000,2054794.5205479453,6164383.561643836,3515981.735159817,10547945.20547945,0,506127117.75933385,2469735.2821833617,0.004899565336804684,0.018673827728109067,"{'total_cost': 280.7372606504832, 'price_stability_cost': 930.966114029305, 'utilization_efficiency_cost': 0.0015542336022043852, 'foundation_sustainability_cost': 0.0, 'node_profitability_cost': 9.646919221941245, 'decentralization_cost': 0.0}",0,0,1,5,3
15697,18007.20072,10067.600007132913,26536.49472713291,1538.306,58.82285139519164,697.0,1200480048.0,1538306000.0,0,0.7803909287228938,24009.600960000003,240.09600960000003,5762.304230400001,2739.72602739726,25009064.27814821,3161042323.2387857,9999900770.727371,50158.48842808369,99229.27262955673,0,0,156970000,2054794.5205479453,6164383.561643836,3515981.735159817,10547945.20547945,0,506127117.75933385,2469735.2821833617,0.004899565336804684,0.018673827728109067,"{'total_cost': 280.7372606504832, 'price_stability_cost': 930.966114029305, 'utilization_efficiency_cost': 0.0015542336022043852, 'foundation_sustainability_cost': 0.0, 'node_profitability_cost': 9.646919221941245, 'decentralization_cost': 0.0}",0,0,1,6,3
15697,18007.20072,10067.600007132913,26536.49472713291,1538.306,58.82285139519164,697.0,1200480048.0,1538306000.0,0,0.7803909287228938,24009.600960000003,240.09600960000003,5762.304230400001,2739.72602739726,25009064.27814821,3161042323.2387857,9999900770.727371,50158.48842808369,99229.27262955673,0,0,156970000,2054794.5205479453,6164383.561643836,3515981.735159817,10547945.20547945,0,509643099.49449366,2452696.8014280065,0.004846009461588021,0.018673827728109067,"{'total_cost': 280.7372606504832, 'price_stability_cost': 930.966114029305, 'utilization_efficiency_cost': 0.0015542336022043852, 'foundation_sustainability_cost': 0.0, 'node_profitability_cost': 9.646919221941245, 'decentralization_cost': 0.0}",0,0,1,7,3
15697,18007.20072,10067.600007132913,26536.49472713291,1538.306,58.82285139519164,697.0,1200480048.0,1538306000.0,0,0.7803909287228938,24009.600960000003,240.09600960000003,5762.304230400001,2739.72602739726,25009064.27814821,3161042323.2387857,9999900770.727371,49884.395573578426,149113.66820313514,0,0,156970000,2054794.5205479453,6164383.561643836,3515981.735159817,10547945.20547945,0,509593215.0989201,2452936.8974376065,0.004813048385959964,0.018673827728109067,"{'total_cost': 280.7372606504832, 'price_stability_cost': 930.966114029305, 'utilization_efficiency_cost': 0.0015542336022043852, 'foundation_sustainability_cost': 0.0, 'node_profitability_cost': 9.646919221941245, 'decentralization_cost': 0.0}",0,0,1,8,3
16293,18007.20072,10067.600007132913,26536.49472713291,1538.306,58.82285139519164,596.0,1200480048.0,1538306000.0,0,0.7803909287228938,24009.600960000003,240.09600960000003,5762.304230400001,2739.72602739726,25009064.27814821,3161042323.2387857,9999900770.727371,49884.395573578426,149113.66820313514,0,0,162930000,2054794.5205479453,6164383.561643836,3515981.735159817,10547945.20547945,0,503633215.0989201,2481964.974757441,0.0048704827717842595,0.04052725583905503,"{'total_cost': 280.7372606504832, 'price_stability_cost': 930.966114029305, 'utilization_efficiency_cost': 0.0015542336022043852, 'foundation_sustainability_cost': 0.0, 'node_profitability_cost': 9.646919221941245, 'decentralization_cost': 0.0}",0,0,1,9,3
16293,18007.20072,10067.600007132913,26536.49472713291,1538.306,58.82285139519164,596.0,1200480048.0,1538306000.0,0,0.7803909287228938,24009.600960000003,240.09600960000003,5762.304230400001,2739.72602739726,25009064.27814821,3166563215.09892,9999850886.331797,49884.395573578426,149113.66820313514,0,0,162930000,2054794.5205479453,6164383.561643836,3515981.735159817,10547945.20547945,0,503633215.0989201,2481964.974757441,0.0048704827717842595,0.04052725583905503,"{'total_cost': 280.7372606504832, 'price_stability_cost': 930.966114029305, 'utilization_efficiency_cost': 0.0015542336022043852, 'foundation_sustainability_cost': 0.0, 'node_profitability_cost': 9.646919221941245, 'decentralization_cost': 0.0}",0,0,1,10,3
16293,18007.20072,10067.600007132913,26536.49472713291,1538.306,58.82285139519164,596.0,1200480048.0,1538306000.0,0,0.7803909287228938,24009.600960000003,240.09600960000003,5762.304230400001,2739.72602739726,25009064.27814821,3166563215.09892,9999850886.331797,49884.395573578426,149113.66820313514,0,0,162930000,2054794.5205479453,6164383.561643836,3515981.735159817,10547945.20547945,0,503633215.0989201,2481964.974757441,0.0048704827717842595,0.04052725583905503,"{'total_cost': 9.310867757835993, 'price_stability_cost': 26.76298757115136, 'utilization_efficiency_cost': 0.006706467548873694, 'foundation_sustainability_cost': 0.0, 'node_profitability_cost': 8.535299130689113, 'decentralization_cost': 0.0}",0,0,1,11,3
16293,18007.20072,10067.600007132913,26536.49472713291,1538.306,58.82285139519164,596.0,1200720144.0096,1538306000.0,0,0.7803909287228938,24009.600960000003,240.09600960000003,5762.304230400001,2739.72602739726,25009064.27814821,3166563215.09892,9999850886.331797,49884.395573578426,149113.66820313514,0,0,162930000,2054794.5205479453,6164383.561643836,3515981.735159817,10547945.20547945,0,503633215.0989201,2481964.974757441,0.0048704827717842595,0.04052725583905503,"{'total_cost': 9.310867757835993, 'price_stability_cost': 26.76298757115136, 'utilization_efficiency_cost': 0.006706467548873694, 'foundation_sustainability_cost': 0.0, 'node_profitability_cost': 8.535299130689113, 'decentralization_cost': 0.0}",0,0,1,1,4
16293,18007.20072,10067.600007132913,26536.49472713291,1538.306,58.82285139519164,596.0,1200720144.0096,1538306000.0,0,0.7803909287228938,24009.600960000003,240.09600960000003,5762.304230400001,2739.72602739726,25009064.27814821,3166563215.09892,9999850886.331797,49884.395573578426,149113.66820313514,0,0,162930000,2054794.5205479453,8219178.082191781,3515981.735159817,14063926.940639269,0,503633215.0989201,2481964.974757441,0.0048704827717842595,0.04052725583905503,"{'total_cost': 9.310867757835993, 'price_stability_cost': 26.76298757115136, 'utilization_efficiency_cost': 0.006706467548873694, 'foundation_sustainability_cost': 0.0, 'node_profitability_cost': 8.535299130689113, 'decentralization_cost': 0.0}",0,0,1,2,4
16293,18007.20072,10067.600007132913,26536.49472713291,1538.306,58.82285139519164,596.0,1200720144.0096,1596714000.0,0,0.751994498707721,24009.600960000003,240.09600960000003,5762.304230400001,2739.72602739726,25009064.27814821,3166563215.09892,9999850886.331797,49884.395573578426,149113.66820313514,0,0,162930000,2054794.5205479453,8219178.082191781,3515981.735159817,14063926.940639269,0,503633215.0989201,2481964.974757441,0.0048704827717842595,0.04052725583905503,"{'total_cost': 9.310867757835993, 'price_stability_cost': 26.76298757115136, 'utilization_efficiency_cost': 0.006706467548873694, 'foundation_sustainability_cost': 0.0, 'node_profitability_cost': 8.535299130689113, 'decentralization_cost': 0.0}",0,0,1,3,4
16293,18010.802160143998,10067.600007132913,26536.49472713291,1538.306,58.82285139519164,596.0,1200720144.0096,1596714000.0,0,0.751994498707721,24014.402880192,240.14402880192,5763.45669124608,2739.72602739726,25009064.27814821,3166563215.09892,9999850886.331797,49884.395573578426,149113.66820313514,0,0,162930000,2054794.5205479453,8219178.082191781,3515981.735159817,14063926.940639269,0,503633215.0989201,2481964.974757441,0.0048704827717842595,0.04052725583905503,"{'total_cost': 9.310867757835993, 'price_stability_cost': 26.76298757115136, 'utilization_efficiency_cost': 0.006706467548873694, 'foundation_sustainability_cost': 0.0, 'node_profitability_cost': 8.535299130689113, 'decentralization_cost': 0.0}",0,0,1,4,4
16293,18010.802160143998,10085.127456672786,26499.215616816786,1596.714,56.58688968856128,596.0,1200720144.0096,1596714000.0,0,0.751994498707721,24014.402880192,240.14402880192,5763.45669124608,2739.72602739726,25009064.27814821,3166563215.09892,9999850886.331797,49884.395573578426,149113.66820313514,0,0,162930000,2054794.5205479453,8219178.082191781,3515981.735159817,14063926.940639269,0,505688009.61946803,2471879.847300768,0.0049080953622474225,0.04052725583905503,"{'total_cost': 9.310867757835993, 'price_stability_cost': 26.76298757115136, 'utilization_efficiency_cost': 0.006706467548873694, 'foundation_sustainability_cost': 0.0, 'node_profitability_cost': 8.535299130689113, 'decentralization_cost': 0.0}",0,0,1,5,4
16293,18010.802160143998,10085.127456672786,26499.215616816786,1596.714,56.58688968856128,596.0,1200720144.0096,1596714000.0,0,0.751994498707721,24014.402880192,240.14402880192,5763.45669124608,2739.72602739726,25012088.008812062,3166563215.09892,9999850886.331797,49884.395573578426,149113.66820313514,0,0,162930000,2054794.5205479453,8219178.082191781,3515981.735159817,14063926.940639269,0,505688009.61946803,2471879.847300768,0.0049080953622474225,0.04052725583905503,"{'total_cost': 9.310867757835993, 'price_stability_cost': 26.76298757115136, 'utilization_efficiency_cost': 0.006706467548873694, 'foundation_sustainability_cost': 0.0, 'node_profitability_cost': 8.535299130689113, 'decentralization_cost': 0.0}",0,0,1,6,4
16293,18010.802160143998,10085.127456672786,26499.215616816786,1596.714,56.58688968856128,596.0,1200720144.0096,1596714000.0,0,0.751994498707721,24014.402880192,240.14402880192,5763.45669124608,2739.72602739726,25012088.008812062,3166563215.09892,9999850886.331797,49884.395573578426,149113.66820313514,0,0,162930000,2054794.5205479453,8219178.082191781,3515981.735159817,14063926.940639269,0,509203991.35462785,2454811.8656231333,0.004854399983638899,0.04052725583905503,"{'total_cost': 9.310867757835993, 'price_stability_cost': 26.76298757115136, 'utilization_efficiency_cost': 0.006706467548873694, 'foundation_sustainability_cost': 0.0, 'node_profitability_cost': 8.535299130689113, 'decentralization_cost': 0.0}",0,0,1,7,4
16293,18010.802160143998,10085.127456672786,26499.215616816786,1596.714,56.58688968856128,596.0,1200720144.0096,1596714000.0,0,0.751994498707721,24014.402880192,240.14402880192,5763.45669124608,2739.72602739726,25012088.008812062,3166563215.09892,9999850886.331797,49808.43480511638,198922.10300825152,0,0,162930000,2054794.5205479453,8219178.082191781,3515981.735159817,14063926.940639269,0,509154182.91982275,2455052.009651935,0.004821352643212392,0.04052725583905503,"{'total_cost': 9.310867757835993, 'price_stability_cost': 26.76298757115136, 'utilization_efficiency_cost': 0.006706467548873694, 'foundation_sustainability_cost': 0.0, 'node_profitability_cost': 8.535299130689113, 'decentralization_cost': 0.0}",0,0,1,8,4
16812,18010.802160143998,10085.127456672786,26499.215616816786,1596.714,56.58688968856128,519.0,1200720144.0096,1596714000.0,0,0.751994498707721,24014.402880192,240.14402880192,5763.45669124608,2739.72602739726,25012088.008812062,3166563215.09892,9999850886.331797,49808.43480511638,198922.10300825152,0,0,168120000,2054794.5205479453,8219178.082191781,3515981.735159817,14063926.940639269,0,503964182.91982275,2480334.9967409614,0.0048714811346871395,0.06558409476753571,"{'total_cost': 9.310867757835993, 'price_stability_cost': 26.76298757115136, 'utilization_efficiency_cost': 0.006706467548873694, 'foundation_sustainability_cost': 0.0, 'node_profitability_cost': 8.535299130689113, 'decentralization_cost': 0.0}",0,0,1,9,4
16812,18010.802160143998,10085.127456672786,26499.215616816786,1596.714,56.58688968856128,519.0,1200720144.0096,1596714000.0,0,0.751994498707721,24014.402880192,240.14402880192,5763.45669124608,2739.72602739726,25012088.008812062,3172084182.9198227,9999801077.896992,49808.43480511638,198922.10300825152,0,0,168120000,2054794.5205479453,8219178.082191781,3515981.735159817,14063926.940639269,0,503964182.91982275,2480334.9967409614,0.0048714811346871395,0.06558409476753571,"{'total_cost': 9.310867757835993, 'price_stability_cost': 26.76298757115136, 'utilization_efficiency_cost': 0.006706467548873694, 'foundation_sustainability_cost': 0.0, 'node_profitability_cost': 8.535299130689113, 'decentralization_cost': 0.0}",0,0,1,10,4
16812,18010.802160143998,10085.127456672786,26499.215616816786,1596.714,56.58688968856128,519.0,1200720144.0096,1596714000.0,0,0.751994498707721,24014.402880192,240.14402880192,5763.45669124608,2739.72602739726,25012088.008812062,3172084182.9198227,9999801077.896992,49808.43480511638,198922.10300825152,0,0,168120000,2054794.5205479453,8219178.082191781,3515981.735159817,14063926.940639269,0,503964182.91982275,2480334.9967409614,0.0048714811346871395,0.06558409476753571,"{'total_cost': 3.7208171328669106, 'price_stability_cost': 8.548379934627897, 'utilization_efficiency_cost': 0.013294225997994336, 'foundation_sustainability_cost': 0.0, 'node_profitability_cost': 7.686530639860287, 'decentralization_cost': 0.0}",0,0,1,11,4
16812,18010.802160143998,10085.127456672786,26499.215616816786,1596.714,56.58688968856128,519.0,1200960288.0384018,1596714000.0,0,0.751994498707721,24014.402880192,240.14402880192,5763.45669124608,2739.72602739726,25012088.008812062,3172084182.9198227,9999801077.896992,49808.43480511638,198922.10300825152,0,0,168120000,2054794.5205479453,8219178.082191781,3515981.735159817,14063926.940639269,0,503964182.91982275,2480334.9967409614,0.0048714811346871395,0.06558409476753571,"{'total_cost': 3.7208171328669106, 'price_stability_cost': 8.548379934627897, 'utilization_efficiency_cost': 0.013294225997994336, 'foundation_sustainability_cost': 0.0, 'node_profitability_cost': 7.686530639860287, 'decentralization_cost': 0.0}",0,0,1,1,5
16812,18010.802160143998,10085.127456672786,26499.215616816786,1596.714,56.58688968856128,519.0,1200960288.0384018,1596714000.0,0,0.751994498707721,24014.402880192,240.14402880192,5763.45669124608,2739.72602739726,25012088.008812062,3172084182.9198227,9999801077.896992,49808.43480511638,198922.10300825152,0,0,168120000,2054794.5205479453,10273972.602739727,3515981.735159817,17579908.675799087,0,503964182.91982275,2480334.9967409614,0.0048714811346871395,0.06558409476753571,"{'total_cost': 3.7208171328669106, 'price_stability_cost': 8.548379934627897, 'utilization_efficiency_cost': 0.013294225997994336, 'foundation_sustainability_cost': 0.0, 'node_profitability_cost': 7.686530639860287, 'decentralization_cost': 0.0}",0,0,1,2,5
16812,18010.802160143998,10085.127456672786,26499.215616816786,1596.714,56.58688968856128,519.0,1200960288.0384018,1647576000.0,0,0.7289255779632635,24014.402880192,240.14402880192,5763.45669124608,2739.72602739726,25012088.008812062,3172084182.9198227,9999801077.896992,49808.43480511638,198922.10300825152,0,0,168120000,2054794.5205479453,10273972.602739727,3515981.735159817,17579908.675799087,0,503964182.91982275,2480334.9967409614,0.0048714811346871395,0.06558409476753571,"{'total_cost': 3.7208171328669106, 'price_stability_cost': 8.548379934627897, 'utilization_efficiency_cost': 0.013294225997994336, 'foundation_sustainability_cost': 0.0, 'node_profitability_cost': 7.686530639860287, 'decentralization_cost': 0.0}",0,0,1,3,5
16812,18014.40432057603,10085.127456672786,26499.215616816786,1596.714,56.58688968856128,519.0,1200960288.0384018,1647576000.0,0,0.7289255779632635,24019.20576076804,240.1920576076804,5764.609382584329,2739.72602739726,25012088.008812062,3172084182.9198227,9999801077.896992,49808.43480511638,198922.10300825152,0,0,168120000,2054794.5205479453,10273972.602739727,3515981.735159817,17579908.675799087,0,503964182.91982275,2480334.9967409614,0.0048714811346871395,0.06558409476753571,"{'total_cost': 3.7208171328669106, 'price_stability_cost': 8.548379934627897, 'utilization_efficiency_cost': 0.013294225997994336, 'foundation_sustainability_cost': 0.0, 'node_profitability_cost': 7.686530639860287, 'decentralization_cost': 0.0}",0,0,1,4,5
16812,18014.40432057603,10071.912295082282,26438.740615658313,1647.576,54.718208515070344,519.0,1200960288.0384018,1647576000.0,0,0.7289255779632635,24019.20576076804,240.1920576076804,5764.609382584329,2739.72602739726,25012088.008812062,3172084182.9198227,9999801077.896992,49808.43480511638,198922.10300825152,0,0,168120000,2054794.5205479453,10273972.602739727,3515981.735159817,17579908.675799087,0,506018977.4403707,2470263.0844458793,0.0049016639836067105,0.06558409476753571,"{'total_cost': 3.7208171328669106, 'price_stability_cost': 8.548379934627897, 'utilization_efficiency_cost': 0.013294225997994336, 'foundation_sustainability_cost': 0.0, 'node_profitability_cost': 7.686530639860287, 'decentralization_cost': 0.0}",0,0,1,5,5
16812,18014.40432057603,10071.912295082282,26438.740615658313,1647.576,54.718208515070344,519.0,1200960288.0384018,1647576000.0,0,0.7289255779632635,24019.20576076804,240.1920576076804,5764.609382584329,2739.72602739726,25015112.89216725,3172084182.9198227,9999801077.896992,49808.43480511638,198922.10300825152,0,0,168120000,2054794.5205479453,10273972.602739727,3515981.735159817,17579908.675799087,0,506018977.4403707,2470263.0844458793,0.0049016639836067105,0.06558409476753571,"{'total_cost': 3.7208171328669106, 'price_stability_cost': 8.548379934627897, 'utilization_efficiency_cost': 0.013294225997994336, 'foundation_sustainability_cost': 0.0, 'node_profitability_cost': 7.686530639860287, 'decentralization_cost': 0.0}",0,0,1,6,5
16812,18014.40432057603,10071.912295082282,26438.740615658313,1647.576,54.718208515070344,519.0,1200960288.0384018,1647576000.0,0,0.7289255779632635,24019.20576076804,240.1920576076804,5764.609382584329,2739.72602739726,25015112.89216725,3172084182.9198227,9999801077.896992,49808.43480511638,198922.10300825152,0,0,168120000,2054794.5205479453,10273972.602739727,3515981.735159817,17579908.675799087,0,509534959.1755305,2453217.345523461,0.0048480737974151335,0.06558409476753571,"{'total_cost': 3.7208171328669106, 'price_stability_cost': 8.548379934627897, 'utilization_efficiency_cost': 0.013294225997994336, 'foundation_sustainability_cost': 0.0, 'node_profitability_cost': 7.686530639860287, 'decentralization_cost': 0.0}",0,0,1,7,5
16812,18014.40432057603,10071.912295082282,26438.740615658313,1647.576,54.718208515070344,519.0,1200960288.0384018,1647576000.0,0,0.7289255779632635,24019.20576076804,240.1920576076804,5764.609382584329,2739.72602739726,25015112.89216725,3172084182.9198227,9999801077.896992,49883.17441518881,248805.27742344033,0,0,168120000,2054794.5205479453,10273972.602739727,3515981.735159817,17579908.675799087,0,509485076.0011153,2453457.5375810685,0.004815091670159324,0.06558409476753571,"{'total_cost': 3.7208171328669106, 'price_stability_cost': 8.548379934627897, 'utilization_efficiency_cost': 0.013294225997994336, 'foundation_sustainability_cost': 0.0, 'node_profitability_cost': 7.686530639860287, 'decentralization_cost': 0.0}",0,0,1,8,5
17272,18014.40432057603,10071.912295082282,26438.740615658313,1647.576,54.718208515070344,460.0,1200960288.0384018,1647576000.0,0,0.7289255779632635,24019.20576076804,240.1920576076804,5764.609382584329,2739.72602739726,25015112.89216725,3172084182.9198227,9999801077.896992,49883.17441518881,248805.27742344033,0,0,172720000,2054794.5205479453,10273972.602739727,3515981.735159817,17579908.675799087,0,504885076.0011153,2475810.9506830396,0.004859437630863243,0.09389115425279379,"{'total_cost': 3.7208171328669106, 'price_stability_cost': 8.548379934627897, 'utilization_efficiency_cost': 0.013294225997994336, 'foundation_sustainability_cost': 0.0, 'node_profitability_cost': 7.686530639860287, 'decentralization_cost': 0.0}",0,0,1,9,5
17272,18014.40432057603,10071.912295082282,26438.740615658313,1647.576,54.718208515070344,460.0,1200960288.0384018,1647576000.0,0,0.7289255779632635,24019.20576076804,240.1920576076804,5764.609382584329,2739.72602739726,25015112.89216725,3177605076.0011153,9999751194.722576,49883.17441518881,248805.27742344033,0,0,172720000,2054794.5205479453,10273972.602739727,3515981.735159817,17579908.675799087,0,504885076.0011153,2475810.9506830396,0.004859437630863243,0.09389115425279379,"{'total_cost': 3.7208171328669106, 'price_stability_cost': 8.548379934627897, 'utilization_efficiency_cost': 0.013294225997994336, 'foundation_sustainability_cost': 0.0, 'node_profitability_cost': 7.686530639860287, 'decentralization_cost': 0.0}",0,0,1,10,5
17272,18014.40432057603,10071.912295082282,26438.740615658313,1647.576,54.718208515070344,460.0,1200960288.0384018,1647576000.0,0,0.7289255779632635,24019.20576076804,240.1920576076804,5764.609382584329,2739.72602739726,25015112.89216725,3177605076.0011153,9999751194.722576,49883.17441518881,248805.27742344033,0,0,172720000,2054794.5205479453,10273972.602739727,3515981.735159817,17579908.675799087,0,504885076.0011153,2475810.9506830396,0.004859437630863243,0.09389115425279379,"{'total_cost': 4.260261778875961, 'price_stability_cost': 10.678329100054826, 'utilization_efficiency_cost': 0.020289295047100038, 'foundation_sustainability_cost': 0.0, 'node_profitability_cost': 7.011271500651585, 'decentralization_cost': 0.0}",0,0,1,11,5
17272,18014.40432057603,10071.912295082282,26438.740615658313,1647.576,54.718208515070344,460.0,1201200480.0960095,1647576000.0,0,0.7289255779632635,24019.20576076804,240.1920576076804,5764.609382584329,2739.72602739726,25015112.89216725,3177605076.0011153,9999751194.722576,49883.17441518881,248805.27742344033,0,0,172720000,2054794.5205479453,10273972.602739727,3515981.735159817,17579908.675799087,0,504885076.0011153,2475810.9506830396,0.004859437630863243,0.09389115425279379,"{'total_cost': 4.260261778875961, 'price_stability_cost': 10.678329100054826, 'utilization_efficiency_cost': 0.020289295047100038, 'foundation_sustainability_cost': 0.0, 'node_profitability_cost': 7.011271500651585, 'decentralization_cost': 0.0}",0,0,1,1,6
17272,18014.40432057603,10071.912295082282,26438.740615658313,1647.576,54.718208515070344,460.0,1201200480.0960095,1647576000.0,0,0.7289255779632635,24019.20576076804,240.1920576076804,5764.609382584329,2739.72602739726,25015112.89216725,3177605076.0011153,9999751194.722576,49883.17441518881,248805.27742344033,0,0,172720000,2054794.5205479453,12328767.123287672,3515981.735159817,21095890.410958905,0,504885076.0011153,2475810.9506830396,0.004859437630863243,0.09389115425279379,"{'total_cost': 4.260261778875961, 'price_stability_cost': 10.678329100054826, 'utilization_efficiency_cost': 0.020289295047100038, 'foundation_sustainability_cost': 0.0, 'node_profitability_cost': 7.011271500651585, 'decentralization_cost': 0.0}",0,0,1,2,6
17272,18014.40432057603,10071.912295082282,26438.740615658313,1647.576,54.718208515070344,460.0,1201200480.0960095,1692656000.0,0,0.7096542239510033,24019.20576076804,240.1920576076804,5764.609382584329,2739.72602739726,25015112.89216725,3177605076.0011153,9999751194.722576,49883.17441518881,248805.27742344033,0,0,172720000,2054794.5205479453,12328767.123287672,3515981.735159817,21095890.410958905,0,504885076.0011153,2475810.9506830396,0.004859437630863243,0.09389115425279379,"{'total_cost': 4.260261778875961, 'price_stability_cost': 10.678329100054826, 'utilization_efficiency_cost': 0.020289295047100038, 'foundation_sustainability_cost': 0.0, 'node_profitability_cost': 7.011271500651585, 'decentralization_cost': 0.0}",0,0,1,3,6
17272,18018.007201440145,10071.912295082282,26438.740615658313,1647.576,54.718208515070344,460.0,1201200480.0960095,1692656000.0,0,0.7096542239510033,24024.009601920192,240.24009601920193,5765.762304460846,2739.72602739726,25015112.89216725,3177605076.0011153,9999751194.722576,49883.17441518881,248805.27742344033,0,0,172720000,2054794.5205479453,12328767.123287672,3515981.735159817,21095890.410958905,0,504885076.0011153,2475810.9506830396,0.004859437630863243,0.09389115425279379,"{'total_cost': 4.260261778875961, 'price_stability_cost': 10.678329100054826, 'utilization_efficiency_cost': 0.020289295047100038, 'foundation_sustainability_cost': 0.0, 'node_profitability_cost': 7.011271500651585, 'decentralization_cost': 0.0}",0,0,1,4,6
17272,18018.007201440145,10035.27848409531,26360.629685535456,1692.656,53.11258687948281,460.0,1201200480.0960095,1692656000.0,0,0.7096542239510033,24024.009601920192,240.24009601920193,5765.762304460846,2739.72602739726,25015112.89216725,3177605076.0011153,9999751194.722576,49883.17441518881,248805.27742344033,0,0,172720000,2054794.5205479453,12328767.123287672,3515981.735159817,21095890.410958905,0,506939870.52166325,2465775.6721989443,0.004883835528926384,0.09389115425279379,"{'total_cost': 4.260261778875961, 'price_stability_cost': 10.678329100054826, 'utilization_efficiency_cost': 0.020289295047100038, 'foundation_sustainability_cost': 0.0, 'node_profitability_cost': 7.011271500651585, 'decentralization_cost': 0.0}",0,0,1,5,6
17272,18018.007201440145,10035.27848409531,26360.629685535456,1692.656,53.11258687948281,460.0,1201200480.0960095,1692656000.0,0,0.7096542239510033,24024.009601920192,240.24009601920193,5765.762304460846,2739.72602739726,25018138.92844432,3177605076.0011153,9999751194.722576,49883.17441518881,248805.27742344033,0,0,172720000,2054794.5205479453,12328767.123287672,3515981.735159817,21095890.410958905,0,506939870.52166325,2465775.6721989443,0.004883835528926384,0.09389115425279379,"{'total_cost': 4.260261778875961, 'price_stability_cost': 10.678329100054826, 'utilization_efficiency_cost': 0.020289295047100038, 'foundation_sustainability_cost': 0.0, 'node_profitability_cost': 7.011271500651585, 'decentralization_cost': 0.0}",0,0,1,6,6
17272,18018.007201440145,10035.27848409531,26360.629685535456,1692.656,53.11258687948281,460.0,1201200480.0960095,1692656000.0,0,0.7096542239510033,24024.009601920192,240.24009601920193,5765.762304460846,2739.72602739726,25018138.92844432,3177605076.0011153,9999751194.722576,49883.17441518881,248805.27742344033,0,0,172720000,2054794.5205479453,12328767.123287672,3515981.735159817,21095890.410958905,0,510455852.25682306,2448791.593775467,0.004830536590573461,0.09389115425279379,"{'total_cost': 4.260261778875961, 'price_stability_cost': 10.678329100054826, 'utilization_efficiency_cost': 0.020289295047100038, 'foundation_sustainability_cost': 0.0, 'node_profitability_cost': 7.011271500651585, 'decentralization_cost': 0.0}",0,0,1,7,6
17272,18018.007201440145,10035.27848409531,26360.629685535456,1692.656,53.11258687948281,460.0,1201200480.0960095,1692656000.0,0,0.7096542239510033,24024.009601920192,240.24009601920193,5765.762304460846,2739.72602739726,25018138.92844432,3177605076.0011153,9999751194.722576,50073.650029237586,298878.9274526779,0,0,172720000,2054794.5205479453,12328767.123287672,3515981.735159817,21095890.410958905,0,510405778.6067938,2449031.833871486,0.004797734854138409,0.09389115425279379,"{'total_cost': 4.260261778875961, 'price_stability_cost': 10.678329100054826, 'utilization_efficiency_cost': 0.020289295047100038, 'foundation_sustainability_cost': 0.0, 'node_profitability_cost': 7.011271500651585, 'decentralization_cost': 0.0}",0,0,1,8,6
17683,18018.007201440145,10035.27848409531,26360.629685535456,1692.656,53.11258687948281,411.0,1201200480.0960095,1692656000.0,0,0.7096542239510033,24024.009601920192,240.24009601920193,5765.762304460846,2739.72602739726,25018138.92844432,3177605076.0011153,9999751194.722576,50073.650029237586,298878.9274526779,0,0,176830000,2054794.5205479453,12328767.123287672,3515981.735159817,21095890.410958905,0,506295778.6067938,2468912.546416453,0.004837156336974886,0.12552400902478944,"{'total_cost': 4.260261778875961, 'price_stability_cost': 10.678329100054826, 'utilization_efficiency_cost': 0.020289295047100038, 'foundation_sustainability_cost': 0.0, 'node_profitability_cost': 7.011271500651585, 'decentralization_cost': 0.0}",0,0,1,9,6
17683,18018.007201440145,10035.27848409531,26360.629685535456,1692.656,53.11258687948281,411.0,1201200480.0960095,1692656000.0,0,0.7096542239510033,24024.009601920192,240.24009601920193,5765.762304460846,2739.72602739726,25018138.92844432,3183125778.606794,9999701121.072548,50073.650029237586,298878.9274526779,0,0,176830000,2054794.5205479453,12328767.123287672,3515981.735159817,21095890.410958905,0,506295778.6067938,2468912.546416453,0.004837156336974886,0.12552400902478944,"{'total_cost': 4.260261778875961, 'price_stability_cost': 10.678329100054826, 'utilization_efficiency_cost': 0.020289295047100038, 'foundation_sustainability_cost': 0.0, 'node_profitability_cost': 7.011271500651585, 'decentralization_cost': 0.0}",0,0,1,10,6
17683,18018.007201440145,10035.27848409531,26360.629685535456,1692.656,53.11258687948281,411.0,1201200480.0960095,1692656000.0,0,0.7096542239510033,24024.009601920192,240.24009601920193,5765.762304460846,2739.72602739726,25018138.92844432,3183125778.606794,9999701121.072548,50073.650029237586,298878.9274526779,0,0,176830000,2054794.5205479453,12328767.123287672,3515981.735159817,21095890.410958905,0,506295778.6067938,2468912.546416453,0.004837156336974886,0.12552400902478944,"{'total_cost': 20.396968429519074, 'price_stability_cost': 64.73924453778984, 'utilization_efficiency_cost': 0.02726219633881679, 'foundation_sustainability_cost': 0.0, 'node_profitability_cost': 6.455863460649446, 'decentralization_cost': 0.0}",0,0,1,11,6
17683,18018.007201440145,10035.27848409531,26360.629685535456,1692.656,53.11258687948281,411.0,1201440720.1920288,1692656000.0,0,0.7096542239510033,24024.009601920192,240.24009601920193,5765.762304460846,2739.72602739726,25018138.92844432,3183125778.606794,9999701121.072548,50073.650029237586,298878.9274526779,0,0,176830000,2054794.5205479453,12328767.123287672,3515981.735159817,21095890.410958905,0,506295778.6067938,2468912.546416453,0.004837156336974886,0.12552400902478944,"{'total_cost': 20.396968429519074, 'price_stability_cost': 64.73924453778984, 'utilization_efficiency_cost': 0.02726219633881679, 'foundation_sustainability_cost': 0.0, 'node_profitability_cost': 6.455863460649446, 'decentralization_cost': 0.0}",0,0,1,1,7
17683,18018.007201440145,10035.27848409531,26360.629685535456,1692.656,53.11258687948281,411.0,1201440720.1920288,1692656000.0,0,0.7096542239510033,24024.009601920192,240.24009601920193,5765.762304460846,2739.72602739726,25018138.92844432,3183125778.606794,9999701121.072548,50073.650029237586,298878.9274526779,0,0,176830000,2054794.5205479453,14383561.643835617,3515981.735159817,24611872.146118723,0,506295778.6067938,2468912.546416453,0.004837156336974886,0.12552400902478944,"{'total_cost': 20.396968429519074, 'price_stability_cost': 64.73924453778984, 'utilization_efficiency_cost': 0.02726219633881679, 'foundation_sustainability_cost': 0.0, 'node_profitability_cost': 6.455863460649446, 'decentralization_cost': 0.0}",0,0,1,2,7
17683,18018.007201440145,10035.27848409531,26360.629685535456,1692.656,53.11258687948281,411.0,1201440720.1920288,1732934000.0,0,0.6932986023657155,24024.009601920192,240.24009601920193,5765.762304460846,2739.72602739726,25018138.92844432,3183125778.606794,9999701121.072548,50073.650029237586,298878.9274526779,0,0,176830000,2054794.5205479453,14383561.643835617,3515981.735159817,24611872.146118723,0,506295778.6067938,2468912.546416453,0.004837156336974886,0.12552400902478944,"{'total_cost': 20.396968429519074, 'price_stability_cost': 64.73924453778984, 'utilization_efficiency_cost': 0.02726219633881679, 'foundation_sustainability_cost': 0.0, 'node_profitability_cost': 6.455863460649446, 'decentralization_cost': 0.0}",0,0,1,3,7
17683,18021.610802880434,10035.27848409531,26360.629685535456,1692.656,53.11258687948281,411.0,1201440720.1920288,1732934000.0,0,0.6932986023657155,24028.814403840577,240.2881440384058,5766.915456921738,2739.72602739726,25018138.92844432,3183125778.606794,9999701121.072548,50073.650029237586,298878.9274526779,0,0,176830000,2054794.5205479453,14383561.643835617,3515981.735159817,24611872.146118723,0,506295778.6067938,2468912.546416453,0.004837156336974886,0.12552400902478944,"{'total_cost': 20.396968429519074, 'price_stability_cost': 64.73924453778984, 'utilization_efficiency_cost': 0.02726219633881679, 'foundation_sustainability_cost': 0.0, 'node_profitability_cost': 6.455863460649446, 'decentralization_cost': 0.0}",0,0,1,4,7
17683,18021.610802880434,9979.54608544877,26268.222888329205,1732.934,51.70962318598878,411.0,1201440720.1920288,1732934000.0,0,0.6932986023657155,24028.814403840577,240.2881440384058,5766.915456921738,2739.72602739726,25018138.92844432,3183125778.606794,9999701121.072548,50073.650029237586,298878.9274526779,0,0,176830000,2054794.5205479453,14383561.643835617,3515981.735159817,24611872.146118723,0,508350573.12734175,2458933.000331004,0.004856712428251734,0.12552400902478944,"{'total_cost': 20.396968429519074, 'price_stability_cost': 64.73924453778984, 'utilization_efficiency_cost': 0.02726219633881679, 'foundation_sustainability_cost': 0.0, 'node_profitability_cost': 6.455863460649446, 'decentralization_cost': 0.0}",0,0,1,5,7
17683,18021.610802880434,9979.54608544877,26268.222888329205,1732.934,51.70962318598878,411.0,1201440720.1920288,1732934000.0,0,0.6932986023657155,24028.814403840577,240.2881440384058,5766.915456921738,2739.72602739726,25021166.117873844,3183125778.606794,9999701121.072548,50073.650029237586,298878.9274526779,0,0,176830000,2054794.5205479453,14383561.643835617,3515981.735159817,24611872.146118723,0,508350573.12734175,2458933.000331004,0.004856712428251734,0.12552400902478944,"{'total_cost': 20.396968429519074, 'price_stability_cost': 64.73924453778984, 'utilization_efficiency_cost': 0.02726219633881679, 'foundation_sustainability_cost': 0.0, 'node_profitability_cost': 6.455863460649446, 'decentralization_cost': 0.0}",0,0,1,6,7
17683,18021.610802880434,9979.54608544877,26268.222888329205,1732.934,51.70962318598878,411.0,1201440720.1920288,1732934000.0,0,0.6932986023657155,24028.814403840577,240.2881440384058,5766.915456921738,2739.72602739726,25021166.117873844,3183125778.606794,9999701121.072548,50073.650029237586,298878.9274526779,0,0,176830000,2054794.5205479453,14383561.643835617,3515981.735159817,24611872.146118723,0,511866554.86250156,2442042.731890887,0.0048038555693319844,0.12552400902478944,"{'total_cost': 20.396968429519074, 'price_stability_cost': 64.73924453778984, 'utilization_efficiency_cost': 0.02726219633881679, 'foundation_sustainability_cost': 0.0, 'node_profitability_cost': 6.455863460649446, 'decentralization_cost': 0.0}",0,0,1,7,7
17683,18021.610802880434,9979.54608544877,26268.222888329205,1732.934,51.70962318598878,411.0,1201440720.1920288,1732934000.0,0,0.6932986023657155,24028.814403840577,240.2881440384058,5766.915456921738,2739.72602739726,25021166.117873844,3183125778.606794,9999701121.072548,50360.856401271805,349239.78385394975,0,0,176830000,2054794.5205479453,14383561.643835617,3515981.735159817,24611872.146118723,0,511816194.0061003,2442283.0200349255,0.004771327598637453,0.12552400902478944,"{'total_cost': 20.396968429519074, 'price_stability_cost': 64.73924453778984, 'utilization_efficiency_cost': 0.02726219633881679, 'foundation_sustainability_cost': 0.0, 'node_profitability_cost': 6.455863460649446, 'decentralization_cost': 0.0}",0,0,1,8,7
18054,18021.610802880434,9979.54608544877,26268.222888329205,1732.934,51.70962318598878,371.0,1201440720.1920288,1732934000.0,0,0.6932986023657155,24028.814403840577,240.2881440384058,5766.915456921738,2739.72602739726,25021166.117873844,3183125778.606794,9999701121.072548,50360.856401271805,349239.78385394975,0,0,180540000,2054794.5205479453,14383561.643835617,3515981.735159817,24611872.146118723,0,508106194.0061003,2460115.6505189002,0.004806638944467589,0.16056726785912878,"{'total_cost': 20.396968429519074, 'price_stability_cost': 64.73924453778984, 'utilization_efficiency_cost': 0.02726219633881679, 'foundation_sustainability_cost': 0.0, 'node_profitability_cost': 6.455863460649446, 'decentralization_cost': 0.0}",0,0,1,9,7
18054,18021.610802880434,9979.54608544877,26268.222888329205,1732.934,51.70962318598878,371.0,1201440720.1920288,1732934000.0,0,0.6932986023657155,24028.814403840577,240.2881440384058,5766.915456921738,2739.72602739726,25021166.117873844,3188646194.0061,9999650760.216146,50360.856401271805,349239.78385394975,0,0,180540000,2054794.5205479453,14383561.643835617,3515981.735159817,24611872.146118723,0,508106194.0061003,2460115.6505189002,0.004806638944467589,0.16056726785912878,"{'total_cost': 20.396968429519074, 'price_stability_cost': 64.73924453778984, 'utilization_efficiency_cost': 0.02726219633881679, 'foundation_sustainability_cost': 0.0, 'node_profitability_cost': 6.455863460649446, 'decentralization_cost': 0.0}",0,0,1,10,7
18054,18021.610802880434,9979.54608544877,26268.222888329205,1732.934,51.70962318598878,371.0,1201440720.1920288,1732934000.0,0,0.6932986023657155,24028.814403840577,240.2881440384058,5766.915456921738,2739.72602739726,25021166.117873844,3188646194.0061,9999650760.216146,50360.856401271805,349239.78385394975,0,0,180540000,2054794.5205479453,14383561.643835617,3515981.735159817,24611872.146118723,0,508106194.0061003,2460115.6505189002,0.004806638944467589,0.16056726785912878,"{'total_cost': 43.14167519814844, 'price_stability_cost': 140.78260307294207, 'utilization_efficiency_cost': 0.03398661317721542, 'foundation_sustainability_cost': 0.0, 'node_profitability_cost': 5.989317486476822, 'decentralization_cost': 0.0}",0,0,1,11,7
18054,18021.610802880434,9979.54608544877,26268.222888329205,1732.934,51.70962318598878,371.0,1201681008.3360672,1732934000.0,0,0.6932986023657155,24028.814403840577,240.2881440384058,5766.915456921738,2739.72602739726,25021166.117873844,3188646194.0061,9999650760.216146,50360.856401271805,349239.78385394975,0,0,180540000,2054794.5205479453,14383561.643835617,3515981.735159817,24611872.146118723,0,508106194.0061003,2460115.6505189002,0.004806638944467589,0.16056726785912878,"{'total_cost': 43.14167519814844, 'price_stability_cost': 140.78260307294207, 'utilization_efficiency_cost': 0.03398661317721542, 'foundation_sustainability_cost': 0.0, 'node_profitability_cost': 5.989317486476822, 'decentralization_cost': 0.0}",0,0,1,1,8
18054,18021.610802880434,9979.54608544877,26268.222888329205,1732.934,51.70962318598878,371.0,1201681008.3360672,1732934000.0,0,0.6932986023657155,24028.814403840577,240.2881440384058,5766.915456921738,2739.72602739726,25021166.117873844,3188646194.0061,9999650760.216146,50360.856401271805,349239.78385394975,0,0,180540000,2054794.5205479453,16438356.164383562,3515981.735159817,28127853.88127854,0,508106194.0061003,2460115.6505189002,0.004806638944467589,0.16056726785912878,"{'total_cost': 43.14167519814844, 'price_stability_cost': 140.78260307294207, 'utilization_efficiency_cost': 0.03398661317721542, 'foundation_sustainability_cost': 0.0, 'node_profitability_cost': 5.989317486476822, 'decentralization_cost': 0.0}",0,0,1,2,8
18054,18021.610802880434,9979.54608544877,26268.222888329205,1732.934,51.70962318598878,371.0,1201681008.3360672,1769292000.0,0,0.6791874989182494,24028.814403840577,240.2881440384058,5766.915456921738,2739.72602739726,25021166.117873844,3188646194.0061,9999650760.216146,50360.856401271805,349239.78385394975,0,0,180540000,2054794.5205479453,16438356.164383562,3515981.735159817,28127853.88127854,0,508106194.0061003,2460115.6505189002,0.004806638944467589,0.16056726785912878,"{'total_cost': 43.14167519814844, 'price_stability_cost': 140.78260307294207, 'utilization_efficiency_cost': 0.03398661317721542, 'foundation_sustainability_cost': 0.0, 'node_profitability_cost': 5.989317486476822, 'decentralization_cost': 0.0}",0,0,1,3,8
18054,18025.21512504101,9979.54608544877,26268.222888329205,1732.934,51.70962318598878,371.0,1201681008.3360672,1769292000.0,0,0.6791874989182494,24033.620166721346,240.33620166721346,5768.068840013123,2739.72602739726,25021166.117873844,3188646194.0061,9999650760.216146,50360.856401271805,349239.78385394975,0,0,180540000,2054794.5205479453,16438356.164383562,3515981.735159817,28127853.88127854,0,508106194.0061003,2460115.6505189002,0.004806638944467589,0.16056726785912878,"{'total_cost': 43.14167519814844, 'price_stability_cost': 140.78260307294207, 'utilization_efficiency_cost': 0.03398661317721542, 'foundation_sustainability_cost': 0.0, 'node_profitability_cost': 5.989317486476822, 'decentralization_cost': 0.0}",0,0,1,4,8
18054,18025.21512504101,9908.699944304799,26164.623069345806,1769.292,50.463863601781455,371.0,1201681008.3360672,1769292000.0,0,0.6791874989182494,24033.620166721346,240.33620166721346,5768.068840013123,2739.72602739726,25021166.117873844,3188646194.0061,9999650760.216146,50360.856401271805,349239.78385394975,0,0,180540000,2054794.5205479453,16438356.164383562,3515981.735159817,28127853.88127854,0,510160988.5266482,2450206.9505745955,0.004822233972895002,0.16056726785912878,"{'total_cost': 43.14167519814844, 'price_stability_cost': 140.78260307294207, 'utilization_efficiency_cost': 0.03398661317721542, 'foundation_sustainability_cost': 0.0, 'node_profitability_cost': 5.989317486476822, 'decentralization_cost': 0.0}",0,0,1,5,8
18054,18025.21512504101,9908.699944304799,26164.623069345806,1769.292,50.463863601781455,371.0,1201681008.3360672,1769292000.0,0,0.6791874989182494,24033.620166721346,240.33620166721346,5768.068840013123,2739.72602739726,25024194.46068646,3188646194.0061,9999650760.216146,50360.856401271805,349239.78385394975,0,0,180540000,2054794.5205479453,16438356.164383562,3515981.735159817,28127853.88127854,0,510160988.5266482,2450206.9505745955,0.004822233972895002,0.16056726785912878,"{'total_cost': 43.14167519814844, 'price_stability_cost': 140.78260307294207, 'utilization_efficiency_cost': 0.03398661317721542, 'foundation_sustainability_cost': 0.0, 'node_profitability_cost': 5.989317486476822, 'decentralization_cost': 0.0}",0,0,1,6,8
18054,18025.21512504101,9908.699944304799,26164.623069345806,1769.292,50.463863601781455,371.0,1201681008.3360672,1769292000.0,0,0.6791874989182494,24033.620166721346,240.33620166721346,5768.068840013123,2739.72602739726,25024194.46068646,3188646194.0061,9999650760.216146,50360.856401271805,349239.78385394975,0,0,180540000,2054794.5205479453,16438356.164383562,3515981.735159817,28127853.88127854,0,513676970.26180804,2433435.9380816836,0.0047699373194126015,0.16056726785912878,"{'total_cost': 43.14167519814844, 'price_stability_cost': 140.78260307294207, 'utilization_efficiency_cost': 0.03398661317721542, 'foundation_sustainability_cost': 0.0, 'node_profitability_cost': 5.989317486476822, 'decentralization_cost': 0.0}",0,0,1,7,8
18054,18025.21512504101,9908.699944304799,26164.623069345806,1769.292,50.463863601781455,371.0,1201681008.3360672,1769292000.0,0,0.6791874989182494,24033.620166721346,240.33620166721346,5768.068840013123,2739.72602739726,25024194.46068646,3188646194.0061,9999650760.216146,50727.85284599908,399967.6366999488,0,0,180540000,2054794.5205479453,16438356.164383562,3515981.735159817,28127853.88127854,0,513626242.408962,2433676.274283351,0.004737756245998274,0.16056726785912878,"{'total_cost': 43.14167519814844, 'price_stability_cost': 140.78260307294207, 'utilization_efficiency_cost': 0.03398661317721542, 'foundation_sustainability_cost': 0.0, 'node_profitability_cost': 5.989317486476822, 'decentralization_cost': 0.0}",0,0,1,8,8
18391,18025.21512504101,9908.699944304799,26164.623069345806,1769.292,50.463863601781455,337.0,1201681008.3360672,1769292000.0,0,0.6791874989182494,24033.620166721346,240.33620166721346,5768.068840013123,2739.72602739726,25024194.46068646,3188646194.0061,9999650760.216146,50727.85284599908,399967.6366999488,0,0,183910000,2054794.5205479453,16438356.164383562,3515981.735159817,28127853.88127854,0,510256242.408962,2449749.5495569957,0.00476951788535455,0.1991232180070815,"{'total_cost': 43.14167519814844, 'price_stability_cost': 140.78260307294207, 'utilization_efficiency_cost': 0.03398661317721542, 'foundation_sustainability_cost': 0.0, 'node_profitability_cost': 5.989317486476822, 'decentralization_cost': 0.0}",0,0,1,9,8
18391,18025.21512504101,9908.699944304799,26164.623069345806,1769.292,50.463863601781455,337.0,1201681008.3360672,1769292000.0,0,0.6791874989182494,24033.620166721346,240.33620166721346,5768.068840013123,2739.72602739726,25024194.46068646,3194166242.4089622,9999600032.3633,50727.85284599908,399967.6366999488,0,0,183910000,2054794.5205479453,16438356.164383562,3515981.735159817,28127853.88127854,0,510256242.408962,2449749.5495569957,0.00476951788535455,0.1991232180070815,"{'total_cost': 43.14167519814844, 'price_stability_cost': 140.78260307294207, 'utilization_efficiency_cost': 0.03398661317721542, 'foundation_sustainability_cost': 0.0, 'node_profitability_cost': 5.989317486476822, 'decentralization_cost': 0.0}",0,0,1,10,8
18391,18025.21512504101,9908.699944304799,26164.623069345806,1769.292,50.463863601781455,337.0,1201681008.3360672,1769292000.0,0,0.6791874989182494,24033.620166721346,240.33620166721346,5768.068840013123,2739.72602739726,25024194.46068646,3194166242.4089622,9999600032.3633,50727.85284599908,399967.6366999488,0,0,183910000,2054794.5205479453,16438356.164383562,3515981.735159817,28127853.88127854,0,510256242.408962,2449749.5495569957,0.00476951788535455,0.1991232180070815,"{'total_cost': 68.19655873587526, 'price_stability_cost': 224.49335279346826, 'utilization_efficiency_cost': 0.04038326716374126, 'foundation_sustainability_cost': 0.0, 'node_profitability_cost': 5.589713873625599, 'decentralization_cost': 0.0}",0,0,1,11,8
18391,18025.21512504101,9908.699944304799,26164.623069345806,1769.292,50.463863601781455,337.0,1201921344.5377343,1769292000.0,0,0.6791874989182494,24033.620166721346,240.33620166721346,5768.068840013123,2739.72602739726,25024194.46068646,3194166242.4089622,9999600032.3633,50727.85284599908,399967.6366999488,0,0,183910000,2054794.5205479453,16438356.164383562,3515981.735159817,28127853.88127854,0,510256242.408962,2449749.5495569957,0.00476951788535455,0.1991232180070815,"{'total_cost': 68.19655873587526, 'price_stability_cost': 224.49335279346826, 'utilization_efficiency_cost': 0.04038326716374126, 'foundation_sustainability_cost': 0.0, 'node_profitability_cost': 5.589713873625599, 'decentralization_cost': 0.0}",0,0,1,1,9
18391,18025.21512504101,9908.699944304799,26164.623069345806,1769.292,50.463863601781455,337.0,1201921344.5377343,1769292000.0,0,0.6791874989182494,24033.620166721346,240.33620166721346,5768.068840013123,2739.72602739726,25024194.46068646,3194166242.4089622,9999600032.3633,50727.85284599908,399967.6366999488,0,0,183910000,2054794.5205479453,18493150.68493151,3515981.735159817,31643835.61643836,0,510256242.408962,2449749.5495569957,0.00476951788535455,0.1991232180070815,"{'total_cost': 68.19655873587526, 'price_stability_cost': 224.49335279346826, 'utilization_efficiency_cost': 0.04038326716374126, 'foundation_sustainability_cost': 0.0, 'node_profitability_cost': 5.589713873625599, 'decentralization_cost': 0.0}",0,0,1,2,9
18391,18025.21512504101,9908.699944304799,26164.623069345806,1769.292,50.463863601781455,337.0,1201921344.5377343,1802318000.0,0,0.6668752931157178,24033.620166721346,240.33620166721346,5768.068840013123,2739.72602739726,25024194.46068646,3194166242.4089622,9999600032.3633,50727.85284599908,399967.6366999488,0,0,183910000,2054794.5205479453,18493150.68493151,3515981.735159817,31643835.61643836,0,510256242.408962,2449749.5495569957,0.00476951788535455,0.1991232180070815,"{'total_cost': 68.19655873587526, 'price_stability_cost': 224.49335279346826, 'utilization_efficiency_cost': 0.04038326716374126, 'foundation_sustainability_cost': 0.0, 'node_profitability_cost': 5.589713873625599, 'decentralization_cost': 0.0}",0,0,1,3,9
18391,18028.820168066013,9908.699944304799,26164.623069345806,1769.292,50.463863601781455,337.0,1201921344.5377343,1802318000.0,0,0.6668752931157178,24038.426890754687,240.38426890754687,5769.222453781124,2739.72602739726,25024194.46068646,3194166242.4089622,9999600032.3633,50727.85284599908,399967.6366999488,0,0,183910000,2054794.5205479453,18493150.68493151,3515981.735159817,31643835.61643836,0,510256242.408962,2449749.5495569957,0.00476951788535455,0.1991232180070815,"{'total_cost': 68.19655873587526, 'price_stability_cost': 224.49335279346826, 'utilization_efficiency_cost': 0.04038326716374126, 'foundation_sustainability_cost': 0.0, 'node_profitability_cost': 5.589713873625599, 'decentralization_cost': 0.0}",0,0,1,4,9
18391,18028.820168066013,9825.538761205948,26052.040929271963,1802.318,49.3450477794576,337.0,1201921344.5377343,1802318000.0,0,0.6668752931157178,24038.426890754687,240.38426890754687,5769.222453781124,2739.72602739726,25024194.46068646,3194166242.4089622,9999600032.3633,50727.85284599908,399967.6366999488,0,0,183910000,2054794.5205479453,18493150.68493151,3515981.735159817,31643835.61643836,0,512311036.92950994,2439924.01079579,0.004781762197120227,0.1991232180070815,"{'total_cost': 68.19655873587526, 'price_stability_cost': 224.49335279346826, 'utilization_efficiency_cost': 0.04038326716374126, 'foundation_sustainability_cost': 0.0, 'node_profitability_cost': 5.589713873625599, 'decentralization_cost': 0.0}",0,0,1,5,9
18391,18028.820168066013,9825.538761205948,26052.040929271963,1802.318,49.3450477794576,337.0,1201921344.5377343,1802318000.0,0,0.6668752931157178,24038.426890754687,240.38426890754687,5769.222453781124,2739.72602739726,25027223.957112845,3194166242.4089622,9999600032.3633,50727.85284599908,399967.6366999488,0,0,183910000,2054794.5205479453,18493150.68493151,3515981.735159817,31643835.61643836,0,512311036.92950994,2439924.01079579,0.004781762197120227,0.1991232180070815,"{'total_cost': 68.19655873587526, 'price_stability_cost': 224.49335279346826, 'utilization_efficiency_cost': 0.04038326716374126, 'foundation_sustainability_cost': 0.0, 'node_profitability_cost': 5.589713873625599, 'decentralization_cost': 0.0}",0,0,1,6,9
18391,18028.820168066013,9825.538761205948,26052.040929271963,1802.318,49.3450477794576,337.0,1201921344.5377343,1802318000.0,0,0.6668752931157178,24038.426890754687,240.38426890754687,5769.222453781124,2739.72602739726,25027223.957112845,3194166242.4089622,9999600032.3633,50727.85284599908,399967.6366999488,0,0,183910000,2054794.5205479453,18493150.68493151,3515981.735159817,31643835.61643836,0,515827018.66466975,2423292.993135366,0.004730120607315342,0.1991232180070815,"{'total_cost': 68.19655873587526, 'price_stability_cost': 224.49335279346826, 'utilization_efficiency_cost': 0.04038326716374126, 'foundation_sustainability_cost': 0.0, 'node_profitability_cost': 5.589713873625599, 'decentralization_cost': 0.0}",0,0,1,7,9
18391,18028.820168066013,9825.538761205948,26052.040929271963,1802.318,49.3450477794576,337.0,1201921344.5377343,1802318000.0,0,0.6668752931157178,24038.426890754687,240.38426890754687,5769.222453781124,2739.72602739726,25027223.957112845,3194166242.4089622,9999600032.3633,51163.60348924631,451131.24018919514,0,0,183910000,2054794.5205479453,18493150.68493151,3515981.735159817,31643835.61643836,0,515775855.06118053,2423533.3774042735,0.004698345161674772,0.1991232180070815,"{'total_cost': 68.19655873587526, 'price_stability_cost': 224.49335279346826, 'utilization_efficiency_cost': 0.04038326716374126, 'foundation_sustainability_cost': 0.0, 'node_profitability_cost': 5.589713873625599, 'decentralization_cost': 0.0}",0,0,1,8,9
18699,18028.820168066013,9825.538761205948,26052.040929271963,1802.318,49.3450477794576,308.0,1201921344.5377343,1802318000.0,0,0.6668752931157178,24038.426890754687,240.38426890754687,5769.222453781124,2739.72602739726,25027223.957112845,3194166242.4089622,9999600032.3633,51163.60348924631,451131.24018919514,0,0,186990000,2054794.5205479453,18493150.68493151,3515981.735159817,31643835.61643836,0,512695855.06118053,2438092.657977186,0.00472703914704961,0.24130440009019943,"{'total_cost': 68.19655873587526, 'price_stability_cost': 224.49335279346826, 'utilization_efficiency_cost': 0.04038326716374126, 'foundation_sustainability_cost': 0.0, 'node_profitability_cost': 5.589713873625599, 'decentralization_cost': 0.0}",0,0,1,9,9
18699,18028.820168066013,9825.538761205948,26052.040929271963,1802.318,49.3450477794576,308.0,1201921344.5377343,1802318000.0,0,0.6668752931157178,24038.426890754687,240.38426890754687,5769.222453781124,2739.72602739726,25027223.957112845,3199685855.0611806,9999548868.759811,51163.60348924631,451131.24018919514,0,0,186990000,2054794.5205479453,18493150.68493151,3515981.735159817,31643835.61643836,0,512695855.06118053,2438092.657977186,0.00472703914704961,0.24130440009019943,"{'total_cost': 68.19655873587526, 'price_stability_cost': 224.49335279346826, 'utilization_efficiency_cost': 0.04038326716374126, 'foundation_sustainability_cost': 0.0, 'node_profitability_cost': 5.589713873625599, 'decentralization_cost': 0.0}",0,0,1,10,9
18699,18028.820168066013,9825.538761205948,26052.040929271963,1802.318,49.3450477794576,308.0,1201921344.5377343,1802318000.0,0,0.6668752931157178,24038.426890754687,240.38426890754687,5769.222453781124,2739.72602739726,25027223.957112845,3199685855.0611806,9999548868.759811,51163.60348924631,451131.24018919514,0,0,186990000,2054794.5205479453,18493150.68493151,3515981.735159817,31643835.61643836,0,512695855.06118053,2438092.657977186,0.00472703914704961,0.24130440009019943,"{'total_cost': 93.30814132118768, 'price_stability_cost': 308.3671647618522, 'utilization_efficiency_cost': 0.046414751932808675, 'foundation_sustainability_cost': 0.0, 'node_profitability_cost': 5.242588030992114, 'decentralization_cost': 0.0}",0,0,1,11,9
18699,18028.820168066013,9825.538761205948,26052.040929271963,1802.318,49.3450477794576,308.0,1202161728.8066418,1802318000.0,0,0.6668752931157178,24038.426890754687,240.38426890754687,5769.222453781124,2739.72602739726,25027223.957112845,3199685855.0611806,9999548868.759811,51163.60348924631,451131.24018919514,0,0,186990000,2054794.5205479453,18493150.68493151,3515981.735159817,31643835.61643836,0,512695855.06118053,2438092.657977186,0.00472703914704961,0.24130440009019943,"{'total_cost': 93.30814132118768, 'price_stability_cost': 308.3671647618522, 'utilization_efficiency_cost': 0.046414751932808675, 'foundation_sustainability_cost': 0.0, 'node_profitability_cost': 5.242588030992114, 'decentralization_cost': 0.0}",0,0,1,1,10
18699,18028.820168066013,9825.538761205948,26052.040929271963,1802.318,49.3450477794576,308.0,1202161728.8066418,1802318000.0,0,0.6668752931157178,24038.426890754687,240.38426890754687,5769.222453781124,2739.72602739726,25027223.957112845,3199685855.0611806,9999548868.759811,51163.60348924631,451131.24018919514,0,0,186990000,2054794.5205479453,20547945.205479454,3515981.735159817,35159817.35159817,0,512695855.06118053,2438092.657977186,0.00472703914704961,0.24130440009019943,"{'total_cost': 93.30814132118768, 'price_stability_cost': 308.3671647618522, 'utilization_efficiency_cost': 0.046414751932808675, 'foundation_sustainability_cost': 0.0, 'node_profitability_cost': 5.242588030992114, 'decentralization_cost': 0.0}",0,0,1,2,10
18699,18028.820168066013,9825.538761205948,26052.040929271963,1802.318,49.3450477794576,308.0,1202161728.8066418,1832502000.0,0,0.6560220555320768,24038.426890754687,240.38426890754687,5769.222453781124,2739.72602739726,25027223.957112845,3199685855.0611806,9999548868.759811,51163.60348924631,451131.24018919514,0,0,186990000,2054794.5205479453,20547945.205479454,3515981.735159817,35159817.35159817,0,512695855.06118053,2438092.657977186,0.00472703914704961,0.24130440009019943,"{'total_cost': 93.30814132118768, 'price_stability_cost': 308.3671647618522, 'utilization_efficiency_cost': 0.046414751932808675, 'foundation_sustainability_cost': 0.0, 'node_profitability_cost': 5.242588030992114, 'decentralization_cost': 0.0}",0,0,1,3,10
18699,18032.425932099628,9825.538761205948,26052.040929271963,1802.318,49.3450477794576,308.0,1202161728.8066418,1832502000.0,0,0.6560220555320768,24043.23457613284,240.4323457613284,5770.376298271882,2739.72602739726,25027223.957112845,3199685855.0611806,9999548868.759811,51163.60348924631,451131.24018919514,0,0,186990000,2054794.5205479453,20547945.205479454,3515981.735159817,35159817.35159817,0,512695855.06118053,2438092.657977186,0.00472703914704961,0.24130440009019943,"{'total_cost': 93.30814132118768, 'price_stability_cost': 308.3671647618522, 'utilization_efficiency_cost': 0.046414751932808675, 'foundation_sustainability_cost': 0.0, 'node_profitability_cost': 5.242588030992114, 'decentralization_cost': 0.0}",0,0,1,4,10
18699,18032.425932099628,9732.439266022297,25932.363198121922,1832.502,48.3302134425851,308.0,1202161728.8066418,1832502000.0,0,0.6560220555320768,24043.23457613284,240.4323457613284,5770.376298271882,2739.72602739726,25027223.957112845,3199685855.0611806,9999548868.759811,51163.60348924631,451131.24018919514,0,0,186990000,2054794.5205479453,20547945.205479454,3515981.735159817,35159817.35159817,0,514750649.58172846,2428360.218711164,0.00473645377613085,0.24130440009019943,"{'total_cost': 93.30814132118768, 'price_stability_cost': 308.3671647618522, 'utilization_efficiency_cost': 0.046414751932808675, 'foundation_sustainability_cost': 0.0, 'node_profitability_cost': 5.242588030992114, 'decentralization_cost': 0.0}",0,0,1,5,10
18699,18032.425932099628,9732.439266022297,25932.363198121922,1832.502,48.3302134425851,308.0,1202161728.8066418,1832502000.0,0,0.6560220555320768,24043.23457613284,240.4323457613284,5770.376298271882,2739.72602739726,25030254.60738372,3199685855.0611806,9999548868.759811,51163.60348924631,451131.24018919514,0,0,186990000,2054794.5205479453,20547945.205479454,3515981.735159817,35159817.35159817,0,514750649.58172846,2428360.218711164,0.00473645377613085,0.24130440009019943,"{'total_cost': 93.30814132118768, 'price_stability_cost': 308.3671647618522, 'utilization_efficiency_cost': 0.046414751932808675, 'foundation_sustainability_cost': 0.0, 'node_profitability_cost': 5.242588030992114, 'decentralization_cost': 0.0}",0,0,1,6,10
18699,18032.425932099628,9732.439266022297,25932.363198121922,1832.502,48.3302134425851,308.0,1202161728.8066418,1832502000.0,0,0.6560220555320768,24043.23457613284,240.4323457613284,5770.376298271882,2739.72602739726,25030254.60738372,3199685855.0611806,9999548868.759811,51163.60348924631,451131.24018919514,0,0,186990000,2054794.5205479453,20547945.205479454,3515981.735159817,35159817.35159817,0,518266631.3168883,2411885.9375989833,0.0046855422903474,0.24130440009019943,"{'total_cost': 93.30814132118768, 'price_stability_cost': 308.3671647618522, 'utilization_efficiency_cost': 0.046414751932808675, 'foundation_sustainability_cost': 0.0, 'node_profitability_cost': 5.242588030992114, 'decentralization_cost': 0.0}",0,0,1,7,10
18699,18032.425932099628,9732.439266022297,25932.363198121922,1832.502,48.3302134425851,308.0,1202161728.8066418,1832502000.0,0,0.6560220555320768,24043.23457613284,240.4323457613284,5770.376298271882,2739.72602739726,25030254.60738372,3199685855.0611806,9999548868.759811,51659.010676209065,502790.2508654042,0,0,186990000,2054794.5205479453,20547945.205479454,3515981.735159817,35159817.35159817,0,518214972.30621207,2412126.3699447447,0.004654218937105132,0.24130440009019943,"{'total_cost': 93.30814132118768, 'price_stability_cost': 308.3671647618522, 'utilization_efficiency_cost': 0.046414751932808675, 'foundation_sustainability_cost': 0.0, 'node_profitability_cost': 5.242588030992114, 'decentralization_cost': 0.0}",0,0,1,8,10
18982,18032.425932099628,9732.439266022297,25932.363198121922,1832.502,48.3302134425851,283.0,1202161728.8066418,1832502000.0,0,0.6560220555320768,24043.23457613284,240.4323457613284,5770.376298271882,2739.72602739726,25030254.60738372,3199685855.0611806,9999548868.759811,51659.010676209065,502790.2508654042,0,0,189820000,2054794.5205479453,20547945.205479454,3515981.735159817,35159817.35159817,0,515384972.30621207,2425371.4546750924,0.0046802419541864294,0.28723504935378086,"{'total_cost': 93.30814132118768, 'price_stability_cost': 308.3671647618522, 'utilization_efficiency_cost': 0.046414751932808675, 'foundation_sustainability_cost': 0.0, 'node_profitability_cost': 5.242588030992114, 'decentralization_cost': 0.0}",0,0,1,9,10
18982,18032.425932099628,9732.439266022297,25932.363198121922,1832.502,48.3302134425851,283.0,1202161728.8066418,1832502000.0,0,0.6560220555320768,24043.23457613284,240.4323457613284,5770.376298271882,2739.72602739726,25030254.60738372,3205204972.306212,9999497209.749134,51659.010676209065,502790.2508654042,0,0,189820000,2054794.5205479453,20547945.205479454,3515981.735159817,35159817.35159817,0,515384972.30621207,2425371.4546750924,0.0046802419541864294,0.28723504935378086,"{'total_cost': 93.30814132118768, 'price_stability_cost': 308.3671647618522, 'utilization_efficiency_cost': 0.046414751932808675, 'foundation_sustainability_cost': 0.0, 'node_profitability_cost': 5.242588030992114, 'decentralization_cost': 0.0}",0,0,1,10,10
18982,18032.425932099628,9732.439266022297,25932.363198121922,1832.502,48.3302134425851,283.0,1202161728.8066418,1832502000.0,0,0.6560220555320768,24043.23457613284,240.4323457613284,5770.376298271882,2739.72602739726,25030254.60738372,3205204972.306212,9999497209.749134,51659.010676209065,502790.2508654042,0,0,189820000,2054794.5205479453,20547945.205479454,3515981.735159817,35159817.35159817,0,515384972.30621207,2425371.4546750924,0.0046802419541864294,0.28723504935378086,"{'total_cost': 117.39371577723588, 'price_stability_cost': 388.8003127178907, 'utilization_efficiency_cost': 0.05207950579930891, 'foundation_sustainability_cost': 0.0, 'node_profitability_cost': 4.9373472361256905, 'decentralization_cost': 0.0}",0,0,1,11,10
18982,18032.425932099628,9732.439266022297,25932.363198121922,1832.502,48.3302134425851,283.0,1202402161.152403,1832502000.0,0,0.6560220555320768,24043.23457613284,240.4323457613284,5770.376298271882,2739.72602739726,25030254.60738372,3205204972.306212,9999497209.749134,51659.010676209065,502790.2508654042,0,0,189820000,2054794.5205479453,20547945.205479454,3515981.735159817,35159817.35159817,0,515384972.30621207,2425371.4546750924,0.0046802419541864294,0.28723504935378086,"{'total_cost': 117.39371577723588, 'price_stability_cost': 388.8003127178907, 'utilization_efficiency_cost': 0.05207950579930891, 'foundation_sustainability_cost': 0.0, 'node_profitability_cost': 4.9373472361256905, 'decentralization_cost': 0.0}",0,0,1,1,11
18982,18032.425932099628,9732.439266022297,25932.363198121922,1832.502,48.3302134425851,283.0,1202402161.152403,1832502000.0,0,0.6560220555320768,24043.23457613284,240.4323457613284,5770.376298271882,2739.72602739726,25030254.60738372,3205204972.306212,9999497209.749134,51659.010676209065,502790.2508654042,0,0,189820000,2054794.5205479453,22602739.7260274,3515981.735159817,38675799.08675799,0,515384972.30621207,2425371.4546750924,0.0046802419541864294,0.28723504935378086,"{'total_cost': 117.39371577723588, 'price_stability_cost': 388.8003127178907, 'utilization_efficiency_cost': 0.05207950579930891, 'foundation_sustainability_cost': 0.0, 'node_profitability_cost': 4.9373472361256905, 'decentralization_cost': 0.0}",0,0,1,2,11
18982,18032.425932099628,9732.439266022297,25932.363198121922,1832.502,48.3302134425851,283.0,1202402161.152403,1860236000.0,0,0.646370762178779,24043.23457613284,240.4323457613284,5770.376298271882,2739.72602739726,25030254.60738372,3205204972.306212,9999497209.749134,51659.010676209065,502790.2508654042,0,0,189820000,2054794.5205479453,22602739.7260274,3515981.735159817,38675799.08675799,0,515384972.30621207,2425371.4546750924,0.0046802419541864294,0.28723504935378086,"{'total_cost': 117.39371577723588, 'price_stability_cost': 388.8003127178907, 'utilization_efficiency_cost': 0.05207950579930891, 'foundation_sustainability_cost': 0.0, 'node_profitability_cost': 4.9373472361256905, 'decentralization_cost': 0.0}",0,0,1,3,11
18982,18036.03241728605,9732.439266022297,25932.363198121922,1832.502,48.3302134425851,283.0,1202402161.152403,1860236000.0,0,0.646370762178779,24048.043223048066,240.48043223048066,5771.530373531536,2739.72602739726,25030254.60738372,3205204972.306212,9999497209.749134,51659.010676209065,502790.2508654042,0,0,189820000,2054794.5205479453,22602739.7260274,3515981.735159817,38675799.08675799,0,515384972.30621207,2425371.4546750924,0.0046802419541864294,0.28723504935378086,"{'total_cost': 117.39371577723588, 'price_stability_cost': 388.8003127178907, 'utilization_efficiency_cost': 0.05207950579930891, 'foundation_sustainability_cost': 0.0, 'node_profitability_cost': 4.9373472361256905, 'decentralization_cost': 0.0}",0,0,1,4,11
18982,18036.03241728605,9631.343191734843,25807.13960902089,1860.2359999999999,47.40203206598845,283.0,1202402161.152403,1860236000.0,0,0.646370762178779,24048.043223048066,240.48043223048066,5771.530373531536,2739.72602739726,25030254.60738372,3205204972.306212,9999497209.749134,51659.010676209065,502790.2508654042,0,0,189820000,2054794.5205479453,22602739.7260274,3515981.735159817,38675799.08675799,0,517439766.82676,2415740.1114833574,0.00468725368664429,0.28723504935378086,"{'total_cost': 117.39371577723588, 'price_stability_cost': 388.8003127178907, 'utilization_efficiency_cost': 0.05207950579930891, 'foundation_sustainability_cost': 0.0, 'node_profitability_cost': 4.9373472361256905, 'decentralization_cost': 0.0}",0,0,1,5,11
18982,18036.03241728605,9631.343191734843,25807.13960902089,1860.2359999999999,47.40203206598845,283.0,1202402161.152403,1860236000.0,0,0.646370762178779,24048.043223048066,240.48043223048066,5771.530373531536,2739.72602739726,25033286.411729857,3205204972.306212,9999497209.749134,51659.010676209065,502790.2508654042,0,0,189820000,2054794.5205479453,22602739.7260274,3515981.735159817,38675799.08675799,0,517439766.82676,2415740.1114833574,0.00468725368664429,0.28723504935378086,"{'total_cost': 117.39371577723588, 'price_stability_cost': 388.8003127178907, 'utilization_efficiency_cost': 0.05207950579930891, 'foundation_sustainability_cost': 0.0, 'node_profitability_cost': 4.9373472361256905, 'decentralization_cost': 0.0}",0,0,1,6,11
18982,18036.03241728605,9631.343191734843,25807.13960902089,1860.2359999999999,47.40203206598845,283.0,1202402161.152403,1860236000.0,0,0.646370762178779,24048.043223048066,240.48043223048066,5771.530373531536,2739.72602739726,25033286.411729857,3205204972.306212,9999497209.749134,51659.010676209065,502790.2508654042,0,0,189820000,2054794.5205479453,22602739.7260274,3515981.735159817,38675799.08675799,0,520955748.5619198,2399436.0431775274,0.004637131115554294,0.28723504935378086,"{'total_cost': 117.39371577723588, 'price_stability_cost': 388.8003127178907, 'utilization_efficiency_cost': 0.05207950579930891, 'foundation_sustainability_cost': 0.0, 'node_profitability_cost': 4.9373472361256905, 'decentralization_cost': 0.0}",0,0,1,7,11
18982,18036.03241728605,9631.343191734843,25807.13960902089,1860.2359999999999,47.40203206598845,283.0,1202402161.152403,1860236000.0,0,0.646370762178779,24048.043223048066,240.48043223048066,5771.530373531536,2739.72602739726,25033286.411729857,3205204972.306212,9999497209.749134,52206.89636896136,554997.1472343656,0,0,189820000,2054794.5205479453,22602739.7260274,3515981.735159817,38675799.08675799,0,520903541.6655508,2399676.523609758,0.004606296274172962,0.28723504935378086,"{'total_cost': 117.39371577723588, 'price_stability_cost': 388.8003127178907, 'utilization_efficiency_cost': 0.05207950579930891, 'foundation_sustainability_cost': 0.0, 'node_profitability_cost': 4.9373472361256905, 'decentralization_cost': 0.0}",0,0,1,8,11
19243,18036.03241728605,9631.343191734843,25807.13960902089,1860.2359999999999,47.40203206598845,261.0,1202402161.152403,1860236000.0,0,0.646370762178779,24048.043223048066,240.48043223048066,5771.530373531536,2739.72602739726,25033286.411729857,3205204972.306212,9999497209.749134,52206.89636896136,554997.1472343656,0,0,192430000,2054794.5205479453,22602739.7260274,3515981.735159817,38675799.08675799,0,518293541.6655508,2411760.709931074,0.004629956444948803,0.3370506280279781,"{'total_cost': 117.39371577723588, 'price_stability_cost': 388.8003127178907, 'utilization_efficiency_cost': 0.05207950579930891, 'foundation_sustainability_cost': 0.0, 'node_profitability_cost': 4.9373472361256905, 'decentralization_cost': 0.0}",0,0,1,9,11
19243,18036.03241728605,9631.343191734843,25807.13960902089,1860.2359999999999,47.40203206598845,261.0,1202402161.152403,1860236000.0,0,0.646370762178779,24048.043223048066,240.48043223048066,5771.530373531536,2739.72602739726,25033286.411729857,3210723541.6655507,9999445002.852766,52206.89636896136,554997.1472343656,0,0,192430000,2054794.5205479453,22602739.7260274,3515981.735159817,38675799.08675799,0,518293541.6655508,2411760.709931074,0.004629956444948803,0.3370506280279781,"{'total_cost': 117.39371577723588, 'price_stability_cost': 388.8003127178907, 'utilization_efficiency_cost': 0.05207950579930891, 'foundation_sustainability_cost': 0.0, 'node_profitability_cost': 4.9373472361256905, 'decentralization_cost': 0.0}",0,0,1,10,11
19243,18036.03241728605,9631.343191734843,25807.13960902089,1860.2359999999999,47.40203206598845,261.0,1202402161.152403,1860236000.0,0,0.646370762178779,24048.043223048066,240.48043223048066,5771.530373531536,2739.72602739726,25033286.411729857,3210723541.6655507,9999445002.852766,52206.89636896136,554997.1472343656,0,0,192430000,2054794.5205479453,22602739.7260274,3515981.735159817,38675799.08675799,0,518293541.6655508,2411760.709931074,0.004629956444948803,0.3370506280279781,"{'total_cost': 139.87655187105474, 'price_stability_cost': 463.87425459460474, 'utilization_efficiency_cost': 0.05739081867910226, 'foundation_sustainability_cost': 0.0, 'node_profitability_cost': 4.666185253357084, 'decentralization_cost': 0.0}",0,0,1,11,11
19243,18036.03241728605,9631.343191734843,25807.13960902089,1860.2359999999999,47.40203206598845,261.0,1202642641.5846336,1860236000.0,0,0.646370762178779,24048.043223048066,240.48043223048066,5771.530373531536,2739.72602739726,25033286.411729857,3210723541.6655507,9999445002.852766,52206.89636896136,554997.1472343656,0,0,192430000,2054794.5205479453,22602739.7260274,3515981.735159817,38675799.08675799,0,518293541.6655508,2411760.709931074,0.004629956444948803,0.3370506280279781,"{'total_cost': 139.87655187105474, 'price_stability_cost': 463.87425459460474, 'utilization_efficiency_cost': 0.05739081867910226, 'foundation_sustainability_cost': 0.0, 'node_profitability_cost': 4.666185253357084, 'decentralization_cost': 0.0}",0,0,1,1,12
19243,18036.03241728605,9631.343191734843,25807.13960902089,1860.2359999999999,47.40203206598845,261.0,1202642641.5846336,1860236000.0,0,0.646370762178779,24048.043223048066,240.48043223048066,5771.530373531536,2739.72602739726,25033286.411729857,3210723541.6655507,9999445002.852766,52206.89636896136,554997.1472343656,0,0,192430000,2054794.5205479453,24657534.246575344,3515981.735159817,42191780.8219178,0,518293541.6655508,2411760.709931074,0.004629956444948803,0.3370506280279781,"{'total_cost': 139.87655187105474, 'price_stability_cost': 463.87425459460474, 'utilization_efficiency_cost': 0.05739081867910226, 'foundation_sustainability_cost': 0.0, 'node_profitability_cost': 4.666185253357084, 'decentralization_cost': 0.0}",0,0,1,2,12
19243,18036.03241728605,9631.343191734843,25807.13960902089,1860.2359999999999,47.40203206598845,261.0,1202642641.5846336,1885814000.0,0,0.6377313147450563,24048.043223048066,240.48043223048066,5771.530373531536,2739.72602739726,25033286.411729857,3210723541.6655507,9999445002.852766,52206.89636896136,554997.1472343656,0,0,192430000,2054794.5205479453,24657534.246575344,3515981.735159817,42191780.8219178,0,518293541.6655508,2411760.709931074,0.004629956444948803,0.3370506280279781,"{'total_cost': 139.87655187105474, 'price_stability_cost': 463.87425459460474, 'utilization_efficiency_cost': 0.05739081867910226, 'foundation_sustainability_cost': 0.0, 'node_profitability_cost': 4.666185253357084, 'decentralization_cost': 0.0}",0,0,1,3,12
19243,18039.639623769508,9631.343191734843,25807.13960902089,1860.2359999999999,47.40203206598845,261.0,1202642641.5846336,1885814000.0,0,0.6377313147450563,24052.852831692675,240.52852831692675,5772.684679606242,2739.72602739726,25033286.411729857,3210723541.6655507,9999445002.852766,52206.89636896136,554997.1472343656,0,0,192430000,2054794.5205479453,24657534.246575344,3515981.735159817,42191780.8219178,0,518293541.6655508,2411760.709931074,0.004629956444948803,0.3370506280279781,"{'total_cost': 139.87655187105474, 'price_stability_cost': 463.87425459460474, 'utilization_efficiency_cost': 0.05739081867910226, 'foundation_sustainability_cost': 0.0, 'node_profitability_cost': 4.666185253357084, 'decentralization_cost': 0.0}",0,0,1,4,12
19243,18039.639623769508,9523.760041132971,25677.58566490248,1885.8139999999999,46.54764592377945,261.0,1202642641.5846336,1885814000.0,0,0.6377313147450563,24052.852831692675,240.52852831692675,5772.684679606242,2739.72602739726,25033286.411729857,3210723541.6655507,9999445002.852766,52206.89636896136,554997.1472343656,0,0,192430000,2054794.5205479453,24657534.246575344,3515981.735159817,42191780.8219178,0,520348336.18609875,2402236.949889941,0.004634896553351379,0.3370506280279781,"{'total_cost': 139.87655187105474, 'price_stability_cost': 463.87425459460474, 'utilization_efficiency_cost': 0.05739081867910226, 'foundation_sustainability_cost': 0.0, 'node_profitability_cost': 4.666185253357084, 'decentralization_cost': 0.0}",0,0,1,5,12
19243,18039.639623769508,9523.760041132971,25677.58566490248,1885.8139999999999,46.54764592377945,261.0,1202642641.5846336,1885814000.0,0,0.6377313147450563,24052.852831692675,240.52852831692675,5772.684679606242,2739.72602739726,25036319.370382067,3210723541.6655507,9999445002.852766,52206.89636896136,554997.1472343656,0,0,192430000,2054794.5205479453,24657534.246575344,3515981.735159817,42191780.8219178,0,520348336.18609875,2402236.949889941,0.004634896553351379,0.3370506280279781,"{'total_cost': 139.87655187105474, 'price_stability_cost': 463.87425459460474, 'utilization_efficiency_cost': 0.05739081867910226, 'foundation_sustainability_cost': 0.0, 'node_profitability_cost': 4.666185253357084, 'decentralization_cost': 0.0}",0,0,1,6,12
19243,18039.639623769508,9523.760041132971,25677.58566490248,1885.8139999999999,46.54764592377945,261.0,1202642641.5846336,1885814000.0,0,0.6377313147450563,24052.852831692675,240.52852831692675,5772.684679606242,2739.72602739726,25036319.370382067,3210723541.6655507,9999445002.852766,52206.89636896136,554997.1472343656,0,0,192430000,2054794.5205479453,24657534.246575344,3515981.735159817,42191780.8219178,0,523864317.92125857,2386114.0322748334,0.004585609035985189,0.3370506280279781,"{'total_cost': 139.87655187105474, 'price_stability_cost': 463.87425459460474, 'utilization_efficiency_cost': 0.05739081867910226, 'foundation_sustainability_cost': 0.0, 'node_profitability_cost': 4.666185253357084, 'decentralization_cost': 0.0}",0,0,1,7,12
19243,18039.639623769508,9523.760041132971,25677.58566490248,1885.8139999999999,46.54764592377945,261.0,1202642641.5846336,1885814000.0,0,0.6377313147450563,24052.852831692675,240.52852831692675,5772.684679606242,2739.72602739726,25036319.370382067,3210723541.6655507,9999445002.852766,52802.00834235756,607799.1555767232,0,0,192430000,2054794.5205479453,24657534.246575344,3515981.735159817,42191780.8219178,0,523811515.9129162,2386354.5608031503,0.004555291282812357,0.3370506280279781,"{'total_cost': 139.87655187105474, 'price_stability_cost': 463.87425459460474, 'utilization_efficiency_cost': 0.05739081867910226, 'foundation_sustainability_cost': 0.0, 'node_profitability_cost': 4.666185253357084, 'decentralization_cost': 0.0}",0,0,1,8,12
19484,18039.639623769508,9523.760041132971,25677.58566490248,1885.8139999999999,46.54764592377945,241.0,1202642641.5846336,1885814000.0,0,0.6377313147450563,24052.852831692675,240.52852831692675,5772.684679606242,2739.72602739726,25036319.370382067,3210723541.6655507,9999445002.852766,52802.00834235756,607799.1555767232,0,0,194840000,2054794.5205479453,24657534.246575344,3515981.735159817,42191780.8219178,0,521401515.9129162,2397384.6677668137,0.004576807868739906,0.390895003949473,"{'total_cost': 139.87655187105474, 'price_stability_cost': 463.87425459460474, 'utilization_efficiency_cost': 0.05739081867910226, 'foundation_sustainability_cost': 0.0, 'node_profitability_cost': 4.666185253357084, 'decentralization_cost': 0.0}",0,0,1,9,12
19484,18039.639623769508,9523.760041132971,25677.58566490248,1885.8139999999999,46.54764592377945,241.0,1202642641.5846336,1885814000.0,0,0.6377313147450563,24052.852831692675,240.52852831692675,5772.684679606242,2739.72602739726,25036319.370382067,3216241515.912916,9999392200.844423,52802.00834235756,607799.1555767232,0,0,194840000,2054794.5205479453,24657534.246575344,3515981.735159817,42191780.8219178,0,521401515.9129162,2397384.6677668137,0.004576807868739906,0.390895003949473,"{'total_cost': 139.87655187105474, 'price_stability_cost': 463.87425459460474, 'utilization_efficiency_cost': 0.05739081867910226, 'foundation_sustainability_cost': 0.0, 'node_profitability_cost': 4.666185253357084, 'decentralization_cost': 0.0}",0,0,1,10,12
19484,18039.639623769508,9523.760041132971,25677.58566490248,1885.8139999999999,46.54764592377945,241.0,1202642641.5846336,1885814000.0,0,0.6377313147450563,24052.852831692675,240.52852831692675,5772.684679606242,2739.72602739726,25036319.370382067,3216241515.912916,9999392200.844423,52802.00834235756,607799.1555767232,0,0,194840000,2054794.5205479453,24657534.246575344,3515981.735159817,42191780.8219178,0,521401515.9129162,2397384.6677668137,0.004576807868739906,0.390895003949473,"{'total_cost': 160.7642799207298, 'price_stability_cost': 533.6172875895609, 'utilization_efficiency_cost': 0.06236400656036312, 'foundation_sustainability_cost': 0.0, 'node_profitability_cost': 4.423350948142924, 'decentralization_cost': 0.0}",0,0,1,11,12
19484,18039.639623769508,9523.760041132971,25677.58566490248,1885.8139999999999,46.54764592377945,241.0,1202883170.1129506,1885814000.0,0,0.6377313147450563,24052.852831692675,240.52852831692675,5772.684679606242,2739.72602739726,25036319.370382067,3216241515.912916,9999392200.844423,52802.00834235756,607799.1555767232,0,0,194840000,2054794.5205479453,24657534.246575344,3515981.735159817,42191780.8219178,0,521401515.9129162,2397384.6677668137,0.004576807868739906,0.390895003949473,"{'total_cost': 160.7642799207298, 'price_stability_cost': 533.6172875895609, 'utilization_efficiency_cost': 0.06236400656036312, 'foundation_sustainability_cost': 0.0, 'node_profitability_cost': 4.423350948142924, 'decentralization_cost': 0.0}",0,0,1,1,13
19484,18039.639623769508,9523.760041132971,25677.58566490248,1885.8139999999999,46.54764592377945,241.0,1202883170.1129506,1885814000.0,0,0.6377313147450563,24052.852831692675,240.52852831692675,5772.684679606242,2739.72602739726,25036319.370382067,3216241515.912916,9999392200.844423,52802.00834235756,607799.1555767232,0,0,194840000,2054794.5205479453,26712328.76712329,3515981.735159817,45707762.55707762,0,521401515.9129162,2397384.6677668137,0.004576807868739906,0.390895003949473,"{'total_cost': 160.7642799207298, 'price_stability_cost': 533.6172875895609, 'utilization_efficiency_cost': 0.06236400656036312, 'foundation_sustainability_cost': 0.0, 'node_profitability_cost': 4.423350948142924, 'decentralization_cost': 0.0}",0,0,1,2,13
19484,18039.639623769508,9523.760041132971,25677.58566490248,1885.8139999999999,46.54764592377945,241.0,1202883170.1129506,1909432000.0,0,0.6299691060550732,24052.852831692675,240.52852831692675,5772.684679606242,2739.72602739726,25036319.370382067,3216241515.912916,9999392200.844423,52802.00834235756,607799.1555767232,0,0,194840000,2054794.5205479453,26712328.76712329,3515981.735159817,45707762.55707762,0,521401515.9129162,2397384.6677668137,0.004576807868739906,0.390895003949473,"{'total_cost': 160.7642799207298, 'price_stability_cost': 533.6172875895609, 'utilization_efficiency_cost': 0.06236400656036312, 'foundation_sustainability_cost': 0.0, 'node_profitability_cost': 4.423350948142924, 'decentralization_cost': 0.0}",0,0,1,3,13
19484,18043.247551694258,9523.760041132971,25677.58566490248,1885.8139999999999,46.54764592377945,241.0,1202883170.1129506,1909432000.0,0,0.6299691060550732,24057.66340225901,240.57663402259013,5773.839216542163,2739.72602739726,25036319.370382067,3216241515.912916,9999392200.844423,52802.00834235756,607799.1555767232,0,0,194840000,2054794.5205479453,26712328.76712329,3515981.735159817,45707762.55707762,0,521401515.9129162,2397384.6677668137,0.004576807868739906,0.390895003949473,"{'total_cost': 160.7642799207298, 'price_stability_cost': 533.6172875895609, 'utilization_efficiency_cost': 0.06236400656036312, 'foundation_sustainability_cost': 0.0, 'node_profitability_cost': 4.423350948142924, 'decentralization_cost': 0.0}",0,0,1,4,13
19484,18043.247551694258,9410.781340841357,25544.596892535614,1909.432,45.757840337653924,241.0,1202883170.1129506,1909432000.0,0,0.6299691060550732,24057.66340225901,240.57663402259013,5773.839216542163,2739.72602739726,25036319.370382067,3216241515.912916,9999392200.844423,52802.00834235756,607799.1555767232,0,0,194840000,2054794.5205479453,26712328.76712329,3515981.735159817,45707762.55707762,0,523456310.4334641,2387973.8864259725,0.004579913585876127,0.390895003949473,"{'total_cost': 160.7642799207298, 'price_stability_cost': 533.6172875895609, 'utilization_efficiency_cost': 0.06236400656036312, 'foundation_sustainability_cost': 0.0, 'node_profitability_cost': 4.423350948142924, 'decentralization_cost': 0.0}",0,0,1,5,13
19484,18043.247551694258,9410.781340841357,25544.596892535614,1909.432,45.757840337653924,241.0,1202883170.1129506,1909432000.0,0,0.6299691060550732,24057.66340225901,240.57663402259013,5773.839216542163,2739.72602739726,25039353.483571213,3216241515.912916,9999392200.844423,52802.00834235756,607799.1555767232,0,0,194840000,2054794.5205479453,26712328.76712329,3515981.735159817,45707762.55707762,0,523456310.4334641,2387973.8864259725,0.004579913585876127,0.390895003949473,"{'total_cost': 160.7642799207298, 'price_stability_cost': 533.6172875895609, 'utilization_efficiency_cost': 0.06236400656036312, 'foundation_sustainability_cost': 0.0, 'node_profitability_cost': 4.423350948142924, 'decentralization_cost': 0.0}",0,0,1,6,13
19484,18043.247551694258,9410.781340841357,25544.596892535614,1909.432,45.757840337653924,241.0,1202883170.1129506,1909432000.0,0,0.6299691060550732,24057.66340225901,240.57663402259013,5773.839216542163,2739.72602739726,25039353.483571213,3216241515.912916,9999392200.844423,52802.00834235756,607799.1555767232,0,0,194840000,2054794.5205479453,26712328.76712329,3515981.735159817,45707762.55707762,0,526972292.1686239,2372041.222235678,0.004531497996979798,0.390895003949473,"{'total_cost': 160.7642799207298, 'price_stability_cost': 533.6172875895609, 'utilization_efficiency_cost': 0.06236400656036312, 'foundation_sustainability_cost': 0.0, 'node_profitability_cost': 4.423350948142924, 'decentralization_cost': 0.0}",0,0,1,7,13
19484,18043.247551694258,9410.781340841357,25544.596892535614,1909.432,45.757840337653924,241.0,1202883170.1129506,1909432000.0,0,0.6299691060550732,24057.66340225901,240.57663402259013,5773.839216542163,2739.72602739726,25039353.483571213,3216241515.912916,9999392200.844423,53441.04580387577,661240.2013805989,0,0,194840000,2054794.5205479453,26712328.76712329,3515981.735159817,45707762.55707762,0,526918851.12282,2372281.7988697006,0.0045017201741426715,0.390895003949473,"{'total_cost': 160.7642799207298, 'price_stability_cost': 533.6172875895609, 'utilization_efficiency_cost': 0.06236400656036312, 'foundation_sustainability_cost': 0.0, 'node_profitability_cost': 4.423350948142924, 'decentralization_cost': 0.0}",0,0,1,8,13
19708,18043.247551694258,9410.781340841357,25544.596892535614,1909.432,45.757840337653924,224.0,1202883170.1129506,1909432000.0,0,0.6299691060550732,24057.66340225901,240.57663402259013,5773.839216542163,2739.72602739726,25039353.483571213,3216241515.912916,9999392200.844423,53441.04580387577,661240.2013805989,0,0,197080000,2054794.5205479453,26712328.76712329,3515981.735159817,45707762.55707762,0,524678851.12282,2382409.7299233275,0.004521397791797753,0.448914730057482,"{'total_cost': 160.7642799207298, 'price_stability_cost': 533.6172875895609, 'utilization_efficiency_cost': 0.06236400656036312, 'foundation_sustainability_cost': 0.0, 'node_profitability_cost': 4.423350948142924, 'decentralization_cost': 0.0}",0,0,1,9,13
19708,18043.247551694258,9410.781340841357,25544.596892535614,1909.432,45.757840337653924,224.0,1202883170.1129506,1909432000.0,0,0.6299691060550732,24057.66340225901,240.57663402259013,5773.839216542163,2739.72602739726,25039353.483571213,3221758851.12282,9999338759.79862,53441.04580387577,661240.2013805989,0,0,197080000,2054794.5205479453,26712328.76712329,3515981.735159817,45707762.55707762,0,524678851.12282,2382409.7299233275,0.004521397791797753,0.448914730057482,"{'total_cost': 160.7642799207298, 'price_stability_cost': 533.6172875895609, 'utilization_efficiency_cost': 0.06236400656036312, 'foundation_sustainability_cost': 0.0, 'node_profitability_cost': 4.423350948142924, 'decentralization_cost': 0.0}",0,0,1,10,13
19708,18043.247551694258,9410.781340841357,25544.596892535614,1909.432,45.757840337653924,224.0,1202883170.1129506,1909432000.0,0,0.6299691060550732,24057.66340225901,240.57663402259013,5773.839216542163,2739.72602739726,25039353.483571213,3221758851.12282,9999338759.79862,53441.04580387577,661240.2013805989,0,0,197080000,2054794.5205479453,26712328.76712329,3515981.735159817,45707762.55707762,0,524678851.12282,2382409.7299233275,0.004521397791797753,0.448914730057482,"{'total_cost': 179.94439528646805, 'price_stability_cost': 597.6564889429758, 'utilization_efficiency_cost': 0.06700843500374207, 'foundation_sustainability_cost': 0.0, 'node_profitability_cost': 4.204643298829382, 'decentralization_cost': 0.0}",0,0,1,11,13
19708,18043.247551694258,9410.781340841357,25544.596892535614,1909.432,45.757840337653924,224.0,1203123746.746973,1909432000.0,0,0.6299691060550732,24057.66340225901,240.57663402259013,5773.839216542163,2739.72602739726,25039353.483571213,3221758851.12282,9999338759.79862,53441.04580387577,661240.2013805989,0,0,197080000,2054794.5205479453,26712328.76712329,3515981.735159817,45707762.55707762,0,524678851.12282,2382409.7299233275,0.004521397791797753,0.448914730057482,"{'total_cost': 179.94439528646805, 'price_stability_cost': 597.6564889429758, 'utilization_efficiency_cost': 0.06700843500374207, 'foundation_sustainability_cost': 0.0, 'node_profitability_cost': 4.204643298829382, 'decentralization_cost': 0.0}",0,0,1,1,14
19708,18043.247551694258,9410.781340841357,25544.596892535614,1909.432,45.757840337653924,224.0,1203123746.746973,1909432000.0,0,0.6299691060550732,24057.66340225901,240.57663402259013,5773.839216542163,2739.72602739726,25039353.483571213,3221758851.12282,9999338759.79862,53441.04580387577,661240.2013805989,0,0,197080000,2054794.5205479453,28767123.287671234,3515981.735159817,49223744.29223743,0,524678851.12282,2382409.7299233275,0.004521397791797753,0.448914730057482,"{'total_cost': 179.94439528646805, 'price_stability_cost': 597.6564889429758, 'utilization_efficiency_cost': 0.06700843500374207, 'foundation_sustainability_cost': 0.0, 'node_profitability_cost': 4.204643298829382, 'decentralization_cost': 0.0}",0,0,1,2,14
19708,18043.247551694258,9410.781340841357,25544.596892535614,1909.432,45.757840337653924,224.0,1203123746.746973,1931384000.0,0,0.6229334750349869,24057.66340225901,240.57663402259013,5773.839216542163,2739.72602739726,25039353.483571213,3221758851.12282,9999338759.79862,53441.04580387577,661240.2013805989,0,0,197080000,2054794.5205479453,28767123.287671234,3515981.735159817,49223744.29223743,0,524678851.12282,2382409.7299233275,0.004521397791797753,0.448914730057482,"{'total_cost': 179.94439528646805, 'price_stability_cost': 597.6564889429758, 'utilization_efficiency_cost': 0.06700843500374207, 'foundation_sustainability_cost': 0.0, 'node_profitability_cost': 4.204643298829382, 'decentralization_cost': 0.0}",0,0,1,3,14
19708,18046.856201204595,9410.781340841357,25544.596892535614,1909.432,45.757840337653924,224.0,1203123746.746973,1931384000.0,0,0.6229334750349869,24062.474934939462,240.62474934939462,5774.993984385471,2739.72602739726,25039353.483571213,3221758851.12282,9999338759.79862,53441.04580387577,661240.2013805989,0,0,197080000,2054794.5205479453,28767123.287671234,3515981.735159817,49223744.29223743,0,524678851.12282,2382409.7299233275,0.004521397791797753,0.448914730057482,"{'total_cost': 179.94439528646805, 'price_stability_cost': 597.6564889429758, 'utilization_efficiency_cost': 0.06700843500374207, 'foundation_sustainability_cost': 0.0, 'node_profitability_cost': 4.204643298829382, 'decentralization_cost': 0.0}",0,0,1,4,14
19708,18046.856201204595,9293.810067453018,25409.28226865761,1931.384,45.022633450210684,224.0,1203123746.746973,1931384000.0,0,0.6229334750349869,24062.474934939462,240.62474934939462,5774.993984385471,2739.72602739726,25039353.483571213,3221758851.12282,9999338759.79862,53441.04580387577,661240.2013805989,0,0,197080000,2054794.5205479453,28767123.287671234,3515981.735159817,49223744.29223743,0,526733645.64336795,2373115.9198558745,0.004522987566160468,0.448914730057482,"{'total_cost': 179.94439528646805, 'price_stability_cost': 597.6564889429758, 'utilization_efficiency_cost': 0.06700843500374207, 'foundation_sustainability_cost': 0.0, 'node_profitability_cost': 4.204643298829382, 'decentralization_cost': 0.0}",0,0,1,5,14
19708,18046.856201204595,9293.810067453018,25409.28226865761,1931.384,45.022633450210684,224.0,1203123746.746973,1931384000.0,0,0.6229334750349869,24062.474934939462,240.62474934939462,5774.993984385471,2739.72602739726,25042388.751528203,3221758851.12282,9999338759.79862,53441.04580387577,661240.2013805989,0,0,197080000,2054794.5205479453,28767123.287671234,3515981.735159817,49223744.29223743,0,526733645.64336795,2373115.9198558745,0.004522987566160468,0.448914730057482,"{'total_cost': 179.94439528646805, 'price_stability_cost': 597.6564889429758, 'utilization_efficiency_cost': 0.06700843500374207, 'foundation_sustainability_cost': 0.0, 'node_profitability_cost': 4.204643298829382, 'decentralization_cost': 0.0}",0,0,1,6,14
19708,18046.856201204595,9293.810067453018,25409.28226865761,1931.384,45.022633450210684,224.0,1203123746.746973,1931384000.0,0,0.6229334750349869,24062.474934939462,240.62474934939462,5774.993984385471,2739.72602739726,25042388.751528203,3221758851.12282,9999338759.79862,53441.04580387577,661240.2013805989,0,0,197080000,2054794.5205479453,28767123.287671234,3515981.735159817,49223744.29223743,0,530249627.37852776,2357380.2515992443,0.0044754692833792135,0.448914730057482,"{'total_cost': 179.94439528646805, 'price_stability_cost': 597.6564889429758, 'utilization_efficiency_cost': 0.06700843500374207, 'foundation_sustainability_cost': 0.0, 'node_profitability_cost': 4.204643298829382, 'decentralization_cost': 0.0}",0,0,1,7,14
19708,18046.856201204595,9293.810067453018,25409.28226865761,1931.384,45.022633450210684,224.0,1203123746.746973,1931384000.0,0,0.6229334750349869,24062.474934939462,240.62474934939462,5774.993984385471,2739.72602739726,25042388.751528203,3221758851.12282,9999338759.79862,54118.61803589778,715358.8194164967,0,0,197080000,2054794.5205479453,28767123.287671234,3515981.735159817,49223744.29223743,0,530195508.76049185,2357620.8763485937,0.004446247115729825,0.448914730057482,"{'total_cost': 179.94439528646805, 'price_stability_cost': 597.6564889429758, 'utilization_efficiency_cost': 0.06700843500374207, 'foundation_sustainability_cost': 0.0, 'node_profitability_cost': 4.204643298829382, 'decentralization_cost': 0.0}",0,0,1,8,14
19916,18046.856201204595,9293.810067453018,25409.28226865761,1931.384,45.022633450210684,208.0,1203123746.746973,1931384000.0,0,0.6229334750349869,24062.474934939462,240.62474934939462,5774.993984385471,2739.72602739726,25042388.751528203,3221758851.12282,9999338759.79862,54118.61803589778,715358.8194164967,0,0,199160000,2054794.5205479453,28767123.287671234,3515981.735159817,49223744.29223743,0,528115508.76049185,2366906.4423686387,0.004464214432713828,0.5112735107598496,"{'total_cost': 179.94439528646805, 'price_stability_cost': 597.6564889429758, 'utilization_efficiency_cost': 0.06700843500374207, 'foundation_sustainability_cost': 0.0, 'node_profitability_cost': 4.204643298829382, 'decentralization_cost': 0.0}",0,0,1,9,14
19916,18046.856201204595,9293.810067453018,25409.28226865761,1931.384,45.022633450210684,208.0,1203123746.746973,1931384000.0,0,0.6229334750349869,24062.474934939462,240.62474934939462,5774.993984385471,2739.72602739726,25042388.751528203,3227275508.760492,9999284641.180584,54118.61803589778,715358.8194164967,0,0,199160000,2054794.5205479453,28767123.287671234,3515981.735159817,49223744.29223743,0,528115508.76049185,2366906.4423686387,0.004464214432713828,0.5112735107598496,"{'total_cost': 179.94439528646805, 'price_stability_cost': 597.6564889429758, 'utilization_efficiency_cost': 0.06700843500374207, 'foundation_sustainability_cost': 0.0, 'node_profitability_cost': 4.204643298829382, 'decentralization_cost': 0.0}",0,0,1,10,14
19916,18046.856201204595,9293.810067453018,25409.28226865761,1931.384,45.022633450210684,208.0,1203123746.746973,1931384000.0,0,0.6229334750349869,24062.474934939462,240.62474934939462,5774.993984385471,2739.72602739726,25042388.751528203,3227275508.760492,9999284641.180584,54118.61803589778,715358.8194164967,0,0,199160000,2054794.5205479453,28767123.287671234,3515981.735159817,49223744.29223743,0,528115508.76049185,2366906.4423686387,0.004464214432713828,0.5112735107598496,"{'total_cost': 197.24004466114403, 'price_stability_cost': 655.4043280854934, 'utilization_efficiency_cost': 0.07136222388884003, 'foundation_sustainability_cost': 0.0, 'node_profitability_cost': 4.0060378634920415, 'decentralization_cost': 0.0}",0,0,1,11,14
19916,18046.856201204595,9293.810067453018,25409.28226865761,1931.384,45.022633450210684,208.0,1203364371.4963224,1931384000.0,0,0.6229334750349869,24062.474934939462,240.62474934939462,5774.993984385471,2739.72602739726,25042388.751528203,3227275508.760492,9999284641.180584,54118.61803589778,715358.8194164967,0,0,199160000,2054794.5205479453,28767123.287671234,3515981.735159817,49223744.29223743,0,528115508.76049185,2366906.4423686387,0.004464214432713828,0.5112735107598496,"{'total_cost': 197.24004466114403, 'price_stability_cost': 655.4043280854934, 'utilization_efficiency_cost': 0.07136222388884003, 'foundation_sustainability_cost': 0.0, 'node_profitability_cost': 4.0060378634920415, 'decentralization_cost': 0.0}",0,0,1,1,15
19916,18046.856201204595,9293.810067453018,25409.28226865761,1931.384,45.022633450210684,208.0,1203364371.4963224,1931384000.0,0,0.6229334750349869,24062.474934939462,240.62474934939462,5774.993984385471,2739.72602739726,25042388.751528203,3227275508.760492,9999284641.180584,54118.61803589778,715358.8194164967,0,0,199160000,2054794.5205479453,30821917.80821918,3515981.735159817,52739726.027397245,0,528115508.76049185,2366906.4423686387,0.004464214432713828,0.5112735107598496,"{'total_cost': 197.24004466114403, 'price_stability_cost': 655.4043280854934, 'utilization_efficiency_cost': 0.07136222388884003, 'foundation_sustainability_cost': 0.0, 'node_profitability_cost': 4.0060378634920415, 'decentralization_cost': 0.0}",0,0,1,2,15
19916,18046.856201204595,9293.810067453018,25409.28226865761,1931.384,45.022633450210684,208.0,1203364371.4963224,1951768000.0,0,0.6165509279260252,24062.474934939462,240.62474934939462,5774.993984385471,2739.72602739726,25042388.751528203,3227275508.760492,9999284641.180584,54118.61803589778,715358.8194164967,0,0,199160000,2054794.5205479453,30821917.80821918,3515981.735159817,52739726.027397245,0,528115508.76049185,2366906.4423686387,0.004464214432713828,0.5112735107598496,"{'total_cost': 197.24004466114403, 'price_stability_cost': 655.4043280854934, 'utilization_efficiency_cost': 0.07136222388884003, 'foundation_sustainability_cost': 0.0, 'node_profitability_cost': 4.0060378634920415, 'decentralization_cost': 0.0}",0,0,1,3,15
19916,18050.46557244484,9293.810067453018,25409.28226865761,1931.384,45.022633450210684,208.0,1203364371.4963224,1951768000.0,0,0.6165509279260252,24067.28742992645,240.67287429926452,5776.148983182348,2739.72602739726,25042388.751528203,3227275508.760492,9999284641.180584,54118.61803589778,715358.8194164967,0,0,199160000,2054794.5205479453,30821917.80821918,3515981.735159817,52739726.027397245,0,528115508.76049185,2366906.4423686387,0.004464214432713828,0.5112735107598496,"{'total_cost': 197.24004466114403, 'price_stability_cost': 655.4043280854934, 'utilization_efficiency_cost': 0.07136222388884003, 'foundation_sustainability_cost': 0.0, 'node_profitability_cost': 4.0060378634920415, 'decentralization_cost': 0.0}",0,0,1,4,15
19916,18050.46557244484,9173.479461844918,25272.177034289754,1951.7679999999998,44.3368645375305,208.0,1203364371.4963224,1951768000.0,0,0.6165509279260252,24067.28742992645,240.67287429926452,5776.148983182348,2739.72602739726,25042388.751528203,3227275508.760492,9999284641.180584,54118.61803589778,715358.8194164967,0,0,199160000,2054794.5205479453,30821917.80821918,3515981.735159817,52739726.027397245,0,530170303.2810398,2357732.9629067937,0.004464426671431193,0.5112735107598496,"{'total_cost': 197.24004466114403, 'price_stability_cost': 655.4043280854934, 'utilization_efficiency_cost': 0.07136222388884003, 'foundation_sustainability_cost': 0.0, 'node_profitability_cost': 4.0060378634920415, 'decentralization_cost': 0.0}",0,0,1,5,15
19916,18050.46557244484,9173.479461844918,25272.177034289754,1951.7679999999998,44.3368645375305,208.0,1203364371.4963224,1951768000.0,0,0.6165509279260252,24067.28742992645,240.67287429926452,5776.148983182348,2739.72602739726,25045425.17448399,3227275508.760492,9999284641.180584,54118.61803589778,715358.8194164967,0,0,199160000,2054794.5205479453,30821917.80821918,3515981.735159817,52739726.027397245,0,530170303.2810398,2357732.9629067937,0.004464426671431193,0.5112735107598496,"{'total_cost': 197.24004466114403, 'price_stability_cost': 655.4043280854934, 'utilization_efficiency_cost': 0.07136222388884003, 'foundation_sustainability_cost': 0.0, 'node_profitability_cost': 4.0060378634920415, 'decentralization_cost': 0.0}",0,0,1,6,15
19916,18050.46557244484,9173.479461844918,25272.177034289754,1951.7679999999998,44.3368645375305,208.0,1203364371.4963224,1951768000.0,0,0.6165509279260252,24067.28742992645,240.67287429926452,5776.148983182348,2739.72602739726,25045425.17448399,3227275508.760492,9999284641.180584,54118.61803589778,715358.8194164967,0,0,199160000,2054794.5205479453,30821917.80821918,3515981.735159817,52739726.027397245,0,533686285.0161996,2342199.9685865203,0.004417825657324559,0.5112735107598496,"{'total_cost': 197.24004466114403, 'price_stability_cost': 655.4043280854934, 'utilization_efficiency_cost': 0.07136222388884003, 'foundation_sustainability_cost': 0.0, 'node_profitability_cost': 4.0060378634920415, 'decentralization_cost': 0.0}",0,0,1,7,15
19916,18050.46557244484,9173.479461844918,25272.177034289754,1951.7679999999998,44.3368645375305,208.0,1203364371.4963224,1951768000.0,0,0.6165509279260252,24067.28742992645,240.67287429926452,5776.148983182348,2739.72602739726,25045425.17448399,3227275508.760492,9999284641.180584,54833.32636717047,770192.1457836671,0,0,199160000,2054794.5205479453,30821917.80821918,3515981.735159817,52739726.027397245,0,533631451.6898324,2342440.6414608196,0.004389171517476258,0.5112735107598496,"{'total_cost': 197.24004466114403, 'price_stability_cost': 655.4043280854934, 'utilization_efficiency_cost': 0.07136222388884003, 'foundation_sustainability_cost': 0.0, 'node_profitability_cost': 4.0060378634920415, 'decentralization_cost': 0.0}",0,0,1,8,15
20110,18050.46557244484,9173.479461844918,25272.177034289754,1951.7679999999998,44.3368645375305,194.0,1203364371.4963224,1951768000.0,0,0.6165509279260252,24067.28742992645,240.67287429926452,5776.148983182348,2739.72602739726,25045425.17448399,3227275508.760492,9999284641.180584,54833.32636717047,770192.1457836671,0,0,201100000,2054794.5205479453,30821917.80821918,3515981.735159817,52739726.027397245,0,531691451.6898324,2350987.581288404,0.004405639086383707,0.5781337458047382,"{'total_cost': 197.24004466114403, 'price_stability_cost': 655.4043280854934, 'utilization_efficiency_cost': 0.07136222388884003, 'foundation_sustainability_cost': 0.0, 'node_profitability_cost': 4.0060378634920415, 'decentralization_cost': 0.0}",0,0,1,9,15
20110,18050.46557244484,9173.479461844918,25272.177034289754,1951.7679999999998,44.3368645375305,194.0,1203364371.4963224,1951768000.0,0,0.6165509279260252,24067.28742992645,240.67287429926452,5776.148983182348,2739.72602739726,25045425.17448399,3232791451.6898327,9999229807.854216,54833.32636717047,770192.1457836671,0,0,201100000,2054794.5205479453,30821917.80821918,3515981.735159817,52739726.027397245,0,531691451.6898324,2350987.581288404,0.004405639086383707,0.5781337458047382,"{'total_cost': 197.24004466114403, 'price_stability_cost': 655.4043280854934, 'utilization_efficiency_cost': 0.07136222388884003, 'foundation_sustainability_cost': 0.0, 'node_profitability_cost': 4.0060378634920415, 'decentralization_cost': 0.0}",0,0,1,10,15
20110,18050.46557244484,9173.479461844918,25272.177034289754,1951.7679999999998,44.3368645375305,194.0,1203364371.4963224,1951768000.0,0,0.6165509279260252,24067.28742992645,240.67287429926452,5776.148983182348,2739.72602739726,25045425.17448399,3232791451.6898327,9999229807.854216,54833.32636717047,770192.1457836671,0,0,201100000,2054794.5205479453,30821917.80821918,3515981.735159817,52739726.027397245,0,531691451.6898324,2350987.581288404,0.004405639086383707,0.5781337458047382,"{'total_cost': 212.89918027160618, 'price_stability_cost': 707.6885164084218, 'utilization_efficiency_cost': 0.0754304072694808, 'foundation_sustainability_cost': 0.0, 'node_profitability_cost': 3.825118315081843, 'decentralization_cost': 0.0}",0,0,1,11,15
20110,18050.46557244484,9173.479461844918,25272.177034289754,1951.7679999999998,44.3368645375305,194.0,1203605044.3706217,1951768000.0,0,0.6165509279260252,24067.28742992645,240.67287429926452,5776.148983182348,2739.72602739726,25045425.17448399,3232791451.6898327,9999229807.854216,54833.32636717047,770192.1457836671,0,0,201100000,2054794.5205479453,30821917.80821918,3515981.735159817,52739726.027397245,0,531691451.6898324,2350987.581288404,0.004405639086383707,0.5781337458047382,"{'total_cost': 212.89918027160618, 'price_stability_cost': 707.6885164084218, 'utilization_efficiency_cost': 0.0754304072694808, 'foundation_sustainability_cost': 0.0, 'node_profitability_cost': 3.825118315081843, 'decentralization_cost': 0.0}",0,0,1,1,16
20110,18050.46557244484,9173.479461844918,25272.177034289754,1951.7679999999998,44.3368645375305,194.0,1203605044.3706217,1951768000.0,0,0.6165509279260252,24067.28742992645,240.67287429926452,5776.148983182348,2739.72602739726,25045425.17448399,3232791451.6898327,9999229807.854216,54833.32636717047,770192.1457836671,0,0,201100000,2054794.5205479453,32876712.328767125,3515981.735159817,56255707.76255706,0,531691451.6898324,2350987.581288404,0.004405639086383707,0.5781337458047382,"{'total_cost': 212.89918027160618, 'price_stability_cost': 707.6885164084218, 'utilization_efficiency_cost': 0.0754304072694808, 'foundation_sustainability_cost': 0.0, 'node_profitability_cost': 3.825118315081843, 'decentralization_cost': 0.0}",0,0,1,2,16
20110,18050.46557244484,9173.479461844918,25272.177034289754,1951.7679999999998,44.3368645375305,194.0,1203605044.3706217,1970780000.0,0,0.610725217614661,24067.28742992645,240.67287429926452,5776.148983182348,2739.72602739726,25045425.17448399,3232791451.6898327,9999229807.854216,54833.32636717047,770192.1457836671,0,0,201100000,2054794.5205479453,32876712.328767125,3515981.735159817,56255707.76255706,0,531691451.6898324,2350987.581288404,0.004405639086383707,0.5781337458047382,"{'total_cost': 212.89918027160618, 'price_stability_cost': 707.6885164084218, 'utilization_efficiency_cost': 0.0754304072694808, 'foundation_sustainability_cost': 0.0, 'node_profitability_cost': 3.825118315081843, 'decentralization_cost': 0.0}",0,0,1,3,16
20110,18054.075665559325,9173.479461844918,25272.177034289754,1951.7679999999998,44.3368645375305,194.0,1203605044.3706217,1970780000.0,0,0.610725217614661,24072.100887412435,240.72100887412435,5777.304212978984,2739.72602739726,25045425.17448399,3232791451.6898327,9999229807.854216,54833.32636717047,770192.1457836671,0,0,201100000,2054794.5205479453,32876712.328767125,3515981.735159817,56255707.76255706,0,531691451.6898324,2350987.581288404,0.004405639086383707,0.5781337458047382,"{'total_cost': 212.89918027160618, 'price_stability_cost': 707.6885164084218, 'utilization_efficiency_cost': 0.0754304072694808, 'foundation_sustainability_cost': 0.0, 'node_profitability_cost': 3.825118315081843, 'decentralization_cost': 0.0}",0,0,1,4,16
20110,18054.075665559325,9050.736064574743,25134.03173013407,1970.78,43.694114078542455,194.0,1203605044.3706217,1970780000.0,0,0.610725217614661,24072.100887412435,240.72100887412435,5777.304212978984,2739.72602739726,25045425.17448399,3232791451.6898327,9999229807.854216,54833.32636717047,770192.1457836671,0,0,201100000,2054794.5205479453,32876712.328767125,3515981.735159817,56255707.76255706,0,533746246.2103803,2341936.845223829,0.004404691551426375,0.5781337458047382,"{'total_cost': 212.89918027160618, 'price_stability_cost': 707.6885164084218, 'utilization_efficiency_cost': 0.0754304072694808, 'foundation_sustainability_cost': 0.0, 'node_profitability_cost': 3.825118315081843, 'decentralization_cost': 0.0}",0,0,1,5,16
20110,18054.075665559325,9050.736064574743,25134.03173013407,1970.78,43.694114078542455,194.0,1203605044.3706217,1970780000.0,0,0.610725217614661,24072.100887412435,240.72100887412435,5777.304212978984,2739.72602739726,25048462.752669573,3232791451.6898327,9999229807.854216,54833.32636717047,770192.1457836671,0,0,201100000,2054794.5205479453,32876712.328767125,3515981.735159817,56255707.76255706,0,533746246.2103803,2341936.845223829,0.004404691551426375,0.5781337458047382,"{'total_cost': 212.89918027160618, 'price_stability_cost': 707.6885164084218, 'utilization_efficiency_cost': 0.0754304072694808, 'foundation_sustainability_cost': 0.0, 'node_profitability_cost': 3.825118315081843, 'decentralization_cost': 0.0}",0,0,1,6,16
20110,18054.075665559325,9050.736064574743,25134.03173013407,1970.78,43.694114078542455,194.0,1203605044.3706217,1970780000.0,0,0.610725217614661,24072.100887412435,240.72100887412435,5777.304212978984,2739.72602739726,25048462.752669573,3232791451.6898327,9999229807.854216,54833.32636717047,770192.1457836671,0,0,201100000,2054794.5205479453,32876712.328767125,3515981.735159817,56255707.76255706,0,537262227.9455402,2326610.610204122,0.004359020090020586,0.5781337458047382,"{'total_cost': 212.89918027160618, 'price_stability_cost': 707.6885164084218, 'utilization_efficiency_cost': 0.0754304072694808, 'foundation_sustainability_cost': 0.0, 'node_profitability_cost': 3.825118315081843, 'decentralization_cost': 0.0}",0,0,1,7,16
20110,18054.075665559325,9050.736064574743,25134.03173013407,1970.78,43.694114078542455,194.0,1203605044.3706217,1970780000.0,0,0.610725217614661,24072.100887412435,240.72100887412435,5777.304212978984,2739.72602739726,25048462.752669573,3232791451.6898327,9999229807.854216,55581.6797601718,825773.8255438389,0,0,201100000,2054794.5205479453,32876712.328767125,3515981.735159817,56255707.76255706,0,537206646.26578,2326851.331212996,0.004330941596454196,0.5781337458047382,"{'total_cost': 212.89918027160618, 'price_stability_cost': 707.6885164084218, 'utilization_efficiency_cost': 0.0754304072694808, 'foundation_sustainability_cost': 0.0, 'node_profitability_cost': 3.825118315081843, 'decentralization_cost': 0.0}",0,0,1,8,16
20292,18054.075665559325,9050.736064574743,25134.03173013407,1970.78,43.694114078542455,182.0,1203605044.3706217,1970780000.0,0,0.610725217614661,24072.100887412435,240.72100887412435,5777.304212978984,2739.72602739726,25048462.752669573,3232791451.6898327,9999229807.854216,55581.6797601718,825773.8255438389,0,0,202920000,2054794.5205479453,32876712.328767125,3515981.735159817,56255707.76255706,0,535386646.26578,2334761.258463414,0.0043461138738561025,0.6496706647653551,"{'total_cost': 212.89918027160618, 'price_stability_cost': 707.6885164084218, 'utilization_efficiency_cost': 0.0754304072694808, 'foundation_sustainability_cost': 0.0, 'node_profitability_cost': 3.825118315081843, 'decentralization_cost': 0.0}",0,0,1,9,16
20292,18054.075665559325,9050.736064574743,25134.03173013407,1970.78,43.694114078542455,182.0,1203605044.3706217,1970780000.0,0,0.610725217614661,24072.100887412435,240.72100887412435,5777.304212978984,2739.72602739726,25048462.752669573,3238306646.26578,9999174226.174456,55581.6797601718,825773.8255438389,0,0,202920000,2054794.5205479453,32876712.328767125,3515981.735159817,56255707.76255706,0,535386646.26578,2334761.258463414,0.0043461138738561025,0.6496706647653551,"{'total_cost': 212.89918027160618, 'price_stability_cost': 707.6885164084218, 'utilization_efficiency_cost': 0.0754304072694808, 'foundation_sustainability_cost': 0.0, 'node_profitability_cost': 3.825118315081843, 'decentralization_cost': 0.0}",0,0,1,10,16
20292,18054.075665559325,9050.736064574743,25134.03173013407,1970.78,43.694114078542455,182.0,1203605044.3706217,1970780000.0,0,0.610725217614661,24072.100887412435,240.72100887412435,5777.304212978984,2739.72602739726,25048462.752669573,3238306646.26578,9999174226.174456,55581.6797601718,825773.8255438389,0,0,202920000,2054794.5205479453,32876712.328767125,3515981.735159817,56255707.76255706,0,535386646.26578,2334761.258463414,0.0043461138738561025,0.6496706647653551,"{'total_cost': 226.70095616853973, 'price_stability_cost': 753.7741472896862, 'utilization_efficiency_cost': 0.07924210586235474, 'foundation_sustainability_cost': 0.0, 'node_profitability_cost': 3.6593430344551483, 'decentralization_cost': 0.0}",0,0,1,11,16
20292,18054.075665559325,9050.736064574743,25134.03173013407,1970.78,43.694114078542455,182.0,1203845765.3794959,1970780000.0,0,0.610725217614661,24072.100887412435,240.72100887412435,5777.304212978984,2739.72602739726,25048462.752669573,3238306646.26578,9999174226.174456,55581.6797601718,825773.8255438389,0,0,202920000,2054794.5205479453,32876712.328767125,3515981.735159817,56255707.76255706,0,535386646.26578,2334761.258463414,0.0043461138738561025,0.6496706647653551,"{'total_cost': 226.70095616853973, 'price_stability_cost': 753.7741472896862, 'utilization_efficiency_cost': 0.07924210586235474, 'foundation_sustainability_cost': 0.0, 'node_profitability_cost': 3.6593430344551483, 'decentralization_cost': 0.0}",0,0,1,1,17
20292,18054.075665559325,9050.736064574743,25134.03173013407,1970.78,43.694114078542455,182.0,1203845765.3794959,1970780000.0,0,0.610725217614661,24072.100887412435,240.72100887412435,5777.304212978984,2739.72602739726,25048462.752669573,3238306646.26578,9999174226.174456,55581.6797601718,825773.8255438389,0,0,202920000,2054794.5205479453,34931506.84931507,3515981.735159817,59771689.497716874,0,535386646.26578,2334761.258463414,0.0043461138738561025,0.6496706647653551,"{'total_cost': 226.70095616853973, 'price_stability_cost': 753.7741472896862, 'utilization_efficiency_cost': 0.07924210586235474, 'foundation_sustainability_cost': 0.0, 'node_profitability_cost': 3.6593430344551483, 'decentralization_cost': 0.0}",0,0,1,2,17
20292,18054.075665559325,9050.736064574743,25134.03173013407,1970.78,43.694114078542455,182.0,1203845765.3794959,1988616000.0,0,0.6053686409942874,24072.100887412435,240.72100887412435,5777.304212978984,2739.72602739726,25048462.752669573,3238306646.26578,9999174226.174456,55581.6797601718,825773.8255438389,0,0,202920000,2054794.5205479453,34931506.84931507,3515981.735159817,59771689.497716874,0,535386646.26578,2334761.258463414,0.0043461138738561025,0.6496706647653551,"{'total_cost': 226.70095616853973, 'price_stability_cost': 753.7741472896862, 'utilization_efficiency_cost': 0.07924210586235474, 'foundation_sustainability_cost': 0.0, 'node_profitability_cost': 3.6593430344551483, 'decentralization_cost': 0.0}",0,0,1,3,17
20292,18057.68648069244,9050.736064574743,25134.03173013407,1970.78,43.694114078542455,182.0,1203845765.3794959,1988616000.0,0,0.6053686409942874,24076.91530758992,240.7691530758992,5778.4596738215805,2739.72602739726,25048462.752669573,3238306646.26578,9999174226.174456,55581.6797601718,825773.8255438389,0,0,202920000,2054794.5205479453,34931506.84931507,3515981.735159817,59771689.497716874,0,535386646.26578,2334761.258463414,0.0043461138738561025,0.6496706647653551,"{'total_cost': 226.70095616853973, 'price_stability_cost': 753.7741472896862, 'utilization_efficiency_cost': 0.07924210586235474, 'foundation_sustainability_cost': 0.0, 'node_profitability_cost': 3.6593430344551483, 'decentralization_cost': 0.0}",0,0,1,4,17
20292,18057.68648069244,8926.469521328901,24995.540002021342,1988.616,43.08857758462602,182.0,1203845765.3794959,1988616000.0,0,0.6053686409942874,24076.91530758992,240.7691530758992,5778.4596738215805,2739.72602739726,25048462.752669573,3238306646.26578,9999174226.174456,55581.6797601718,825773.8255438389,0,0,202920000,2054794.5205479453,34931506.84931507,3515981.735159817,59771689.497716874,0,537441440.786328,2325834.788942085,0.004344215167046732,0.6496706647653551,"{'total_cost': 226.70095616853973, 'price_stability_cost': 753.7741472896862, 'utilization_efficiency_cost': 0.07924210586235474, 'foundation_sustainability_cost': 0.0, 'node_profitability_cost': 3.6593430344551483, 'decentralization_cost': 0.0}",0,0,1,5,17
20292,18057.68648069244,8926.469521328901,24995.540002021342,1988.616,43.08857758462602,182.0,1203845765.3794959,1988616000.0,0,0.6053686409942874,24076.91530758992,240.7691530758992,5778.4596738215805,2739.72602739726,25051501.486316,3238306646.26578,9999174226.174456,55581.6797601718,825773.8255438389,0,0,202920000,2054794.5205479453,34931506.84931507,3515981.735159817,59771689.497716874,0,537441440.786328,2325834.788942085,0.004344215167046732,0.6496706647653551,"{'total_cost': 226.70095616853973, 'price_stability_cost': 753.7741472896862, 'utilization_efficiency_cost': 0.07924210586235474, 'foundation_sustainability_cost': 0.0, 'node_profitability_cost': 3.6593430344551483, 'decentralization_cost': 0.0}",0,0,1,6,17
20292,18057.68648069244,8926.469521328901,24995.540002021342,1988.616,43.08857758462602,182.0,1203845765.3794959,1988616000.0,0,0.6053686409942874,24076.91530758992,240.7691530758992,5778.4596738215805,2739.72602739726,25051501.486316,3238306646.26578,9999174226.174456,55581.6797601718,825773.8255438389,0,0,202920000,2054794.5205479453,34931506.84931507,3515981.735159817,59771689.497716874,0,540957422.5214878,2310717.9011862935,0.004299478465608258,0.6496706647653551,"{'total_cost': 226.70095616853973, 'price_stability_cost': 753.7741472896862, 'utilization_efficiency_cost': 0.07924210586235474, 'foundation_sustainability_cost': 0.0, 'node_profitability_cost': 3.6593430344551483, 'decentralization_cost': 0.0}",0,0,1,7,17
20292,18057.68648069244,8926.469521328901,24995.540002021342,1988.616,43.08857758462602,182.0,1203845765.3794959,1988616000.0,0,0.6053686409942874,24076.91530758992,240.7691530758992,5778.4596738215805,2739.72602739726,25051501.486316,3238306646.26578,9999174226.174456,56360.09944370537,882133.9249875443,0,0,202920000,2054794.5205479453,34931506.84931507,3515981.735159817,59771689.497716874,0,540901062.4220442,2310958.670339369,0.0042719788547638865,0.6496706647653551,"{'total_cost': 226.70095616853973, 'price_stability_cost': 753.7741472896862, 'utilization_efficiency_cost': 0.07924210586235474, 'foundation_sustainability_cost': 0.0, 'node_profitability_cost': 3.6593430344551483, 'decentralization_cost': 0.0}",0,0,1,8,17
20462,18057.68648069244,8926.469521328901,24995.540002021342,1988.616,43.08857758462602,170.0,1203845765.3794959,1988616000.0,0,0.6053686409942874,24076.91530758992,240.7691530758992,5778.4596738215805,2739.72602739726,25051501.486316,3238306646.26578,9999174226.174456,56360.09944370537,882133.9249875443,0,0,204620000,2054794.5205479453,34931506.84931507,3515981.735159817,59771689.497716874,0,539201062.4220442,2318244.690366722,0.004285894133736949,0.7260773175773453,"{'total_cost': 226.70095616853973, 'price_stability_cost': 753.7741472896862, 'utilization_efficiency_cost': 0.07924210586235474, 'foundation_sustainability_cost': 0.0, 'node_profitability_cost': 3.6593430344551483, 'decentralization_cost': 0.0}",0,0,1,9,17
20462,18057.68648069244,8926.469521328901,24995.540002021342,1988.616,43.08857758462602,170.0,1203845765.3794959,1988616000.0,0,0.6053686409942874,24076.91530758992,240.7691530758992,5778.4596738215805,2739.72602739726,25051501.486316,3243821062.4220443,9999117866.075012,56360.09944370537,882133.9249875443,0,0,204620000,2054794.5205479453,34931506.84931507,3515981.735159817,59771689.497716874,0,539201062.4220442,2318244.690366722,0.004285894133736949,0.7260773175773453,"{'total_cost': 226.70095616853973, 'price_stability_cost': 753.7741472896862, 'utilization_efficiency_cost': 0.07924210586235474, 'foundation_sustainability_cost': 0.0, 'node_profitability_cost': 3.6593430344551483, 'decentralization_cost': 0.0}",0,0,1,10,17
20462,18057.68648069244,8926.469521328901,24995.540002021342,1988.616,43.08857758462602,170.0,1203845765.3794959,1988616000.0,0,0.6053686409942874,24076.91530758992,240.7691530758992,5778.4596738215805,2739.72602739726,25051501.486316,3243821062.4220443,9999117866.075012,56360.09944370537,882133.9249875443,0,0,204620000,2054794.5205479453,34931506.84931507,3515981.735159817,59771689.497716874,0,539201062.4220442,2318244.690366722,0.004285894133736949,0.7260773175773453,"{'total_cost': 238.77918688245427, 'price_stability_cost': 794.108335495212, 'utilization_efficiency_cost': 0.08282976028924817, 'foundation_sustainability_cost': 0.0, 'node_profitability_cost': 3.506525292122469, 'decentralization_cost': 0.0}",0,0,1,11,17
20462,18057.68648069244,8926.469521328901,24995.540002021342,1988.616,43.08857758462602,170.0,1204086534.5325718,1988616000.0,0,0.6053686409942874,24076.91530758992,240.7691530758992,5778.4596738215805,2739.72602739726,25051501.486316,3243821062.4220443,9999117866.075012,56360.09944370537,882133.9249875443,0,0,204620000,2054794.5205479453,34931506.84931507,3515981.735159817,59771689.497716874,0,539201062.4220442,2318244.690366722,0.004285894133736949,0.7260773175773453,"{'total_cost': 238.77918688245427, 'price_stability_cost': 794.108335495212, 'utilization_efficiency_cost': 0.08282976028924817, 'foundation_sustainability_cost': 0.0, 'node_profitability_cost': 3.506525292122469, 'decentralization_cost': 0.0}",0,0,1,1,18
20462,18057.68648069244,8926.469521328901,24995.540002021342,1988.616,43.08857758462602,170.0,1204086534.5325718,1988616000.0,0,0.6053686409942874,24076.91530758992,240.7691530758992,5778.4596738215805,2739.72602739726,25051501.486316,3243821062.4220443,9999117866.075012,56360.09944370537,882133.9249875443,0,0,204620000,2054794.5205479453,36986301.36986302,3515981.735159817,63287671.23287669,0,539201062.4220442,2318244.690366722,0.004285894133736949,0.7260773175773453,"{'total_cost': 238.77918688245427, 'price_stability_cost': 794.108335495212, 'utilization_efficiency_cost': 0.08282976028924817, 'foundation_sustainability_cost': 0.0, 'node_profitability_cost': 3.506525292122469, 'decentralization_cost': 0.0}",0,0,1,2,18
20462,18057.68648069244,8926.469521328901,24995.540002021342,1988.616,43.08857758462602,170.0,1204086534.5325718,2005276000.0,0,0.6004592557496184,24076.91530758992,240.7691530758992,5778.4596738215805,2739.72602739726,25051501.486316,3243821062.4220443,9999117866.075012,56360.09944370537,882133.9249875443,0,0,204620000,2054794.5205479453,36986301.36986302,3515981.735159817,63287671.23287669,0,539201062.4220442,2318244.690366722,0.004285894133736949,0.7260773175773453,"{'total_cost': 238.77918688245427, 'price_stability_cost': 794.108335495212, 'utilization_efficiency_cost': 0.08282976028924817, 'foundation_sustainability_cost': 0.0, 'node_profitability_cost': 3.506525292122469, 'decentralization_cost': 0.0}",0,0,1,3,18
20462,18061.298017988578,8926.469521328901,24995.540002021342,1988.616,43.08857758462602,170.0,1204086534.5325718,2005276000.0,0,0.6004592557496184,24081.73069065144,240.8173069065144,5779.615365756345,2739.72602739726,25051501.486316,3243821062.4220443,9999117866.075012,56360.09944370537,882133.9249875443,0,0,204620000,2054794.5205479453,36986301.36986302,3515981.735159817,63287671.23287669,0,539201062.4220442,2318244.690366722,0.004285894133736949,0.7260773175773453,"{'total_cost': 238.77918688245427, 'price_stability_cost': 794.108335495212, 'utilization_efficiency_cost': 0.08282976028924817, 'foundation_sustainability_cost': 0.0, 'node_profitability_cost': 3.506525292122469, 'decentralization_cost': 0.0}",0,0,1,4,18
20462,18061.298017988578,8800.859013263569,24856.881031252145,2005.2759999999998,42.51846219722377,170.0,1204086534.5325718,2005276000.0,0,0.6004592557496184,24081.73069065144,240.8173069065144,5779.615365756345,2739.72602739726,25051501.486316,3243821062.4220443,9999117866.075012,56360.09944370537,882133.9249875443,0,0,204620000,2054794.5205479453,36986301.36986302,3515981.735159817,63287671.23287669,0,541255856.9425921,2309443.8313534586,0.00428308471978827,0.7260773175773453,"{'total_cost': 238.77918688245427, 'price_stability_cost': 794.108335495212, 'utilization_efficiency_cost': 0.08282976028924817, 'foundation_sustainability_cost': 0.0, 'node_profitability_cost': 3.506525292122469, 'decentralization_cost': 0.0}",0,0,1,5,18
20462,18061.298017988578,8800.859013263569,24856.881031252145,2005.2759999999998,42.51846219722377,170.0,1204086534.5325718,2005276000.0,0,0.6004592557496184,24081.73069065144,240.8173069065144,5779.615365756345,2739.72602739726,25054541.37565436,3243821062.4220443,9999117866.075012,56360.09944370537,882133.9249875443,0,0,204620000,2054794.5205479453,36986301.36986302,3515981.735159817,63287671.23287669,0,541255856.9425921,2309443.8313534586,0.00428308471978827,0.7260773175773453,"{'total_cost': 238.77918688245427, 'price_stability_cost': 794.108335495212, 'utilization_efficiency_cost': 0.08282976028924817, 'foundation_sustainability_cost': 0.0, 'node_profitability_cost': 3.506525292122469, 'decentralization_cost': 0.0}",0,0,1,6,18
20462,18061.298017988578,8800.859013263569,24856.881031252145,2005.2759999999998,42.51846219722377,170.0,1204086534.5325718,2005276000.0,0,0.6004592557496184,24081.73069065144,240.8173069065144,5779.615365756345,2739.72602739726,25054541.37565436,3243821062.4220443,9999117866.075012,56360.09944370537,882133.9249875443,0,0,204620000,2054794.5205479453,36986301.36986302,3515981.735159817,63287671.23287669,0,544771838.677752,2294538.5779007017,0.004239286371628252,0.7260773175773453,"{'total_cost': 238.77918688245427, 'price_stability_cost': 794.108335495212, 'utilization_efficiency_cost': 0.08282976028924817, 'foundation_sustainability_cost': 0.0, 'node_profitability_cost': 3.506525292122469, 'decentralization_cost': 0.0}",0,0,1,7,18
20462,18061.298017988578,8800.859013263569,24856.881031252145,2005.2759999999998,42.51846219722377,170.0,1204086534.5325718,2005276000.0,0,0.6004592557496184,24081.73069065144,240.8173069065144,5779.615365756345,2739.72602739726,25054541.37565436,3243821062.4220443,9999117866.075012,57169.106251722114,939303.0312392664,0,0,204620000,2054794.5205479453,36986301.36986302,3515981.735159817,63287671.23287669,0,544714669.5715003,2294779.395207608,0.004212367880060399,0.7260773175773453,"{'total_cost': 238.77918688245427, 'price_stability_cost': 794.108335495212, 'utilization_efficiency_cost': 0.08282976028924817, 'foundation_sustainability_cost': 0.0, 'node_profitability_cost': 3.506525292122469, 'decentralization_cost': 0.0}",0,0,1,8,18
20621,18061.298017988578,8800.859013263569,24856.881031252145,2005.2759999999998,42.51846219722377,159.0,1204086534.5325718,2005276000.0,0,0.6004592557496184,24081.73069065144,240.8173069065144,5779.615365756345,2739.72602739726,25054541.37565436,3243821062.4220443,9999117866.075012,57169.106251722114,939303.0312392664,0,0,206210000,2054794.5205479453,36986301.36986302,3515981.735159817,63287671.23287669,0,543124669.5715003,2301497.3725759694,0.0042251429989694275,0.807538000751054,"{'total_cost': 238.77918688245427, 'price_stability_cost': 794.108335495212, 'utilization_efficiency_cost': 0.08282976028924817, 'foundation_sustainability_cost': 0.0, 'node_profitability_cost': 3.506525292122469, 'decentralization_cost': 0.0}",0,0,1,9,18
20621,18061.298017988578,8800.859013263569,24856.881031252145,2005.2759999999998,42.51846219722377,159.0,1204086534.5325718,2005276000.0,0,0.6004592557496184,24081.73069065144,240.8173069065144,5779.615365756345,2739.72602739726,25054541.37565436,3249334669.5715003,9999060696.968761,57169.106251722114,939303.0312392664,0,0,206210000,2054794.5205479453,36986301.36986302,3515981.735159817,63287671.23287669,0,543124669.5715003,2301497.3725759694,0.0042251429989694275,0.807538000751054,"{'total_cost': 238.77918688245427, 'price_stability_cost': 794.108335495212, 'utilization_efficiency_cost': 0.08282976028924817, 'foundation_sustainability_cost': 0.0, 'node_profitability_cost': 3.506525292122469, 'decentralization_cost': 0.0}",0,0,1,10,18
20621,18061.298017988578,8800.859013263569,24856.881031252145,2005.2759999999998,42.51846219722377,159.0,1204086534.5325718,2005276000.0,0,0.6004592557496184,24081.73069065144,240.8173069065144,5779.615365756345,2739.72602739726,25054541.37565436,3249334669.5715003,9999060696.968761,57169.106251722114,939303.0312392664,0,0,206210000,2054794.5205479453,36986301.36986302,3515981.735159817,63287671.23287669,0,543124669.5715003,2301497.3725759694,0.0042251429989694275,0.807538000751054,"{'total_cost': 249.9508007898292, 'price_stability_cost': 831.4147001138293, 'utilization_efficiency_cost': 0.08618765818828279, 'foundation_sustainability_cost': 0.0, 'node_profitability_cost': 3.3656256075557054, 'decentralization_cost': 0.0}",0,0,1,11,18
20621,18061.298017988578,8800.859013263569,24856.881031252145,2005.2759999999998,42.51846219722377,159.0,1204327351.8394783,2005276000.0,0,0.6004592557496184,24081.73069065144,240.8173069065144,5779.615365756345,2739.72602739726,25054541.37565436,3249334669.5715003,9999060696.968761,57169.106251722114,939303.0312392664,0,0,206210000,2054794.5205479453,36986301.36986302,3515981.735159817,63287671.23287669,0,543124669.5715003,2301497.3725759694,0.0042251429989694275,0.807538000751054,"{'total_cost': 249.9508007898292, 'price_stability_cost': 831.4147001138293, 'utilization_efficiency_cost': 0.08618765818828279, 'foundation_sustainability_cost': 0.0, 'node_profitability_cost': 3.3656256075557054, 'decentralization_cost': 0.0}",0,0,1,1,19
20621,18061.298017988578,8800.859013263569,24856.881031252145,2005.2759999999998,42.51846219722377,159.0,1204327351.8394783,2005276000.0,0,0.6004592557496184,24081.73069065144,240.8173069065144,5779.615365756345,2739.72602739726,25054541.37565436,3249334669.5715003,9999060696.968761,57169.106251722114,939303.0312392664,0,0,206210000,2054794.5205479453,39041095.89041097,3515981.735159817,66803652.9680365,0,543124669.5715003,2301497.3725759694,0.0042251429989694275,0.807538000751054,"{'total_cost': 249.9508007898292, 'price_stability_cost': 831.4147001138293, 'utilization_efficiency_cost': 0.08618765818828279, 'foundation_sustainability_cost': 0.0, 'node_profitability_cost': 3.3656256075557054, 'decentralization_cost': 0.0}",0,0,1,2,19
20621,18061.298017988578,8800.859013263569,24856.881031252145,2005.2759999999998,42.51846219722377,159.0,1204327351.8394783,2020858000.0,0,0.5959485287137831,24081.73069065144,240.8173069065144,5779.615365756345,2739.72602739726,25054541.37565436,3249334669.5715003,9999060696.968761,57169.106251722114,939303.0312392664,0,0,206210000,2054794.5205479453,39041095.89041097,3515981.735159817,66803652.9680365,0,543124669.5715003,2301497.3725759694,0.0042251429989694275,0.807538000751054,"{'total_cost': 249.9508007898292, 'price_stability_cost': 831.4147001138293, 'utilization_efficiency_cost': 0.08618765818828279, 'foundation_sustainability_cost': 0.0, 'node_profitability_cost': 3.3656256075557054, 'decentralization_cost': 0.0}",0,0,1,3,19
20621,18064.91027759218,8800.859013263569,24856.881031252145,2005.2759999999998,42.51846219722377,159.0,1204327351.8394783,2020858000.0,0,0.5959485287137831,24086.54703678957,240.86547036789568,5780.771288829496,2739.72602739726,25054541.37565436,3249334669.5715003,9999060696.968761,57169.106251722114,939303.0312392664,0,0,206210000,2054794.5205479453,39041095.89041097,3515981.735159817,66803652.9680365,0,543124669.5715003,2301497.3725759694,0.0042251429989694275,0.807538000751054,"{'total_cost': 249.9508007898292, 'price_stability_cost': 831.4147001138293, 'utilization_efficiency_cost': 0.08618765818828279, 'foundation_sustainability_cost': 0.0, 'node_profitability_cost': 3.3656256075557054, 'decentralization_cost': 0.0}",0,0,1,4,19
20621,18064.91027759218,8674.398985480002,24718.45126307218,2020.858,41.98043255408346,159.0,1204327351.8394783,2020858000.0,0,0.5959485287137831,24086.54703678957,240.86547036789568,5780.771288829496,2739.72602739726,25054541.37565436,3249334669.5715003,9999060696.968761,57169.106251722114,939303.0312392664,0,0,206210000,2054794.5205479453,39041095.89041097,3515981.735159817,66803652.9680365,0,545179464.0920483,2292822.9735904895,0.004221540839600267,0.807538000751054,"{'total_cost': 249.9508007898292, 'price_stability_cost': 831.4147001138293, 'utilization_efficiency_cost': 0.08618765818828279, 'foundation_sustainability_cost': 0.0, 'node_profitability_cost': 3.3656256075557054, 'decentralization_cost': 0.0}",0,0,1,5,19
20621,18064.91027759218,8674.398985480002,24718.45126307218,2020.858,41.98043255408346,159.0,1204327351.8394783,2020858000.0,0,0.5959485287137831,24086.54703678957,240.86547036789568,5780.771288829496,2739.72602739726,25057582.420915794,3249334669.5715003,9999060696.968761,57169.106251722114,939303.0312392664,0,0,206210000,2054794.5205479453,39041095.89041097,3515981.735159817,66803652.9680365,0,545179464.0920483,2292822.9735904895,0.004221540839600267,0.807538000751054,"{'total_cost': 249.9508007898292, 'price_stability_cost': 831.4147001138293, 'utilization_efficiency_cost': 0.08618765818828279, 'foundation_sustainability_cost': 0.0, 'node_profitability_cost': 3.3656256075557054, 'decentralization_cost': 0.0}",0,0,1,6,19
20621,18064.91027759218,8674.398985480002,24718.45126307218,2020.858,41.98043255408346,159.0,1204327351.8394783,2020858000.0,0,0.5959485287137831,24086.54703678957,240.86547036789568,5780.771288829496,2739.72602739726,25057582.420915794,3249334669.5715003,9999060696.968761,57169.106251722114,939303.0312392664,0,0,206210000,2054794.5205479453,39041095.89041097,3515981.735159817,66803652.9680365,0,548695445.8272082,2278130.8091878025,0.004178680524920069,0.807538000751054,"{'total_cost': 249.9508007898292, 'price_stability_cost': 831.4147001138293, 'utilization_efficiency_cost': 0.08618765818828279, 'foundation_sustainability_cost': 0.0, 'node_profitability_cost': 3.3656256075557054, 'decentralization_cost': 0.0}",0,0,1,7,19
20621,18064.91027759218,8674.398985480002,24718.45126307218,2020.858,41.98043255408346,159.0,1204327351.8394783,2020858000.0,0,0.5959485287137831,24086.54703678957,240.86547036789568,5780.771288829496,2739.72602739726,25057582.420915794,3249334669.5715003,9999060696.968761,58007.123296826125,997310.1545360925,0,0,206210000,2054794.5205479453,39041095.89041097,3515981.735159817,66803652.9680365,0,548637438.7039113,2278371.6746581704,0.00415234296545567,0.807538000751054,"{'total_cost': 249.9508007898292, 'price_stability_cost': 831.4147001138293, 'utilization_efficiency_cost': 0.08618765818828279, 'foundation_sustainability_cost': 0.0, 'node_profitability_cost': 3.3656256075557054, 'decentralization_cost': 0.0}",0,0,1,8,19
20771,18064.91027759218,8674.398985480002,24718.45126307218,2020.858,41.98043255408346,150.0,1204327351.8394783,2020858000.0,0,0.5959485287137831,24086.54703678957,240.86547036789568,5780.771288829496,2739.72602739726,25057582.420915794,3249334669.5715003,9999060696.968761,58007.123296826125,997310.1545360925,0,0,207710000,2054794.5205479453,39041095.89041097,3515981.735159817,66803652.9680365,0,547137438.7039113,2284617.9251799462,0.004164167014517048,0.8942426748992813,"{'total_cost': 249.9508007898292, 'price_stability_cost': 831.4147001138293, 'utilization_efficiency_cost': 0.08618765818828279, 'foundation_sustainability_cost': 0.0, 'node_profitability_cost': 3.3656256075557054, 'decentralization_cost': 0.0}",0,0,1,9,19
20771,18064.91027759218,8674.398985480002,24718.45126307218,2020.858,41.98043255408346,150.0,1204327351.8394783,2020858000.0,0,0.5959485287137831,24086.54703678957,240.86547036789568,5780.771288829496,2739.72602739726,25057582.420915794,3254847438.7039113,9999002689.845465,58007.123296826125,997310.1545360925,0,0,207710000,2054794.5205479453,39041095.89041097,3515981.735159817,66803652.9680365,0,547137438.7039113,2284617.9251799462,0.004164167014517048,0.8942426748992813,"{'total_cost': 249.9508007898292, 'price_stability_cost': 831.4147001138293, 'utilization_efficiency_cost': 0.08618765818828279, 'foundation_sustainability_cost': 0.0, 'node_profitability_cost': 3.3656256075557054, 'decentralization_cost': 0.0}",0,0,1,10,19
20771,18064.91027759218,8674.398985480002,24718.45126307218,2020.858,41.98043255408346,150.0,1204327351.8394783,2020858000.0,0,0.5959485287137831,24086.54703678957,240.86547036789568,5780.771288829496,2739.72602739726,25057582.420915794,3254847438.7039113,9999002689.845465,58007.123296826125,997310.1545360925,0,0,207710000,2054794.5205479453,39041095.89041097,3515981.735159817,66803652.9680365,0,547137438.7039113,2284617.9251799462,0.004164167014517048,0.8942426748992813,"{'total_cost': 259.84742787394464, 'price_stability_cost': 864.4659970761463, 'utilization_efficiency_cost': 0.08933169558850029, 'foundation_sustainability_cost': 0.0, 'node_profitability_cost': 3.235305514690873, 'decentralization_cost': 0.0}",0,0,1,11,19
20771,18064.91027759218,8674.398985480002,24718.45126307218,2020.858,41.98043255408346,150.0,1204568217.3098462,2020858000.0,0,0.5959485287137831,24086.54703678957,240.86547036789568,5780.771288829496,2739.72602739726,25057582.420915794,3254847438.7039113,9999002689.845465,58007.123296826125,997310.1545360925,0,0,207710000,2054794.5205479453,39041095.89041097,3515981.735159817,66803652.9680365,0,547137438.7039113,2284617.9251799462,0.004164167014517048,0.8942426748992813,"{'total_cost': 259.84742787394464, 'price_stability_cost': 864.4659970761463, 'utilization_efficiency_cost': 0.08933169558850029, 'foundation_sustainability_cost': 0.0, 'node_profitability_cost': 3.235305514690873, 'decentralization_cost': 0.0}",0,0,1,1,20
20771,18064.91027759218,8674.398985480002,24718.45126307218,2020.858,41.98043255408346,150.0,1204568217.3098462,2020858000.0,0,0.5959485287137831,24086.54703678957,240.86547036789568,5780.771288829496,2739.72602739726,25057582.420915794,3254847438.7039113,9999002689.845465,58007.123296826125,997310.1545360925,0,0,207710000,2054794.5205479453,41095890.410958916,3515981.735159817,70319634.70319632,0,547137438.7039113,2284617.9251799462,0.004164167014517048,0.8942426748992813,"{'total_cost': 259.84742787394464, 'price_stability_cost': 864.4659970761463, 'utilization_efficiency_cost': 0.08933169558850029, 'foundation_sustainability_cost': 0.0, 'node_profitability_cost': 3.235305514690873, 'decentralization_cost': 0.0}",0,0,1,2,20
20771,18064.91027759218,8674.398985480002,24718.45126307218,2020.858,41.98043255408346,150.0,1204568217.3098462,2035558000.0,0,0.5917631515829301,24086.54703678957,240.86547036789568,5780.771288829496,2739.72602739726,25057582.420915794,3254847438.7039113,9999002689.845465,58007.123296826125,997310.1545360925,0,0,207710000,2054794.5205479453,41095890.410958916,3515981.735159817,70319634.70319632,0,547137438.7039113,2284617.9251799462,0.004164167014517048,0.8942426748992813,"{'total_cost': 259.84742787394464, 'price_stability_cost': 864.4659970761463, 'utilization_efficiency_cost': 0.08933169558850029, 'foundation_sustainability_cost': 0.0, 'node_profitability_cost': 3.235305514690873, 'decentralization_cost': 0.0}",0,0,1,3,20
20771,18068.523259647693,8674.398985480002,24718.45126307218,2020.858,41.98043255408346,150.0,1204568217.3098462,2035558000.0,0,0.5917631515829301,24091.364346196926,240.91364346196926,5781.927443087262,2739.72602739726,25057582.420915794,3254847438.7039113,9999002689.845465,58007.123296826125,997310.1545360925,0,0,207710000,2054794.5205479453,41095890.410958916,3515981.735159817,70319634.70319632,0,547137438.7039113,2284617.9251799462,0.004164167014517048,0.8942426748992813,"{'total_cost': 259.84742787394464, 'price_stability_cost': 864.4659970761463, 'utilization_efficiency_cost': 0.08933169558850029, 'foundation_sustainability_cost': 0.0, 'node_profitability_cost': 3.235305514690873, 'decentralization_cost': 0.0}",0,0,1,4,20
20771,18068.523259647693,8547.863771931243,24580.829031578935,2035.558,41.46972724054934,150.0,1204568217.3098462,2035558000.0,0,0.5917631515829301,24091.364346196926,240.91364346196926,5781.927443087262,2739.72602739726,25057582.420915794,3254847438.7039113,9999002689.845465,58007.123296826125,997310.1545360925,0,0,207710000,2054794.5205479453,41095890.410958916,3515981.735159817,70319634.70319632,0,549192233.2244593,2276070.061408015,0.004159960369006538,0.8942426748992813,"{'total_cost': 259.84742787394464, 'price_stability_cost': 864.4659970761463, 'utilization_efficiency_cost': 0.08933169558850029, 'foundation_sustainability_cost': 0.0, 'node_profitability_cost': 3.235305514690873, 'decentralization_cost': 0.0}",0,0,1,5,20
20771,18068.523259647693,8547.863771931243,24580.829031578935,2035.558,41.46972724054934,150.0,1204568217.3098462,2035558000.0,0,0.5917631515829301,24091.364346196926,240.91364346196926,5781.927443087262,2739.72602739726,25060624.622331485,3254847438.7039113,9999002689.845465,58007.123296826125,997310.1545360925,0,0,207710000,2054794.5205479453,41095890.410958916,3515981.735159817,70319634.70319632,0,549192233.2244593,2276070.061408015,0.004159960369006538,0.8942426748992813,"{'total_cost': 259.84742787394464, 'price_stability_cost': 864.4659970761463, 'utilization_efficiency_cost': 0.08933169558850029, 'foundation_sustainability_cost': 0.0, 'node_profitability_cost': 3.235305514690873, 'decentralization_cost': 0.0}",0,0,1,6,20
20771,18068.523259647693,8547.863771931243,24580.829031578935,2035.558,41.46972724054934,150.0,1204568217.3098462,2035558000.0,0,0.5917631515829301,24091.364346196926,240.91364346196926,5781.927443087262,2739.72602739726,25060624.622331485,3254847438.7039113,9999002689.845465,58007.123296826125,997310.1545360925,0,0,207710000,2054794.5205479453,41095890.410958916,3515981.735159817,70319634.70319632,0,552708214.9596192,2261591.1364576425,0.004118031901469575,0.8942426748992813,"{'total_cost': 259.84742787394464, 'price_stability_cost': 864.4659970761463, 'utilization_efficiency_cost': 0.08933169558850029, 'foundation_sustainability_cost': 0.0, 'node_profitability_cost': 3.235305514690873, 'decentralization_cost': 0.0}",0,0,1,7,20
20771,18068.523259647693,8547.863771931243,24580.829031578935,2035.558,41.46972724054934,150.0,1204568217.3098462,2035558000.0,0,0.5917631515829301,24091.364346196926,240.91364346196926,5781.927443087262,2739.72602739726,25060624.622331485,3254847438.7039113,9999002689.845465,58870.39660231673,1056180.5511384092,0,0,207710000,2054794.5205479453,41095890.410958916,3515981.735159817,70319634.70319632,0,552649344.5630169,2261832.0501011047,0.004092271453331581,0.8942426748992813,"{'total_cost': 259.84742787394464, 'price_stability_cost': 864.4659970761463, 'utilization_efficiency_cost': 0.08933169558850029, 'foundation_sustainability_cost': 0.0, 'node_profitability_cost': 3.235305514690873, 'decentralization_cost': 0.0}",0,0,1,8,20
20912,18068.523259647693,8547.863771931243,24580.829031578935,2035.558,41.46972724054934,141.0,1204568217.3098462,2035558000.0,0,0.5917631515829301,24091.364346196926,240.91364346196926,5781.927443087262,2739.72602739726,25060624.622331485,3254847438.7039113,9999002689.845465,58870.39660231673,1056180.5511384092,0,0,209120000,2054794.5205479453,41095890.410958916,3515981.735159817,70319634.70319632,0,551239344.5630169,2267617.5282642622,0.004103176002239323,0.9864079227101695,"{'total_cost': 259.84742787394464, 'price_stability_cost': 864.4659970761463, 'utilization_efficiency_cost': 0.08933169558850029, 'foundation_sustainability_cost': 0.0, 'node_profitability_cost': 3.235305514690873, 'decentralization_cost': 0.0}",0,0,1,9,20
20912,18068.523259647693,8547.863771931243,24580.829031578935,2035.558,41.46972724054934,141.0,1204568217.3098462,2035558000.0,0,0.5917631515829301,24091.364346196926,240.91364346196926,5781.927443087262,2739.72602739726,25060624.622331485,3260359344.563017,9998943819.448862,58870.39660231673,1056180.5511384092,0,0,209120000,2054794.5205479453,41095890.410958916,3515981.735159817,70319634.70319632,0,551239344.5630169,2267617.5282642622,0.004103176002239323,0.9864079227101695,"{'total_cost': 259.84742787394464, 'price_stability_cost': 864.4659970761463, 'utilization_efficiency_cost': 0.08933169558850029, 'foundation_sustainability_cost': 0.0, 'node_profitability_cost': 3.235305514690873, 'decentralization_cost': 0.0}",0,0,1,10,20
20912,18068.523259647693,8547.863771931243,24580.829031578935,2035.558,41.46972724054934,141.0,1204568217.3098462,2035558000.0,0,0.5917631515829301,24091.364346196926,240.91364346196926,5781.927443087262,2739.72602739726,25060624.622331485,3260359344.563017,9998943819.448862,58870.39660231673,1056180.5511384092,0,0,209120000,2054794.5205479453,41095890.410958916,3515981.735159817,70319634.70319632,0,551239344.5630169,2267617.5282642622,0.004103176002239323,0.9864079227101695,"{'total_cost': 268.10060452403167, 'price_stability_cost': 892.0347735001233, 'utilization_efficiency_cost': 0.09229933547457536, 'foundation_sustainability_cost': 0.0, 'node_profitability_cost': 3.1139842675070213, 'decentralization_cost': 0.0}",0,0,1,11,20
20912,18068.523259647693,8547.863771931243,24580.829031578935,2035.558,41.46972724054934,141.0,1204809130.953308,2035558000.0,0,0.5917631515829301,24091.364346196926,240.91364346196926,5781.927443087262,2739.72602739726,25060624.622331485,3260359344.563017,9998943819.448862,58870.39660231673,1056180.5511384092,0,0,209120000,2054794.5205479453,41095890.410958916,3515981.735159817,70319634.70319632,0,551239344.5630169,2267617.5282642622,0.004103176002239323,0.9864079227101695,"{'total_cost': 268.10060452403167, 'price_stability_cost': 892.0347735001233, 'utilization_efficiency_cost': 0.09229933547457536, 'foundation_sustainability_cost': 0.0, 'node_profitability_cost': 3.1139842675070213, 'decentralization_cost': 0.0}",0,0,1,1,21
20912,18068.523259647693,8547.863771931243,24580.829031578935,2035.558,41.46972724054934,141.0,1204809130.953308,2035558000.0,0,0.5917631515829301,24091.364346196926,240.91364346196926,5781.927443087262,2739.72602739726,25060624.622331485,3260359344.563017,9998943819.448862,58870.39660231673,1056180.5511384092,0,0,209120000,2054794.5205479453,43150684.931506865,3515981.735159817,73835616.43835613,0,551239344.5630169,2267617.5282642622,0.004103176002239323,0.9864079227101695,"{'total_cost': 268.10060452403167, 'price_stability_cost': 892.0347735001233, 'utilization_efficiency_cost': 0.09229933547457536, 'foundation_sustainability_cost': 0.0, 'node_profitability_cost': 3.1139842675070213, 'decentralization_cost': 0.0}",0,0,1,2,21
20912,18068.523259647693,8547.863771931243,24580.829031578935,2035.558,41.46972724054934,141.0,1204809130.953308,2049376000.0,0,0.5878907193962006,24091.364346196926,240.91364346196926,5781.927443087262,2739.72602739726,25060624.622331485,3260359344.563017,9998943819.448862,58870.39660231673,1056180.5511384092,0,0,209120000,2054794.5205479453,43150684.931506865,3515981.735159817,73835616.43835613,0,551239344.5630169,2267617.5282642622,0.004103176002239323,0.9864079227101695,"{'total_cost': 268.10060452403167, 'price_stability_cost': 892.0347735001233, 'utilization_efficiency_cost': 0.09229933547457536, 'foundation_sustainability_cost': 0.0, 'node_profitability_cost': 3.1139842675070213, 'decentralization_cost': 0.0}",0,0,1,3,21
20912,18072.13696429962,8547.863771931243,24580.829031578935,2035.558,41.46972724054934,141.0,1204809130.953308,2049376000.0,0,0.5878907193962006,24096.182619066163,240.96182619066164,5783.083828575879,2739.72602739726,25060624.622331485,3260359344.563017,9998943819.448862,58870.39660231673,1056180.5511384092,0,0,209120000,2054794.5205479453,43150684.931506865,3515981.735159817,73835616.43835613,0,551239344.5630169,2267617.5282642622,0.004103176002239323,0.9864079227101695,"{'total_cost': 268.10060452403167, 'price_stability_cost': 892.0347735001233, 'utilization_efficiency_cost': 0.09229933547457536, 'foundation_sustainability_cost': 0.0, 'node_profitability_cost': 3.1139842675070213, 'decentralization_cost': 0.0}",0,0,1,4,21
20912,18072.13696429962,8421.358085400128,24444.119049699748,2049.3759999999997,40.98525616971547,141.0,1204809130.953308,2049376000.0,0,0.5878907193962006,24096.182619066163,240.96182619066164,5783.083828575879,2739.72602739726,25060624.622331485,3260359344.563017,9998943819.448862,58870.39660231673,1056180.5511384092,0,0,209120000,2054794.5205479453,43150684.931506865,3515981.735159817,73835616.43835613,0,553294139.0835649,2259196.1701788623,0.004098394268228062,0.9864079227101695,"{'total_cost': 268.10060452403167, 'price_stability_cost': 892.0347735001233, 'utilization_efficiency_cost': 0.09229933547457536, 'foundation_sustainability_cost': 0.0, 'node_profitability_cost': 3.1139842675070213, 'decentralization_cost': 0.0}",0,0,1,5,21
20912,18072.13696429962,8421.358085400128,24444.119049699748,2049.3759999999997,40.98525616971547,141.0,1204809130.953308,2049376000.0,0,0.5878907193962006,24096.182619066163,240.96182619066164,5783.083828575879,2739.72602739726,25063667.980132665,3260359344.563017,9998943819.448862,58870.39660231673,1056180.5511384092,0,0,209120000,2054794.5205479453,43150684.931506865,3515981.735159817,73835616.43835613,0,553294139.0835649,2259196.1701788623,0.004098394268228062,0.9864079227101695,"{'total_cost': 268.10060452403167, 'price_stability_cost': 892.0347735001233, 'utilization_efficiency_cost': 0.09229933547457536, 'foundation_sustainability_cost': 0.0, 'node_profitability_cost': 3.1139842675070213, 'decentralization_cost': 0.0}",0,0,1,6,21
20912,18072.13696429962,8421.358085400128,24444.119049699748,2049.3759999999997,40.98525616971547,141.0,1204809130.953308,2049376000.0,0,0.5878907193962006,24096.182619066163,240.96182619066164,5783.083828575879,2739.72602739726,25063667.980132665,3260359344.563017,9998943819.448862,58870.39660231673,1056180.5511384092,0,0,209120000,2054794.5205479453,43150684.931506865,3515981.735159817,73835616.43835613,0,556810120.8187248,2244930.4588106633,0.004057390635890339,0.9864079227101695,"{'total_cost': 268.10060452403167, 'price_stability_cost': 892.0347735001233, 'utilization_efficiency_cost': 0.09229933547457536, 'foundation_sustainability_cost': 0.0, 'node_profitability_cost': 3.1139842675070213, 'decentralization_cost': 0.0}",0,0,1,7,21
20912,18072.13696429962,8421.358085400128,24444.119049699748,2049.3759999999997,40.98525616971547,141.0,1204809130.953308,2049376000.0,0,0.5878907193962006,24096.182619066163,240.96182619066164,5783.083828575879,2739.72602739726,25063667.980132665,3260359344.563017,9998943819.448862,59759.349473575996,1115939.9006119852,0,0,209120000,2054794.5205479453,43150684.931506865,3515981.735159817,73835616.43835613,0,556750361.4692512,2245171.420636854,0.004032202965951103,0.9864079227101695,"{'total_cost': 268.10060452403167, 'price_stability_cost': 892.0347735001233, 'utilization_efficiency_cost': 0.09229933547457536, 'foundation_sustainability_cost': 0.0, 'node_profitability_cost': 3.1139842675070213, 'decentralization_cost': 0.0}",0,0,1,8,21
21045,18072.13696429962,8421.358085400128,24444.119049699748,2049.3759999999997,40.98525616971547,133.0,1204809130.953308,2049376000.0,0,0.5878907193962006,24096.182619066163,240.96182619066164,5783.083828575879,2739.72602739726,25063667.980132665,3260359344.563017,9998943819.448862,59759.349473575996,1115939.9006119852,0,0,210450000,2054794.5205479453,43150684.931506865,3515981.735159817,73835616.43835613,0,555420361.4692512,2250547.669324511,0.004042292246358617,1.0842444001854803,"{'total_cost': 268.10060452403167, 'price_stability_cost': 892.0347735001233, 'utilization_efficiency_cost': 0.09229933547457536, 'foundation_sustainability_cost': 0.0, 'node_profitability_cost': 3.1139842675070213, 'decentralization_cost': 0.0}",0,0,1,9,21
21045,18072.13696429962,8421.358085400128,24444.119049699748,2049.3759999999997,40.98525616971547,133.0,1204809130.953308,2049376000.0,0,0.5878907193962006,24096.182619066163,240.96182619066164,5783.083828575879,2739.72602739726,25063667.980132665,3265870361.469251,9998884060.099388,59759.349473575996,1115939.9006119852,0,0,210450000,2054794.5205479453,43150684.931506865,3515981.735159817,73835616.43835613,0,555420361.4692512,2250547.669324511,0.004042292246358617,1.0842444001854803,"{'total_cost': 268.10060452403167, 'price_stability_cost': 892.0347735001233, 'utilization_efficiency_cost': 0.09229933547457536, 'foundation_sustainability_cost': 0.0, 'node_profitability_cost': 3.1139842675070213, 'decentralization_cost': 0.0}",0,0,1,10,21
21045,18072.13696429962,8421.358085400128,24444.119049699748,2049.3759999999997,40.98525616971547,133.0,1204809130.953308,2049376000.0,0,0.5878907193962006,24096.182619066163,240.96182619066164,5783.083828575879,2739.72602739726,25063667.980132665,3265870361.469251,9998884060.099388,59759.349473575996,1115939.9006119852,0,0,210450000,2054794.5205479453,43150684.931506865,3515981.735159817,73835616.43835613,0,555420361.4692512,2250547.669324511,0.004042292246358617,1.0842444001854803,"{'total_cost': 275.3104385122308, 'price_stability_cost': 916.1217025087566, 'utilization_efficiency_cost': 0.09508826986663144, 'foundation_sustainability_cost': 0.0, 'node_profitability_cost': 3.0010379475810485, 'decentralization_cost': 0.0}",0,0,1,11,21
21045,18072.13696429962,8421.358085400128,24444.119049699748,2049.3759999999997,40.98525616971547,133.0,1205050092.7794988,2049376000.0,0,0.5878907193962006,24096.182619066163,240.96182619066164,5783.083828575879,2739.72602739726,25063667.980132665,3265870361.469251,9998884060.099388,59759.349473575996,1115939.9006119852,0,0,210450000,2054794.5205479453,43150684.931506865,3515981.735159817,73835616.43835613,0,555420361.4692512,2250547.669324511,0.004042292246358617,1.0842444001854803,"{'total_cost': 275.3104385122308, 'price_stability_cost': 916.1217025087566, 'utilization_efficiency_cost': 0.09508826986663144, 'foundation_sustainability_cost': 0.0, 'node_profitability_cost': 3.0010379475810485, 'decentralization_cost': 0.0}",0,0,1,1,22
21045,18072.13696429962,8421.358085400128,24444.119049699748,2049.3759999999997,40.98525616971547,133.0,1205050092.7794988,2049376000.0,0,0.5878907193962006,24096.182619066163,240.96182619066164,5783.083828575879,2739.72602739726,25063667.980132665,3265870361.469251,9998884060.099388,59759.349473575996,1115939.9006119852,0,0,210450000,2054794.5205479453,45205479.45205481,3515981.735159817,77351598.17351595,0,555420361.4692512,2250547.669324511,0.004042292246358617,1.0842444001854803,"{'total_cost': 275.3104385122308, 'price_stability_cost': 916.1217025087566, 'utilization_efficiency_cost': 0.09508826986663144, 'foundation_sustainability_cost': 0.0, 'node_profitability_cost': 3.0010379475810485, 'decentralization_cost': 0.0}",0,0,1,2,22
21045,18072.13696429962,8421.358085400128,24444.119049699748,2049.3759999999997,40.98525616971547,133.0,1205050092.7794988,2062410000.0,0,0.5842922080379259,24096.182619066163,240.96182619066164,5783.083828575879,2739.72602739726,25063667.980132665,3265870361.469251,9998884060.099388,59759.349473575996,1115939.9006119852,0,0,210450000,2054794.5205479453,45205479.45205481,3515981.735159817,77351598.17351595,0,555420361.4692512,2250547.669324511,0.004042292246358617,1.0842444001854803,"{'total_cost': 275.3104385122308, 'price_stability_cost': 916.1217025087566, 'utilization_efficiency_cost': 0.09508826986663144, 'foundation_sustainability_cost': 0.0, 'node_profitability_cost': 3.0010379475810485, 'decentralization_cost': 0.0}",0,0,1,3,22
21045,18075.751391692484,8421.358085400128,24444.119049699748,2049.3759999999997,40.98525616971547,133.0,1205050092.7794988,2062410000.0,0,0.5842922080379259,24101.001855589977,241.01001855589976,5784.240445341594,2739.72602739726,25063667.980132665,3265870361.469251,9998884060.099388,59759.349473575996,1115939.9006119852,0,0,210450000,2054794.5205479453,45205479.45205481,3515981.735159817,77351598.17351595,0,555420361.4692512,2250547.669324511,0.004042292246358617,1.0842444001854803,"{'total_cost': 275.3104385122308, 'price_stability_cost': 916.1217025087566, 'utilization_efficiency_cost': 0.09508826986663144, 'foundation_sustainability_cost': 0.0, 'node_profitability_cost': 3.0010379475810485, 'decentralization_cost': 0.0}",0,0,1,4,22
21045,18075.751391692484,8295.280909782057,24308.62230147454,2062.41,40.52437322139704,133.0,1205050092.7794988,2062410000.0,0,0.5842922080379259,24101.001855589977,241.01001855589976,5784.240445341594,2739.72602739726,25063667.980132665,3265870361.469251,9998884060.099388,59759.349473575996,1115939.9006119852,0,0,210450000,2054794.5205479453,45205479.45205481,3515981.735159817,77351598.17351595,0,557475155.9897991,2242252.388414729,0.004037036709427268,1.0842444001854803,"{'total_cost': 275.3104385122308, 'price_stability_cost': 916.1217025087566, 'utilization_efficiency_cost': 0.09508826986663144, 'foundation_sustainability_cost': 0.0, 'node_profitability_cost': 3.0010379475810485, 'decentralization_cost': 0.0}",0,0,1,5,22
21045,18075.751391692484,8295.280909782057,24308.62230147454,2062.41,40.52437322139704,133.0,1205050092.7794988,2062410000.0,0,0.5842922080379259,24101.001855589977,241.01001855589976,5784.240445341594,2739.72602739726,25066712.49455061,3265870361.469251,9998884060.099388,59759.349473575996,1115939.9006119852,0,0,210450000,2054794.5205479453,45205479.45205481,3515981.735159817,77351598.17351595,0,557475155.9897991,2242252.388414729,0.004037036709427268,1.0842444001854803,"{'total_cost': 275.3104385122308, 'price_stability_cost': 916.1217025087566, 'utilization_efficiency_cost': 0.09508826986663144, 'foundation_sustainability_cost': 0.0, 'node_profitability_cost': 3.0010379475810485, 'decentralization_cost': 0.0}",0,0,1,6,22
21045,18075.751391692484,8295.280909782057,24308.62230147454,2062.41,40.52437322139704,133.0,1205050092.7794988,2062410000.0,0,0.5842922080379259,24101.001855589977,241.01001855589976,5784.240445341594,2739.72602739726,25066712.49455061,3265870361.469251,9998884060.099388,59759.349473575996,1115939.9006119852,0,0,210450000,2054794.5205479453,45205479.45205481,3515981.735159817,77351598.17351595,0,560991137.724959,2228199.192360231,0.003996947968746796,1.0842444001854803,"{'total_cost': 275.3104385122308, 'price_stability_cost': 916.1217025087566, 'utilization_efficiency_cost': 0.09508826986663144, 'foundation_sustainability_cost': 0.0, 'node_profitability_cost': 3.0010379475810485, 'decentralization_cost': 0.0}",0,0,1,7,22
21045,18075.751391692484,8295.280909782057,24308.62230147454,2062.41,40.52437322139704,133.0,1205050092.7794988,2062410000.0,0,0.5842922080379259,24101.001855589977,241.01001855589976,5784.240445341594,2739.72602739726,25066712.49455061,3265870361.469251,9998884060.099388,60672.2515454807,1176612.152157466,0,0,210450000,2054794.5205479453,45205479.45205481,3515981.735159817,77351598.17351595,0,560930465.4734136,2228440.202378787,0.003972326927330784,1.0842444001854803,"{'total_cost': 275.3104385122308, 'price_stability_cost': 916.1217025087566, 'utilization_efficiency_cost': 0.09508826986663144, 'foundation_sustainability_cost': 0.0, 'node_profitability_cost': 3.0010379475810485, 'decentralization_cost': 0.0}",0,0,1,8,22
21170,18075.751391692484,8295.280909782057,24308.62230147454,2062.41,40.52437322139704,125.0,1205050092.7794988,2062410000.0,0,0.5842922080379259,24101.001855589977,241.01001855589976,5784.240445341594,2739.72602739726,25066712.49455061,3265870361.469251,9998884060.099388,60672.2515454807,1176612.152157466,0,0,211700000,2054794.5205479453,45205479.45205481,3515981.735159817,77351598.17351595,0,559680465.4734136,2233417.2391431797,0.003981629411513996,1.187976186931756,"{'total_cost': 275.3104385122308, 'price_stability_cost': 916.1217025087566, 'utilization_efficiency_cost': 0.09508826986663144, 'foundation_sustainability_cost': 0.0, 'node_profitability_cost': 3.0010379475810485, 'decentralization_cost': 0.0}",0,0,1,9,22
21170,18075.751391692484,8295.280909782057,24308.62230147454,2062.41,40.52437322139704,125.0,1205050092.7794988,2062410000.0,0,0.5842922080379259,24101.001855589977,241.01001855589976,5784.240445341594,2739.72602739726,25066712.49455061,3271380465.4734135,9998823387.847843,60672.2515454807,1176612.152157466,0,0,211700000,2054794.5205479453,45205479.45205481,3515981.735159817,77351598.17351595,0,559680465.4734136,2233417.2391431797,0.003981629411513996,1.187976186931756,"{'total_cost': 275.3104385122308, 'price_stability_cost': 916.1217025087566, 'utilization_efficiency_cost': 0.09508826986663144, 'foundation_sustainability_cost': 0.0, 'node_profitability_cost': 3.0010379475810485, 'decentralization_cost': 0.0}",0,0,1,10,22
21170,18075.751391692484,8295.280909782057,24308.62230147454,2062.41,40.52437322139704,125.0,1205050092.7794988,2062410000.0,0,0.5842922080379259,24101.001855589977,241.01001855589976,5784.240445341594,2739.72602739726,25066712.49455061,3271380465.4734135,9998823387.847843,60672.2515454807,1176612.152157466,0,0,211700000,2054794.5205479453,45205479.45205481,3515981.735159817,77351598.17351595,0,559680465.4734136,2233417.2391431797,0.003981629411513996,1.187976186931756,"{'total_cost': 281.7811726970027, 'price_stability_cost': 937.7413810915226, 'utilization_efficiency_cost': 0.0977171359299112, 'foundation_sustainability_cost': 0.0, 'node_profitability_cost': 2.895527237089646, 'decentralization_cost': 0.0}",0,0,1,11,22
21170,18075.751391692484,8295.280909782057,24308.62230147454,2062.41,40.52437322139704,125.0,1205291102.7980547,2062410000.0,0,0.5842922080379259,24101.001855589977,241.01001855589976,5784.240445341594,2739.72602739726,25066712.49455061,3271380465.4734135,9998823387.847843,60672.2515454807,1176612.152157466,0,0,211700000,2054794.5205479453,45205479.45205481,3515981.735159817,77351598.17351595,0,559680465.4734136,2233417.2391431797,0.003981629411513996,1.187976186931756,"{'total_cost': 281.7811726970027, 'price_stability_cost': 937.7413810915226, 'utilization_efficiency_cost': 0.0977171359299112, 'foundation_sustainability_cost': 0.0, 'node_profitability_cost': 2.895527237089646, 'decentralization_cost': 0.0}",0,0,1,1,23
21170,18075.751391692484,8295.280909782057,24308.62230147454,2062.41,40.52437322139704,125.0,1205291102.7980547,2062410000.0,0,0.5842922080379259,24101.001855589977,241.01001855589976,5784.240445341594,2739.72602739726,25066712.49455061,3271380465.4734135,9998823387.847843,60672.2515454807,1176612.152157466,0,0,211700000,2054794.5205479453,47260273.97260276,3515981.735159817,80867579.90867576,0,559680465.4734136,2233417.2391431797,0.003981629411513996,1.187976186931756,"{'total_cost': 281.7811726970027, 'price_stability_cost': 937.7413810915226, 'utilization_efficiency_cost': 0.0977171359299112, 'foundation_sustainability_cost': 0.0, 'node_profitability_cost': 2.895527237089646, 'decentralization_cost': 0.0}",0,0,1,2,23
21170,18075.751391692484,8295.280909782057,24308.62230147454,2062.41,40.52437322139704,125.0,1205291102.7980547,2074660000.0,0,0.5809583752509109,24101.001855589977,241.01001855589976,5784.240445341594,2739.72602739726,25066712.49455061,3271380465.4734135,9998823387.847843,60672.2515454807,1176612.152157466,0,0,211700000,2054794.5205479453,47260273.97260276,3515981.735159817,80867579.90867576,0,559680465.4734136,2233417.2391431797,0.003981629411513996,1.187976186931756,"{'total_cost': 281.7811726970027, 'price_stability_cost': 937.7413810915226, 'utilization_efficiency_cost': 0.0977171359299112, 'foundation_sustainability_cost': 0.0, 'node_profitability_cost': 2.895527237089646, 'decentralization_cost': 0.0}",0,0,1,3,23
21170,18079.366541970823,8295.280909782057,24308.62230147454,2062.41,40.52437322139704,125.0,1205291102.7980547,2074660000.0,0,0.5809583752509109,24105.822055961096,241.05822055961096,5785.397293430663,2739.72602739726,25066712.49455061,3271380465.4734135,9998823387.847843,60672.2515454807,1176612.152157466,0,0,211700000,2054794.5205479453,47260273.97260276,3515981.735159817,80867579.90867576,0,559680465.4734136,2233417.2391431797,0.003981629411513996,1.187976186931756,"{'total_cost': 281.7811726970027, 'price_stability_cost': 937.7413810915226, 'utilization_efficiency_cost': 0.0977171359299112, 'foundation_sustainability_cost': 0.0, 'node_profitability_cost': 2.895527237089646, 'decentralization_cost': 0.0}",0,0,1,4,23
21170,18079.366541970823,8169.708814679103,24174.415356649926,2074.66,40.086228128703155,125.0,1205291102.7980547,2074660000.0,0,0.5809583752509109,24105.822055961096,241.05822055961096,5785.397293430663,2739.72602739726,25066712.49455061,3271380465.4734135,9998823387.847843,60672.2515454807,1176612.152157466,0,0,211700000,2054794.5205479453,47260273.97260276,3515981.735159817,80867579.90867576,0,561735259.9939616,2225247.5303285006,0.003975924956477164,1.187976186931756,"{'total_cost': 281.7811726970027, 'price_stability_cost': 937.7413810915226, 'utilization_efficiency_cost': 0.0977171359299112, 'foundation_sustainability_cost': 0.0, 'node_profitability_cost': 2.895527237089646, 'decentralization_cost': 0.0}",0,0,1,5,23
21170,18079.366541970823,8169.708814679103,24174.415356649926,2074.66,40.086228128703155,125.0,1205291102.7980547,2074660000.0,0,0.5809583752509109,24105.822055961096,241.05822055961096,5785.397293430663,2739.72602739726,25069758.165816646,3271380465.4734135,9998823387.847843,60672.2515454807,1176612.152157466,0,0,211700000,2054794.5205479453,47260273.97260276,3515981.735159817,80867579.90867576,0,561735259.9939616,2225247.5303285006,0.003975924956477164,1.187976186931756,"{'total_cost': 281.7811726970027, 'price_stability_cost': 937.7413810915226, 'utilization_efficiency_cost': 0.0977171359299112, 'foundation_sustainability_cost': 0.0, 'node_profitability_cost': 2.895527237089646, 'decentralization_cost': 0.0}",0,0,1,6,23
21170,18079.366541970823,8169.708814679103,24174.415356649926,2074.66,40.086228128703155,125.0,1205291102.7980547,2074660000.0,0,0.5809583752509109,24105.822055961096,241.05822055961096,5785.397293430663,2739.72602739726,25069758.165816646,3271380465.4734135,9998823387.847843,60672.2515454807,1176612.152157466,0,0,211700000,2054794.5205479453,47260273.97260276,3515981.735159817,80867579.90867576,0,565251241.7291214,2211406.0221720375,0.003936740631513516,1.187976186931756,"{'total_cost': 281.7811726970027, 'price_stability_cost': 937.7413810915226, 'utilization_efficiency_cost': 0.0977171359299112, 'foundation_sustainability_cost': 0.0, 'node_profitability_cost': 2.895527237089646, 'decentralization_cost': 0.0}",0,0,1,7,23
21170,18079.366541970823,8169.708814679103,24174.415356649926,2074.66,40.086228128703155,125.0,1205291102.7980547,2074660000.0,0,0.5809583752509109,24105.822055961096,241.05822055961096,5785.397293430663,2739.72602739726,25069758.165816646,3271380465.4734135,9998823387.847843,61609.49443893409,1238221.6465964,0,0,211700000,2054794.5205479453,47260273.97260276,3515981.735159817,80867579.90867576,0,565189632.2346826,2211647.0803925972,0.003912679737999511,1.187976186931756,"{'total_cost': 281.7811726970027, 'price_stability_cost': 937.7413810915226, 'utilization_efficiency_cost': 0.0977171359299112, 'foundation_sustainability_cost': 0.0, 'node_profitability_cost': 2.895527237089646, 'decentralization_cost': 0.0}",0,0,1,8,23
21288,18079.366541970823,8169.708814679103,24174.415356649926,2074.66,40.086228128703155,118.0,1205291102.7980547,2074660000.0,0,0.5809583752509109,24105.822055961096,241.05822055961096,5785.397293430663,2739.72602739726,25069758.165816646,3271380465.4734135,9998823387.847843,61609.49443893409,1238221.6465964,0,0,212880000,2054794.5205479453,47260273.97260276,3515981.735159817,80867579.90867576,0,564009632.2346826,2216274.20625306,0.0039212931020871965,1.297820775702739,"{'total_cost': 281.7811726970027, 'price_stability_cost': 937.7413810915226, 'utilization_efficiency_cost': 0.0977171359299112, 'foundation_sustainability_cost': 0.0, 'node_profitability_cost': 2.895527237089646, 'decentralization_cost': 0.0}",0,0,1,9,23
21288,18079.366541970823,8169.708814679103,24174.415356649926,2074.66,40.086228128703155,118.0,1205291102.7980547,2074660000.0,0,0.5809583752509109,24105.822055961096,241.05822055961096,5785.397293430663,2739.72602739726,25069758.165816646,3276889632.2346826,9998761778.353403,61609.49443893409,1238221.6465964,0,0,212880000,2054794.5205479453,47260273.97260276,3515981.735159817,80867579.90867576,0,564009632.2346826,2216274.20625306,0.0039212931020871965,1.297820775702739,"{'total_cost': 281.7811726970027, 'price_stability_cost': 937.7413810915226, 'utilization_efficiency_cost': 0.0977171359299112, 'foundation_sustainability_cost': 0.0, 'node_profitability_cost': 2.895527237089646, 'decentralization_cost': 0.0}",0,0,1,10,23
21288,18079.366541970823,8169.708814679103,24174.415356649926,2074.66,40.086228128703155,118.0,1205291102.7980547,2074660000.0,0,0.5809583752509109,24105.822055961096,241.05822055961096,5785.397293430663,2739.72602739726,25069758.165816646,3276889632.2346826,9998761778.353403,61609.49443893409,1238221.6465964,0,0,212880000,2054794.5205479453,47260273.97260276,3515981.735159817,80867579.90867576,0,564009632.2346826,2216274.20625306,0.0039212931020871965,1.297820775702739,"{'total_cost': 287.5052964963271, 'price_stability_cost': 956.8690148137027, 'utilization_efficiency_cost': 0.10018463093097534, 'foundation_sustainability_cost': 0.0, 'node_profitability_cost': 2.7969726298903885, 'decentralization_cost': 0.0}",0,0,1,11,23
21288,18079.366541970823,8169.708814679103,24174.415356649926,2074.66,40.086228128703155,118.0,1205532161.0186143,2074660000.0,0,0.5809583752509109,24105.822055961096,241.05822055961096,5785.397293430663,2739.72602739726,25069758.165816646,3276889632.2346826,9998761778.353403,61609.49443893409,1238221.6465964,0,0,212880000,2054794.5205479453,47260273.97260276,3515981.735159817,80867579.90867576,0,564009632.2346826,2216274.20625306,0.0039212931020871965,1.297820775702739,"{'total_cost': 287.5052964963271, 'price_stability_cost': 956.8690148137027, 'utilization_efficiency_cost': 0.10018463093097534, 'foundation_sustainability_cost': 0.0, 'node_profitability_cost': 2.7969726298903885, 'decentralization_cost': 0.0}",0,0,1,1,24
21288,18079.366541970823,8169.708814679103,24174.415356649926,2074.66,40.086228128703155,118.0,1205532161.0186143,2074660000.0,0,0.5809583752509109,24105.822055961096,241.05822055961096,5785.397293430663,2739.72602739726,25069758.165816646,3276889632.2346826,9998761778.353403,61609.49443893409,1238221.6465964,0,0,212880000,2054794.5205479453,49315068.49315071,3515981.735159817,84383561.64383557,0,564009632.2346826,2216274.20625306,0.0039212931020871965,1.297820775702739,"{'total_cost': 287.5052964963271, 'price_stability_cost': 956.8690148137027, 'utilization_efficiency_cost': 0.10018463093097534, 'foundation_sustainability_cost': 0.0, 'node_profitability_cost': 2.7969726298903885, 'decentralization_cost': 0.0}",0,0,1,2,24
21288,18079.366541970823,8169.708814679103,24174.415356649926,2074.66,40.086228128703155,118.0,1205532161.0186143,2086224000.0,0,0.577853653787232,24105.822055961096,241.05822055961096,5785.397293430663,2739.72602739726,25069758.165816646,3276889632.2346826,9998761778.353403,61609.49443893409,1238221.6465964,0,0,212880000,2054794.5205479453,49315068.49315071,3515981.735159817,84383561.64383557,0,564009632.2346826,2216274.20625306,0.0039212931020871965,1.297820775702739,"{'total_cost': 287.5052964963271, 'price_stability_cost': 956.8690148137027, 'utilization_efficiency_cost': 0.10018463093097534, 'foundation_sustainability_cost': 0.0, 'node_profitability_cost': 2.7969726298903885, 'decentralization_cost': 0.0}",0,0,1,3,24
21288,18082.982415279213,8169.708814679103,24174.415356649926,2074.66,40.086228128703155,118.0,1205532161.0186143,2086224000.0,0,0.577853653787232,24110.643220372287,241.10643220372287,5786.554372889349,2739.72602739726,25069758.165816646,3276889632.2346826,9998761778.353403,61609.49443893409,1238221.6465964,0,0,212880000,2054794.5205479453,49315068.49315071,3515981.735159817,84383561.64383557,0,564009632.2346826,2216274.20625306,0.0039212931020871965,1.297820775702739,"{'total_cost': 287.5052964963271, 'price_stability_cost': 956.8690148137027, 'utilization_efficiency_cost': 0.10018463093097534, 'foundation_sustainability_cost': 0.0, 'node_profitability_cost': 2.7969726298903885, 'decentralization_cost': 0.0}",0,0,1,4,24
21288,18082.982415279213,8044.999614522157,24041.75802980137,2086.2239999999997,39.668429648091376,118.0,1205532161.0186143,2086224000.0,0,0.577853653787232,24110.643220372287,241.10643220372287,5786.554372889349,2739.72602739726,25069758.165816646,3276889632.2346826,9998761778.353403,61609.49443893409,1238221.6465964,0,0,212880000,2054794.5205479453,49315068.49315071,3515981.735159817,84383561.64383557,0,566064426.7552305,2208229.206638538,0.003915233145734116,1.297820775702739,"{'total_cost': 287.5052964963271, 'price_stability_cost': 956.8690148137027, 'utilization_efficiency_cost': 0.10018463093097534, 'foundation_sustainability_cost': 0.0, 'node_profitability_cost': 2.7969726298903885, 'decentralization_cost': 0.0}",0,0,1,5,24
21288,18082.982415279213,8044.999614522157,24041.75802980137,2086.2239999999997,39.668429648091376,118.0,1205532161.0186143,2086224000.0,0,0.577853653787232,24110.643220372287,241.10643220372287,5786.554372889349,2739.72602739726,25072804.99416214,3276889632.2346826,9998761778.353403,61609.49443893409,1238221.6465964,0,0,212880000,2054794.5205479453,49315068.49315071,3515981.735159817,84383561.64383557,0,566064426.7552305,2208229.206638538,0.003915233145734116,1.297820775702739,"{'total_cost': 287.5052964963271, 'price_stability_cost': 956.8690148137027, 'utilization_efficiency_cost': 0.10018463093097534, 'foundation_sustainability_cost': 0.0, 'node_profitability_cost': 2.7969726298903885, 'decentralization_cost': 0.0}",0,0,1,6,24
21288,18082.982415279213,8044.999614522157,24041.75802980137,2086.2239999999997,39.668429648091376,118.0,1205532161.0186143,2086224000.0,0,0.577853653787232,24110.643220372287,241.10643220372287,5786.554372889349,2739.72602739726,25072804.99416214,3276889632.2346826,9998761778.353403,61609.49443893409,1238221.6465964,0,0,212880000,2054794.5205479453,49315068.49315071,3515981.735159817,84383561.64383557,0,569580408.4903904,2194597.9555599317,0.0038769402418373272,1.297820775702739,"{'total_cost': 287.5052964963271, 'price_stability_cost': 956.8690148137027, 'utilization_efficiency_cost': 0.10018463093097534, 'foundation_sustainability_cost': 0.0, 'node_profitability_cost': 2.7969726298903885, 'decentralization_cost': 0.0}",0,0,1,7,24
21288,18082.982415279213,8044.999614522157,24041.75802980137,2086.2239999999997,39.668429648091376,118.0,1205532161.0186143,2086224000.0,0,0.577853653787232,24110.643220372287,241.10643220372287,5786.554372889349,2739.72602739726,25072804.99416214,3276889632.2346826,9998761778.353403,62569.28014558417,1300790.9267419842,0,0,212880000,2054794.5205479453,49315068.49315071,3515981.735159817,84383561.64383557,0,569517839.2102449,2194839.0619921354,0.00385343145458481,1.297820775702739,"{'total_cost': 287.5052964963271, 'price_stability_cost': 956.8690148137027, 'utilization_efficiency_cost': 0.10018463093097534, 'foundation_sustainability_cost': 0.0, 'node_profitability_cost': 2.7969726298903885, 'decentralization_cost': 0.0}",0,0,1,8,24
21400,18082.982415279213,8044.999614522157,24041.75802980137,2086.2239999999997,39.668429648091376,112.0,1205532161.0186143,2086224000.0,0,0.577853653787232,24110.643220372287,241.10643220372287,5786.554372889349,2739.72602739726,25072804.99416214,3276889632.2346826,9998761778.353403,62569.28014558417,1300790.9267419842,0,0,214000000,2054794.5205479453,49315068.49315071,3515981.735159817,84383561.64383557,0,568397839.2102449,2199163.8844665606,0.003861448637879648,1.4140118491923388,"{'total_cost': 287.5052964963271, 'price_stability_cost': 956.8690148137027, 'utilization_efficiency_cost': 0.10018463093097534, 'foundation_sustainability_cost': 0.0, 'node_profitability_cost': 2.7969726298903885, 'decentralization_cost': 0.0}",0,0,1,9,24
21400,18082.982415279213,8044.999614522157,24041.75802980137,2086.2239999999997,39.668429648091376,112.0,1205532161.0186143,2086224000.0,0,0.577853653787232,24110.643220372287,241.10643220372287,5786.554372889349,2739.72602739726,25072804.99416214,3282397839.210245,9998699209.073257,62569.28014558417,1300790.9267419842,0,0,214000000,2054794.5205479453,49315068.49315071,3515981.735159817,84383561.64383557,0,568397839.2102449,2199163.8844665606,0.003861448637879648,1.4140118491923388,"{'total_cost': 287.5052964963271, 'price_stability_cost': 956.8690148137027, 'utilization_efficiency_cost': 0.10018463093097534, 'foundation_sustainability_cost': 0.0, 'node_profitability_cost': 2.7969726298903885, 'decentralization_cost': 0.0}",0,0,1,10,24
21400,18082.982415279213,8044.999614522157,24041.75802980137,2086.2239999999997,39.668429648091376,112.0,1205532161.0186143,2086224000.0,0,0.577853653787232,24110.643220372287,241.10643220372287,5786.554372889349,2739.72602739726,25072804.99416214,3282397839.210245,9998699209.073257,62569.28014558417,1300790.9267419842,0,0,214000000,2054794.5205479453,49315068.49315071,3515981.735159817,84383561.64383557,0,568397839.2102449,2199163.8844665606,0.003861448637879648,1.4140118491923388,"{'total_cost': 292.1604485182263, 'price_stability_cost': 972.4304444969707, 'utilization_efficiency_cost': 0.10251021973281631, 'foundation_sustainability_cost': 0.0, 'node_profitability_cost': 2.7045840946792605, 'decentralization_cost': 0.0}",0,0,1,11,24
21400,18082.982415279213,8044.999614522157,24041.75802980137,2086.2239999999997,39.668429648091376,112.0,1205773267.450818,2086224000.0,0,0.577853653787232,24110.643220372287,241.10643220372287,5786.554372889349,2739.72602739726,25072804.99416214,3282397839.210245,9998699209.073257,62569.28014558417,1300790.9267419842,0,0,214000000,2054794.5205479453,49315068.49315071,3515981.735159817,84383561.64383557,0,568397839.2102449,2199163.8844665606,0.003861448637879648,1.4140118491923388,"{'total_cost': 292.1604485182263, 'price_stability_cost': 972.4304444969707, 'utilization_efficiency_cost': 0.10251021973281631, 'foundation_sustainability_cost': 0.0, 'node_profitability_cost': 2.7045840946792605, 'decentralization_cost': 0.0}",0,0,1,1,25
21400,18082.982415279213,8044.999614522157,24041.75802980137,2086.2239999999997,39.668429648091376,112.0,1205773267.450818,2086224000.0,0,0.577853653787232,24110.643220372287,241.10643220372287,5786.554372889349,2739.72602739726,25072804.99416214,3282397839.210245,9998699209.073257,62569.28014558417,1300790.9267419842,0,0,214000000,2054794.5205479453,51369863.01369866,3515981.735159817,87899543.37899539,0,568397839.2102449,2199163.8844665606,0.003861448637879648,1.4140118491923388,"{'total_cost': 292.1604485182263, 'price_stability_cost': 972.4304444969707, 'utilization_efficiency_cost': 0.10251021973281631, 'foundation_sustainability_cost': 0.0, 'node_profitability_cost': 2.7045840946792605, 'decentralization_cost': 0.0}",0,0,1,2,25
21400,18082.982415279213,8044.999614522157,24041.75802980137,2086.2239999999997,39.668429648091376,112.0,1205773267.450818,2097200000.0,0,0.5749443388569607,24110.643220372287,241.10643220372287,5786.554372889349,2739.72602739726,25072804.99416214,3282397839.210245,9998699209.073257,62569.28014558417,1300790.9267419842,0,0,214000000,2054794.5205479453,51369863.01369866,3515981.735159817,87899543.37899539,0,568397839.2102449,2199163.8844665606,0.003861448637879648,1.4140118491923388,"{'total_cost': 292.1604485182263, 'price_stability_cost': 972.4304444969707, 'utilization_efficiency_cost': 0.10251021973281631, 'foundation_sustainability_cost': 0.0, 'node_profitability_cost': 2.7045840946792605, 'decentralization_cost': 0.0}",0,0,1,3,25
21400,18086.59901176227,8044.999614522157,24041.75802980137,2086.2239999999997,39.668429648091376,112.0,1205773267.450818,2097200000.0,0,0.5749443388569607,24115.465349016362,241.1546534901636,5787.711683763927,2739.72602739726,25072804.99416214,3282397839.210245,9998699209.073257,62569.28014558417,1300790.9267419842,0,0,214000000,2054794.5205479453,51369863.01369866,3515981.735159817,87899543.37899539,0,568397839.2102449,2199163.8844665606,0.003861448637879648,1.4140118491923388,"{'total_cost': 292.1604485182263, 'price_stability_cost': 972.4304444969707, 'utilization_efficiency_cost': 0.10251021973281631, 'foundation_sustainability_cost': 0.0, 'node_profitability_cost': 2.7045840946792605, 'decentralization_cost': 0.0}",0,0,1,4,25
21400,18086.59901176227,7921.481350757234,23910.880362519503,2097.2,39.26871968988507,112.0,1205773267.450818,2097200000.0,0,0.5749443388569607,24115.465349016362,241.1546534901636,5787.711683763927,2739.72602739726,25072804.99416214,3282397839.210245,9998699209.073257,62569.28014558417,1300790.9267419842,0,0,214000000,2054794.5205479453,51369863.01369866,3515981.735159817,87899543.37899539,0,570452633.7307929,2191242.4031158034,0.0038551209240351874,1.4140118491923388,"{'total_cost': 292.1604485182263, 'price_stability_cost': 972.4304444969707, 'utilization_efficiency_cost': 0.10251021973281631, 'foundation_sustainability_cost': 0.0, 'node_profitability_cost': 2.7045840946792605, 'decentralization_cost': 0.0}",0,0,1,5,25
21400,18086.59901176227,7921.481350757234,23910.880362519503,2097.2,39.26871968988507,112.0,1205773267.450818,2097200000.0,0,0.5749443388569607,24115.465349016362,241.1546534901636,5787.711683763927,2739.72602739726,25075852.979818508,3282397839.210245,9998699209.073257,62569.28014558417,1300790.9267419842,0,0,214000000,2054794.5205479453,51369863.01369866,3515981.735159817,87899543.37899539,0,570452633.7307929,2191242.4031158034,0.0038551209240351874,1.4140118491923388,"{'total_cost': 292.1604485182263, 'price_stability_cost': 972.4304444969707, 'utilization_efficiency_cost': 0.10251021973281631, 'foundation_sustainability_cost': 0.0, 'node_profitability_cost': 2.7045840946792605, 'decentralization_cost': 0.0}",0,0,1,6,25
21400,18086.59901176227,7921.481350757234,23910.880362519503,2097.2,39.26871968988507,112.0,1205773267.450818,2097200000.0,0,0.5749443388569607,24115.465349016362,241.1546534901636,5787.711683763927,2739.72602739726,25075852.979818508,3282397839.210245,9998699209.073257,62569.28014558417,1300790.9267419842,0,0,214000000,2054794.5205479453,51369863.01369866,3515981.735159817,87899543.37899539,0,573968615.4659528,2177819.4248221065,0.0038177042159995692,1.4140118491923388,"{'total_cost': 292.1604485182263, 'price_stability_cost': 972.4304444969707, 'utilization_efficiency_cost': 0.10251021973281631, 'foundation_sustainability_cost': 0.0, 'node_profitability_cost': 2.7045840946792605, 'decentralization_cost': 0.0}",0,0,1,7,25
21400,18086.59901176227,7921.481350757234,23910.880362519503,2097.2,39.26871968988507,112.0,1205773267.450818,2097200000.0,0,0.5749443388569607,24115.465349016362,241.1546534901636,5787.711683763927,2739.72602739726,25075852.979818508,3282397839.210245,9998699209.073257,63549.74874493459,1364340.6754869188,0,0,214000000,2054794.5205479453,51369863.01369866,3515981.735159817,87899543.37899539,0,573905065.7172078,2178060.5794755965,0.003794738110736992,1.4140118491923388,"{'total_cost': 292.1604485182263, 'price_stability_cost': 972.4304444969707, 'utilization_efficiency_cost': 0.10251021973281631, 'foundation_sustainability_cost': 0.0, 'node_profitability_cost': 2.7045840946792605, 'decentralization_cost': 0.0}",0,0,1,8,25
21506,18086.59901176227,7921.481350757234,23910.880362519503,2097.2,39.26871968988507,106.0,1205773267.450818,2097200000.0,0,0.5749443388569607,24115.465349016362,241.1546534901636,5787.711683763927,2739.72602739726,25075852.979818508,3282397839.210245,9998699209.073257,63549.74874493459,1364340.6754869188,0,0,215060000,2054794.5205479453,51369863.01369866,3515981.735159817,87899543.37899539,0,572845065.7172078,2182090.8912517023,0.003802180920854477,1.5368038274229086,"{'total_cost': 292.1604485182263, 'price_stability_cost': 972.4304444969707, 'utilization_efficiency_cost': 0.10251021973281631, 'foundation_sustainability_cost': 0.0, 'node_profitability_cost': 2.7045840946792605, 'decentralization_cost': 0.0}",0,0,1,9,25
21506,18086.59901176227,7921.481350757234,23910.880362519503,2097.2,39.26871968988507,106.0,1205773267.450818,2097200000.0,0,0.5749443388569607,24115.465349016362,241.1546534901636,5787.711683763927,2739.72602739726,25075852.979818508,3287905065.717208,9998635659.324512,63549.74874493459,1364340.6754869188,0,0,215060000,2054794.5205479453,51369863.01369866,3515981.735159817,87899543.37899539,0,572845065.7172078,2182090.8912517023,0.003802180920854477,1.5368038274229086,"{'total_cost': 292.1604485182263, 'price_stability_cost': 972.4304444969707, 'utilization_efficiency_cost': 0.10251021973281631, 'foundation_sustainability_cost': 0.0, 'node_profitability_cost': 2.7045840946792605, 'decentralization_cost': 0.0}",0,0,1,10,25
21506,18086.59901176227,7921.481350757234,23910.880362519503,2097.2,39.26871968988507,106.0,1205773267.450818,2097200000.0,0,0.5749443388569607,24115.465349016362,241.1546534901636,5787.711683763927,2739.72602739726,25075852.979818508,3287905065.717208,9998635659.324512,63549.74874493459,1364340.6754869188,0,0,215060000,2054794.5205479453,51369863.01369866,3515981.735159817,87899543.37899539,0,572845065.7172078,2182090.8912517023,0.003802180920854477,1.5368038274229086,"{'total_cost': 295.7499509495102, 'price_stability_cost': 984.4370845505347, 'utilization_efficiency_cost': 0.104713656369321, 'foundation_sustainability_cost': 0.0, 'node_profitability_cost': 2.617647801716512, 'decentralization_cost': 0.0}",0,0,1,11,25
21506,18086.59901176227,7921.481350757234,23910.880362519503,2097.2,39.26871968988507,106.0,1206014422.1043081,2097200000.0,0,0.5749443388569607,24115.465349016362,241.1546534901636,5787.711683763927,2739.72602739726,25075852.979818508,3287905065.717208,9998635659.324512,63549.74874493459,1364340.6754869188,0,0,215060000,2054794.5205479453,51369863.01369866,3515981.735159817,87899543.37899539,0,572845065.7172078,2182090.8912517023,0.003802180920854477,1.5368038274229086,"{'total_cost': 295.7499509495102, 'price_stability_cost': 984.4370845505347, 'utilization_efficiency_cost': 0.104713656369321, 'foundation_sustainability_cost': 0.0, 'node_profitability_cost': 2.617647801716512, 'decentralization_cost': 0.0}",0,0,1,1,26
21506,18086.59901176227,7921.481350757234,23910.880362519503,2097.2,39.26871968988507,106.0,1206014422.1043081,2097200000.0,0,0.5749443388569607,24115.465349016362,241.1546534901636,5787.711683763927,2739.72602739726,25075852.979818508,3287905065.717208,9998635659.324512,63549.74874493459,1364340.6754869188,0,0,215060000,2054794.5205479453,53424657.53424661,3515981.735159817,91415525.1141552,0,572845065.7172078,2182090.8912517023,0.003802180920854477,1.5368038274229086,"{'total_cost': 295.7499509495102, 'price_stability_cost': 984.4370845505347, 'utilization_efficiency_cost': 0.104713656369321, 'foundation_sustainability_cost': 0.0, 'node_profitability_cost': 2.617647801716512, 'decentralization_cost': 0.0}",0,0,1,2,26
21506,18086.59901176227,7921.481350757234,23910.880362519503,2097.2,39.26871968988507,106.0,1206014422.1043081,2107588000.0,0,0.5722249424955486,24115.465349016362,241.1546534901636,5787.711683763927,2739.72602739726,25075852.979818508,3287905065.717208,9998635659.324512,63549.74874493459,1364340.6754869188,0,0,215060000,2054794.5205479453,53424657.53424661,3515981.735159817,91415525.1141552,0,572845065.7172078,2182090.8912517023,0.003802180920854477,1.5368038274229086,"{'total_cost': 295.7499509495102, 'price_stability_cost': 984.4370845505347, 'utilization_efficiency_cost': 0.104713656369321, 'foundation_sustainability_cost': 0.0, 'node_profitability_cost': 2.617647801716512, 'decentralization_cost': 0.0}",0,0,1,3,26
21506,18090.21633156462,7921.481350757234,23910.880362519503,2097.2,39.26871968988507,106.0,1206014422.1043081,2107588000.0,0,0.5722249424955486,24120.288442086163,241.20288442086164,5788.869226100679,2739.72602739726,25075852.979818508,3287905065.717208,9998635659.324512,63549.74874493459,1364340.6754869188,0,0,215060000,2054794.5205479453,53424657.53424661,3515981.735159817,91415525.1141552,0,572845065.7172078,2182090.8912517023,0.003802180920854477,1.5368038274229086,"{'total_cost': 295.7499509495102, 'price_stability_cost': 984.4370845505347, 'utilization_efficiency_cost': 0.104713656369321, 'foundation_sustainability_cost': 0.0, 'node_profitability_cost': 2.617647801716512, 'decentralization_cost': 0.0}",0,0,1,4,26
21506,18090.21633156462,7799.181591081409,23781.80992264603,2107.5879999999997,38.88652863365735,106.0,1206014422.1043081,2107588000.0,0,0.5722249424955486,24120.288442086163,241.20288442086164,5788.869226100679,2739.72602739726,25075852.979818508,3287905065.717208,9998635659.324512,63549.74874493459,1364340.6754869188,0,0,215060000,2054794.5205479453,53424657.53424661,3515981.735159817,91415525.1141552,0,574899860.2377558,2174291.709660621,0.0037956017076596193,1.5368038274229086,"{'total_cost': 295.7499509495102, 'price_stability_cost': 984.4370845505347, 'utilization_efficiency_cost': 0.104713656369321, 'foundation_sustainability_cost': 0.0, 'node_profitability_cost': 2.617647801716512, 'decentralization_cost': 0.0}",0,0,1,5,26
21506,18090.21633156462,7799.181591081409,23781.80992264603,2107.5879999999997,38.88652863365735,106.0,1206014422.1043081,2107588000.0,0,0.5722249424955486,24120.288442086163,241.20288442086164,5788.869226100679,2739.72602739726,25078902.123017214,3287905065.717208,9998635659.324512,63549.74874493459,1364340.6754869188,0,0,215060000,2054794.5205479453,53424657.53424661,3515981.735159817,91415525.1141552,0,574899860.2377558,2174291.709660621,0.0037956017076596193,1.5368038274229086,"{'total_cost': 295.7499509495102, 'price_stability_cost': 984.4370845505347, 'utilization_efficiency_cost': 0.104713656369321, 'foundation_sustainability_cost': 0.0, 'node_profitability_cost': 2.617647801716512, 'decentralization_cost': 0.0}",0,0,1,6,26
21506,18090.21633156462,7799.181591081409,23781.80992264603,2107.5879999999997,38.88652863365735,106.0,1206014422.1043081,2107588000.0,0,0.5722249424955486,24120.288442086163,241.20288442086164,5788.869226100679,2739.72602739726,25078902.123017214,3287905065.717208,9998635659.324512,63549.74874493459,1364340.6754869188,0,0,215060000,2054794.5205479453,53424657.53424661,3515981.735159817,91415525.1141552,0,578415841.9729156,2161074.972871392,0.003759045917975449,1.5368038274229086,"{'total_cost': 295.7499509495102, 'price_stability_cost': 984.4370845505347, 'utilization_efficiency_cost': 0.104713656369321, 'foundation_sustainability_cost': 0.0, 'node_profitability_cost': 2.617647801716512, 'decentralization_cost': 0.0}",0,0,1,7,26
21506,18090.21633156462,7799.181591081409,23781.80992264603,2107.5879999999997,38.88652863365735,106.0,1206014422.1043081,2107588000.0,0,0.5722249424955486,24120.288442086163,241.20288442086164,5788.869226100679,2739.72602739726,25078902.123017214,3287905065.717208,9998635659.324512,64551.20775182275,1428891.8832387414,0,0,215060000,2054794.5205479453,53424657.53424661,3515981.735159817,91415525.1141552,0,578351290.7651638,2161316.175755813,0.0037366130367103892,1.5368038274229086,"{'total_cost': 295.7499509495102, 'price_stability_cost': 984.4370845505347, 'utilization_efficiency_cost': 0.104713656369321, 'foundation_sustainability_cost': 0.0, 'node_profitability_cost': 2.617647801716512, 'decentralization_cost': 0.0}",0,0,1,8,26
21606,18090.21633156462,7799.181591081409,23781.80992264603,2107.5879999999997,38.88652863365735,100.0,1206014422.1043081,2107588000.0,0,0.5722249424955486,24120.288442086163,241.20288442086164,5788.869226100679,2739.72602739726,25078902.123017214,3287905065.717208,9998635659.324512,64551.20775182275,1428891.8832387414,0,0,216060000,2054794.5205479453,53424657.53424661,3515981.735159817,91415525.1141552,0,577351290.7651638,2165059.6785596106,0.003743502803798048,1.6664478866808616,"{'total_cost': 295.7499509495102, 'price_stability_cost': 984.4370845505347, 'utilization_efficiency_cost': 0.104713656369321, 'foundation_sustainability_cost': 0.0, 'node_profitability_cost': 2.617647801716512, 'decentralization_cost': 0.0}",0,0,1,9,26
21606,18090.21633156462,7799.181591081409,23781.80992264603,2107.5879999999997,38.88652863365735,100.0,1206014422.1043081,2107588000.0,0,0.5722249424955486,24120.288442086163,241.20288442086164,5788.869226100679,2739.72602739726,25078902.123017214,3293411290.765164,9998571108.116762,64551.20775182275,1428891.8832387414,0,0,216060000,2054794.5205479453,53424657.53424661,3515981.735159817,91415525.1141552,0,577351290.7651638,2165059.6785596106,0.003743502803798048,1.6664478866808616,"{'total_cost': 295.7499509495102, 'price_stability_cost': 984.4370845505347, 'utilization_efficiency_cost': 0.104713656369321, 'foundation_sustainability_cost': 0.0, 'node_profitability_cost': 2.617647801716512, 'decentralization_cost': 0.0}",0,0,1,10,26
21606,18090.21633156462,7799.181591081409,23781.80992264603,2107.5879999999997,38.88652863365735,100.0,1206014422.1043081,2107588000.0,0,0.5722249424955486,24120.288442086163,241.20288442086164,5788.869226100679,2739.72602739726,25078902.123017214,3293411290.765164,9998571108.116762,64551.20775182275,1428891.8832387414,0,0,216060000,2054794.5205479453,53424657.53424661,3515981.735159817,91415525.1141552,0,577351290.7651638,2165059.6785596106,0.003743502803798048,1.6664478866808616,"{'total_cost': 298.9228191122252, 'price_stability_cost': 995.0524766740929, 'utilization_efficiency_cost': 0.10679443954546891, 'foundation_sustainability_cost': 0.0, 'node_profitability_cost': 2.535850000740144, 'decentralization_cost': 0.0}",0,0,1,11,26
21606,18090.21633156462,7799.181591081409,23781.80992264603,2107.5879999999997,38.88652863365735,100.0,1206255624.988729,2107588000.0,0,0.5722249424955486,24120.288442086163,241.20288442086164,5788.869226100679,2739.72602739726,25078902.123017214,3293411290.765164,9998571108.116762,64551.20775182275,1428891.8832387414,0,0,216060000,2054794.5205479453,53424657.53424661,3515981.735159817,91415525.1141552,0,577351290.7651638,2165059.6785596106,0.003743502803798048,1.6664478866808616,"{'total_cost': 298.9228191122252, 'price_stability_cost': 995.0524766740929, 'utilization_efficiency_cost': 0.10679443954546891, 'foundation_sustainability_cost': 0.0, 'node_profitability_cost': 2.535850000740144, 'decentralization_cost': 0.0}",0,0,1,1,27
21606,18090.21633156462,7799.181591081409,23781.80992264603,2107.5879999999997,38.88652863365735,100.0,1206255624.988729,2107588000.0,0,0.5722249424955486,24120.288442086163,241.20288442086164,5788.869226100679,2739.72602739726,25078902.123017214,3293411290.765164,9998571108.116762,64551.20775182275,1428891.8832387414,0,0,216060000,2054794.5205479453,55479452.05479456,3515981.735159817,94931506.84931502,0,577351290.7651638,2165059.6785596106,0.003743502803798048,1.6664478866808616,"{'total_cost': 298.9228191122252, 'price_stability_cost': 995.0524766740929, 'utilization_efficiency_cost': 0.10679443954546891, 'foundation_sustainability_cost': 0.0, 'node_profitability_cost': 2.535850000740144, 'decentralization_cost': 0.0}",0,0,1,2,27
21606,18090.21633156462,7799.181591081409,23781.80992264603,2107.5879999999997,38.88652863365735,100.0,1206255624.988729,2117388000.0,0,0.5696904039263134,24120.288442086163,241.20288442086164,5788.869226100679,2739.72602739726,25078902.123017214,3293411290.765164,9998571108.116762,64551.20775182275,1428891.8832387414,0,0,216060000,2054794.5205479453,55479452.05479456,3515981.735159817,94931506.84931502,0,577351290.7651638,2165059.6785596106,0.003743502803798048,1.6664478866808616,"{'total_cost': 298.9228191122252, 'price_stability_cost': 995.0524766740929, 'utilization_efficiency_cost': 0.10679443954546891, 'foundation_sustainability_cost': 0.0, 'node_profitability_cost': 2.535850000740144, 'decentralization_cost': 0.0}",0,0,1,3,27
21606,18093.834374830938,7799.181591081409,23781.80992264603,2107.5879999999997,38.88652863365735,100.0,1206255624.988729,2117388000.0,0,0.5696904039263134,24125.112499774583,241.25112499774582,5790.0269999459,2739.72602739726,25078902.123017214,3293411290.765164,9998571108.116762,64551.20775182275,1428891.8832387414,0,0,216060000,2054794.5205479453,55479452.05479456,3515981.735159817,94931506.84931502,0,577351290.7651638,2165059.6785596106,0.003743502803798048,1.6664478866808616,"{'total_cost': 298.9228191122252, 'price_stability_cost': 995.0524766740929, 'utilization_efficiency_cost': 0.10679443954546891, 'foundation_sustainability_cost': 0.0, 'node_profitability_cost': 2.535850000740144, 'decentralization_cost': 0.0}",0,0,1,4,27
21606,18093.834374830938,7678.125717250368,23654.572092081307,2117.388,38.521324500145,100.0,1206255624.988729,2117388000.0,0,0.5696904039263134,24125.112499774583,241.25112499774582,5790.0269999459,2739.72602739726,25078902.123017214,3293411290.765164,9998571108.116762,64551.20775182275,1428891.8832387414,0,0,216060000,2054794.5205479453,55479452.05479456,3515981.735159817,94931506.84931502,0,579406085.2857118,2157381.5528423605,0.003736687849061846,1.6664478866808616,"{'total_cost': 298.9228191122252, 'price_stability_cost': 995.0524766740929, 'utilization_efficiency_cost': 0.10679443954546891, 'foundation_sustainability_cost': 0.0, 'node_profitability_cost': 2.535850000740144, 'decentralization_cost': 0.0}",0,0,1,5,27
21606,18093.834374830938,7678.125717250368,23654.572092081307,2117.388,38.521324500145,100.0,1206255624.988729,2117388000.0,0,0.5696904039263134,24125.112499774583,241.25112499774582,5790.0269999459,2739.72602739726,25081952.423989765,3293411290.765164,9998571108.116762,64551.20775182275,1428891.8832387414,0,0,216060000,2054794.5205479453,55479452.05479456,3515981.735159817,94931506.84931502,0,579406085.2857118,2157381.5528423605,0.003736687849061846,1.6664478866808616,"{'total_cost': 298.9228191122252, 'price_stability_cost': 995.0524766740929, 'utilization_efficiency_cost': 0.10679443954546891, 'foundation_sustainability_cost': 0.0, 'node_profitability_cost': 2.535850000740144, 'decentralization_cost': 0.0}",0,0,1,6,27
21606,18093.834374830938,7678.125717250368,23654.572092081307,2117.388,38.521324500145,100.0,1206255624.988729,2117388000.0,0,0.5696904039263134,24125.112499774583,241.25112499774582,5790.0269999459,2739.72602739726,25081952.423989765,3293411290.765164,9998571108.116762,64551.20775182275,1428891.8832387414,0,0,216060000,2054794.5205479453,55479452.05479456,3515981.735159817,94931506.84931502,0,582922067.0208716,2144368.9829557366,0.0037009776690528256,1.6664478866808616,"{'total_cost': 298.9228191122252, 'price_stability_cost': 995.0524766740929, 'utilization_efficiency_cost': 0.10679443954546891, 'foundation_sustainability_cost': 0.0, 'node_profitability_cost': 2.535850000740144, 'decentralization_cost': 0.0}",0,0,1,7,27
21606,18093.834374830938,7678.125717250368,23654.572092081307,2117.388,38.521324500145,100.0,1206255624.988729,2117388000.0,0,0.5696904039263134,24125.112499774583,241.25112499774582,5790.0269999459,2739.72602739726,25081952.423989765,3293411290.765164,9998571108.116762,65573.968742659,1494465.8519814005,0,0,216060000,2054794.5205479453,55479452.05479456,3515981.735159817,94931506.84931502,0,582856493.052129,2144610.234080734,0.0036790685331937285,1.6664478866808616,"{'total_cost': 298.9228191122252, 'price_stability_cost': 995.0524766740929, 'utilization_efficiency_cost': 0.10679443954546891, 'foundation_sustainability_cost': 0.0, 'node_profitability_cost': 2.535850000740144, 'decentralization_cost': 0.0}",0,0,1,8,27
21701,18093.834374830938,7678.125717250368,23654.572092081307,2117.388,38.521324500145,95.0,1206255624.988729,2117388000.0,0,0.5696904039263134,24125.112499774583,241.25112499774582,5790.0269999459,2739.72602739726,25081952.423989765,3293411290.765164,9998571108.116762,65573.968742659,1494465.8519814005,0,0,217010000,2054794.5205479453,55479452.05479456,3515981.735159817,94931506.84931502,0,581906493.052129,2148111.449046889,0.003685489438057556,1.803189763827327,"{'total_cost': 298.9228191122252, 'price_stability_cost': 995.0524766740929, 'utilization_efficiency_cost': 0.10679443954546891, 'foundation_sustainability_cost': 0.0, 'node_profitability_cost': 2.535850000740144, 'decentralization_cost': 0.0}",0,0,1,9,27
21701,18093.834374830938,7678.125717250368,23654.572092081307,2117.388,38.521324500145,95.0,1206255624.988729,2117388000.0,0,0.5696904039263134,24125.112499774583,241.25112499774582,5790.0269999459,2739.72602739726,25081952.423989765,3298916493.052129,9998505534.148018,65573.968742659,1494465.8519814005,0,0,217010000,2054794.5205479453,55479452.05479456,3515981.735159817,94931506.84931502,0,581906493.052129,2148111.449046889,0.003685489438057556,1.803189763827327,"{'total_cost': 298.9228191122252, 'price_stability_cost': 995.0524766740929, 'utilization_efficiency_cost': 0.10679443954546891, 'foundation_sustainability_cost': 0.0, 'node_profitability_cost': 2.535850000740144, 'decentralization_cost': 0.0}",0,0,1,10,27
21701,18093.834374830938,7678.125717250368,23654.572092081307,2117.388,38.521324500145,95.0,1206255624.988729,2117388000.0,0,0.5696904039263134,24125.112499774583,241.25112499774582,5790.0269999459,2739.72602739726,25081952.423989765,3298916493.052129,9998505534.148018,65573.968742659,1494465.8519814005,0,0,217010000,2054794.5205479453,55479452.05479456,3515981.735159817,94931506.84931502,0,581906493.052129,2148111.449046889,0.003685489438057556,1.803189763827327,"{'total_cost': 301.68560707999075, 'price_stability_cost': 1004.2986129690477, 'utilization_efficiency_cost': 0.1087522071294025, 'foundation_sustainability_cost': 0.0, 'node_profitability_cost': 2.458900916627206, 'decentralization_cost': 0.0}",0,0,1,11,27
21701,18093.834374830938,7678.125717250368,23654.572092081307,2117.388,38.521324500145,95.0,1206496876.1137266,2117388000.0,0,0.5696904039263134,24125.112499774583,241.25112499774582,5790.0269999459,2739.72602739726,25081952.423989765,3298916493.052129,9998505534.148018,65573.968742659,1494465.8519814005,0,0,217010000,2054794.5205479453,55479452.05479456,3515981.735159817,94931506.84931502,0,581906493.052129,2148111.449046889,0.003685489438057556,1.803189763827327,"{'total_cost': 301.68560707999075, 'price_stability_cost': 1004.2986129690477, 'utilization_efficiency_cost': 0.1087522071294025, 'foundation_sustainability_cost': 0.0, 'node_profitability_cost': 2.458900916627206, 'decentralization_cost': 0.0}",0,0,1,1,28
21701,18093.834374830938,7678.125717250368,23654.572092081307,2117.388,38.521324500145,95.0,1206496876.1137266,2117388000.0,0,0.5696904039263134,24125.112499774583,241.25112499774582,5790.0269999459,2739.72602739726,25081952.423989765,3298916493.052129,9998505534.148018,65573.968742659,1494465.8519814005,0,0,217010000,2054794.5205479453,57534246.575342506,3515981.735159817,98447488.58447483,0,581906493.052129,2148111.449046889,0.003685489438057556,1.803189763827327,"{'total_cost': 301.68560707999075, 'price_stability_cost': 1004.2986129690477, 'utilization_efficiency_cost': 0.1087522071294025, 'foundation_sustainability_cost': 0.0, 'node_profitability_cost': 2.458900916627206, 'decentralization_cost': 0.0}",0,0,1,2,28
21701,18093.834374830938,7678.125717250368,23654.572092081307,2117.388,38.521324500145,95.0,1206496876.1137266,2126698000.0,0,0.5673099218195187,24125.112499774583,241.25112499774582,5790.0269999459,2739.72602739726,25081952.423989765,3298916493.052129,9998505534.148018,65573.968742659,1494465.8519814005,0,0,217010000,2054794.5205479453,57534246.575342506,3515981.735159817,98447488.58447483,0,581906493.052129,2148111.449046889,0.003685489438057556,1.803189763827327,"{'total_cost': 301.68560707999075, 'price_stability_cost': 1004.2986129690477, 'utilization_efficiency_cost': 0.1087522071294025, 'foundation_sustainability_cost': 0.0, 'node_profitability_cost': 2.458900916627206, 'decentralization_cost': 0.0}",0,0,1,3,28
21701,18097.4531417059,7678.125717250368,23654.572092081307,2117.388,38.521324500145,95.0,1206496876.1137266,2126698000.0,0,0.5673099218195187,24129.937522274533,241.29937522274534,5791.1850053458875,2739.72602739726,25081952.423989765,3298916493.052129,9998505534.148018,65573.968742659,1494465.8519814005,0,0,217010000,2054794.5205479453,57534246.575342506,3515981.735159817,98447488.58447483,0,581906493.052129,2148111.449046889,0.003685489438057556,1.803189763827327,"{'total_cost': 301.68560707999075, 'price_stability_cost': 1004.2986129690477, 'utilization_efficiency_cost': 0.1087522071294025, 'foundation_sustainability_cost': 0.0, 'node_profitability_cost': 2.458900916627206, 'decentralization_cost': 0.0}",0,0,1,4,28
21701,18097.4531417059,7558.59631273677,23529.35145444267,2126.698,38.17106685134342,95.0,1206496876.1137266,2126698000.0,0,0.5673099218195187,24129.937522274533,241.29937522274534,5791.1850053458875,2739.72602739726,25081952.423989765,3298916493.052129,9998505534.148018,65573.968742659,1494465.8519814005,0,0,217010000,2054794.5205479453,57534246.575342506,3515981.735159817,98447488.58447483,0,583961287.572677,2140552.852734152,0.0036785168721985614,1.803189763827327,"{'total_cost': 301.68560707999075, 'price_stability_cost': 1004.2986129690477, 'utilization_efficiency_cost': 0.1087522071294025, 'foundation_sustainability_cost': 0.0, 'node_profitability_cost': 2.458900916627206, 'decentralization_cost': 0.0}",0,0,1,5,28
21701,18097.4531417059,7558.59631273677,23529.35145444267,2126.698,38.17106685134342,95.0,1206496876.1137266,2126698000.0,0,0.5673099218195187,24129.937522274533,241.29937522274534,5791.1850053458875,2739.72602739726,25085003.882967714,3298916493.052129,9998505534.148018,65573.968742659,1494465.8519814005,0,0,217010000,2054794.5205479453,57534246.575342506,3515981.735159817,98447488.58447483,0,583961287.572677,2140552.852734152,0.0036785168721985614,1.803189763827327,"{'total_cost': 301.68560707999075, 'price_stability_cost': 1004.2986129690477, 'utilization_efficiency_cost': 0.1087522071294025, 'foundation_sustainability_cost': 0.0, 'node_profitability_cost': 2.458900916627206, 'decentralization_cost': 0.0}",0,0,1,6,28
21701,18097.4531417059,7558.59631273677,23529.35145444267,2126.698,38.17106685134342,95.0,1206496876.1137266,2126698000.0,0,0.5673099218195187,24129.937522274533,241.29937522274534,5791.1850053458875,2739.72602739726,25085003.882967714,3298916493.052129,9998505534.148018,65573.968742659,1494465.8519814005,0,0,217010000,2054794.5205479453,57534246.575342506,3515981.735159817,98447488.58447483,0,587477269.3078369,2127741.897950787,0.003643635191632422,1.803189763827327,"{'total_cost': 301.68560707999075, 'price_stability_cost': 1004.2986129690477, 'utilization_efficiency_cost': 0.1087522071294025, 'foundation_sustainability_cost': 0.0, 'node_profitability_cost': 2.458900916627206, 'decentralization_cost': 0.0}",0,0,1,7,28
21701,18097.4531417059,7558.59631273677,23529.35145444267,2126.698,38.17106685134342,95.0,1206496876.1137266,2126698000.0,0,0.5673099218195187,24129.937522274533,241.29937522274534,5791.1850053458875,2739.72602739726,25085003.882967714,3298916493.052129,9998505534.148018,66616.07959107775,1561081.9315724783,0,0,217010000,2054794.5205479453,57534246.575342506,3515981.735159817,98447488.58447483,0,587410653.2282459,2127983.1973260096,0.0036222392056686546,1.803189763827327,"{'total_cost': 301.68560707999075, 'price_stability_cost': 1004.2986129690477, 'utilization_efficiency_cost': 0.1087522071294025, 'foundation_sustainability_cost': 0.0, 'node_profitability_cost': 2.458900916627206, 'decentralization_cost': 0.0}",0,0,1,8,28
21791,18097.4531417059,7558.59631273677,23529.35145444267,2126.698,38.17106685134342,90.0,1206496876.1137266,2126698000.0,0,0.5673099218195187,24129.937522274533,241.29937522274534,5791.1850053458875,2739.72602739726,25085003.882967714,3298916493.052129,9998505534.148018,66616.07959107775,1561081.9315724783,0,0,217910000,2054794.5205479453,57534246.575342506,3515981.735159817,98447488.58447483,0,586510653.2282459,2131248.5853748913,0.0036282089432020702,1.9473010852786365,"{'total_cost': 301.68560707999075, 'price_stability_cost': 1004.2986129690477, 'utilization_efficiency_cost': 0.1087522071294025, 'foundation_sustainability_cost': 0.0, 'node_profitability_cost': 2.458900916627206, 'decentralization_cost': 0.0}",0,0,1,9,28
21791,18097.4531417059,7558.59631273677,23529.35145444267,2126.698,38.17106685134342,90.0,1206496876.1137266,2126698000.0,0,0.5673099218195187,24129.937522274533,241.29937522274534,5791.1850053458875,2739.72602739726,25085003.882967714,3304420653.2282457,9998438918.068428,66616.07959107775,1561081.9315724783,0,0,217910000,2054794.5205479453,57534246.575342506,3515981.735159817,98447488.58447483,0,586510653.2282459,2131248.5853748913,0.0036282089432020702,1.9473010852786365,"{'total_cost': 301.68560707999075, 'price_stability_cost': 1004.2986129690477, 'utilization_efficiency_cost': 0.1087522071294025, 'foundation_sustainability_cost': 0.0, 'node_profitability_cost': 2.458900916627206, 'decentralization_cost': 0.0}",0,0,1,10,28
21791,18097.4531417059,7558.59631273677,23529.35145444267,2126.698,38.17106685134342,90.0,1206496876.1137266,2126698000.0,0,0.5673099218195187,24129.937522274533,241.29937522274534,5791.1850053458875,2739.72602739726,25085003.882967714,3304420653.2282457,9998438918.068428,66616.07959107775,1561081.9315724783,0,0,217910000,2054794.5205479453,57534246.575342506,3515981.735159817,98447488.58447483,0,586510653.2282459,2131248.5853748913,0.0036282089432020702,1.9473010852786365,"{'total_cost': 303.7268725121719, 'price_stability_cost': 1011.1376283122012, 'utilization_efficiency_cost': 0.11060716996773237, 'foundation_sustainability_cost': 0.0, 'node_profitability_cost': 2.3862148401307812, 'decentralization_cost': 0.0}",0,0,1,11,28
21791,18097.4531417059,7558.59631273677,23529.35145444267,2126.698,38.17106685134342,90.0,1206738175.4889493,2126698000.0,0,0.5673099218195187,24129.937522274533,241.29937522274534,5791.1850053458875,2739.72602739726,25085003.882967714,3304420653.2282457,9998438918.068428,66616.07959107775,1561081.9315724783,0,0,217910000,2054794.5205479453,57534246.575342506,3515981.735159817,98447488.58447483,0,586510653.2282459,2131248.5853748913,0.0036282089432020702,1.9473010852786365,"{'total_cost': 303.7268725121719, 'price_stability_cost': 1011.1376283122012, 'utilization_efficiency_cost': 0.11060716996773237, 'foundation_sustainability_cost': 0.0, 'node_profitability_cost': 2.3862148401307812, 'decentralization_cost': 0.0}",0,0,1,1,29
21791,18097.4531417059,7558.59631273677,23529.35145444267,2126.698,38.17106685134342,90.0,1206738175.4889493,2126698000.0,0,0.5673099218195187,24129.937522274533,241.29937522274534,5791.1850053458875,2739.72602739726,25085003.882967714,3304420653.2282457,9998438918.068428,66616.07959107775,1561081.9315724783,0,0,217910000,2054794.5205479453,59589041.095890455,3515981.735159817,101963470.31963465,0,586510653.2282459,2131248.5853748913,0.0036282089432020702,1.9473010852786365,"{'total_cost': 303.7268725121719, 'price_stability_cost': 1011.1376283122012, 'utilization_efficiency_cost': 0.11060716996773237, 'foundation_sustainability_cost': 0.0, 'node_profitability_cost': 2.3862148401307812, 'decentralization_cost': 0.0}",0,0,1,2,29
21791,18097.4531417059,7558.59631273677,23529.35145444267,2126.698,38.17106685134342,90.0,1206738175.4889493,2135518000.0,0,0.5650798426840463,24129.937522274533,241.29937522274534,5791.1850053458875,2739.72602739726,25085003.882967714,3304420653.2282457,9998438918.068428,66616.07959107775,1561081.9315724783,0,0,217910000,2054794.5205479453,59589041.095890455,3515981.735159817,101963470.31963465,0,586510653.2282459,2131248.5853748913,0.0036282089432020702,1.9473010852786365,"{'total_cost': 303.7268725121719, 'price_stability_cost': 1011.1376283122012, 'utilization_efficiency_cost': 0.11060716996773237, 'foundation_sustainability_cost': 0.0, 'node_profitability_cost': 2.3862148401307812, 'decentralization_cost': 0.0}",0,0,1,3,29
21791,18101.07263233424,7558.59631273677,23529.35145444267,2126.698,38.17106685134342,90.0,1206738175.4889493,2135518000.0,0,0.5650798426840463,24134.763509778986,241.34763509778986,5792.343242346957,2739.72602739726,25085003.882967714,3304420653.2282457,9998438918.068428,66616.07959107775,1561081.9315724783,0,0,217910000,2054794.5205479453,59589041.095890455,3515981.735159817,101963470.31963465,0,586510653.2282459,2131248.5853748913,0.0036282089432020702,1.9473010852786365,"{'total_cost': 303.7268725121719, 'price_stability_cost': 1011.1376283122012, 'utilization_efficiency_cost': 0.11060716996773237, 'foundation_sustainability_cost': 0.0, 'node_profitability_cost': 2.3862148401307812, 'decentralization_cost': 0.0}",0,0,1,4,29
21791,18101.07263233424,7440.596337933534,23406.150970267772,2135.518,37.83533193078974,90.0,1206738175.4889493,2135518000.0,0,0.5650798426840463,24134.763509778986,241.34763509778986,5792.343242346957,2739.72602739726,25085003.882967714,3304420653.2282457,9998438918.068428,66616.07959107775,1561081.9315724783,0,0,217910000,2054794.5205479453,59589041.095890455,3515981.735159817,101963470.31963465,0,588565447.7487938,2123807.9890369577,0.00362109021779432,1.9473010852786365,"{'total_cost': 303.7268725121719, 'price_stability_cost': 1011.1376283122012, 'utilization_efficiency_cost': 0.11060716996773237, 'foundation_sustainability_cost': 0.0, 'node_profitability_cost': 2.3862148401307812, 'decentralization_cost': 0.0}",0,0,1,5,29
21791,18101.07263233424,7440.596337933534,23406.150970267772,2135.518,37.83533193078974,90.0,1206738175.4889493,2135518000.0,0,0.5650798426840463,24134.763509778986,241.34763509778986,5792.343242346957,2739.72602739726,25088056.500182666,3304420653.2282457,9998438918.068428,66616.07959107775,1561081.9315724783,0,0,217910000,2054794.5205479453,59589041.095890455,3515981.735159817,101963470.31963465,0,588565447.7487938,2123807.9890369577,0.00362109021779432,1.9473010852786365,"{'total_cost': 303.7268725121719, 'price_stability_cost': 1011.1376283122012, 'utilization_efficiency_cost': 0.11060716996773237, 'foundation_sustainability_cost': 0.0, 'node_profitability_cost': 2.3862148401307812, 'decentralization_cost': 0.0}",0,0,1,6,29
21791,18101.07263233424,7440.596337933534,23406.150970267772,2135.518,37.83533193078974,90.0,1206738175.4889493,2135518000.0,0,0.5650798426840463,24134.763509778986,241.34763509778986,5792.343242346957,2739.72602739726,25088056.500182666,3304420653.2282457,9998438918.068428,66616.07959107775,1561081.9315724783,0,0,217910000,2054794.5205479453,59589041.095890455,3515981.735159817,101963470.31963465,0,592081429.4839537,2111196.091877898,0.0035870201010830996,1.9473010852786365,"{'total_cost': 303.7268725121719, 'price_stability_cost': 1011.1376283122012, 'utilization_efficiency_cost': 0.11060716996773237, 'foundation_sustainability_cost': 0.0, 'node_profitability_cost': 2.3862148401307812, 'decentralization_cost': 0.0}",0,0,1,7,29
21791,18101.07263233424,7440.596337933534,23406.150970267772,2135.518,37.83533193078974,90.0,1206738175.4889493,2135518000.0,0,0.5650798426840463,24134.763509778986,241.34763509778986,5792.343242346957,2739.72602739726,25088056.500182666,3304420653.2282457,9998438918.068428,67677.80570578043,1628759.7372782587,0,0,217910000,2054794.5205479453,59589041.095890455,3515981.735159817,101963470.31963465,0,592013751.6782479,2111437.439512996,0.003566126776435604,1.9473010852786365,"{'total_cost': 303.7268725121719, 'price_stability_cost': 1011.1376283122012, 'utilization_efficiency_cost': 0.11060716996773237, 'foundation_sustainability_cost': 0.0, 'node_profitability_cost': 2.3862148401307812, 'decentralization_cost': 0.0}",0,0,1,8,29
21876,18101.07263233424,7440.596337933534,23406.150970267772,2135.518,37.83533193078974,85.0,1206738175.4889493,2135518000.0,0,0.5650798426840463,24134.763509778986,241.34763509778986,5792.343242346957,2739.72602739726,25088056.500182666,3304420653.2282457,9998438918.068428,67677.80570578043,1628759.7372782587,0,0,218760000,2054794.5205479453,59589041.095890455,3515981.735159817,101963470.31963465,0,591163751.6782479,2114473.3526901673,0.0035716625613780627,2.099050072074104,"{'total_cost': 303.7268725121719, 'price_stability_cost': 1011.1376283122012, 'utilization_efficiency_cost': 0.11060716996773237, 'foundation_sustainability_cost': 0.0, 'node_profitability_cost': 2.3862148401307812, 'decentralization_cost': 0.0}",0,0,1,9,29
21876,18101.07263233424,7440.596337933534,23406.150970267772,2135.518,37.83533193078974,85.0,1206738175.4889493,2135518000.0,0,0.5650798426840463,24134.763509778986,241.34763509778986,5792.343242346957,2739.72602739726,25088056.500182666,3309923751.678248,9998371240.262722,67677.80570578043,1628759.7372782587,0,0,218760000,2054794.5205479453,59589041.095890455,3515981.735159817,101963470.31963465,0,591163751.6782479,2114473.3526901673,0.0035716625613780627,2.099050072074104,"{'total_cost': 303.7268725121719, 'price_stability_cost': 1011.1376283122012, 'utilization_efficiency_cost': 0.11060716996773237, 'foundation_sustainability_cost': 0.0, 'node_profitability_cost': 2.3862148401307812, 'decentralization_cost': 0.0}",0,0,1,10,29
21876,18101.07263233424,7440.596337933534,23406.150970267772,2135.518,37.83533193078974,85.0,1206738175.4889493,2135518000.0,0,0.5650798426840463,24134.763509778986,241.34763509778986,5792.343242346957,2739.72602739726,25088056.500182666,3309923751.678248,9998371240.262722,67677.80570578043,1628759.7372782587,0,0,218760000,2054794.5205479453,59589041.095890455,3515981.735159817,101963470.31963465,0,591163751.6782479,2114473.3526901673,0.0035716625613780627,2.099050072074104,"{'total_cost': 305.37447134968266, 'price_stability_cost': 1016.6624887857917, 'utilization_efficiency_cost': 0.11235916407605229, 'foundation_sustainability_cost': 0.0, 'node_profitability_cost': 2.3175661528415357, 'decentralization_cost': 0.0}",0,0,1,11,29
21876,18101.07263233424,7440.596337933534,23406.150970267772,2135.518,37.83533193078974,85.0,1206979523.124047,2135518000.0,0,0.5650798426840463,24134.763509778986,241.34763509778986,5792.343242346957,2739.72602739726,25088056.500182666,3309923751.678248,9998371240.262722,67677.80570578043,1628759.7372782587,0,0,218760000,2054794.5205479453,59589041.095890455,3515981.735159817,101963470.31963465,0,591163751.6782479,2114473.3526901673,0.0035716625613780627,2.099050072074104,"{'total_cost': 305.37447134968266, 'price_stability_cost': 1016.6624887857917, 'utilization_efficiency_cost': 0.11235916407605229, 'foundation_sustainability_cost': 0.0, 'node_profitability_cost': 2.3175661528415357, 'decentralization_cost': 0.0}",0,0,1,1,30
21876,18101.07263233424,7440.596337933534,23406.150970267772,2135.518,37.83533193078974,85.0,1206979523.124047,2135518000.0,0,0.5650798426840463,24134.763509778986,241.34763509778986,5792.343242346957,2739.72602739726,25088056.500182666,3309923751.678248,9998371240.262722,67677.80570578043,1628759.7372782587,0,0,218760000,2054794.5205479453,61643835.616438404,3515981.735159817,105479452.05479446,0,591163751.6782479,2114473.3526901673,0.0035716625613780627,2.099050072074104,"{'total_cost': 305.37447134968266, 'price_stability_cost': 1016.6624887857917, 'utilization_efficiency_cost': 0.11235916407605229, 'foundation_sustainability_cost': 0.0, 'node_profitability_cost': 2.3175661528415357, 'decentralization_cost': 0.0}",0,0,1,2,30
21876,18101.07263233424,7440.596337933534,23406.150970267772,2135.518,37.83533193078974,85.0,1206979523.124047,2143848000.0,0,0.5629967810796507,24134.763509778986,241.34763509778986,5792.343242346957,2739.72602739726,25088056.500182666,3309923751.678248,9998371240.262722,67677.80570578043,1628759.7372782587,0,0,218760000,2054794.5205479453,61643835.616438404,3515981.735159817,105479452.05479446,0,591163751.6782479,2114473.3526901673,0.0035716625613780627,2.099050072074104,"{'total_cost': 305.37447134968266, 'price_stability_cost': 1016.6624887857917, 'utilization_efficiency_cost': 0.11235916407605229, 'foundation_sustainability_cost': 0.0, 'node_profitability_cost': 2.3175661528415357, 'decentralization_cost': 0.0}",0,0,1,3,30
21876,18104.692846860708,7440.596337933534,23406.150970267772,2135.518,37.83533193078974,85.0,1206979523.124047,2143848000.0,0,0.5629967810796507,24139.590462480945,241.39590462480945,5793.501710995426,2739.72602739726,25088056.500182666,3309923751.678248,9998371240.262722,67677.80570578043,1628759.7372782587,0,0,218760000,2054794.5205479453,61643835.616438404,3515981.735159817,105479452.05479446,0,591163751.6782479,2114473.3526901673,0.0035716625613780627,2.099050072074104,"{'total_cost': 305.37447134968266, 'price_stability_cost': 1016.6624887857917, 'utilization_efficiency_cost': 0.11235916407605229, 'foundation_sustainability_cost': 0.0, 'node_profitability_cost': 2.3175661528415357, 'decentralization_cost': 0.0}",0,0,1,4,30
21876,18104.692846860708,7324.127485212493,23284.9723320732,2143.848,37.51372116446632,85.0,1206979523.124047,2143848000.0,0,0.5629967810796507,24139.590462480945,241.39590462480945,5793.501710995426,2739.72602739726,25088056.500182666,3309923751.678248,9998371240.262722,67677.80570578043,1628759.7372782587,0,0,218760000,2054794.5205479453,61643835.616438404,3515981.735159817,105479452.05479446,0,593218546.1987959,2107149.225204955,0.00356440870947008,2.099050072074104,"{'total_cost': 305.37447134968266, 'price_stability_cost': 1016.6624887857917, 'utilization_efficiency_cost': 0.11235916407605229, 'foundation_sustainability_cost': 0.0, 'node_profitability_cost': 2.3175661528415357, 'decentralization_cost': 0.0}",0,0,1,5,30
21876,18104.692846860708,7324.127485212493,23284.9723320732,2143.848,37.51372116446632,85.0,1206979523.124047,2143848000.0,0,0.5629967810796507,24139.590462480945,241.39590462480945,5793.501710995426,2739.72602739726,25091110.275866266,3309923751.678248,9998371240.262722,67677.80570578043,1628759.7372782587,0,0,218760000,2054794.5205479453,61643835.616438404,3515981.735159817,105479452.05479446,0,593218546.1987959,2107149.225204955,0.00356440870947008,2.099050072074104,"{'total_cost': 305.37447134968266, 'price_stability_cost': 1016.6624887857917, 'utilization_efficiency_cost': 0.11235916407605229, 'foundation_sustainability_cost': 0.0, 'node_profitability_cost': 2.3175661528415357, 'decentralization_cost': 0.0}",0,0,1,6,30
21876,18104.692846860708,7324.127485212493,23284.9723320732,2143.848,37.51372116446632,85.0,1206979523.124047,2143848000.0,0,0.5629967810796507,24139.590462480945,241.39590462480945,5793.501710995426,2739.72602739726,25091110.275866266,3309923751.678248,9998371240.262722,67677.80570578043,1628759.7372782587,0,0,218760000,2054794.5205479453,61643835.616438404,3515981.735159817,105479452.05479446,0,596734527.9339558,2094733.824650327,0.003531133404498031,2.099050072074104,"{'total_cost': 305.37447134968266, 'price_stability_cost': 1016.6624887857917, 'utilization_efficiency_cost': 0.11235916407605229, 'foundation_sustainability_cost': 0.0, 'node_profitability_cost': 2.3175661528415357, 'decentralization_cost': 0.0}",0,0,1,7,30
21876,18104.692846860708,7324.127485212493,23284.9723320732,2143.848,37.51372116446632,85.0,1206979523.124047,2143848000.0,0,0.5629967810796507,24139.590462480945,241.39590462480945,5793.501710995426,2739.72602739726,25091110.275866266,3309923751.678248,9998371240.262722,68759.41528001353,1697519.1525582722,0,0,218760000,2054794.5205479453,61643835.616438404,3515981.735159817,105479452.05479446,0,596665768.5186758,2094975.2205549518,0.003510732365040582,2.099050072074104,"{'total_cost': 305.37447134968266, 'price_stability_cost': 1016.6624887857917, 'utilization_efficiency_cost': 0.11235916407605229, 'foundation_sustainability_cost': 0.0, 'node_profitability_cost': 2.3175661528415357, 'decentralization_cost': 0.0}",0,0,1,8,30
21957,18104.692846860708,7324.127485212493,23284.9723320732,2143.848,37.51372116446632,81.0,1206979523.124047,2143848000.0,0,0.5629967810796507,24139.590462480945,241.39590462480945,5793.501710995426,2739.72602739726,25091110.275866266,3309923751.678248,9998371240.262722,68759.41528001353,1697519.1525582722,0,0,219570000,2054794.5205479453,61643835.616438404,3515981.735159817,105479452.05479446,0,595855768.5186758,2097823.1076080017,0.003515909942037071,2.258699387784963,"{'total_cost': 305.37447134968266, 'price_stability_cost': 1016.6624887857917, 'utilization_efficiency_cost': 0.11235916407605229, 'foundation_sustainability_cost': 0.0, 'node_profitability_cost': 2.3175661528415357, 'decentralization_cost': 0.0}",0,0,1,9,30
21957,18104.692846860708,7324.127485212493,23284.9723320732,2143.848,37.51372116446632,81.0,1206979523.124047,2143848000.0,0,0.5629967810796507,24139.590462480945,241.39590462480945,5793.501710995426,2739.72602739726,25091110.275866266,3315425768.518676,9998302480.847443,68759.41528001353,1697519.1525582722,0,0,219570000,2054794.5205479453,61643835.616438404,3515981.735159817,105479452.05479446,0,595855768.5186758,2097823.1076080017,0.003515909942037071,2.258699387784963,"{'total_cost': 305.37447134968266, 'price_stability_cost': 1016.6624887857917, 'utilization_efficiency_cost': 0.11235916407605229, 'foundation_sustainability_cost': 0.0, 'node_profitability_cost': 2.3175661528415357, 'decentralization_cost': 0.0}",0,0,1,10,30
21957,18104.692846860708,7324.127485212493,23284.9723320732,2143.848,37.51372116446632,81.0,1206979523.124047,2143848000.0,0,0.5629967810796507,24139.590462480945,241.39590462480945,5793.501710995426,2739.72602739726,25091110.275866266,3315425768.518676,9998302480.847443,68759.41528001353,1697519.1525582722,0,0,219570000,2054794.5205479453,61643835.616438404,3515981.735159817,105479452.05479446,0,595855768.5186758,2097823.1076080017,0.003515909942037071,2.258699387784963,"{'total_cost': 306.63851943126264, 'price_stability_cost': 1020.9070188246654, 'utilization_efficiency_cost': 0.11400809366178816, 'foundation_sustainability_cost': 0.0, 'node_profitability_cost': 2.2527450696503943, 'decentralization_cost': 0.0}",0,0,1,11,30
