timestep,run,subset,network_resource_demand,network_resource_provision,network_resource_demand_supply_ratio,dex_tokens,dex_usdc,dex_token_price,token_incentives_vested,token_seller_vested,token_incentives_vested_cum,token_seller_vested_cum,token_burned_supply,token_burned_supply_cum,token_minted_supply,token_minted_supply_cum,token_total_supply,token_circulating_supply,token_staked_supply,node_amount,node_profit,node_network_revenue,node_incentive_revenue,node_expenditures,node_apr,node_change_amount,foundation_revenue,foundation_expenditures,foundation_cash_reserves
1,1,0,1200000000.0,1470000000.0,0.8163265306122449,505521705.47150624,2472693.034682081,0.004890893917949564,2054794.5205479453,3515981.735159817,2054794.5205479453,3515981.735159817,49070.784201473034,49070.784201473034,0,0,9999950929.2158,3155521705.471506,150000000,15000,26761.923601637114,18000.000000000004,10231.923601637109,1470.0,62.03178557504875,0.0,5760.000000000001,2739.72602739726,25003020.273972604
2,1,0,1200240000.0,1470000000.0,0.8164897959183673,504072323.2387859,2479802.882190495,0.0048524413134209245,2054794.5205479453,3515981.735159817,4109589.0410958906,7031963.470319634,50158.48842808369,99229.27262955673,0,0,9999900770.727371,3161042323.2387857,156970000,15697,26543.66961264233,18003.600000000002,10010.069612642328,1470.0,61.58923507567794,697.0,5761.152,2739.72602739726,25006041.699945208
3,1,0,1200480048.0,1538306000.0,0.7803909287228938,503633215.0989201,2481964.974757441,0.005015585914875153,2054794.5205479453,3515981.735159817,6164383.561643836,10547945.20547945,49884.395573578426,149113.66820313514,0,0,9999850886.331797,3166563215.09892,162930000,16293,26536.49472713291,18007.20072,10067.600007132913,1538.306,58.82285139519164,596.0,5762.304230400001,2739.72602739726,25009064.27814821
4,1,0,1200720144.0096,1596714000.0,0.751994498707721,503964182.91982275,2480334.9967409614,0.005090317623535176,2054794.5205479453,3515981.735159817,8219178.082191781,14063926.940639269,49808.43480511638,198922.10300825152,0,0,9999801077.896992,3172084182.9198227,168120000,16812,26499.215616816786,18010.802160143998,10085.127456672786,1596.714,56.58688968856128,519.0,5763.45669124608,2739.72602739726,25012088.008812062
5,1,0,1200960288.0384018,1647576000.0,0.7289255779632635,504885076.0011153,2475810.9506830396,0.005086511719991569,2054794.5205479453,3515981.735159817,10273972.602739727,17579908.675799087,49883.17441518881,248805.27742344033,0,0,9999751194.722576,3177605076.0011153,172720000,17272,26438.740615658313,18014.40432057603,10071.912295082282,1647.576,54.718208515070344,460.0,5764.609382584329,2739.72602739726,25015112.89216725
6,1,0,1201200480.0960095,1692656000.0,0.7096542239510033,506295778.6067938,2468912.546416453,0.0050727655098860265,2054794.5205479453,3515981.735159817,12328767.123287672,21095890.410958905,50073.650029237586,298878.9274526779,0,0,9999701121.072548,3183125778.606794,176830000,17683,26360.629685535456,18018.007201440145,10035.27848409531,1692.656,53.11258687948281,411.0,5765.762304460846,2739.72602739726,25018138.92844432
7,1,0,1201440720.1920288,1732934000.0,0.6932986023657155,508106194.0061003,2460115.6505189002,0.005086721097375509,2054794.5205479453,3515981.735159817,14383561.643835617,24611872.146118723,50360.856401271805,349239.78385394975,0,0,9999650760.216146,3188646194.0061,180540000,18054,26268.222888329205,18021.610802880434,9979.54608544877,1732.934,51.70962318598878,371.0,5766.915456921738,2739.72602739726,25021166.117873844
8,1,0,1201681008.3360672,1769292000.0,0.6791874989182494,510256242.408962,2449749.5495569957,0.005124366322514218,2054794.5205479453,3515981.735159817,16438356.164383562,28127853.88127854,50727.85284599908,399967.6366999488,0,0,9999600032.3633,3194166242.4089622,183910000,18391,26164.623069345806,18025.21512504101,9908.699944304799,1769.292,50.463863601781455,337.0,5768.068840013123,2739.72602739726,25024194.46068646
9,1,0,1201921344.5377343,1802318000.0,0.6668752931157178,512695855.06118053,2438092.657977186,0.005094291769474135,2054794.5205479453,3515981.735159817,18493150.68493151,31643835.61643836,51163.60348924631,451131.24018919514,0,0,9999548868.759811,3199685855.0611806,186990000,18699,26052.040929271963,18028.820168066013,9825.538761205948,1802.318,49.3450477794576,308.0,5769.222453781124,2739.72602739726,25027223.957112845
10,1,0,1202161728.8066418,1832502000.0,0.6560220555320768,515384972.30621207,2425371.4546750924,0.005107215991029846,2054794.5205479453,3515981.735159817,20547945.205479454,35159817.35159817,51659.010676209065,502790.2508654042,0,0,9999497209.749134,3205204972.306212,189820000,18982,25932.363198121922,18032.425932099628,9732.439266022297,1832.502,48.3302134425851,283.0,5770.376298271882,2739.72602739726,25030254.60738372
11,1,0,1202402161.152403,1860236000.0,0.646370762178779,518293541.6655508,2411760.709931074,0.005072573252323377,2054794.5205479453,3515981.735159817,22602739.7260274,38675799.08675799,52206.89636896136,554997.1472343656,0,0,9999445002.852766,3210723541.6655507,192430000,19243,25807.13960902089,18036.03241728605,9631.343191734843,1860.2359999999999,47.40203206598845,261.0,5771.530373531536,2739.72602739726,25033286.411729857
12,1,0,1202642641.5846336,1885814000.0,0.6377313147450563,521401515.9129162,2397384.6677668137,0.005087788486513544,2054794.5205479453,3515981.735159817,24657534.246575344,42191780.8219178,52802.00834235756,607799.1555767232,0,0,9999392200.844423,3216241515.912916,194840000,19484,25677.58566490248,18039.639623769508,9523.760041132971,1885.8139999999999,46.54764592377945,241.0,5772.684679606242,2739.72602739726,25036319.370382067
13,1,0,1202883170.1129506,1909432000.0,0.6299691060550732,524678851.12282,2382409.7299233275,0.005032555742687339,2054794.5205479453,3515981.735159817,26712328.76712329,45707762.55707762,53441.04580387577,661240.2013805989,0,0,9999338759.79862,3221758851.12282,197080000,19708,25544.596892535614,18043.247551694258,9410.781340841357,1909.432,45.757840337653924,224.0,5773.839216542163,2739.72602739726,25039353.483571213
14,1,0,1203123746.746973,1931384000.0,0.6229334750349869,528115508.76049185,2366906.4423686387,0.005089524212876879,2054794.5205479453,3515981.735159817,28767123.287671234,49223744.29223743,54118.61803589778,715358.8194164967,0,0,9999284641.180584,3227275508.760492,199160000,19916,25409.28226865761,18046.856201204595,9293.810067453018,1931.384,45.022633450210684,208.0,5774.993984385471,2739.72602739726,25042388.751528203
15,1,0,1203364371.4963224,1951768000.0,0.6165509279260252,531691451.6898324,2350987.581288404,0.005003368367610412,2054794.5205479453,3515981.735159817,30821917.80821918,52739726.027397245,54833.32636717047,770192.1457836671,0,0,9999229807.854216,3232791451.6898327,201100000,20110,25272.177034289754,18050.46557244484,9173.479461844918,1951.7679999999998,44.3368645375305,194.0,5776.148983182348,2739.72602739726,25045425.17448399
16,1,0,1203605044.3706217,1970780000.0,0.610725217614661,535386646.26578,2334761.258463414,0.004953182466098155,2054794.5205479453,3515981.735159817,32876712.328767125,56255707.76255706,55581.6797601718,825773.8255438389,0,0,9999174226.174456,3238306646.26578,202920000,20292,25134.03173013407,18054.075665559325,9050.736064574743,1970.78,43.694114078542455,182.0,5777.304212978984,2739.72602739726,25048462.752669573
17,1,0,1203845765.3794959,1988616000.0,0.6053686409942874,539201062.4220442,2318244.690366722,0.004954201115927573,2054794.5205479453,3515981.735159817,34931506.84931507,59771689.497716874,56360.09944370537,882133.9249875443,0,0,9999117866.075012,3243821062.4220443,204620000,20462,24995.540002021342,18057.68648069244,8926.469521328901,1988.616,43.08857758462602,170.0,5778.4596738215805,2739.72602739726,25051501.486316
18,1,0,1204086534.5325718,2005276000.0,0.6004592557496184,543124669.5715003,2301497.3725759694,0.004950896567904739,2054794.5205479453,3515981.735159817,36986301.36986302,63287671.23287669,57169.106251722114,939303.0312392664,0,0,9999060696.968761,3249334669.5715003,206210000,20621,24856.881031252145,18061.298017988578,8800.859013263569,2005.2759999999998,42.51846219722377,159.0,5779.615365756345,2739.72602739726,25054541.37565436
19,1,0,1204327351.8394783,2020858000.0,0.5959485287137831,547137438.7039113,2284617.9251799462,0.004878427905068689,2054794.5205479453,3515981.735159817,39041095.89041097,66803652.9680365,58007.123296826125,997310.1545360925,0,0,9999002689.845465,3254847438.7039113,207710000,20771,24718.45126307218,18064.91027759218,8674.398985480002,2020.858,41.98043255408346,150.0,5780.771288829496,2739.72602739726,25057582.420915794
20,1,0,1204568217.3098462,2035558000.0,0.5917631515829301,551239344.5630169,2267617.5282642622,0.004873622051564239,2054794.5205479453,3515981.735159817,41095890.410958916,70319634.70319632,58870.39660231673,1056180.5511384092,0,0,9998943819.448862,3260359344.563017,209120000,20912,24580.829031578935,18068.523259647693,8547.863771931243,2035.558,41.46972724054934,141.0,5781.927443087262,2739.72602739726,25060624.622331485
21,1,0,1204809130.953308,2049376000.0,0.5878907193962006,555420361.4692512,2250547.669324511,0.004846363405129971,2054794.5205479453,3515981.735159817,43150684.931506865,73835616.43835613,59759.349473575996,1115939.9006119852,0,0,9998884060.099388,3265870361.469251,210450000,21045,24444.119049699748,18072.13696429962,8421.358085400128,2049.3759999999997,40.98525616971547,133.0,5783.083828575879,2739.72602739726,25063667.980132665
22,1,0,1205050092.7794988,2062410000.0,0.5842922080379259,559680465.4734136,2233417.2391431797,0.004765891814813567,2054794.5205479453,3515981.735159817,45205479.45205481,77351598.17351595,60672.2515454807,1176612.152157466,0,0,9998823387.847843,3271380465.4734135,211700000,21170,24308.62230147454,18075.751391692484,8295.280909782057,2062.41,40.52437322139704,125.0,5784.240445341594,2739.72602739726,25066712.49455061
23,1,0,1205291102.7980547,2074660000.0,0.5809583752509109,564009632.2346826,2216274.20625306,0.004747809453188959,2054794.5205479453,3515981.735159817,47260273.97260276,80867579.90867576,61609.49443893409,1238221.6465964,0,0,9998761778.353403,3276889632.2346826,212880000,21288,24174.415356649926,18079.366541970823,8169.708814679103,2074.66,40.086228128703155,118.0,5785.397293430663,2739.72602739726,25069758.165816646
24,1,0,1205532161.0186143,2086224000.0,0.577853653787232,568397839.2102449,2199163.8844665606,0.004716182157554523,2054794.5205479453,3515981.735159817,49315068.49315071,84383561.64383557,62569.28014558417,1300790.9267419842,0,0,9998699209.073257,3282397839.210245,214000000,21400,24041.75802980137,18082.982415279213,8044.999614522157,2086.2239999999997,39.668429648091376,112.0,5786.554372889349,2739.72602739726,25072804.99416214
25,1,0,1205773267.450818,2097200000.0,0.5749443388569607,572845065.7172078,2182090.8912517023,0.004637609000907912,2054794.5205479453,3515981.735159817,51369863.01369866,87899543.37899539,63549.74874493459,1364340.6754869188,0,0,9998635659.324512,3287905065.717208,215060000,21506,23910.880362519503,18086.59901176227,7921.481350757234,2097.2,39.26871968988507,106.0,5787.711683763927,2739.72602739726,25075852.979818508
26,1,0,1206014422.1043081,2107588000.0,0.5722249424955486,577351290.7651638,2165059.6785596106,0.004601702147570066,2054794.5205479453,3515981.735159817,53424657.53424661,91415525.1141552,64551.20775182275,1428891.8832387414,0,0,9998571108.116762,3293411290.765164,216060000,21606,23781.80992264603,18090.21633156462,7799.181591081409,2107.5879999999997,38.88652863365735,100.0,5788.869226100679,2739.72602739726,25078902.123017214
27,1,0,1206255624.988729,2117388000.0,0.5696904039263134,581906493.052129,2148111.449046889,0.004604996942792186,2054794.5205479453,3515981.735159817,55479452.05479456,94931506.84931502,65573.968742659,1494465.8519814005,0,0,9998505534.148018,3298916493.052129,217010000,21701,23654.572092081307,18093.834374830938,7678.125717250368,2117.388,38.521324500145,95.0,5790.0269999459,2739.72602739726,25081952.423989765
28,1,0,1206496876.1137266,2126698000.0,0.5673099218195187,586510653.2282459,2131248.5853748913,0.0045106309705197824,2054794.5205479453,3515981.735159817,57534246.575342506,98447488.58447483,66616.07959107775,1561081.9315724783,0,0,9998438918.068428,3304420653.2282457,217910000,21791,23529.35145444267,18097.4531417059,7558.59631273677,2126.698,38.17106685134342,90.0,5791.1850053458875,2739.72602739726,25085003.882967714
29,1,0,1206738175.4889493,2135518000.0,0.5650798426840463,591163751.6782479,2114473.3526901673,0.004430652772451377,2054794.5205479453,3515981.735159817,59589041.095890455,101963470.31963465,67677.80570578043,1628759.7372782587,0,0,9998371240.262722,3309923751.678248,218760000,21876,23406.150970267772,18101.07263233424,7440.596337933534,2135.518,37.83533193078974,85.0,5792.343242346957,2739.72602739726,25088056.500182666
30,1,0,1206979523.124047,2143848000.0,0.5629967810796507,595855768.5186758,2097823.1076080017,0.0044011337851725145,2054794.5205479453,3515981.735159817,61643835.616438404,105479452.05479446,68759.41528001353,1697519.1525582722,0,0,9998302480.847443,3315425768.518676,219570000,21957,23284.9723320732,18104.692846860708,7324.127485212493,2143.848,37.51372116446632,81.0,5793.501710995426,2739.72602739726,25091110.275866266
31,1,0,1207220919.0286717,2151786000.0,0.5610320538513922,600586685.9180857,2081298.2194055677,0.004409797872015831,2054794.5205479453,3515981.735159817,63698630.13698635,108995433.78995427,69858.85629792024,1767378.0088561925,0,0,9998232621.991144,3320926685.9180856,220340000,22034,23165.959585197434,18108.313785430077,7209.431799767357,2151.786,37.2043536270356,77.0,5794.660411337624,2739.72602739726,25094165.21025021
32,1,0,1207462363.2124774,2159332000.0,0.5591832859479123,605356485.8270694,2064898.9963198104,0.004318714814995103,2054794.5205479453,3515981.735159817,65753424.6575343,112511415.52511409,70976.34672418683,1838354.3555803793,0,0,9998161645.644419,3326426485.8270693,221070000,22107,23049.095003577604,18111.935448187163,7096.491555390438,2159.332,36.90690957037725,73.0,5795.819343419892,2739.72602739726,25097221.303566236
33,1,0,1207703855.6851199,2166486000.0,0.5574482621559151,610155149.9765123,2048659.263218743,0.004269334162219313,2054794.5205479453,3515981.735159817,67808219.17808224,116027397.2602739,72112.10626495782,1910466.4618453372,0,0,9998089533.538155,3331925149.9765124,221770000,22177,22934.360519238497,18115.5578352768,6985.288683961699,2166.486,36.62108603765785,70.0,5796.978507288575,2739.72602739726,25100278.55604613
34,1,0,1207945396.4562569,2173346000.0,0.5557998572046314,614982662.2554929,2032577.6265228994,0.0041959714144506255,2054794.5205479453,3515981.735159817,69863013.69863018,119543378.99543372,73263.97672725125,1983730.4385725884,0,0,9998016269.561428,3337422662.255493,222440000,22244,22821.86475715654,18119.180946843855,6876.02981031269,2173.346,36.345120889136446,67.0,5798.137902990034,2739.72602739726,25103336.967921723
35,1,0,1208186985.5355482,2179912000.0,0.5542365864014457,619839006.3868561,2016652.6906502065,0.004185999317390947,2054794.5205479453,3515981.735159817,71917808.21917813,123059360.73059353,74432.12434466994,2058162.5629172584,0,0,9997941837.437082,3342919006.386856,223080000,22308,22711.57323136378,18122.80478303322,6768.6804483305605,2179.912,36.078769583683965,64.0,5799.297530570631,2739.72602739726,25106396.539424896
36,1,0,1208428622.9326553,2186184000.0,0.5527570519831155,624724165.9262799,2000883.058760223,0.004123557702687963,2054794.5205479453,3515981.735159817,73972602.73972607,126575342.46575335,75616.71628401316,2133779.2792012715,0,0,9997866220.720798,3348414165.92628,223690000,22369,22603.451975974414,18126.429343989832,6663.2066319845835,2186.1839999999997,35.82179873144341,61.0,5800.4573900767455,2739.72602739726,25109457.270787578
37,1,0,1208670308.6572418,2192162000.0,0.5513599399393119,629638124.2613453,1985267.3334646493,0.004062047587577328,2054794.5205479453,3515981.735159817,76027397.26027401,130091324.20091316,76817.92064253698,2210597.1998438085,0,0,9997789402.800156,3353908124.2613454,224270000,22427,22497.46754358374,18130.054629858627,6559.574913725116,2192.162,35.57398562272126,58.0,5801.617481554761,2739.72602739726,25112519.16224174
38,1,0,1208912042.7189732,2197846000.0,0.5500440170598728,634580864.610608,1969804.1175052302,0.004018156222365967,2054794.5205479453,3515981.735159817,78082191.78082195,133607305.93607298,78035.90644517381,2288633.1062889826,0,0,9997711366.893711,3359400864.610608,224820000,22482,22393.58700326513,18133.6806407846,6457.752362480528,2197.846,35.335117785731846,55.0,5802.7778050510715,2739.72602739726,25115582.214019395
39,1,0,1209153825.127517,2203236000.0,0.5488081281930384,639542370.0226741,1954522.575190269,0.00392183609936903,2054794.5205479453,3515981.735159817,80136986.30136989,137123287.6712328,79270.8436417114,2367903.949930694,0,0,9997632096.05007,3364892370.022674,225350000,22535,22291.777938192066,18137.30737691276,6357.7065612793085,2203.236,35.10499257141851,53.0,5803.938360612082,2739.72602739726,25118646.426352613
40,1,0,1209395655.8925424,2208430000.0,0.5476268914534499,644532625.8714604,1939389.7994068237,0.0038878883633717584,2054794.5205479453,3515981.735159817,82191780.82191783,140639269.4063926,80520.40692147976,2448424.356852174,0,0,9997551575.643148,3370382625.8714604,225850000,22585,22192.10587737881,18140.934838388137,6259.601038990675,2208.43,34.881989751148296,50.0,5805.099148284204,2739.72602739726,25121711.7994735
41,1,0,1209637535.0237207,2213330000.0,0.5465238057694608,649541614.9019378,1924434.0490619978,0.0038317473331630253,2054794.5205479453,3515981.735159817,84246575.34246577,144155251.14155242,81787.22523043088,2530211.5820826045,0,0,9997469788.417917,3375871614.901938,226330000,22633,22094.432938233324,18144.563025355812,6163.19991287751,2213.33,34.66736503268728,48.0,5806.26016811386,2739.72602739726,25124778.33361422
42,1,0,1209879462.5307255,2218034000.0,0.5454738126334968,654569322.2225816,1909652.5876826104,0.0037924250945708384,2054794.5205479453,3515981.735159817,86301369.86301371,147671232.87671223,83068.93506406547,2613280.51714667,0,0,9997386719.482853,3381359322.222582,226790000,22679,21998.817129427614,18148.19193796088,6068.659191466732,2218.034,34.45952742867261,46.0,5807.421420147482,2739.72602739726,25127846.02900697
43,1,0,1210121438.4232316,2222542000.0,0.5444762971512942,659615732.827953,1895042.7313807595,0.003723882747909131,2054794.5205479453,3515981.735159817,88356164.38356166,151187214.61187205,84365.65033644908,2697646.167483119,0,0,9997302353.832518,3386845732.827953,227230000,22723,21905.215539199307,18151.821576348477,5975.935962850834,2222.542,34.25832597796104,44.0,5808.582904431511,2739.72602739726,25130914.885884006
44,1,0,1210363462.7109163,2226854000.0,0.5435306772293632,664680831.5983504,1880601.8476479074,0.003658309167535584,2054794.5205479453,3515981.735159817,90410958.9041096,154703196.34703186,85677.48531043819,2783323.652793557,0,0,9997216676.347206,3392330831.5983505,227650000,22765,21813.58640501237,18155.45194066375,5884.98846434862,2226.854,34.06361574038566,42.0,5809.744621012399,2739.72602739726,25133984.904477622
45,1,0,1210605535.4034584,2230970000.0,0.5426364027322009,669754603.2994626,1866355.2200194465,0.0036286291173569228,2054794.5205479453,3515981.735159817,92465753.42465754,158219178.08219168,87004.55459569229,2870328.207389249,0,0,9997129671.79261,3397814603.2994623,228060000,22806,21723.889078558528,18159.083031051876,5795.7760475066525,2230.97,33.87525757567015,41.0,5810.9065699366,2739.72602739726,25137056.085020162
46,1,0,1210847656.510539,2234988000.0,0.5417691980943696,674847035.1982213,1852271.6034943324,0.0035405853387257317,2054794.5205479453,3515981.735159817,94520547.94520548,161735159.8173515,88344.35694905283,2958672.564338302,0,0,9997041327.435661,3403297035.198221,228450000,22845,21636.156190766906,18162.714847658088,5708.429343108818,2234.988,33.69172582911356,39.0,5812.068751250587,2739.72602739726,25140128.427744016
47,1,0,1211089826.041841,2238810000.0,0.5409524819175549,679958111.8699149,1838348.536739198,0.0035115408378248265,2054794.5205479453,3515981.735159817,96575342.46575342,165251141.5525113,89699.5840143526,3048372.148352654,0,0,9996951627.851646,3408778111.869915,228820000,22882,21550.26933538834,18166.347390627616,5622.731944760727,2238.81,33.51429413885012,37.0,5813.231165000837,2739.72602739726,25143201.93288162
48,1,0,1211332044.0070493,2242436000.0,0.5401857818939089,685077817.7744071,1824610.2377987446,0.0034723453521460484,2054794.5205479453,3515981.735159817,98630136.98630136,168767123.28767112,91070.35121557435,3139442.4995682286,0,0,9996860557.500431,3414257817.7744074,229180000,22918,21466.19131144404,18169.980660105743,5538.6466513382975,2242.4359999999997,33.34283874136344,36.0,5814.393811233837,2739.72602739726,25146276.600665458
49,1,0,1211574310.4158506,2245964000.0,0.5394451159572685,690216139.9329515,1811026.9054580973,0.003423841657604947,2054794.5205479453,3515981.735159817,100684931.5068493,172283105.02283093,92454.09716351377,3231896.5967317424,0,0,9996768103.403269,3419736139.9329515,229520000,22952,21383.946939778412,18173.61465623776,5456.296283540652,2245.964,33.175862958397154,34.0,5815.556689996083,2739.72602739726,25149352.43132806
50,1,0,1211816625.2779338,2249296000.0,0.5387537368483,695363062.6137704,1797622.087232294,0.0033496416839940645,2054794.5205479453,3515981.735159817,102739726.02739725,175799086.75799075,93853.57488895643,3325750.1716206986,0,0,9996674249.828379,3425213062.6137705,229850000,22985,21303.432800153085,18177.24937916901,5375.479420984073,2249.296,33.01463923999854,33.0,5816.719801334083,2739.72602739726,25152429.425101995
51,1,0,1212058988.6029894,2252530000.0,0.5380878339480448,700518572.6869631,1784392.3755017803,0.003306392697080433,2054794.5205479453,3515981.735159817,104794520.54794519,179315068.49315056,95266.18251517157,3421016.35413587,0,0,9996578983.645864,3430688572.686963,230170000,23017,21224.668906861018,18180.884829044844,5296.314077816172,2252.5299999999997,32.85768811379825,32.0,5817.88314529435,2739.72602739726,25155507.582219895
52,1,0,1212301400.40071,2255666000.0,0.5374472108905796,705682656.9670509,1771334.4485074552,0.0032664065598444307,2054794.5205479453,3515981.735159817,106849315.06849313,182831050.22831038,96691.97562007306,3517708.3297559433,0,0,9996482291.670244,3436162656.967051,230480000,23048,21147.612002538877,18184.521006010655,5218.756996528222,2255.6659999999997,32.70491579865691,31.0,5819.046721923409,2739.72602739726,25158586.902914423
53,1,0,1212543860.6807902,2258704000.0,0.5368316789985719,710865302.2129706,1758420.3309806716,0.003199387616191478,2054794.5205479453,3515981.735159817,108904109.58904107,186347031.9634702,98131.00978812006,3615839.3395440634,0,0,9996384160.660456,3441635302.2129707,230770000,23077,21072.220215994545,18188.157910211852,5142.766305782691,2258.7039999999997,32.556231781512054,29.0,5820.210531267793,2739.72602739726,25161667.387418296
54,1,0,1212786369.4529264,2261546000.0,0.5362642941832385,716056492.3482398,1745672.322445887,0.0031295036351934717,2054794.5205479453,3515981.735159817,110958904.10958901,189863013.69863,99586.12043872126,3715425.4599827845,0,0,9996284574.540018,3447106492.34824,231050000,23105,20998.40862087476,18191.795541793897,5068.159079080861,2261.546,32.412906595481765,28.0,5821.374573374047,2739.72602739726,25164749.035964273
55,1,0,1213028926.726817,2264290000.0,0.5357215404064042,721256213.980032,1733087.3214973977,0.003090278437057136,2054794.5205479453,3515981.735159817,113013698.63013695,193378995.43378982,101054.62391572884,3816480.083898513,0,0,9996183519.916101,3452576213.980032,231320000,23132,20926.188524799698,18195.433900902255,4995.044623897445,2264.29,32.273490941608955,27.0,5822.538848288721,2739.72602739726,25167831.848785166
56,1,0,1213271532.5121622,2266936000.0,0.535203257838846,726464453.6598277,1720662.3031625017,0.00303046081417445,2054794.5205479453,3515981.735159817,115068493.1506849,196894977.16894963,102536.57591205896,3919016.659810572,0,0,9996080983.340189,3458044453.6598277,231580000,23158,20855.5216589958,18199.072987682433,4923.384671313368,2266.9359999999997,32.13790378705074,26.0,5823.703356058379,2739.72602739726,25170915.826113828
57,1,0,1213514186.8186646,2269484000.0,0.5347092937507665,731681197.883413,1708394.316562969,0.0029642598027177862,2054794.5205479453,3515981.735159817,117123287.67123283,200410958.90410945,104032.03212255338,4023048.6919331253,0,0,9995976951.308067,3463511197.883413,231830000,23183,20786.370954779868,18202.71280227997,4853.142152499898,2269.484,32.00606691491476,25.0,5824.86809672959,2739.72602739726,25174000.96818316
58,1,0,1213756889.6560283,2271934000.0,0.5342395024045717,736906433.0908779,1696280.4826618382,0.002915271333385689,2054794.5205479453,3515981.735159817,119178082.19178078,203926940.63926926,105541.04824295155,4128589.740176077,0,0,9995871410.259825,3468976433.090878,232070000,23207,20718.70049902998,18206.353344840427,4784.281154189554,2271.9339999999997,31.87790482448099,24.0,5826.033070348936,2739.72602739726,25177087.275226112
59,1,0,1213999641.0339594,2274286000.0,0.5337937449529037,742140145.6666169,1684317.9920919293,0.002892599302928875,2054794.5205479453,3515981.735159817,121232876.71232872,207442922.37442908,107063.67996885987,4235653.420144937,0,0,9995764346.579855,3474440145.666617,232300000,23230,20652.47549156366,18209.994615509393,4716.766876054264,2274.286,31.753344635813264,23.0,5827.198276963005,2739.72602739726,25180174.74747568
60,1,0,1214242440.962166,2276540000.0,0.5333718893417932,747372321.9393301,1672526.4815218572,0.0028207900188541115,2054794.5205479453,3515981.735159817,123287671.23287666,210958904.1095889,108599.9829947177,4344253.403139655,0,0,9995655746.59686,3479902321.93933,232530000,23253,20587.66220433074,18213.636614432493,4650.565589898248,2276.54,31.632315998554066,23.0,5828.363716618398,2739.72602739726,25183263.3851649
61,1,0,1214485289.4503584,2278794000.0,0.5329508895715709,752612951.1076052,1660880.2680852208,0.002793144673419005,2054794.5205479453,3515981.735159817,125342465.7534246,214474885.8447487,110147.08743279889,4454400.4905724535,0,0,9995545599.509428,3485362951.107605,232750000,23275,20524.252488715072,18217.279341755377,4585.767146959695,2278.794,31.513415011444323,22.0,5829.529389361721,2739.72602739726,25186353.18852687
62,1,0,1214728186.5082483,2280950000.0,0.5325536230554148,757862019.4298319,1649376.757183888,0.0027518831171216983,2054794.5205479453,3515981.735159817,127397260.27397254,217990867.57990852,111707.93348120296,4566108.424053657,0,0,9995433891.575947,3490822019.429832,232960000,23296,20462.18498161878,18220.922797623727,4522.212183995054,2280.95,31.397917479177913,21.0,5830.695295239592,2739.72602739726,25189444.157794714
63,1,0,1214971132.14555,2283008000.0,0.5321799713998155,763119513.1088074,1638013.415366278,0.002683097242204031,2054794.5205479453,3515981.735159817,129452054.79452048,221506849.31506833,113282.57673228001,4679391.000785937,0,0,9995320608.999214,3496279513.1088076,233160000,23316,20401.42914265833,18224.566982183253,4459.8701604750795,2283.008,31.28575977593554,20.0,5831.86143429864,2739.72602739726,25192536.293201618
64,1,0,1215214126.371979,2284968000.0,0.5318298227248605,768375418.2917417,1626808.9403211505,0.0026191124766525875,2054794.5205479453,3515981.735159817,131506849.31506842,225022831.05022815,114871.07277362164,4794262.073559558,0,0,9995205737.926441,3501735418.291742,233360000,23336,20341.955348537947,18228.211895579687,4398.711452958261,2284.968,31.176880481558296,20.0,5833.0278065855,2739.72602739726,25195629.594980806
65,1,0,1215457169.1972535,2286928000.0,0.5314802954868949,773639724.0798376,1615739.1626790515,0.002577674781702213,2054794.5205479453,3515981.735159817,133561643.83561637,228538812.78538796,116470.46761201246,4910732.54117157,0,0,9995089267.458828,3507189724.079838,233550000,23355,20283.7496425706,18231.857537958804,4338.820104611798,2286.928,31.06989477868855,19.0,5834.194412146817,2739.72602739726,25198724.063365556
66,1,0,1215700260.6310928,2288790000.0,0.5311541297502579,778912416.5504186,1604801.738218404,0.0025436592270179376,2054794.5205479453,3515981.735159817,135616438.3561643,232054794.52054778,118083.78512678482,5028816.326298355,0,0,9994971183.673702,3512642416.550419,233730000,23373,20226.76475228795,18235.503909466395,4280.050842821554,2288.79,30.966075623655726,18.0,5835.361251029246,2739.72602739726,25201819.69858919
67,1,0,1215943400.683219,2290554000.0,0.5308512266828108,784183481.7253324,1594014.7033571838,0.0024808036091717865,2054794.5205479453,3515981.735159817,137671232.87671226,235570776.2557076,119711.08079406573,5148527.40709242,0,0,9994851472.592907,3518093481.7253323,233910000,23391,20170.97379061909,18239.151010248286,4222.376780370805,2290.554,30.865367436214203,18.0,5836.528323279452,2739.72602739726,25204916.500885073
68,1,0,1216186589.3633556,2292318000.0,0.5305488110128506,789462908.643833,1583354.944625965,0.0024459816680502478,2054794.5205479453,3515981.735159817,139726027.39726022,239086757.9908674,121349.33720720433,5269876.744299625,0,0,9994730123.255701,3523542908.643833,234080000,23408,20116.35876459619,18242.798840450338,4165.877924145851,2292.3179999999998,30.766398031127274,17.0,5837.695628944108,2739.72602739726,25208014.470486622
69,1,0,1216429826.6812284,2293984000.0,0.530269533999029,794740683.258241,1572840.0802074429,0.002397381264192384,2054794.5205479453,3515981.735159817,141780821.91780818,242602739.72602722,123001.6412998123,5392878.385599437,0,0,9994607121.6144,3528990683.258241,234250000,23425,20062.88196861304,18246.44740021843,4110.418568394614,2293.984,30.670438359131484,17.0,5838.863168069897,2739.72602739726,25211113.607627295
70,1,0,1216673112.6465647,2295650000.0,0.5299906835304009,800026794.5807062,1562447.6685873186,0.002343717841283146,2054794.5205479453,3515981.735159817,143835616.43835613,246118721.46118703,124664.9332426792,5517543.318842117,0,0,9994482456.681158,3534436794.580706,234410000,23441,20010.52289575055,18250.096689698472,4056.076206052079,2295.65,30.576123922428884,16.0,5840.03094070351,2739.72602739726,25214213.912540603
71,1,0,1216916447.269094,2297218000.0,0.5297348563650006,805311228.4943019,1552194.9226228315,0.0022955198332774594,2054794.5205479453,3515981.735159817,145890410.9589041,249634703.19634685,126342.34211214443,5643885.660954261,0,0,9994356114.339046,3539881228.494302,234570000,23457,19959.249818311047,18253.74670903641,4002.721109274635,2297.218,30.484724317093686,16.0,5841.198946891652,2739.72602739726,25217315.3854601
72,1,0,1217159830.5585477,2298786000.0,0.5294793993692966,810603973.9844407,1542060.0442602863,0.0022282257440186426,2054794.5205479453,3515981.735159817,147945205.47945204,253150684.93150666,128030.76556905982,5771916.426523321,0,0,9994228083.573477,3545323973.984441,234720000,23472,19909.03980303135,18257.39745837822,3950.4283446531326,2298.786,30.39488227988491,15.0,5842.367186681029,2739.72602739726,25220418.026619386
73,1,0,1217403262.5246594,2300256000.0,0.5292468588386072,815895016.8652326,1532059.8534878443,0.002196222054390479,2054794.5205479453,3515981.735159817,150000000.0,256666666.66666648,129733.37491591927,5901649.801439241,0,0,9994098350.19856,3550765016.8652325,234870000,23487,19859.866758399898,18261.04893786989,3899.0738205300086,2300.256,30.307866074298417,15.0,5843.535660118365,2739.72602739726,25223521.83625211
74,1,0,1217646743.1771643,2301726000.0,0.5290146364846051,821194346.0957239,1522173.1688034567,0.002173535357863035,2054794.5205479453,3515981.735159817,152054794.52054796,260182648.4018263,131447.02521657362,6033096.826655814,0,0,9993966903.173344,3556204346.095724,235010000,23501,19811.705409927246,18264.701147657466,3848.730262269778,2301.726,30.222325237249052,14.0,5844.704367250389,2739.72602739726,25226626.814591963
75,1,0,1217890272.5257998,2303098000.0,0.5288052321376684,826491947.4213489,1512416.4293433286,0.0021263628886011247,2054794.5205479453,3515981.735159817,154109589.0410959,263698630.1369861,133174.93008279457,6166271.756738609,0,0,9993833728.243261,3561641947.421349,235150000,23515,19764.534984480873,18268.354087886997,3799.2788965938753,2303.098,30.13952673848869,14.0,5845.873308123839,2739.72602739726,25229732.96187269
76,1,0,1218133850.5803049,2304470000.0,0.5285960982700165,831797809.7751621,1502769.0447248116,0.0020496460902316256,2054794.5205479453,3515981.735159817,156164383.56164387,267214611.87214592,134913.90189468567,6301185.6586332945,0,0,9993698814.341366,3567077809.775162,235280000,23528,19718.327948908824,18272.007758704574,3750.7901902042513,2304.47,30.058126497637033,13.0,5847.042482785463,2739.72602739726,25232840.27832808
77,1,0,1218377477.350421,2305744000.0,0.5284096922079905,837101918.8342139,1493247.0848242922,0.0020515272335313904,2054794.5205479453,3515981.735159817,158219178.08219182,270730593.60730577,136667.19665611506,6437852.85528941,0,0,9993562147.14471,3572511918.8342137,235410000,23541,19673.068552594188,18275.662160256317,3703.150392337869,2305.7439999999997,29.979390244638555,13.0,5848.211891282021,2739.72602739726,25235948.764191967
78,1,0,1218621152.845891,2307018000.0,0.52822351314376,842404263.5059447,1483848.1405563187,0.001991699967908906,2054794.5205479453,3515981.735159817,160273972.60273978,274246575.3424656,138431.58397701202,6576284.439266422,0,0,9993423715.560734,3577944263.5059447,235540000,23554,19628.727083696205,18279.317292688367,3656.4277910078367,2307.018,29.901979879922358,13.0,5849.381533660277,2739.72602739726,25239058.41969823
79,1,0,1218864877.0764601,2308292000.0,0.5280375607056906,847714832.7059304,1474552.469502008,0.0019433968175472066,2054794.5205479453,3515981.735159817,162328767.12328774,277762557.0776254,140207.05572222758,6716491.494988649,0,0,9993283508.50501,3583374832.70593,235660000,23566,19585.280153883898,18282.973156146905,3610.598997736994,2308.292,29.825862557459764,12.0,5850.551409967009,2739.72602739726,25242169.245080803
80,1,0,1219108650.0518754,2309468000.0,0.5278742333956891,853023612.0300332,1465375.614896814,0.001923093401873,2054794.5205479453,3515981.735159817,164383561.6438357,281278538.8127852,141996.93160493852,6858488.426593588,0,0,9993141511.573406,3588803612.030033,235780000,23578,19542.719094222284,18286.629750778135,3565.55734344415,2309.468,29.7523021353273,12.0,5851.721520249002,2739.72602739726,25245281.240573656
81,1,0,1219352471.7818856,2310644000.0,0.5277110934362392,858330590.3687973,1456315.3335394075,0.0018737312700896204,2054794.5205479453,3515981.735159817,166438356.16438365,284794520.547945,143797.91694379074,7002286.343537378,0,0,9992997713.656462,3594230590.3687973,235900000,23590,19501.011130192786,18290.287076728284,3521.3680534645036,2310.644,29.679968791229328,12.0,5852.891864553051,2739.72602739726,25248394.406410813
82,1,0,1219596342.276242,2311820000.0,0.5275481405456489,863645756.621216,1447352.6795179355,0.0018268712100890827,2054794.5205479453,3515981.735159817,168493150.6849316,288310502.28310484,145610.00328915563,7147896.346826534,0,0,9992852103.653173,3599655756.621216,236010000,23601,19460.134895933792,18293.945134143632,3478.009761790161,2311.8199999999997,29.608832601785572,11.0,5854.0624429259615,2739.72602739726,25251508.742826343
83,1,0,1219840261.5446973,2312898000.0,0.5274077203338398,868959096.302733,1438502.692840826,0.0017961041069530334,2054794.5205479453,3515981.735159817,170547945.20547956,291826484.01826465,147436.57419101766,7295332.921017552,0,0,9992704667.078983,3605079096.302733,236120000,23612,19420.088228577846,18297.60392317046,3435.3823054073887,2312.8979999999997,29.540155576415227,11.0,5855.233255414547,2739.72602739726,25254624.250054363
84,1,0,1220084229.597006,2313976000.0,0.5272674520379668,874270598.2878968,1429763.2820409543,0.0017524984040865822,2054794.5205479453,3515981.735159817,172602739.72602752,295342465.75342447,149274.27054402576,7444607.191561578,0,0,9992555392.80844,3610500598.2878966,236230000,23623,19380.835448395013,18301.263443955093,3393.548004439918,2313.976,29.47261550999806,11.0,5856.40430206563,2739.72602739726,25257740.928329032
85,1,0,1220328246.4429255,2315054000.0,0.5271273354500264,879590251.4600223,1421116.2503508315,0.0017121035455157265,2054794.5205479453,3515981.735159817,174657534.24657547,298858447.4885843,151123.0835823124,7595730.275143891,0,0,9992404269.724855,3615920251.4600224,236330000,23633,19342.357005271475,18304.923696643884,3352.487308627591,2315.054,29.406185102158698,10.0,5857.575582926042,2739.72602739726,25260858.77788456
86,1,0,1220572312.092214,2316034000.0,0.5270096691552085,884908041.2549111,1412576.156757887,0.0016811885172245114,2054794.5205479453,3515981.735159817,176712328.76712343,302374429.2237441,152986.4608190855,7748716.735962976,0,0,9992251283.264036,3621338041.254911,236430000,23643,19304.656724053457,18308.584681383214,3312.1060426702425,2316.034,29.342124575588098,10.0,5858.747098042628,2739.72602739726,25263977.79895521
87,1,0,1220816426.5546324,2317014000.0,0.526892123463489,890223956.5320255,1404141.0488092655,0.001632735574391408,2054794.5205479453,3515981.735159817,178767123.2876714,305890410.9589039,154860.97859344535,7903577.714556421,0,0,9992096422.285444,3626753956.5320253,236530000,23653,19267.696169842817,18312.24639831949,3272.4637715233243,2317.0139999999997,29.279118717332576,10.0,5859.918847462236,2739.72602739726,25267097.991775278
88,1,0,1221060589.8399434,2317994000.0,0.5267746982261142,895537986.1599118,1395809.0213013098,0.0016125163326609093,2054794.5205479453,3515981.735159817,180821917.80821934,309406392.6940637,156746.62782157047,8060324.342377991,0,0,9991939675.657621,3632167986.1599116,236630000,23663,19231.457425819448,18315.908847599152,3233.5425782202956,2317.9939999999997,29.217142585014045,10.0,5861.090831231729,2739.72602739726,25270219.356579114
89,1,0,1221304801.9579113,2318974000.0,0.5266573932945825,900860119.0162951,1387562.8120434112,0.0015643637840654014,2054794.5205479453,3515981.735159817,182876712.3287673,312922374.42922354,158643.39932457526,8218967.741702567,0,0,9991781032.258297,3637580119.016295,236720000,23672,19195.92311490137,18319.572029368668,3195.3250855326974,2318.9739999999997,29.156171967597395,9.0,5862.263049397974,2739.72602739726,25273341.893601116
90,1,0,1221549062.9183028,2319856000.0,0.5265624516859249,906180340.4459358,1379416.3746532854,0.0015411672083766503,2054794.5205479453,3515981.735159817,184931506.84931526,316438356.16438335,160554.8260671428,8379522.56776971,0,0,9991620477.43223,3642990340.4459357,236810000,23681,19161.104354300143,18323.235943774544,3157.724410525599,2319.8559999999998,29.097464745685077,9.0,5863.435502007854,2739.72602739726,25276465.603075728
91,1,0,1221793372.7308865,2320738000.0,0.5264676032929553,911498639.3035073,1371367.9276089326,0.0014947747463073334,2054794.5205479453,3515981.735159817,186986301.3698632,319954337.89954317,162477.3981363919,8541999.965906102,0,0,9991458000.034094,3648398639.3035073,236900000,23690,19126.95928673997,18326.900590963298,3120.796695776672,2320.738,29.039714146236783,9.0,5864.608189108256,2739.72602739726,25279590.485237442
92,1,0,1222037731.4054327,2321620000.0,0.5263728480136425,916815004.4531814,1363415.7315581392,0.001468049181672866,2054794.5205479453,3515981.735159817,189041095.89041117,323470319.634703,164411.10603381766,8706411.07193992,0,0,9991293588.92806,3653805004.4531813,236990000,23699,19093.471953881017,18330.56597108149,3084.525982799526,2321.62,28.982898008743476,9.0,5865.781110746077,2739.72602739726,25282716.54032079
93,1,0,1222282138.9517138,2322502000.0,0.5262781857461107,922139424.7687235,1355543.3879356352,0.0014345049491233251,2054794.5205479453,3515981.735159817,191095890.41095912,326986301.3698628,166355.94016581238,8872767.012105731,0,0,9991127232.987894,3659209424.7687235,237070000,23707,19060.62686765408,18334.23208427571,3048.89678337837,2322.502,28.9269948090553,8.0,5866.954266968227,2739.72602739726,25285843.768560365
94,1,0,1222526595.3795042,2323286000.0,0.5262058116734247,927461885.5053135,1347764.27962748,0.0014044308536190825,2054794.5205479453,3515981.735159817,193150684.93150708,330502283.1050226,168315.51911786533,9041082.531223597,0,0,9990958917.468777,3664611885.5053134,237150000,23715,19028.441699322124,18337.898930692565,3013.828768629558,2323.286,28.873260174071568,8.0,5868.12765782162,2739.72602739726,25288972.170190793
95,1,0,1222771100.69858,2324070000.0,0.5261335074668921,932782375.5144719,1340076.7776198403,0.0013732661448912723,2054794.5205479453,3515981.735159817,195205479.45205504,334018264.8401824,170286.2465494823,9211368.777773079,0,0,9990788631.222227,3670012375.514472,237230000,23723,18996.87140097743,18341.5665104787,2979.374890498731,2324.0699999999997,28.820394925209147,8.0,5869.301283353184,2739.72602739726,25292101.74544675
96,1,0,1223015654.9187198,2324854000.0,0.5260612730600372,938100883.6576339,1332479.290634811,0.0013461688514133572,2054794.5205479453,3515981.735159817,197260273.972603,337534246.57534224,172268.11254585467,9383636.890318934,0,0,9990616363.10968,3675410883.657634,237310000,23731,18965.901720926602,18345.234823780796,2945.5208971458032,2324.854,28.76837932654319,8.0,5870.475143609855,2739.72602739726,25295232.494562965
97,1,0,1223260258.0497036,2325638000.0,0.5259891083864744,943417398.8062447,1324970.2640439996,0.0013116337300250083,2054794.5205479453,3515981.735159817,199315068.49315095,341050228.31050205,174261.10709706228,9557897.997415997,0,0,9990442102.002584,3680807398.806245,237390000,23739,18935.51881851865,18348.903870745555,2912.252947773094,2325.638,28.71719419740379,8.0,5871.649238638578,2739.72602739726,25298364.417774208
98,1,0,1223504910.1013136,2326422000.0,0.5259170133799086,948731909.8418543,1317548.1788194284,0.0012864231005614679,2054794.5205479453,3515981.735159817,201369863.0136989,344566210.04566187,176265.22009820823,9734163.217514206,0,0,9990265836.782486,3686201909.841854,237470000,23747,18905.709250000615,18352.573651519706,2879.5575984809066,2326.422,28.666820893841354,8.0,5872.823568486306,2739.72602739726,25301497.515315298
99,1,0,1223749611.0833337,2327206000.0,0.5258449879741345,954054405.6562127,1310197.8174297565,0.0012518685262188052,2054794.5205479453,3515981.735159817,203424657.53424686,348082191.7808217,178280.441349556,9912443.658863762,0,0,9990087556.341137,3691594405.656213,237540000,23754,18876.459954937724,18356.24416625001,2847.4217886877113,2327.2059999999997,28.617241290805662,7.0,5873.9981332000025,2739.72602739726,25304631.787421104
100,1,0,1223994361.0055504,2327892000.0,0.5257951661870699,959374871.3938001,1302931.7707519135,0.0012297268131904833,2054794.5205479453,3515981.735159817,205479452.05479482,351598173.5159815,180310.51812040238,10092754.176984165,0,0,9989907245.823015,3696984871.3938003,237610000,23761,18847.797278142858,18359.91541508326,2815.773863059599,2327.892,28.56970770130392,7.0,5875.172932826642,2739.72602739726,25307767.234326534
101,1,0,1224239159.8777514,2328578000.0,0.5257453947764479,964693295.9253435,1295748.6128282882,0.0012056990254577659,2054794.5205479453,3515981.735159817,207534246.57534277,355114155.2511413,182351.72416442714,10275105.901148591,0,0,9989724894.098852,3702373295.9253435,237680000,23768,18819.671821332413,18363.587398166273,2784.6624231661426,2328.578,28.52293097178376,7.0,5876.347967413207,2739.72602739726,25310903.85626655
102,1,0,1224484007.7097268,2329264000.0,0.525695673701962,970009668.1320921,1288646.9496815295,0.0011784286253338227,2054794.5205479453,3515981.735159817,209589041.09589073,358630136.9863011,184404.04895931113,10459509.950107902,0,0,9989540490.049892,3707759668.132092,237750000,23775,18792.07153194091,18367.260115645906,2754.0754162950025,2329.2639999999997,28.47689444071875,7.0,5877.523237006689,2739.72602739726,25314041.65347616
103,1,0,1224728904.5112686,2329950000.0,0.525646002923354,975323976.905912,1281625.418422989,0.001146958764760724,2054794.5205479453,3515981.735159817,211643835.6164387,362146118.72146094,186467.4818879315,10645977.431995833,0,0,9989354022.568005,3713143976.905912,237820000,23782,18764.984693994167,18370.93356766903,2724.0011263251367,2329.95,28.43158190118454,7.0,5878.69874165409,2739.72602739726,25317180.62619042
104,1,0,1224973850.2921708,2330636000.0,0.5255963824004137,980636211.1493814,1274682.6863908246,0.0011321733015724786,2054794.5205479453,3515981.735159817,213698630.13698664,365662100.45662075,188542.01223850794,10834519.444234341,0,0,9989165480.555765,3718526211.1493816,237890000,23789,18738.399916892202,18374.607754382563,2694.428162509639,2330.636,28.386977586134122,7.0,5879.87448140242,2739.72602739726,25320320.774644427
105,1,0,1225218845.0622292,2331322000.0,0.5255468120929795,985946359.7758845,1267817.4503166187,0.001103771353442065,2054794.5205479453,3515981.735159817,215753424.6575346,369178082.19178057,190627.62920475105,11025147.073439093,0,0,9988974852.926561,3723906359.7758846,237960000,23796,18712.306124625735,18378.28267593344,2665.3454486922956,2331.322,28.34306615422356,7.0,5881.0504562987,2739.72602739726,25323462.09907333
106,1,0,1225463888.8312416,2332008000.0,0.5254972919609373,991254411.7097063,1261028.4355194196,0.0010727683348648966,2054794.5205479453,3515981.735159817,217808219.17808256,372694063.9269404,192724.3218860114,11217871.395325106,0,0,9988782128.604675,3729284411.7097063,238030000,23803,18686.692545407415,18381.958332468625,2636.7422129387905,2332.008,28.299832676165103,7.0,5882.22666638996,2739.72602739726,25326604.599712327
107,1,0,1225708981.6090078,2332694000.0,0.5254478219642216,996560355.8861268,1254314.3951261558,0.00105677985857082,2054794.5205479453,3515981.735159817,219863013.6986305,376210045.6621002,194832.07928743152,11412703.474612538,0,0,9988587296.525387,3734660355.8861265,238100000,23810,18661.548701699565,18385.634724135118,2608.6079775644484,2332.694,28.25726262158546,7.0,5883.403111723238,2739.72602739726,25329748.276796654
108,1,0,1225954123.4053297,2333380000.0,0.5253984020628143,1001874181.2515146,1247661.6559162617,0.0010386773915772283,2054794.5205479453,3515981.735159817,221917808.21917847,379726027.39726,196950.8903200986,11609654.364932636,0,0,9988390345.635067,3740034181.2515144,238160000,23816,18636.864400621213,18389.311851079947,2580.9325495412672,2333.38,28.215341846368098,6.0,5884.579792345583,2739.72602739726,25332893.130561605
109,1,0,1226199314.2300107,2333968000.0,0.5253710908761434,1007185872.811562,1241081.744435747,0.00101421006842624,2054794.5205479453,3515981.735159817,223972602.73972642,383242009.1324198,199084.6956605161,11808739.060593152,0,0,9988191260.939407,3745405872.811562,238220000,23822,18612.67679856505,18392.989713450163,2553.6550851148895,2333.968,28.175317725306265,6.0,5885.756708304052,2739.72602739726,25336039.161242515
110,1,0,1226444554.0928566,2334556000.0,0.5253438144524512,1012495419.4934582,1234573.486392044,0.0009906192314303262,2054794.5205479453,3515981.735159817,226027397.26027438,386757990.86757964,201229.5738116078,12009968.63440476,0,0,9987990031.365595,3750775419.4934583,238280000,23828,18588.930790438026,18396.668311392852,2526.8184790451737,2334.556,28.13591389333118,6.0,5886.933859645712,2739.72602739726,25339186.369074766
111,1,0,1226689843.0036752,2335144000.0,0.5253165727696772,1017802810.235805,1228135.732608572,0.0009669791981087288,2054794.5205479453,3515981.735159817,228082191.78082234,390273972.60273945,203385.51336100357,12213354.147765763,0,0,9987786645.852234,3756142810.235805,238340000,23834,18565.61693166366,18400.34764505513,2500.413286608527,2335.144,28.0971173020782,6.0,5888.111246417641,2739.72602739726,25342334.75429379
112,1,0,1226935180.972276,2335732000.0,0.5252893658057842,1023108033.9887105,1221767.358356808,0.0009472299524801723,2054794.5205479453,3515981.735159817,230136986.3013703,393789954.33789927,205552.50280238112,12418906.650568144,0,0,9987581093.349432,3761508033.9887104,238400000,23840,18542.726029251568,18404.02771458414,2474.4303146674265,2335.732,28.058915243512978,6.0,5889.288868666925,2739.72602739726,25345484.31713506
113,1,0,1227180568.0084703,2336320000.0,0.5252621935387577,1028411079.7138828,1215467.2627095582,0.0009321976535689568,2054794.5205479453,3515981.735159817,232191780.82191825,397305936.0730591,207730.53053562867,12626637.181103773,0,0,9987373362.818895,3766871079.713883,238460000,23846,18520.249133798083,18407.708520127057,2448.8606136710255,2336.3199999999997,28.021295339385944,6.0,5890.466726440658,2739.72602739726,25348635.057834104
114,1,0,1227426004.122072,2336908000.0,0.5252350559466064,1033711936.3847237,1209234.3679146543,0.0009229789967198875,2054794.5205479453,3515981.735159817,234246575.3424662,400821917.8082189,209919.584867009,12836556.765970783,0,0,9987163443.23403,3772231936.3847237,238520000,23852,18498.177531782007,18411.39006183108,2423.6954699509256,2336.908,27.984245531064246,6.0,5891.644819785946,2739.72602739726,25351786.976626493
115,1,0,1227671489.3228965,2337496000.0,0.5252079530073619,1039010592.9864222,1203067.6187883196,0.0009081443339423016,2054794.5205479453,3515981.735159817,236301369.86301416,404337899.5433787,212119.65400932505,13048676.419980109,0,0,9986951323.580019,3777590592.986422,238580000,23858,18476.5027381432,18415.07233984345,2398.92639829975,2337.496,27.947754069726017,6.0,5892.823148749903,2739.72602739726,25354940.073747847
116,1,0,1227917023.620761,2338084000.0,0.5251808846990788,1044307038.516048,1196965.982127493,0.0008768361554313115,2054794.5205479453,3515981.735159817,238356164.38356212,407853881.2785385,214330.72608208784,13263007.146062197,0,0,9986736992.853937,3782947038.516048,238640000,23864,18455.21648913212,18418.755354311415,2374.5451348207007,2338.084,27.911809506902152,6.0,5894.001713379653,2739.72602739726,25358094.349433832
117,1,0,1228162607.025485,2338672000.0,0.5251538509998346,1049601261.9826441,1190928.4461404209,0.0008640827043846937,2054794.5205479453,3515981.735159817,240410958.90411007,411369863.01369834,216552.78911168524,13479559.935173882,0,0,9986520440.064827,3788301261.982644,238700000,23870,18434.310735419138,18422.439105382276,2350.543630036859,2338.672,27.876400685351836,6.0,5895.180513722328,2739.72602739726,25361249.803920157
118,1,0,1228408239.54689,2339260000.0,0.5251268518877295,1054893252.4073204,1184954.019894858,0.0008467350211071463,2054794.5205479453,3515981.735159817,242465753.42465803,414885844.74885815,218785.831031553,13698345.766205436,0,0,9986301654.233795,3793653252.4073205,238760000,23876,18413.777635452858,18426.123593203352,2326.9140422495043,2339.2599999999998,27.8415167302584,6.0,5896.359549825072,2739.72602739726,25364406.437442586
119,1,0,1228653921.1947994,2339848000.0,0.5250998873408869,1060182998.8233459,1179041.7327832456,0.0008313077356915971,2054794.5205479453,3515981.735159817,244520547.945206,418401826.48401797,221029.8396823474,13919375.605887784,0,0,9986080624.394112,3799002998.823346,238820000,23882,18393.609549057197,18429.808817921992,2303.648731135203,2339.848,27.807147040732712,6.0,5897.538821735037,2739.72602739726,25367564.250236925
120,1,0,1228899651.9790382,2340436000.0,0.5250729573374526,1065470490.2762417,1173190.6340042618,0.000819505452231395,2054794.5205479453,3515981.735159817,246575342.46575394,421917808.2191778,223284.802812119,14142660.408699902,0,0,9985857339.591301,3804350490.276242,238880000,23888,18373.799031257513,18433.494779685578,2280.740251571933,2340.4359999999997,27.773281281612082,6.0,5898.718329499384,2739.72602739726,25370723.24253903
121,1,0,1229145431.909434,2341024000.0,0.5250460618555957,1070755715.823873,1167399.7920601587,0.0008027504926524383,2054794.5205479453,3515981.735159817,248630136.9863019,425433789.9543376,225550.70807648893,14368211.11677639,0,0,9985631788.883224,3809695715.823873,238940000,23894,18354.338826326417,18437.181478641513,2258.1813476849056,2341.024,27.739909375542997,6.0,5899.898073165284,2739.72602739726,25373883.4145848
122,1,0,1229391260.995816,2341612000.0,0.5250192008735076,1076038664.536542,1161668.294269333,0.0007961165056721834,2054794.5205479453,3515981.735159817,250684931.50684986,428949771.6894974,227827.54303882617,14596038.659815216,0,0,9985403961.340185,3815038664.536542,239000000,23900,18335.221862040446,18440.86891493724,2235.9649471032044,2341.612,27.70702149533645,6.0,5901.078052779917,2739.72602739726,25377044.766610187
123,1,0,1229637139.2480152,2342200000.0,0.5249923743694027,1081319325.4970791,1155995.2462935909,0.000782548493720489,2054794.5205479453,3515981.735159817,252739726.0273978,432465753.4246572,230115.2951704266,14826153.954985643,0,0,9985173846.045013,3820379325.497079,239060000,23906,18316.441244138983,18444.557088720227,2214.0841554187573,2342.2,27.67460805658533,6.0,5902.258268390473,2739.72602739726,25380207.29885118
124,1,0,1229883066.6758647,2342788000.0,0.5249655823215181,1086597687.8009362,1150379.7716795937,0.0007632307190830165,2054794.5205479453,3515981.735159817,254794520.54794577,435981735.15981704,232413.95185069393,15058567.906836336,0,0,9984941432.093164,3825717687.800936,239120000,23912,18297.990250977502,18448.246000137973,2192.53225083953,2342.788,27.642659710533806,6.0,5903.438720044151,2739.72602739726,25383371.01154383
125,1,0,1230129043.2891998,2343376000.0,0.5249388247081134,1091873740.5562766,1144821.011413992,0.0007567021958958679,2054794.5205479453,3515981.735159817,256849315.06849372,439497716.89497685,234723.50036732224,15293291.40720366,0,0,9984706708.592796,3831053740.5562763,239180000,23918,18279.8623283672,18451.935649338,2171.3026790291983,2343.3759999999997,27.611167337188675,6.0,5904.619407788159,2739.72602739726,25386535.90492422
126,1,0,1230375069.0978577,2343964000.0,0.524912101507471,1097147472.8840678,1139318.1234917715,0.0007440646733865415,2054794.5205479453,3515981.735159817,258904109.58904168,443013698.63013667,237043.92791647947,15530335.33512014,0,0,9984469664.66488,3836387472.8840675,239240000,23924,18262.051084593782,18455.626036467867,2150.3890481259136,2343.964,27.580122038663646,6.0,5905.800331669718,2739.72602739726,25389701.979228497
127,1,0,1230621144.1116772,2344552000.0,0.5248854126978959,1102418873.9181726,1133870.282497356,0.0007293151386196003,2054794.5205479453,3515981.735159817,260958904.10958964,446529680.3652965,239375.22160299387,15769710.556723133,0,0,9984230289.443277,3841718873.918173,239300000,23930,18244.55028560824,18459.31716167516,2129.7851239330776,2344.5519999999997,27.549515132747533,6.0,5906.981491736051,2739.72602739726,25392869.234692838
128,1,0,1230867268.3404994,2345140000.0,0.5248587582577157,1107687932.8054397,1128476.6791980318,0.0007203228904362949,2054794.5205479453,3515981.735159817,263013698.6301376,450045662.1004563,241717.3684405408,16011427.925163673,0,0,9983988572.074837,3847047932.80544,239360000,23936,18227.35385038288,18463.009025107494,2109.484825275385,2345.14,27.519338146687762,6.0,5908.162888034398,2739.72602739726,25396037.671553478
129,1,0,1231113441.7941675,2345728000.0,0.5248321381652806,1112954638.7057955,1123136.5201492696,0.0007115091065873228,2054794.5205479453,3515981.735159817,265068493.15068555,453561643.8356161,244070.3553518318,16255498.280515505,0,0,9983744501.719484,3852374638.7057953,239420000,23942,18210.455846426183,18466.701626912512,2089.4822195136694,2345.728,27.48958281118116,6.0,5909.344520612004,2739.72602739726,25399207.290046696
130,1,0,1231359664.4825263,2346316000.0,0.5248055523989634,1118218980.7923346,1117849.027311542,0.0007070307353435546,2054794.5205479453,3515981.735159817,267123287.6712335,457077625.5707759,246434.169168805,16501932.44968431,0,0,9983498067.550316,3857698980.7923346,239480000,23948,18193.850485450268,18470.394967237895,2069.771518212373,2346.316,27.460241054564072,6.0,5910.526389516126,2739.72602739726,25402378.090408817
131,1,0,1231605936.4154227,2346904000.0,0.5247790009371592,1123480948.2514095,1112613.437678245,0.0006986805011711759,2054794.5205479453,3515981.735159817,269178082.19178146,460593607.30593574,248808.79663281757,16750741.246317128,0,0,9983249258.753683,3863020948.2514095,239540000,23954,18177.532119185085,18474.08904623134,2050.3470729537426,2346.904,27.431304997194374,6.0,5911.708494794029,2739.72602739726,25405550.072876215
132,1,0,1231852257.6027057,2347492000.0,0.5247524837582858,1128740530.2827225,1107429.0029143544,0.0006921538343184301,2054794.5205479453,3515981.735159817,271232876.7123294,464109589.04109555,251194.22439483923,17001935.470711965,0,0,9982998064.529287,3868340530.2827225,239600000,23960,18161.49523533368,18477.78386404059,2031.2033712930886,2347.4919999999997,27.402766946018204,6.0,5912.890836492988,2739.72602739726,25408723.23768531
133,1,0,1232098628.0542262,2348080000.0,0.5247260008407831,1133997716.0994146,1102294.9890054546,0.000678907699558159,2054794.5205479453,3515981.735159817,273287671.2328773,467625570.77625537,253590.43901564757,17255525.909727614,0,0,9982744474.090273,3873657716.099415,239660000,23966,18145.734453663106,18481.479420813394,2012.3350328497122,2348.08,27.374619389314503,6.0,5914.073414660285,2739.72602739726,25411897.585072577
134,1,0,1232345047.779837,2348668000.0,0.5246995521631141,1139252494.9281564,1097210.6759167926,0.0006757573872168654,2054794.5205479453,3515981.735159817,275342465.75342524,471141552.5114152,255997.42696602535,17511523.33669364,0,0,9982488476.663307,3878972494.9281564,239720000,23972,18130.24452222587,18485.175716697555,1993.7368055283146,2348.668,27.346854991610815,6.0,5915.2562293432175,2739.72602739726,25415073.115274526
135,1,0,1232591516.789393,2349256000.0,0.5246731377037637,1144504856.009237,1092175.3572620281,0.0006668162586882824,2054794.5205479453,3515981.735159817,277397260.27397317,474657534.246575,258415.17462695838,17769938.5113206,0,0,9982230061.48868,3884284856.0092373,239780000,23978,18115.020313706835,18488.872751840896,1975.403561865941,2349.256,27.31946658876392,6.0,5916.439280589087,2739.72602739726,25418249.82852772
136,1,0,1232838035.0927508,2349844000.0,0.524646757441239,1149754788.596655,1087188.3399813583,0.0006519698012283765,2054794.5205479453,3515981.735159817,279452054.7945211,478173515.9817348,260843.66828983635,18030782.179610435,0,0,9981969217.820389,3889594788.596655,239840000,23984,18100.056821890976,18492.570526391264,1957.3302954997114,2349.844,27.292447183199393,6.0,5917.622568445205,2739.72602739726,25421427.725068767
137,1,0,1233084602.6997693,2350432000.0,0.5246204113540699,1155002281.958206,1082248.9440287065,0.0006528541463518452,2054794.5205479453,3515981.735159817,281506849.315069,481689497.7168946,263282.89415665413,18294065.07376709,0,0,9981705934.926233,3894902281.958206,239900000,23990,18085.34915824734,18496.26904049654,1939.5121177507995,2350.432,27.265789939304103,6.0,5918.806092958893,2739.72602739726,25424606.80513433
138,1,0,1233331219.620309,2351020000.0,0.5245940994208085,1160247325.3755734,1077356.5020676847,0.0006508454453973873,2054794.5205479453,3515981.735159817,283561643.83561695,485205479.45205444,265732.83834021527,18559797.912107304,0,0,9981440202.087893,3900207325.375573,239960000,23996,18070.89254862494,18499.96829430464,1921.9442543203013,2351.02,27.239488178966287,6.0,5919.989854177485,2739.72602739726,25427787.068961114
139,1,0,1233577885.8642333,2351608000.0,0.524567821620029,1165489908.1444168,1072510.3591760367,0.0006410630797497736,2054794.5205479453,3515981.735159817,285616438.3561649,488721461.18721426,268193.4868643364,18827991.39897164,0,0,9981172008.601028,3905509908.144417,240020000,24002,18056.682330056334,18503.6682879635,1904.622042092833,2351.6079999999997,27.213535377257607,6.0,5921.17385214832,2739.72602739726,25430968.516785868
140,1,0,1233824601.441406,2352196000.0,0.5245415779303281,1170730019.5744605,1067709.8725582925,0.0006359062399883998,2054794.5205479453,3515981.735159817,287671232.8767128,492237442.92237407,270664.82566405414,19098656.224635694,0,0,9980901343.775364,3910810019.5744605,240080000,24008,18042.713947664946,18507.36902162109,1887.5409260438582,2352.196,27.18792515825219,6.0,5922.358086918749,2739.72602739726,25434151.14884539
141,1,0,1234071366.3616943,2352784000.0,0.5245153683303245,1175967648.9895823,1062954.4112663663,0.0006420455083791163,2054794.5205479453,3515981.735159817,289726027.3972607,495753424.6575339,273146.8405858328,19371803.065221526,0,0,9980628196.934778,3916107648.989582,240140000,24014,18028.98295167233,18511.070495425418,1870.6964562469109,2352.784,27.162651290977855,6.0,5923.542558536134,2739.72602739726,25437334.96537653
142,1,0,1234318180.6349666,2353372000.0,0.5244891927986594,1181202785.7279022,1058243.3559278448,0.0006292140317123268,2054794.5205479453,3515981.735159817,291780821.91780865,499269406.3926937,275639.5173877736,19647442.5826093,0,0,9980352557.41739,3921402785.7279024,240200000,24020,18015.48499450155,18514.7727095245,1854.0842849770495,2353.372,27.137707685494433,6.0,5924.72726704784,2739.72602739726,25440519.966616184
143,1,0,1234565044.2710936,2353960000.0,0.5244630513139958,1186435419.14187,1053576.0984817187,0.0006291988334820535,2054794.5205479453,3515981.735159817,293835616.4383566,502785388.1278535,278142.8417398267,19925585.424349125,0,0,9980074414.575651,3926695419.14187,240260000,24026,18002.21582797343,18518.475664066405,1837.7001639070234,2353.96,27.113088389095054,6.0,5925.91221250125,2739.72602739726,25443706.15280129
144,1,0,1234811957.2799478,2354548000.0,0.5244369438550192,1191665538.5983539,1048952.041921321,0.000633559480955177,2054794.5205479453,3515981.735159817,295890410.9589045,506301369.8630133,280656.7992240024,20206242.22357313,0,0,9979793757.776426,3931985538.598354,240320000,24032,17989.171300591985,18522.179359199217,1821.539941392767,2354.548,27.088787582625766,6.0,5927.097394943749,2739.72602739726,25446893.524168838
145,1,0,1235058919.6714036,2355136000.0,0.524410870400437,1196893133.478727,1044370.6000442446,0.0006207756064513511,2054794.5205479453,3515981.735159817,297945205.47945243,509817351.59817314,283181.37533458637,20489423.598907717,0,0,9979510576.401093,3937273133.4787273,240380000,24038,17976.347354916055,18525.88379507106,1805.5995598449945,2355.136,27.064799576919402,6.0,5928.282814422738,2739.72602739726,25450082.080955867
146,1,0,1235305931.455338,2355724000.0,0.5243848309289789,1202118193.1789565,1039831.1972090167,0.0006240924046111127,2054794.5205479453,3515981.735159817,300000000.00000036,513333333.33333296,285716.55547835486,20775140.15438607,0,0,9979224859.845613,3942558193.1789565,240440000,24044,17963.740025013853,18529.58897183007,1789.8750531837786,2355.7239999999997,27.041118809339622,6.0,5929.468470985622,2739.72602739726,25453271.823399458
147,1,0,1235552992.641629,2356312000.0,0.5243588254193965,1207340707.1096895,1035333.2680983223,0.0006201725940310724,2054794.5205479453,3515981.735159817,302054794.5205483,516849315.06849277,288262.3249747918,21063402.47936086,0,0,9978936597.52064,3947840707.1096897,240500000,24050,17951.34543399758,18533.294889624438,1774.362544373139,2356.312,27.017739840431414,6.0,5930.65436467982,2739.72602739726,25456462.75173674
148,1,0,1235800103.2401574,2356900000.0,0.5243328538504635,1212560664.6963408,1030876.257488568,0.000615321953837797,2054794.5205479453,3515981.735159817,304109589.0410962,520365296.8036526,290818.6690563075,21354221.148417167,0,0,9978645778.851583,3953120664.6963406,240560000,24056,17939.15979163514,18537.001548602362,1759.0582430327772,2356.9,26.994657350674096,6.0,5931.840495552756,2739.72602739726,25459654.8662049
149,1,0,1236047263.2608054,2357488000.0,0.5243069162009755,1217778055.3791802,1026459.6200255892,0.0006172077241741034,2054794.5205479453,3515981.735159817,306164383.56164414,523881278.5388124,293385.5728684592,21647606.721285626,0,0,9978352393.278715,3958398055.37918,240620000,24062,17927.17939203629,18540.70894891208,1743.9584431242097,2357.488,26.9718661373335,6.0,5933.026863651866,2739.72602739726,25462848.167041156
150,1,0,1236294472.7134576,2358076000.0,0.5242810124497503,1222992868.6134179,1022082.8200063147,0.0006101979850649531,2054794.5205479453,3515981.735159817,308219178.08219206,527397260.2739722,295963.0214701723,21943569.742755797,0,0,9978056430.257244,3963672868.6134176,240680000,24068,17915.400611410525,18544.417090701863,1729.0595207086633,2358.076,26.94936111140972,6.0,5934.213469024597,2739.72602739726,25466042.654482786
151,1,0,1236541731.6080003,2358664000.0,0.5242551425756277,1228205093.8692915,1017745.3311661987,0.0006161620118809293,2054794.5205479453,3515981.735159817,310273972.60274,530913242.009132,298550.9998339636,22242120.74258976,0,0,9977757879.25741,3968945093.8692913,240740000,24074,17903.81990589421,18548.125974120005,1714.357931774204,2358.6639999999998,26.927137294677276,6.0,5935.400311718402,2739.72602739726,25469238.32876711
152,1,0,1236789039.9543219,2359252000.0,0.524229306557469,1233414720.632153,1013446.636472249,0.0006110837239790705,2054794.5205479453,3515981.735159817,312328767.1232879,534429223.74429184,301149.49284616625,22543270.235435925,0,0,9977456729.764565,3974214720.632153,240800000,24080,17892.433809444487,18551.83559931483,1699.8502101296588,2359.252,26.90518981681439,6.0,5936.587391780745,2739.72602739726,25472435.190131497
153,1,0,1237036397.7623127,2359840000.0,0.5242035043741579,1238621738.4025536,1009186.2279214759,0.0006080918097695859,2054794.5205479453,3515981.735159817,314383561.64383584,537945205.4794517,303758.4853071559,22847028.720743082,0,0,9977152971.279257,3979481738.4025536,240860000,24086,17881.238931797692,18555.54596643469,1685.5329653630024,2359.8399999999997,26.88351391261841,6.0,5937.774709259101,2739.72602739726,25475633.23881336
154,1,0,1237283805.041865,2360428000.0,0.5241777360045996,1243826136.6963298,1004963.6063445993,0.0006092848378126076,2054794.5205479453,3515981.735159817,316438356.16438377,541461187.2146115,306377.961931578,23153406.68267466,0,0,9976846593.317326,3984746136.69633,240920000,24092,17870.231956489937,18559.25707562798,1671.4028808619587,2360.428,26.86210491930453,6.0,5938.962264200953,2739.72602739726,25478832.475050166
155,1,0,1237531261.8028734,2361016000.0,0.5241520014277216,1249027905.044689,1000778.2812148542,0.0006184698495137529,2054794.5205479453,3515981.735159817,318493150.6849317,544977168.9497714,309007.90734857746,23462414.59002324,0,0,9976537585.409977,3990007905.044689,240980000,24098,17859.409638937763,18562.9689270431,1657.4567118946613,2361.016,26.840958273884684,6.0,5940.1500566537925,2739.72602739726,25482032.899079423
156,1,0,1237778768.055234,2361604000.0,0.5241263006224727,1254227032.9942946,996629.7704617407,0.000611451992419886,2054794.5205479453,3515981.735159817,320547945.2054796,548493150.6849313,311648.30610202847,23774062.89612527,0,0,9976225937.103874,3995267032.9942946,241040000,24104,17848.76880457681,18566.68152082851,1643.6912837483003,2361.604,26.820069510624332,6.0,5941.338086665123,2739.72602739726,25485234.511138692
157,1,0,1238026323.808845,2362192000.0,0.5241006335678239,1259423510.1073515,992517.6002895687,0.0006159652173202251,2054794.5205479453,3515981.735159817,322602739.72602755,552009132.4200912,314299.1426507672,24088362.038776036,0,0,9975911637.961224,4000523510.1073513,241100000,24110,17838.306347056434,18570.394857132676,1630.103489923758,2362.192,26.799434258574117,6.0,5942.526354282457,2739.72602739726,25488437.31146558
158,1,0,1238273929.0736067,2362780000.0,0.5240750002427678,1264617325.9616904,988441.3050006564,0.0006143892048955694,2054794.5205479453,3515981.735159817,324657534.2465755,555525114.155251,316960.4013688252,24405322.440144863,0,0,9975594677.559855,4005777325.9616904,241160000,24116,17828.019226488424,18574.1089361041,1616.6902903843225,2362.7799999999997,26.779048239174188,6.0,5943.714859553313,2739.72602739726,25491641.300297737
159,1,0,1238521583.8594215,2363368000.0,0.5240494006263187,1269808470.1508524,984400.4268230426,0.0006150290450717194,2054794.5205479453,3515981.735159817,326712328.7671234,559041095.8904109,319632.066545664,24724954.50669053,0,0,9975275045.493309,4011028470.150852,241220000,24122,17817.904467747958,18577.823757891325,1603.448709856632,2363.368,26.758907263928567,6.0,5944.9036025252235,2739.72602739726,25494846.477872867
160,1,0,1238769288.1761932,2363956000.0,0.5240238346975127,1274996932.2841737,980394.515742577,0.0006141627679157132,2054794.5205479453,3515981.735159817,328767123.2876713,562557077.6255708,322314.12238641194,25047268.62907694,0,0,9974952731.370924,4016276932.284174,241280000,24128,17807.959158824982,18581.5393226429,1590.3758361820785,2363.9559999999997,26.73900723214735,6.0,5946.092583245728,2739.72602739726,25498052.844428718
161,1,0,1239017042.0338285,2364544000.0,0.5239983024354077,1280172701.9868693,976430.7566158639,0.0006116636579698873,2054794.5205479453,3515981.735159817,330821917.80821925,566073059.3607306,325006.5530121016,25372275.182089042,0,0,9974627724.817911,4021522701.9868693,241350000,24135,17798.18044922439,18585.25563050743,1577.4688187169643,2364.544,26.719344128754468,7.0,5947.281801762377,2739.72602739726,25501260.400203086
162,1,0,1239264845.4422352,2365230000.0,0.5239510937381292,1285345773.9969933,972500.9606659645,0.0006157545199797608,2054794.5205479453,3515981.735159817,332876712.3287672,569589041.0958905,327704.245583853,25699979.427672897,0,0,9974300020.572327,4026765773.996993,241420000,24142,17788.49197444918,18588.97268163353,1564.7492928156494,2365.23,26.69869417179727,7.0,5948.4712581227295,2739.72602739726,25504469.145433813
163,1,0,1239512698.4113235,2365916000.0,0.5239039333650576,1290516138.0122445,968604.7025536334,0.0006221695345801232,2054794.5205479453,3515981.735159817,334931506.8493151,573105022.8310504,330412.24045656616,26030391.668129463,0,0,9973969608.331871,4032006138.012244,241490000,24149,17778.963976524894,18592.690476169853,1552.18950035504,2365.9159999999997,26.67827482589068,7.0,5949.660952374353,2739.72602739726,25507679.080358792
164,1,0,1239760600.9510057,2366602000.0,0.5238568212783584,1295683783.7463908,964741.5640147281,0.000618051140728359,2054794.5205479453,3515981.735159817,336986301.36986303,576621004.5662103,333130.52156137285,26363522.189690836,0,0,9973636477.810308,4037243783.746391,241560000,24156,17769.593795238277,18596.40901426509,1539.7867809731865,2366.602,26.65808231132047,7.0,5950.8508845648275,2739.72602739726,25510890.20521596
165,1,0,1240008553.0711958,2367288000.0,0.523809757440242,1300848700.9293518,960911.1337136972,0.0006238581711797313,2054794.5205479453,3515981.735159817,339041095.89041096,580136986.3013701,335859.0727467635,26699381.2624376,0,0,9973300618.737562,4042478700.929352,241630000,24163,17760.3788255379,18600.12829606794,1527.5385294699615,2367.288,26.638112925902952,7.0,5952.0410547417405,2739.72602739726,25514102.520243306
166,1,0,1240256554.78181,2367974000.0,0.5237627418129633,1306010879.3072808,957113.0071006946,0.0006185971802478441,2054794.5205479453,3515981.735159817,341095890.4109589,583652968.03653,338597.8777788309,27037979.140216433,0,0,9972962020.859783,4047710879.3072805,241700000,24170,17751.316516167368,18603.848321727153,1515.4421944402122,2367.9739999999997,26.618363043090653,7.0,5953.231462952688,2739.72602739726,25517316.025678862
167,1,0,1240504606.0927663,2368660000.0,0.5237157743588216,1311170308.642647,953346.7862722134,0.0006271944877131885,2054794.5205479453,3515981.735159817,343150684.9315068,587168949.7716899,341346.9203415149,27379326.060557947,0,0,9972620673.939442,4052940308.642647,241770000,24177,17742.40436833776,18607.569091391495,1503.495276946265,2368.66,26.598829110131394,7.0,5954.422109245278,2739.72602739726,25520530.721760713
168,1,0,1240752707.013985,2369346000.0,0.5236688550401608,1316326978.714318,949612.079835143,0.0006242064310358633,2054794.5205479453,3515981.735159817,345205479.45205474,590684931.5068498,344106.184036849,27723432.244594794,0,0,9972276567.755405,4058166978.7143183,241840000,24184,17733.639934438263,18611.290605209775,1491.6953292284882,2369.346,26.57950764627943,7.0,5955.612993667128,2739.72602739726,25523746.608726986
169,1,0,1241000857.5553877,2370032000.0,0.5236219838193694,1321480879.3176405,945908.5027741478,0.000626859330689213,2054794.5205479453,3515981.735159817,347260273.97260267,594200913.2420096,346875.65238520753,28070307.896980003,0,0,9971929692.10302,4063390879.3176403,241910000,24191,17725.020816783497,18615.01286333082,1480.039953452678,2370.0319999999997,26.56039524105672,7.0,5956.804116265861,2739.72602739726,25526963.686815858
170,1,0,1241249057.7268987,2370718000.0,0.52357516065888,1326632000.2645228,942235.676322274,0.0006265759974062181,2054794.5205479453,3515981.735159817,349315068.4931506,597716894.9771695,349655.30882555473,28419963.20580556,0,0,9971580036.794195,4068612000.2645226,241980000,24198,17716.544666396545,18618.73586590348,1468.5268004930665,2370.718,26.541488552562853,7.0,5957.995477089114,2739.72602739726,25530181.95626555
171,1,0,1241497307.538444,2371404000.0,0.5235283855211698,1331780331.383515,938593.2278346957,0.0006274293063523187,2054794.5205479453,3515981.735159817,351369863.0136985,601232876.7123294,352445.13671569584,28772408.342521254,0,0,9971227591.657478,4073830331.383515,242050000,24205,17708.20918182646,18622.459613076662,1457.1535687497978,2371.404,26.522784305832115,7.0,5959.187076184532,2739.72602739726,25533401.41731434
172,1,0,1241745606.9999516,2372090000.0,0.5234816583687598,1336925862.51989,934980.7906655087,0.0006315315784334666,2054794.5205479453,3515981.735159817,353424657.53424644,604748858.4474893,355245.11933252757,29127653.46185378,0,0,9970872346.538147,4079045862.51989,242120000,24212,17700.01210799904,18626.184104999273,1445.9180029997644,2372.0899999999997,26.50427929123605,7.0,5960.378913599768,2739.72602739726,25536622.070200544
173,1,0,1241993956.1213515,2372776000.0,0.5234349791642159,1342068583.5357256,931398.0040474879,0.0006362750914179322,2054794.5205479453,3515981.735159817,355479452.0547944,608264840.1826491,358055.23987229244,29485708.70172607,0,0,9970514291.298273,4084258583.5357256,242190000,24219,17691.95123510001,18629.909341820276,1434.8178932797323,2372.776,26.485970362930345,7.0,5961.570989382488,2739.72602739726,25539843.91516253
174,1,0,1242242354.9125757,2373462000.0,0.5233883478701473,1347208484.3099825,927844.5129747257,0.0006385354597799567,2054794.5205479453,3515981.735159817,357534246.5753423,611780821.917809,360875.48145083187,29846584.183176905,0,0,9970153415.816824,4089468484.3099823,242260000,24226,17684.024397489356,18633.63532368864,1423.8510738007162,2373.462,26.467854437344272,7.0,5962.763303580364,2739.72602739726,25543066.952438716
175,1,0,1242490803.3835583,2374148000.0,0.523341764449208,1352345554.7385864,924319.9680880704,0.000643035349894196,2054794.5205479453,3515981.735159817,359589041.0958902,615296803.6529689,363705.827103843,30210290.010280747,0,0,9969789709.98972,4094675554.7385864,242330000,24233,17676.229472645995,18637.362050753374,1413.0154218926211,2374.1479999999997,26.44992849171181,7.0,5963.95585624108,2739.72602739726,25546291.18226756
176,1,0,1242739301.544235,2374834000.0,0.5232952288640953,1357479784.734507,920824.0255632878,0.0006418752791434582,2054794.5205479453,3515981.735159817,361643835.61643815,618812785.3881288,366546.25978713506,30576836.27006788,0,0,9969423163.729933,4099879784.734507,242400000,24240,17668.564380141703,18641.089523163526,1402.3088569781758,2374.834,26.432189562642755,7.0,5965.1486474123285,2739.72602739726,25549516.60488758
177,1,0,1242987849.4045439,2375520000.0,0.5232487410775509,1362611164.227838,917356.3470018696,0.000648282699137887,2054794.5205479453,3515981.735159817,363698630.1369861,622328767.1232886,369396.7623768881,30946233.03244477,0,0,9969053766.967556,4105081164.227838,242470000,24247,17661.027080643402,18644.81774106816,1391.729339575244,2375.52,26.414634744732734,7.0,5966.3416771418115,2739.72602739726,25552743.220537324
178,1,0,1243236446.9744248,2376206000.0,0.5232023010523603,1367739683.165876,913916.5993244179,0.0006448049391427341,2054794.5205479453,3515981.735159817,365753424.657534,625844748.8584485,372257.31766991207,31318490.350114685,0,0,9968681509.649885,4110279683.165876,242540000,24254,17653.61557494299,18648.546704616372,1381.274870326614,2376.2059999999997,26.39726118921104,7.0,5967.5349454772395,2739.72602739726,25555971.029455405
179,1,0,1243485094.2638197,2376892000.0,0.5231559087513524,1372865331.5131998,910504.4546665325,0.0006485918924133458,2054794.5205479453,3515981.735159817,367808219.1780819,629360730.5936084,375127.9083839086,31693618.258498594,0,0,9968306381.7415,4115475331.5132,242610000,24261,17646.327903013706,18652.276413957297,1370.943489056408,2376.892,26.380066102624877,7.0,5968.7284524663355,2739.72602739726,25559200.031880476
180,1,0,1243733791.2826724,2377578000.0,0.5231095641374005,1377988099.2517498,907119.5902771342,0.0006572020766251757,2054794.5205479453,3515981.735159817,369863013.69862986,632876712.3287683,378008.51715773245,32071626.775656328,0,0,9967928373.224344,4120668099.25175,242680000,24268,17639.162143092362,18656.006869240086,1360.7332738522764,2377.578,26.363046745559117,7.0,5969.922198156827,2739.72602739726,25562430.228051238
181,1,0,1243982538.0409288,2378264000.0,0.523063267173421,1383107976.3809059,903761.6884191593,0.0006519682588518985,2054794.5205479453,3515981.735159817,371917808.2191778,636392694.0639281,380899.12655165594,32452525.90220798,0,0,9967547474.097792,4125857976.380906,242750000,24275,17632.11641078651,18659.738070613934,1350.642340172578,2378.2639999999997,26.346200431390326,7.0,5971.116182596458,2739.72602739726,25565661.618206438
182,1,0,1244231334.548537,2378950000.0,0.5230170178223742,1388224952.917566,900430.4362725571,0.0006581428713570424,2054794.5205479453,3515981.735159817,373972602.7397257,639908675.799088,383799.7190476328,32836325.621255614,0,0,9967163674.378744,4131044952.9175663,242820000,24282,17625.188858205827,18663.470018228058,1340.6688399777718,2378.95,26.329524525074117,7.0,5972.310405832977,2739.72602739726,25568894.202584874
183,1,0,1244480180.8154466,2379636000.0,0.5229708160472638,1393339018.8962243,897125.525839533,0.0006574538588916501,2054794.5205479453,3515981.735159817,376027397.26027364,643424657.5342479,386710.2770495647,33223035.898305178,0,0,9966776964.101694,4136229018.896224,242890000,24289,17618.37767311697,18667.2027122317,1330.8109608852697,2379.636,26.31301644196478,7.0,5973.504867914144,2739.72602739726,25572127.981425393
184,1,0,1244729076.8516097,2380322000.0,0.5229246618111372,1398450164.3690484,893846.6538519718,0.0006688845084701459,2054794.5205479453,3515981.735159817,378082191.78082156,646940639.2694077,389630.7828835689,33612666.68118875,0,0,9966387333.318811,4141410164.369048,242960000,24296,17611.681078121183,18670.93615277415,1321.0669253470328,2380.322,26.296673646666225,7.0,5974.699568887727,2739.72602739726,25575362.954966884
185,1,0,1244978022.66698,2381008000.0,0.522878555077085,1403558379.405958,890593.5216809891,0.0006654531316803918,2054794.5205479453,3515981.735159817,380136986.3013695,650456621.0045676,392561.21879824623,34005227.899987,0,0,9965994772.100014,4146588379.405958,243030000,24303,17605.097329853917,18674.670340004704,1311.4349898492112,2381.008,26.28049365191322,7.0,5975.894508801504,2739.72602739726,25578599.12344829
186,1,0,1245227018.2715135,2381694000.0,0.5228324958082413,1408663654.0947008,887365.8352485467,0.0006596569881249411,2054794.5205479453,3515981.735159817,382191780.8219174,653972602.7397275,395501.56696495134,34400729.46695195,0,0,9965599270.533049,4151763654.094701,243100000,24310,17598.62471820586,18678.405274072706,1301.913444133156,2381.694,26.264474017482193,7.0,5977.089687703265,2739.72602739726,25581836.4871086
187,1,0,1245476063.6751678,2382380000.0,0.5227864839677834,1413765978.5409305,884163.3049410835,0.0006695715967468334,2054794.5205479453,3515981.735159817,384246575.34246534,657488584.4748874,398451.809478064,34799181.27643002,0,0,9965200818.72357,4156935978.5409307,243170000,24317,17592.26156556467,18682.140955127517,1292.5006104371546,2382.38,26.248612349130546,7.0,5978.285105640805,2739.72602739726,25585075.046186846
188,1,0,1245725158.8879027,2383066000.0,0.5227405195189319,1418865342.868283,880985.6455251053,0.0006710078604536534,2054794.5205479453,3515981.735159817,386301369.86301327,661004566.2100472,401411.92835526075,35200593.20478528,0,0,9964799406.795216,4162105342.8682833,243240000,24324,17586.0062260768,18685.87738331854,1283.194842758259,2383.066,26.23290629756364,7.0,5979.480762661933,2739.72602739726,25588314.80092211
189,1,0,1245974303.9196804,2383752000.0,0.5226946024249504,1423961737.218453,877832.5760646819,0.0006630982519848586,2054794.5205479453,3515981.735159817,388356164.3835612,664520547.9452071,404381.9055377895,35604975.11032307,0,0,9964395024.889677,4167271737.218453,243310000,24331,17579.857084928808,18689.614558795205,1273.9945261336052,2383.752,26.217353557428787,7.0,5980.676658814466,2739.72602739726,25591555.751553528
190,1,0,1246223498.7804642,2384438000.0,0.5226487326491459,1429055151.7512698,874703.8198408029,0.0006722080573566491,2054794.5205479453,3515981.735159817,390410958.9041091,668036529.680367,407361.722890743,36012336.83321381,0,0,9963987663.166786,4172435151.75127,243380000,24338,17573.812557647594,18693.352481706963,1264.8980759406325,2384.438,26.201951866335214,7.0,5981.872794146228,2739.72602739726,25594797.89832028
191,1,0,1246472743.4802203,2385124000.0,0.5226029101548684,1434145576.6447742,871599.1042725423,0.0006666919351109703,2054794.5205479453,3515981.735159817,392465753.42465705,671552511.4155269,410351.362203336,36422688.19541715,0,0,9963577311.804583,4177595576.6447744,243450000,24345,17567.871089418946,18697.091152203306,1255.90393721564,2385.124,26.186699003899484,7.0,5983.069168705058,2739.72602739726,25598041.24146159
192,1,0,1246722038.0289164,2385810000.0,0.5225571349055107,1439233002.0952928,868518.1608399849,0.0006690953003130977,2054794.5205479453,3515981.735159817,394520547.945205,675068493.1506867,413350.8051891819,36836039.000606336,0,0,9963163960.999393,4182753002.095293,243520000,24352,17562.03115442388,18700.830570433747,1247.010583990135,2385.81,26.171592790815396,7.0,5984.2657825388,2739.72602739726,25601285.781216733
193,1,0,1246971382.436522,2386496000.0,0.5225114068645085,1444317418.317514,865460.7250088691,0.0006756701251785119,2054794.5205479453,3515981.735159817,396575342.4657529,678584474.8858466,416360.03348657093,37252399.0340929,0,0,9962747600.965908,4187907418.317514,243590000,24359,17556.29125519227,18704.57073654783,1238.2165186444386,2386.496,26.156631087947886,7.0,5985.462635695306,2739.72602739726,25604531.517825034
194,1,0,1247220776.7130094,2387182000.0,0.5224657259953407,1449398815.5445628,862426.5361569019,0.00067284557222731,2054794.5205479453,3515981.735159817,398630136.9863008,682100456.6210065,419379.0286587505,37671778.06275165,0,0,9962328221.937248,4193058815.544563,243660000,24366,17550.64992197318,18708.31165069514,1229.5202712780424,2387.182,26.141811795449932,7.0,5986.659728222445,2739.72602739726,25607778.45152586
195,1,0,1247470220.868352,2387868000.0,0.5224200922615286,1454477184.0280764,859415.3375017014,0.0006794434842437398,2054794.5205479453,3515981.735159817,400684931.50684875,685616438.3561664,422407.77219420543,38094185.83494586,0,0,9961905814.165054,4198207184.028076,243730000,24373,17545.1057121215,18712.05331302528,1220.9203990962214,2387.868,26.127132851902118,7.0,5987.857060168089,2739.72602739726,25611026.582558632
196,1,0,1247719714.9125257,2388554000.0,0.5223745056266367,1459552514.0382771,856426.8760303281,0.0006691631813326678,2054794.5205479453,3515981.735159817,402739726.0273967,689132420.0913262,425446.2455069397,38519632.0804528,0,0,9961480367.919548,4203352514.038277,243800000,24380,17539.65720950031,18715.795723687886,1212.4154858124225,2388.554,26.11259223347393,7.0,5989.054631580123,2739.72602739726,25614275.911162816
197,1,0,1247969258.855508,2389240000.0,0.5223289660542717,1464624795.8640482,853460.9024303606,0.0006753502584865828,2054794.5205479453,3515981.735159817,404794520.5479446,692648401.8264861,428494.42993676016,38948126.51038956,0,0,9961051873.48961,4208494795.864048,243870000,24387,17534.303023898596,18719.538882832625,1204.00414106597,2389.24,26.098187953106343,7.0,5990.252442506439,2739.72602739726,25617526.437577926
198,1,0,1248218852.7072792,2389926000.0,0.5222834735080831,1469694019.8130064,850517.1710224788,0.0006801855865414352,2054794.5205479453,3515981.735159817,406849315.06849253,696164383.561646,431552.30674956006,39379678.81713912,0,0,9960620321.182861,4213634019.8130064,243940000,24394,17529.041790463827,18723.282790609188,1195.68499985464,2389.926,26.083918059714996,7.0,5991.45049299494,2739.72602739726,25620778.162043527
199,1,0,1248468496.4778206,2390612000.0,0.5222380279517632,1474760176.2115765,847595.439694516,0.0006794913325695921,2054794.5205479453,3515981.735159817,408904109.58904046,699680365.2968059,434619.8571376053,39814298.674276724,0,0,9960185701.325724,4218770176.2115765,244010000,24401,17523.872169148977,18727.02744716731,1187.4567219816681,2390.612,26.06978063741339,7.0,5992.648783093539,2739.72602739726,25624031.084799226
200,1,0,1248718190.1771162,2391298000.0,0.5221926293490465,1479823255.4050643,844695.4698369415,0.0006774553476163184,2054794.5205479453,3515981.735159817,410958904.1095884,703196347.0319657,437697.06221982057,40251995.736496545,0,0,9959748004.263504,4223903255.4050646,244080000,24408,17518.792844173524,18730.772852656744,1179.317991516778,2391.298,26.055773804755507,7.0,5993.847312850157,2739.72602739726,25627285.20608468
201,1,0,1248967933.8151515,2391984000.0,0.5221472776637099,1484883247.75773,841817.026279739,0.0006736643892212757,2054794.5205479453,3515981.735159817,413013698.6301363,706712328.7671256,440783.9030420768,40692779.63953862,0,0,9959307220.360462,4229033247.75773,244150000,24415,17513.802523498096,18734.519007227274,1171.267516270821,2391.984,26.04189571399732,7.0,5995.046082312728,2739.72602739726,25630540.5261396
202,1,0,1249217727.4019144,2392670000.0,0.5221019728595729,1489940143.6528602,838959.8772306449,0.0006729639834101892,2054794.5205479453,3515981.735159817,415068493.15068424,710228310.5022855,443880.36057748046,41136660.0001161,0,0,9958863339.999884,4234160143.65286,244220000,24422,17508.89993831236,18738.265911028717,1163.3040272836408,2392.67,26.028144550376748,7.0,5996.245091529189,2739.72602739726,25633797.04520373
203,1,0,1249467570.9473946,2393356000.0,0.5220567149004973,1494993933.4928412,836123.7942147133,0.0006719411721571937,2054794.5205479453,3515981.735159817,417123287.67123216,713744292.2374454,446986.4157266635,41583646.415842764,0,0,9958416353.584158,4239283933.4928412,244290000,24429,17504.0838425357,18742.013564210924,1155.4262783247766,2393.3559999999998,26.01451853141135,7.0,5997.444340547495,2739.72602739726,25637054.76351688
204,1,0,1249717464.461584,2394042000.0,0.5220115037503871,1500044607.699231,833308.5520151722,0.000676897147182258,2054794.5205479453,3515981.735159817,419178082.1917801,717260273.9726052,450102.04931807384,42033748.46516084,0,0,9957966251.53484,4244404607.699231,244360000,24436,17499.353012330404,18745.76196692376,1147.6330454066456,2394.042,26.001015906213382,7.0,5998.643829415603,2739.72602739726,25640313.6813189
205,1,0,1249967407.9544764,2394728000.0,0.5219663393731883,1505092156.7128303,830513.9286155428,0.0006720443079278327,2054794.5205479453,3515981.735159817,421232876.712328,720776255.7077651,453227.2421082682,42486975.70726911,0,0,9957513024.29273,4249522156.7128305,244430000,24443,17494.706245626992,18749.511119317147,1139.923126309844,2394.728,25.987634954821782,7.0,5999.8435581814865,2739.72602739726,25643573.798849687
206,1,0,1250217401.4360673,2395414000.0,0.5219212217328894,1510136570.9937558,827739.705142987,0.000669346110228663,2054794.5205479453,3515981.735159817,423287671.23287594,724292237.442925,456361.974782205,42943337.682051316,0,0,9957056662.31795,4254636570.993756,244500000,24450,17490.14236166124,18753.261021541013,1132.2953401202294,2395.4139999999998,25.974373987550347,7.0,6001.043526893123,2739.72602739726,25646835.116349183
207,1,0,1250467444.9163544,2396100000.0,0.5218761507935205,1515177841.0215101,824985.6658128537,0.0006735591169630166,2054794.5205479453,3515981.735159817,425342465.75342387,727808219.1780849,459506.22795353865,43402843.910004854,0,0,9956597156.089994,4259747841.02151,244570000,24457,17485.66020052276,18757.011673745317,1124.748526777442,2396.1,25.961231344352115,7.0,6002.243735598501,2739.72602739726,25650097.634057388
208,1,0,1250717538.4053376,2396786000.0,0.5218311265191542,1520215957.295053,822251.5978743966,0.0006703369217159583,2054794.5205479453,3515981.735159817,427397260.2739718,731324200.9132447,462659.98216491524,43865503.892169766,0,0,9956134496.10783,4264855957.295053,244640000,24464,17481.258622714617,18760.763076080064,1117.2815466345533,2396.786,25.948205394198936,7.0,6003.444184345621,2739.72602739726,25653361.352214336
209,1,0,1250967681.9130187,2397472000.0,0.521786148873905,1525250910.3328724,819537.2915576306,0.0006692438999956396,2054794.5205479453,3515981.735159817,429452054.7945197,734840182.6484046,465823.217888269,44331327.11005803,0,0,9955668672.889942,4269960910.3328724,244710000,24471,17476.936508723804,18764.515228695283,1109.893280028523,2397.4719999999998,25.935294534476355,7.0,6004.64487318249,2739.72602739726,25656626.271060124
210,1,0,1251217875.4494014,2398158000.0,0.521741217821929,1530282690.673055,816842.5400213033,0.0006677641547678322,2054794.5205479453,3515981.735159817,431506849.31506765,738356164.3835645,468995.9155251197,44800323.02558315,0,0,9955199676.974417,4275062690.6730547,244780000,24478,17472.692758602185,18768.26813174102,1102.5826268611625,2398.158,25.922497190392924,7.0,6005.845802157127,2739.72602739726,25659892.390834887
211,1,0,1251468119.0244913,2398844000.0,0.521696333327424,1535311288.8733559,814167.1393019517,0.0006725951322957998,2054794.5205479453,3515981.735159817,433561643.8356156,741872146.1187243,472178.05540687137,45272501.08099002,0,0,9954727498.91901,4280161288.873356,244850000,24485,17468.526291557686,18772.02178536737,1095.348506190317,2398.844,25.90981181440386,7.0,6007.046971317558,2739.72602739726,25663159.71177881
212,1,0,1251718412.648296,2399530000.0,0.5216514953546303,1540336695.5112684,811510.8882640185,0.0006688846100290276,2054794.5205479453,3515981.735159817,435616438.3561635,745388127.8538842,475369.617795112,45747870.698785126,0,0,9954252129.301214,4285256695.5112686,244920000,24492,17464.43604555542,18775.77618972444,1088.1898558309772,2399.5299999999997,25.897236885648557,7.0,6008.2483807118215,2739.72602739726,25666428.234132126
213,1,0,1251968756.3308258,2400216000.0,0.5216067038678294,1545358901.1840942,808873.5885510026,0.0006683254218073277,2054794.5205479453,3515981.735159817,437671232.8767114,748904109.5890441,478570.58288191404,46226441.28166704,0,0,9953773558.718332,4290348901.1840944,244990000,24499,17460.420976928435,18779.531344962386,1081.105631966048,2400.216,25.88477090940152,7.0,6009.450030387964,2739.72602739726,25669697.958135117
214,1,0,1252219150.082092,2400902000.0,0.5215619588313443,1550377896.5090117,806255.0445376184,0.0006611673564237584,2054794.5205479453,3515981.735159817,439726027.39725935,752420091.324204,481780.9307901368,46708222.21245717,0,0,9953291777.787542,4295437896.509012,245060000,24506,17456.48005999789,18783.287251231384,1074.094808766508,2400.902,25.872412416536445,7.0,6010.6519203940425,2739.72602739726,25672968.884028114
215,1,0,1252469593.9121084,2401588000.0,0.5215172602095398,1555393672.1231458,803655.0632829409,0.0006615659630572155,2054794.5205479453,3515981.735159817,441780821.9178073,755936073.0593638,485000.64157372795,47193222.8540309,0,0,9952806777.14597,4300523672.123146,245130000,24513,17452.612286702333,18787.04390868163,1067.156378020703,2401.5879999999997,25.86015996300294,7.0,6011.854050778121,2739.72602739726,25676241.012051497
216,1,0,1252720087.830891,2402274000.0,0.5214726079668226,1560406218.6836355,801073.4544845106,0.000654304265691291,2054794.5205479453,3515981.735159817,443835616.4383552,759452054.7945237,488229.6952180288,47681452.54924893,0,0,9952318547.45075,4305606218.683636,245200000,24520,17448.81666623588,18790.801317463363,1060.2893487725182,2402.274,25.84801212931583,7.0,6013.056421588276,2739.72602739726,25679514.34244569
217,1,0,1252970631.848457,2402960000.0,0.5214280020676404,1565415526.8677032,798510.0304333783,0.0006586201519874693,2054794.5205479453,3515981.735159817,445890410.95890313,762968036.5296836,491468.071640078,48172920.62088901,0,0,9951827079.37911,4310685526.867703,245270000,24527,17445.092224695054,18794.559477726856,1053.4927469681963,2402.96,25.83596752005638,7.0,6014.259032872595,2739.72602739726,25682788.875451166
218,1,0,1253221225.9748268,2403646000.0,0.5213834424764823,1570421587.372722,795964.6059700649,0.0006515402665036032,2054794.5205479453,3515981.735159817,447945205.47945106,766484018.2648435,494715.75068891776,48667636.371577926,0,0,9951332363.628422,4315761587.372722,245340000,24534,17441.43800473396,18798.318389622404,1046.7656151115546,2403.6459999999997,25.82402476338531,7.0,6015.461884679169,2739.72602739726,25686064.611308448
219,1,0,1253471870.2200217,2404332000.0,0.521338929157879,1575424390.9162838,793436.9984414161,0.0006447076140962514,2054794.5205479453,3515981.735159817,449999999.999999,770000000.0000033,497972.7121459005,49165609.08372383,0,0,9950834390.916277,4320834390.916284,245410000,24541,17437.853065227715,18802.078053300327,1040.1070119273845,2404.332,25.81218251056724,7.0,6016.664977056104,2739.72602739726,25689341.550258107
220,1,0,1253722564.5940657,2405018000.0,0.5212944620764026,1580423928.2362666,790927.0276583303,0.0006505713157860618,2054794.5205479453,3515981.735159817,452054794.5205469,773515981.7351632,501238.93572499667,49666848.019448824,0,0,9950333151.98055,4325903928.236267,245480000,24548,17434.33648094379,18805.838468910988,1033.516012032804,2405.018,25.800439435506256,7.0,6017.868310051515,2739.72602739726,25692619.692540765
221,1,0,1253973309.1069844,2405704000.0,0.5212500411966661,1585420190.0909011,788434.5158543383,0.0006447958230739341,2054794.5205479453,3515981.735159817,454109589.04109484,777031963.4703231,504514.40107310354,50171362.42052193,0,0,9949828637.579477,4330970190.090901,245550000,24555,17430.887342221125,18809.59963660477,1026.9917056163538,2405.7039999999997,25.78879423429235,7.0,6019.0718837135255,2739.72602739726,25695899.03839708
222,1,0,1254224103.7688057,2406390000.0,0.5212056664833239,1590413167.2588384,785959.2876450174,0.0006388468744504968,2054794.5205479453,3515981.735159817,456164383.56164277,780547945.205483,507799.0877703547,50679161.50829229,0,0,9949320838.491707,4336033167.258839,245620000,24562,17427.504754656715,18813.361556532087,1020.5331981246279,2406.39,25.777245624758287,7.0,6020.275698090268,2739.72602739726,25699179.588067777
223,1,0,1254474948.5895596,2407076000.0,0.5211613379010714,1595402850.5392158,783501.1699882173,0.0006378206581187511,2054794.5205479453,3515981.735159817,458219178.0821907,784063926.9406428,511092.9753304312,51190254.48362272,0,0,9948809745.516376,4341092850.539216,245690000,24569,17424.18783879963,18817.124228843393,1014.1396099562354,2407.076,25.765792346046908,7.0,6021.479753229886,2739.72602739726,25702461.34179361
224,1,0,1254725843.5792775,2407762000.0,0.5211170554146455,1600389230.7517226,781059.9921450809,0.0006345416522045491,2054794.5205479453,3515981.735159817,460273972.6027386,787579908.6758027,514396.0432008723,51704650.526823595,0,0,9948295349.473177,4346149230.751722,245760000,24576,17420.935729852066,18820.887653689162,1007.8100761629037,2407.7619999999997,25.754433158188206,7.0,6022.684049180532,2739.72602739726,25705744.299815398
225,1,0,1254976788.7479932,2408448000.0,0.5210728189888232,1605372298.736667,778635.5856418406,0.000637978712512825,2054794.5205479453,3515981.735159817,462328767.12328655,791095890.4109626,517708.2707633886,52222358.797586985,0,0,9947777641.202414,4351202298.736667,245830000,24583,17417.747577377424,18824.6518312199,1001.5437461575251,2408.448,25.743166841686367,7.0,6023.888585990368,2739.72602739726,25709028.462373994
226,1,0,1255227784.1057427,2409134000.0,0.5210286285884234,1610352045.3550406,776227.7842323728,0.0006278385805871714,2054794.5205479453,3515981.735159817,464383561.6438345,794611872.1461225,521029.63733417576,52743388.43492116,0,0,9947256611.565079,4356252045.355041,245900000,24590,17414.62254501511,18828.416761586144,995.3397834289697,2409.134,25.731992197116107,7.0,6025.093363707565,2739.72602739726,25712313.829710305
227,1,0,1255478829.6625638,2409820000.0,0.5209844841783053,1615328461.488584,773836.4238614924,0.0006245058091928156,2054794.5205479453,3515981.735159817,466438356.1643824,798127853.8812823,524360.1221642281,53267748.55708539,0,0,9946732251.442915,4361298461.4885845,245970000,24597,17411.559810201943,18832.18244493846,989.197365263484,2409.8199999999997,25.720908044728336,7.0,6026.298382380306,2739.72602739726,25715600.40206529
228,1,0,1255729925.4284964,2410506000.0,0.5209403857233694,1620301538.0398521,771461.3426289718,0.0006174550303772218,2054794.5205479453,3515981.735159817,468493150.6849303,801643835.6164422,527699.7044396547,53795448.26152504,0,0,9946204551.738476,4366341538.039852,246040000,24604,17408.558563899944,18835.948881427445,983.1156824725,2410.506,25.709913224064785,7.0,6027.503642056783,2739.72602739726,25718888.17967995
229,1,0,1255981071.413582,2411192000.0,0.5208963331885565,1625271265.932278,769102.3807542645,0.000617671177135467,2054794.5205479453,3515981.735159817,470547945.20547825,805159817.3516021,531048.3632819949,54326496.62480704,0,0,9945673503.375193,4371381265.932278,246110000,24611,17405.618010330425,18839.716071203733,977.0939391266904,2411.192,25.69900659358136,7.0,6028.709142785194,2739.72602739726,25722177.16279534
230,1,0,1256232267.6278648,2411878000.0,0.5208523265388485,1630237636.1102371,766759.3805419218,0.0006140464871683882,2054794.5205479453,3515981.735159817,472602739.7260262,808675799.086762,534406.0777485364,54860902.702555574,0,0,9945139097.297445,4376417636.110237,246180000,24618,17402.737366714075,18843.484014417973,971.1313522961028,2411.8779999999997,25.68818703028007,7.0,6029.914884613751,2739.72602739726,25725467.351652555
231,1,0,1256483514.0813904,2412564000.0,0.5208083657392676,1635200639.5391123,764432.1863476825,0.0006031560594824808,2054794.5205479453,3515981.735159817,474657534.2465741,812191780.8219218,537772.8268326318,55398675.529388204,0,0,9944601324.470612,4381450639.539112,246250000,24625,17399.915863017075,18847.252711220855,965.2271517962176,2412.564,25.677453429349267,7.0,6031.120867590674,2739.72602739726,25728758.74649275
232,1,0,1256734810.7842066,2413250000.0,0.5207644507548769,1640160267.2053561,762120.6445452237,0.0006052146020414232,2054794.5205479453,3515981.735159817,476712328.76712203,815707762.5570817,541148.5894640193,55939824.11885222,0,0,9944060175.881147,4386480267.205357,246320000,24632,17397.152741702877,18851.022161763103,959.3805799397744,2413.25,25.666804703811934,7.0,6032.327091764192,2739.72602739726,25732051.34755712
233,1,0,1256986157.7463634,2413936000.0,0.5207205815507799,1645116510.1165547,759824.6034935551,0.0005959573417946106,2054794.5205479453,3515981.735159817,478767123.28766996,819223744.2922416,544533.3445091402,56484357.46336136,0,0,9943515642.536638,4391506510.116554,246390000,24639,17394.44725748967,18854.792366195452,953.590891294218,2413.9359999999997,25.6562397841819,7.0,6033.533557182544,2739.72602739726,25735345.15508691
234,1,0,1257237554.9779127,2414622000.0,0.5206767580921207,1650069359.301491,757543.913505044,0.0005921567870585598,2054794.5205479453,3515981.735159817,480821917.8082179,822739726.0274014,547927.0707714626,57032284.53413282,0,0,9942967715.465868,4396529359.301491,246460000,24646,17391.79867711331,18858.563324668692,947.8573524446185,2414.622,25.645757618127757,7.0,6034.740263893981,2739.72602739726,25738640.169323407
235,1,0,1257489002.4889083,2415308000.0,0.5206329803440838,1655018805.810207,755278.4268140567,0.0005904642443553281,2054794.5205479453,3515981.735159817,482876712.3287658,826255707.7625613,551329.7469917996,57583614.28112462,0,0,9942416385.718876,4401548805.810207,246530000,24653,17389.20627909555,18862.335037333625,942.1792417619251,2415.308,25.635357170144236,7.0,6035.94721194676,2739.72602739726,25741936.39050796
236,1,0,1257740500.289406,2415994000.0,0.5205892482718939,1659964840.714066,753027.9975462012,0.0005888360658651194,2054794.5205479453,3515981.735159817,484931506.84931374,829771689.4977212,554741.3518486334,58138355.632973254,0,0,9941861644.367027,4406564840.714066,246600000,24660,17386.669353517515,18866.107504341093,936.555849176419,2415.9939999999997,25.625037421230928,7.0,6037.15440138915,2739.72602739726,25745233.81888195
237,1,0,1257992048.389464,2416680000.0,0.5205455618408162,1664907455.1058154,750792.4816881588,0.0005795080628062335,2054794.5205479453,3515981.735159817,486986301.36986166,833287671.2328811,558161.8639584385,58696517.496931694,0,0,9941303482.503069,4411577455.105816,246670000,24667,17384.187201798188,18869.880725841962,930.9864759562264,2416.68,25.614797368578024,7.0,6038.361832269427,2739.72602739726,25748532.454686824
238,1,0,1258243646.799142,2417366000.0,0.5205019210161563,1669846640.099647,748571.7370580923,0.0005732386970197034,2054794.5205479453,3515981.735159817,489041095.8904096,836803652.968041,561591.2618760054,59258108.7588077,0,0,9940741891.241192,4416586640.0996475,246740000,24674,17381.7591364779,18873.65470198713,925.4704344907703,2417.366,25.604636025259175,7.0,6039.5695046358815,2739.72602739726,25751832.298164066
239,1,0,1258495295.5285017,2418052000.0,0.5204583257632598,1674782386.83126,746365.6232766159,0.000567587744398305,2054794.5205479453,3515981.735159817,491095890.4109575,840319634.7032008,565029.524094765,59823138.282902464,0,0,9940176861.717098,4421592386.83126,246810000,24681,17379.38448100656,18877.42943292753,920.0070480790325,2418.0519999999997,25.59455241993093,7.0,6040.777418536809,2739.72602739726,25755133.349555206
240,1,0,1258746994.5876074,2418738000.0,0.5204147760475121,1679714686.4579206,744174.001738316,0.000567526054523843,2054794.5205479453,3515981.735159817,493150684.93150544,843835616.4383607,568476.6290471149,60391614.91194958,0,0,9939608385.08805,4426594686.45792,246880000,24688,17377.062569536614,18881.204918814114,914.5956507225018,2418.738,25.58454559653888,7.0,6041.985574020516,2739.72602739726,25758435.609101832
241,1,0,1258998743.9865248,2419424000.0,0.5203712718343394,1684643530.1585236,741996.7355838107,0.000557630768443114,2054794.5205479453,3515981.735159817,495205479.45205337,847351598.1735206,571932.5551047452,60963547.46705433,0,0,9939036452.532946,4431593530.158524,246950000,24695,17374.79274672057,18884.981159797877,909.235586922692,2419.424,25.57461461403024,7.0,6043.19397113532,2739.72602739726,25761739.07704557
242,1,0,1259250543.735322,2420110000.0,0.5203278130892075,1689568909.1336524,739833.6896723346,0.0005497131942894833,2054794.5205479453,3515981.735159817,497260273.9726013,850867579.9086804,575397.2805789661,61538944.74763329,0,0,9938461055.252367,4436588909.133653,247020000,24702,17372.57436751295,18888.75815602983,903.926211483119,2420.1099999999997,25.564758546072557,7.0,6044.402609929545,2739.72602739726,25765043.753628105
243,1,0,1259502393.844069,2420796000.0,0.5202843997776223,1694490814.6056392,737684.7305548396,0.0005447896710655244,2054794.5205479453,3515981.735159817,499315068.4931492,854383561.6438403,578870.7837210364,62117815.53135433,0,0,9937882184.468645,4441580814.605639,247090000,24709,17370.406796976655,18892.535907661037,898.6668893156163,2420.796,25.5549764807788,7.0,6045.611490451532,2739.72602739726,25768349.63909116
244,1,0,1259754294.3228378,2421482000.0,0.5202410318651296,1699409237.8186245,735549.7264475989,0.0005390567917356844,2054794.5205479453,3515981.735159817,501369863.01369715,857899543.3790002,582353.0427224906,62700168.574076824,0,0,9937299831.425922,4446569237.8186245,247160000,24716,17368.28941009346,18896.31441484257,893.4569952508888,2421.482,25.545267520438124,7.0,6046.820612749622,2739.72602739726,25771656.733676516
245,1,0,1260006245.1817024,2422168000.0,0.520197709317315,1704324170.0386167,733428.5472063035,0.0005288852398663052,2054794.5205479453,3515981.735159817,503424657.5342451,861415525.1141601,585844.0357154706,63286012.60979229,0,0,9936713987.390207,4451554170.038616,247230000,24723,17366.22159157873,18900.093677725537,888.2959138531944,2422.1679999999997,25.535630781252642,7.0,6048.029976872172,2739.72602739726,25774965.03762599
246,1,0,1260258246.4307387,2422854000.0,0.520154432099804,1709235602.5535514,731321.0643006417,0.0005256896096933164,2054794.5205479453,3515981.735159817,505479452.054793,864931506.8493199,589343.7407730541,63875356.350565344,0,0,9936124643.649435,4456535602.553552,247300000,24730,17364.20273570014,18903.873696461083,883.1830392390536,2422.854,25.526065393079843,7.0,6049.239582867546,2739.72602739726,25778274.55118146
247,1,0,1260510298.0800247,2423540000.0,0.5201112001782618,1714143526.6733496,729227.1507893482,0.0005138261308138983,2054794.5205479453,3515981.735159817,507534246.5753409,868447488.5844798,592852.1359095869,64468208.48647493,0,0,9935531791.513525,4461513526.673349,247370000,24737,17362.232246100255,18907.65447120037,878.1177748998857,2423.54,25.51657049918043,7.0,6050.449430784119,2739.72602739726,25781585.27458485
248,1,0,1260762400.1396408,2424226000.0,0.5200680135183934,1719047933.7299764,727146.6812957169,0.0005133047282874058,2054794.5205479453,3515981.735159817,509589041.09588885,871963470.3196397,596369.1990810147,65064577.68555594,0,0,9934935422.314444,4466487933.729977,247440000,24744,17360.309535623088,18911.43600209461,873.0995335284745,2424.226,25.507145255971768,7.0,6051.659520670276,2739.72602739726,25784897.208078124
249,1,0,1261014552.6196687,2424912000.0,0.5200248720859432,1723948815.077499,725079.5319835636,0.0005083405428535684,2054794.5205479453,3515981.735159817,511643835.6164368,875479452.0547996,599894.9081852145,65664472.593741156,0,0,9934335527.40626,4471458815.077499,247510000,24751,17358.4340261442,18915.21828929503,868.1277368491715,2424.912,25.497788832786355,7.0,6052.869852574409,2739.72602739726,25788210.3519033
250,1,0,1261266755.5301926,2425598000.0,0.5199817758466954,1728846162.0921443,723025.5805336307,0.0005023538544559535,2054794.5205479453,3515981.735159817,513698630.1369847,878995433.7899594,603429.241062329,66267901.834803484,0,0,9933732098.165197,4476426162.092144,247580000,24758,17356.605148404633,18919.00133295289,863.2018154517428,2425.598,25.488500411635645,7.0,6054.080426544924,2739.72602739726,25791524.70630245
251,1,0,1261519008.8812985,2426284000.0,0.5199387247664735,1733739966.1723568,720984.7061204247,0.0004925385316866521,2054794.5205479453,3515981.735159817,515753424.65753263,882511415.5251193,606972.1754951002,66874874.01029859,0,0,9933125125.989702,4481389966.172357,247650000,24765,17354.82234184825,18922.785133219477,858.3212086287708,2426.284,25.479279186978754,7.0,6055.291242630233,2739.72602739726,25794840.271517683
252,1,0,1261771312.6830747,2426970000.0,0.5198957188111409,1738630218.7388554,718956.789389477,0.0004912161917897783,2054794.5205479453,3515981.735159817,517808219.17808056,886027397.2602792,610523.6892092039,67485397.69950779,0,0,9932514602.300491,4486350218.738855,247720000,24772,17353.085054462645,18926.56969024612,853.4853642165248,2426.97,25.470124365496126,7.0,6056.502300878758,2739.72602739726,25798157.047791164
253,1,0,1262023666.9456112,2427656000.0,0.5198527579466,1743516911.2346895,716941.712435018,0.00048313696130843526,2054794.5205479453,3515981.735159817,519863013.6986285,889543378.995439,614083.7598735851,68099481.45938137,0,0,9931900518.540619,4491306911.23469,247790000,24779,17351.39274262339,18930.35500418417,848.6937384392168,2427.656,25.46103516586796,7.0,6057.7136013389345,2739.72602739726,25801475.03536511
254,1,0,1262276071.6790004,2428342000.0,0.5198098421387928,1748400035.1252964,714939.3587780569,0.0004768847123025178,2054794.5205479453,3515981.735159817,521917808.2191764,893059360.7305989,617652.3651007942,68717133.82448217,0,0,9931282866.175518,4496260035.125297,247860000,24786,17349.744870941562,18934.141075185005,843.9457957565578,2428.342,25.452010818557252,7.0,6058.925144059202,2739.72602739726,25804794.23448177
255,1,0,1262528526.893336,2429028000.0,0.5197669713537003,1753279581.8985567,712949.6133448587,0.00047121616658948217,2054794.5205479453,3515981.735159817,523972602.73972434,896575342.4657588,621229.4824473241,69338363.3069295,0,0,9930661636.693071,4501209581.898557,247930000,24793,17348.14091211458,18937.927903400043,839.2410087145379,2429.028,25.44305056559751,7.0,6060.136929088013,2739.72602739726,25808114.645383462
256,1,0,1262781032.5987146,2429714000.0,0.5197241455573433,1758155543.0648506,710972.3624458094,0.000461900263173969,2054794.5205479453,3515981.735159817,526027397.26027226,900091324.2009187,624815.0894139467,69963178.39634344,0,0,9930036821.603657,4506155543.064851,248000000,24800,17346.580346780072,18941.71548898072,834.5788577993508,2429.714,25.43415366038475,7.0,6061.348956473831,2739.72602739726,25811436.26831254
257,1,0,1263033588.8052342,2430400000.0,0.519681364715781,1763027910.1571124,709007.493754661,0.00046085789308629037,2054794.5205479453,3515981.735159817,528082191.7808202,903607305.9360785,628409.1634460519,70591587.5597895,0,0,9929408412.44021,4511097910.157112,248070000,24807,17345.0626633729,18945.503832078513,829.9588312943878,2430.4,25.425319367473982,7.0,6062.561226265125,2739.72602739726,25814759.103511408
258,1,0,1263286195.5229952,2431086000.0,0.5196386287951127,1767896674.7308862,707054.8962881499,0.0004524412430995562,2054794.5205479453,3515981.735159817,530136986.3013681,907123287.6712384,632011.6819339857,71223599.24172348,0,0,9928776400.758276,4516036674.730886,248140000,24814,17343.587357985158,18949.29293284493,825.3804251402269,2431.086,25.416546962379822,7.0,6063.773738510377,2739.72602739726,25818083.151222523
259,1,0,1263538852.7620997,2431772000.0,0.5195959377614758,1772761828.3643806,705114.4603859789,0.0004457084169463029,2054794.5205479453,3515981.735159817,532191780.82191604,910639269.4063983,635622.6222133897,71859221.86393687,0,0,9928140778.136063,4520971828.364381,248210000,24821,17342.153934229045,18953.082791431498,820.8431427975487,2431.772,25.40783573138125,7.0,6064.9864932580795,2739.72602739726,25821408.411688387
260,1,0,1263791560.5326521,2432458000.0,0.5195532915810477,1777623362.6585228,703186.0776911569,0.0004390936434157305,2054794.5205479453,3515981.735159817,534246575.34246397,914155251.1415582,639241.9615655416,72498463.82550241,0,0,9927501536.174498,4525903362.658523,248280000,24828,17340.761903102688,18956.873407989784,816.3464951129032,2432.458,25.39918497133052,7.0,6066.199490556731,2739.72602739726,25824734.88515155
261,1,0,1264044318.8447587,2433144000.0,0.519510690220044,1782481269.2370129,701269.6411306871,0.0004339671253259609,2054794.5205479453,3515981.735159817,536301369.8630119,917671232.876718,642869.6772176949,73141333.5027201,0,0,9926858666.49728,4530831269.237013,248350000,24835,17339.41078285865,18960.66478267138,811.8900001872671,2433.144,25.39059398946581,7.0,6067.412730454843,2739.72602739726,25828062.57185461
262,1,0,1264297127.7085276,2433830000.0,0.5194681336447194,1787335539.7463772,699365.0448965987,0.0004294612407528626,2054794.5205479453,3515981.735159817,538356164.3835598,921187214.6118779,646505.746343421,73787839.24906352,0,0,9926212160.750937,4535755539.746377,248420000,24842,17338.100098875235,18964.456915627914,807.4731832473199,2433.83,25.382062103227916,7.0,6068.626213000933,2739.72602739726,25831391.472040214
263,1,0,1264549987.1340692,2434516000.0,0.5194256218213679,1792186165.8560221,697472.1844273136,0.0004185237657585028,2054794.5205479453,3515981.735159817,540410958.9041078,924703196.3470378,650150.1460629511,74437989.39512648,0,0,9925562010.604874,4540676165.856022,248490000,24849,17336.829383530418,18968.249807011038,803.0955765193779,2434.516,25.373588640080573,7.0,6069.839938243533,2739.72602739726,25834721.58595106
264,1,0,1264802897.131496,2435202000.0,0.5193831547163217,1797033139.2582862,695590.9563893412,0.0004172372271394456,2054794.5205479453,3515981.735159817,542465753.4246558,928219178.0821977,653802.8534435176,75091792.24857,0,0,9924908207.75143,4545593139.258286,248560000,24856,17335.598176078365,18972.043456972442,798.7567191059233,2435.2019999999998,25.365172937334528,7.0,6071.053906231181,2739.72602739726,25838052.913829897
265,1,0,1265055857.7109222,2435888000.0,0.5193407322959521,1801876451.6684942,693721.2586592946,0.0004115253093344496,2054794.5205479453,3515981.735159817,544520547.9452038,931735159.8173575,657463.845499698,75749256.09406969,0,0,9924250743.90593,4550506451.668494,248630000,24863,17334.4060225285,18975.837865663834,794.4561568646648,2435.888,25.35681434197513,7.0,6072.268117012427,2739.72602739726,25841385.45591951
266,1,0,1265308868.8824644,2436574000.0,0.5192983545266692,1806716094.8250082,691862.9903062229,0.00040532963021691176,2054794.5205479453,3515981.735159817,546575342.4657518,935251141.5525174,661133.0991937589,76410389.19326344,0,0,9923589610.806736,4555416094.825008,248700000,24870,17333.252475527042,18979.63303323697,790.1934422900741,2436.574,25.348512210493503,7.0,6073.48257063583,2739.72602739726,25844719.212462753
267,1,0,1265561930.656241,2437260000.0,0.5192560213749214,1811552060.48928,690016.0515742509,0.00039260222898885466,2054794.5205479453,3515981.735159817,548630136.9862998,938767123.2876773,664810.5914359993,77075199.78469944,0,0,9922924800.215302,4560322060.48928,248770000,24877,17332.137094240956,18983.428959843615,785.9681343973394,2437.2599999999998,25.340265908721054,7.0,6074.697267149957,2739.72602739726,25848054.183702506
268,1,0,1265815043.0423722,2437946000.0,0.519213732807196,1816384340.4459026,688180.3438655225,0.0003904923660525152,2054794.5205479453,3515981.735159817,550684931.5068477,942283105.0228372,668496.2990850958,77743696.08378454,0,0,9922256303.916216,4565224340.445903,248840000,24884,17331.059444244263,18987.225645635586,781.779798608677,2437.946,25.332074811667376,7.0,6075.912206603387,2739.72602739726,25851390.369881716
269,1,0,1266068206.0509806,2438632000.0,0.5191714887900186,1821212926.502662,686355.7697234391,0.0003843619514051672,2054794.5205479453,3515981.735159817,552739726.0273957,945799086.757997,672190.1989484477,78415886.28273298,0,0,9921584113.717266,4570122926.502662,248910000,24891,17330.019097406665,18991.023090764713,777.6280066419521,2438.632,25.323938303361437,7.0,6077.127389044707,2739.72602739726,25854727.771243364
270,1,0,1266321419.6921906,2439318000.0,0.5191292892899534,1826037810.4905872,684542.2328161892,0.0003791382586207251,2054794.5205479453,3515981.735159817,554794520.5479437,949315068.4931569,675892.2677825234,79091778.5505155,0,0,9920908221.449484,4575017810.490587,248980000,24898,17329.015631784412,18994.821295382862,773.5123364015486,2439.3179999999998,25.315855776695894,7.0,6078.342814522516,2739.72602739726,25858066.38803049
271,1,0,1266574683.976129,2440004000.0,0.5190871342736033,1830858984.2640018,682739.6379205618,0.00037388437762101215,2054794.5205479453,3515981.735159817,556849315.0684917,952831050.2283168,679602.4822932062,79771381.0328087,0,0,9920228618.967192,4579908984.264002,249050000,24905,17328.048631513382,18998.62025964194,769.4323718714422,2440.004,25.307826633274587,7.0,6079.5584830854195,2739.72602739726,25861406.220486183
272,1,0,1266827998.9129243,2440690000.0,0.5190450237076091,1835676439.7005734,680947.8909060389,0.00036564124885889616,2054794.5205479453,3515981.735159817,558904109.5890397,956347031.9634767,683320.8191361417,80454701.85194485,0,0,9919545298.148056,4584796439.700573,249120000,24912,17327.11768670429,19002.419983693864,765.3877030104217,2440.69,25.29985028326306,7.0,6080.774394782036,2739.72602739726,25864747.268853568
273,1,0,1267081364.5127068,2441376000.0,0.51900295755865,1840490168.701364,679166.8987191616,0.0003584803809443184,2054794.5205479453,3515981.735159817,560958904.1095877,959863013.6986365,687047.2549170846,81141749.10686193,0,0,9918858250.893139,4589680168.7013645,249190000,24919,17326.222393340013,19006.220467690604,761.3779256494107,2441.3759999999997,25.291926145241995,7.0,6081.990549660993,2739.72602739726,25868089.533375833
274,1,0,1267334780.7856092,2442062000.0,0.5189609357934439,1845300163.1908796,677396.5693681624,0.00035581926120631624,2054794.5205479453,3515981.735159817,563013698.6301357,963378995.4337964,690781.7661922476,81832530.87305418,0,0,9918167469.126945,4594560163.19088,249260000,24926,17325.362353174984,19010.02171178414,757.4026413908456,2442.062,25.284053646063725,7.0,6083.206947770925,2739.72602739726,25871433.014296208
275,1,0,1267588247.7417665,2442748000.0,0.5189189583787466,1850106415.1171186,675636.8119078613,0.0003501807043140736,2054794.5205479453,3515981.735159817,565068493.1506836,966894977.1689563,694524.3294686492,82527055.20252283,0,0,9917472944.797478,4599436415.117119,249330000,24933,17324.537173636552,19013.8237161265,753.461457510054,2442.748,25.276232220711393,7.0,6084.423589160479,2739.72602739726,25874777.71185797
276,1,0,1267841765.3913147,2443434000.0,0.5188770252813519,1854908916.4516218,673887.536424818,0.00034452357324585276,2054794.5205479453,3515981.735159817,567123287.6712316,970410958.9041162,698274.9212044626,83225330.12372729,0,0,9916774669.876272,4604308916.451622,249400000,24940,17323.74646772832,19017.626480869723,749.5539868585978,2443.4339999999997,25.268461312160994,7.0,6085.64047387831,2739.72602739726,25878123.626304455
277,1,0,1268095333.7443929,2444120000.0,0.518835136468092,1859707659.1895201,672148.6540227375,0.0003425076063635196,2054794.5205479453,3515981.735159817,569178082.1917796,973926940.639276,702033.5178093654,83927363.64153665,0,0,9916072636.358463,4609177659.18952,249470000,24947,17322.989853935425,19021.430006165894,745.6798477695304,2444.12,25.260740371246175,7.0,6086.857601973086,2739.72602739726,25881470.757879034
278,1,0,1268348952.8111417,2444806000.0,0.518793291905837,1864502635.349583,670420.0768081212,0.0003315573838130476,2054794.5205479453,3515981.735159817,571232876.7123276,977442922.3744359,705800.0956448894,84633163.73718154,0,0,9915366836.26282,4614042635.349583,249540000,24954,17322.266956131658,19025.23429216713,741.8386639645277,2444.806,25.2530688565256,7.0,6088.074973493481,2739.72602739726,25884819.106825132
279,1,0,1268602622.601704,2445492000.0,0.5187514915614951,1869293836.9742658,668701.717876161,0.000329372876805794,2054794.5205479453,3515981.735159817,573287671.2328756,980958904.1095958,709574.6310247713,85342738.36820632,0,0,9914657261.631794,4618903836.974266,249610000,24961,17321.57740348841,19029.03933902556,738.0300644628477,2445.4919999999997,25.245446234152947,7.0,6089.292588488179,2739.72602739726,25888168.673386224
280,1,0,1268856343.1262243,2446178000.0,0.5187097354020126,1874081256.1297584,666993.4912968705,0.00032236084327340905,2054794.5205479453,3515981.735159817,575342465.7534236,984474885.8447556,713357.100215303,86056095.46842162,0,0,9913943904.531578,4623761256.129759,249680000,24968,17320.92083038545,19032.845146893367,734.2536834920819,2446.178,25.237871977749492,7.0,6090.510447005877,2739.72602739726,25891519.457805835
281,1,0,1269110114.3948495,2446864000.0,0.5186680233943732,1878864884.9060304,665295.3121014498,0.00031942473013112896,2054794.5205479453,3515981.735159817,577397260.2739716,987990867.5799155,717147.4794356835,86773242.9478573,0,0,9913226757.052143,4628614884.906031,249750000,24975,17320.296876323395,19036.651715922744,730.5091604006535,2446.864,25.230345568279084,7.0,6091.728549095277,2739.72602739726,25894871.460327536
282,1,0,1269363936.4177284,2447550000.0,0.5186263555055989,1883644715.41688,663607.0962688777,0.00031259199632370635,2054794.5205479453,3515981.735159817,579452054.7945195,991506849.3150754,720945.7448583697,87494188.69271567,0,0,9912505811.307283,4633464715.41688,249820000,24982,17319.705185837953,19040.459046265925,726.7961395720283,2447.5499999999997,25.222866493925654,7.0,6092.946894805096,2739.72602739726,25898224.681194946
283,1,0,1269617809.2050118,2448236000.0,0.5185847317027492,1888420739.7999783,661928.7607127278,0.00030527048766134507,2054794.5205479453,3515981.735159817,581506849.3150675,995022831.0502353,724751.8726094291,88218940.56532511,0,0,9911781059.434675,4638310739.799978,249890000,24989,17319.145408415774,19044.267138075178,723.1142703405961,2448.236,25.215434249973008,7.0,6094.165484184056,2739.72602739726,25901579.120651733
284,1,0,1269871732.7668529,2448922000.0,0.5185431519529217,1893192950.216917,660260.2232682044,0.00030480502813692005,2054794.5205479453,3515981.735159817,583561643.8356155,998538812.7853951,728565.8387688932,88947506.40409401,0,0,9911052493.595905,4643152950.216917,249960000,24996,17318.617198411983,19048.075991502796,719.4632069091872,2448.922,25.20804833868698,7.0,6095.384317280894,2739.72602739726,25904934.77894162
285,1,0,1270125707.1134062,2449608000.0,0.5185016162232513,1897961338.8532536,658601.4026793933,0.0002982915886478862,2054794.5205479453,3515981.735159817,585616438.3561635,1002054794.520555,732387.6193711082,89679894.02346511,0,0,9910320105.976536,4647991338.853253,250030000,25003,17318.12021496928,19051.885606701093,715.8426082681888,2449.6079999999997,25.200708269199872,7.0,6096.60339414435,2739.72602739726,25908291.656308368
286,1,0,1270379732.254829,2450294000.0,0.5184601244809108,1902725897.9185562,656952.2185867239,0.0002970906334661901,2054794.5205479453,3515981.735159817,587671232.8767115,1005570776.2557149,736217.1904050915,90416111.2138702,0,0,9909583888.786129,4652825897.918556,250100000,25010,17317.654121938656,19055.695983822436,712.2521381162226,2450.294,25.193413557397133,7.0,6097.82271482318,2739.72602739726,25911649.752995797
287,1,0,1270633808.2012799,2450980000.0,0.5184186766931105,1907486619.646449,655312.5915146384,0.0002896696316622258,2054794.5205479453,3515981.735159817,589726027.3972595,1009086757.9908748,740054.5278148821,91156165.74168508,0,0,9908843834.258314,4657656619.646449,250170000,25017,17317.218587801555,19059.5071230192,708.6914647823546,2450.98,25.186163725806075,7.0,6099.042279366144,2739.72602739726,25915009.069247767
288,1,0,1270887934.9629202,2451666000.0,0.5183772728270981,1912243496.294657,653682.4428594632,0.00028612487022120723,2054794.5205479453,3515981.735159817,591780821.9178075,1012602739.7260346,743899.6074998975,91900065.34918498,0,0,9908099934.650816,4662483496.294657,250240000,25024,17316.813285593602,19063.319024443805,705.1602611497974,2451.6659999999997,25.17895830348693,7.0,6100.262087822018,2739.72602739726,25918369.605308194
289,1,0,1271142112.5499127,2452352000.0,0.5183359128501588,1916996520.1450493,652061.6948774799,0.00027930514224256027,2054794.5205479453,3515981.735159817,593835616.4383554,1016118721.4611945,747752.4053152867,92647817.75450025,0,0,9907352182.2455,4667306520.145049,250310000,25031,17316.43789282977,19067.131688248694,701.6582045810766,2452.352,25.171796825925814,7.0,6101.482140239581,2739.72602739726,25921731.361421037
290,1,0,1271396340.9724226,2453038000.0,0.5182945967296155,1921745683.5036848,650450.2706731929,0.0002758397896129314,2054794.5205479453,3515981.735159817,595890410.9589034,1019634703.1963544,751612.8970722856,93399430.65157254,0,0,9906600569.348427,4672125683.503685,250380000,25038,17316.092091430968,19070.945114586342,698.1849768446275,2453.038,25.164678834929767,7.0,6102.702436667629,2739.72602739726,25925094.33783031
291,1,0,1271650620.240617,2453724000.0,0.5182533244328282,1926490978.7008538,648848.0941877862,0.00027192360501118317,2054794.5205479453,3515981.735159817,597945205.4794514,1023150684.9315143,755481.0585385724,94154911.71011111,0,0,9905845088.289888,4676940978.700853,250450000,25045,17315.775567652054,19074.75930360926,694.7402640427919,2453.7239999999997,25.157603878523886,7.0,6103.922977154963,2739.72602739726,25928458.534780066
292,1,0,1271904950.364665,2454410000.0,0.5182120959271943,1931232398.0911229,647255.0901877696,0.0002674440147327318,2054794.5205479453,3515981.735159817,599999999.9999994,1026666666.6666741,759356.8654386224,94914268.57554974,0,0,9905085731.42445,4681752398.091123,250520000,25052,17315.48801201116,19078.574255469975,691.3237565411832,2454.41,25.150571510850206,7.0,6105.1437617503925,2739.72602739726,25931823.95251442
293,1,0,1272159331.354738,2455096000.0,0.5181709111801486,1935969934.0533764,645671.184253809,0.00026352355396978914,2054794.5205479453,3515981.735159817,602054794.5205474,1030182648.401834,763240.2934540653,95677508.8690038,0,0,9904322491.130997,4686559934.053376,250590000,25059,17315.22911922046,19082.38997032107,687.9351488993909,2455.096,25.143581292068713,7.0,6106.364790502743,2739.72602739726,25935190.59127753
294,1,0,1272413763.221009,2455782000.0,0.5181297701591627,1940703578.9908602,644096.3027697386,0.0002598995335571212,2054794.5205479453,3515981.735159817,604109589.0410954,1033698630.1369939,767131.3182240404,96444640.18722785,0,0,9903555359.812773,4691363578.99086,250660000,25066,17314.998588118135,19086.206448315137,684.5741398029963,2455.7819999999997,25.136632788260023,7.0,6107.586063460843,2739.72602739726,25938558.451313592
295,1,0,1272668245.973653,2456468000.0,0.5180886728317459,1945433325.3312223,642530.3729117481,0.000257501091428941,2054794.5205479453,3515981.735159817,606164383.5616434,1037214611.8721538,771029.915345553,97215670.1025734,0,0,9902784329.897427,4696163325.331223,250730000,25073,17314.796121601667,19090.023689604797,681.2404319968705,2456.468,25.12972557132998,7.0,6108.807580673535,2739.72602739726,25941927.53286687
296,1,0,1272922779.6228478,2457154000.0,0.5180476191654442,1950159165.5265563,640973.3226377468,0.0002531930477099967,2054794.5205479453,3515981.735159817,608219178.0821913,1040730593.6073136,774936.0603738321,97990606.16294722,0,0,9902009393.837053,4700959165.526556,250800000,25080,17314.621426562448,19093.84169434272,677.9337322197262,2457.154,25.122859218916123,7.0,6110.0293421896695,2739.72602739726,25945297.836181663
297,1,0,1273177364.1787724,2457840000.0,0.5180066091278409,1954881092.0534413,639425.0806768971,0.0002498947621457782,2054794.5205479453,3515981.735159817,610273972.6027393,1044246575.3424735,778849.7288226876,98769455.89176992,0,0,9901230544.10823,4705751092.053441,250870000,25087,17314.474213821486,19097.66046268159,674.6537511398973,2457.8399999999997,25.11603331429567,7.0,6111.251348058108,2739.72602739726,25948669.361502327
298,1,0,1273431999.6516082,2458526000.0,0.5179656426865562,1959599097.4129841,637885.5765193158,0.0002487042138081207,2054794.5205479453,3515981.735159817,612328767.1232873,1047762557.0776334,782770.896164867,99552226.78793478,0,0,9900447773.212065,4710539097.412984,250940000,25094,17314.354198066445,19101.479994774127,671.4002032923216,2458.526,25.109247446295463,7.0,6112.47359832772,2739.72602739726,25952042.10907326
299,1,0,1273686686.0515385,2459212000.0,0.5179247198092473,1964313174.1308594,636354.7404059407,0.0002424511200467413,2054794.5205479453,3515981.735159817,614383561.6438353,1051278538.8127933,786699.5378324131,100338926.32576719,0,0,9899661073.674232,4715323174.130859,251010000,25101,17314.261097789775,19105.300290773077,668.1728070166974,2459.212,25.10250120920342,7.0,6113.696093047385,2739.72602739726,25955416.079138912
300,1,0,1273941423.3887486,2459898000.0,0.5178838404636081,1969023314.7573502,634832.5033185574,0.00023958613684088486,2054794.5205479453,3515981.735159817,616438356.1643833,1054794520.5479531,790635.6292170237,101129561.95498422,0,0,9898870438.045015,4720103314.75735,251080000,25108,17314.194635228025,19109.121350831232,664.971284396792,2459.8979999999997,25.0957942026817,7.0,6114.918832265994,2739.72602739726,25958791.27194378
301,1,0,1274196211.6734264,2460584000.0,0.5178430046173699,1973729511.8673875,633318.7969699864,0.00023765033916950973,2054794.5205479453,3515981.735159817,618493150.6849313,1058310502.283113,794579.1456704086,101924141.10065463,0,0,9898075858.899345,4724879511.867388,251150000,25115,17314.154536302274,19112.943175101398,661.7953612008764,2460.584,25.089126031681424,7.0,6116.1418160324465,2739.72602739726,25962167.687732417
302,1,0,1274451050.915761,2461270000.0,0.5178022122383001,1978431758.0605907,631813.5537944242,0.0002357615249774832,2054794.5205479453,3515981.735159817,620547945.2054793,1061826484.0182729,798530.0625046478,102722671.16315928,0,0,9897277328.836842,4729651758.060591,251220000,25122,17314.14053055968,19116.765763736417,658.6447668232634,2461.27,25.082496306359065,7.0,6117.365044395653,2739.72602739726,25965545.326749418
303,1,0,1274705941.1259441,2461956000.0,0.5177614632942035,1983130045.9613059,630316.7069379381,0.00023299022539597882,2054794.5205479453,3515981.735159817,622602739.7260273,1065342465.7534328,802488.354992551,103525159.51815183,0,0,9896474840.481848,4734420045.961306,251290000,25129,17314.15235111609,19120.589116889165,655.5192342269233,2461.9559999999997,25.075904641994224,7.0,6118.5885174045325,2739.72602739726,25968924.189239427
304,1,0,1274960882.3141694,2462642000.0,0.5177207577529213,1987824368.2186456,628828.1902491103,0.00023029675019710656,2054794.5205479453,3515981.735159817,624657534.2465752,1068858447.4885926,806453.998368017,104331613.51651984,0,0,9895668386.48348,4739184368.218645,251360000,25136,17314.189734599702,19124.41323471254,652.4184998871592,2462.642,25.069350658909052,7.0,6119.812235108013,2739.72602739726,25972304.27544714
305,1,0,1275215874.4906323,2463328000.0,0.517680095582331,1992514717.506527,627347.9382698297,0.00022713382368331133,2054794.5205479453,3515981.735159817,626712328.7671232,1072374429.2237525,810426.9678263926,105142040.48434624,0,0,9894857959.515654,4743944717.506527,251430000,25143,17314.2524210958,19128.238117359488,649.3423037363127,2463.328,25.062833982389048,7.0,6121.036197555036,2739.72602739726,25975685.5856173
306,1,0,1275470917.6655304,2464014000.0,0.5176394767503474,1997201086.5237098,625875.8862262276,0.00022449580049797957,2054794.5205479453,3515981.735159817,628767123.2876712,1075890410.9589124,814407.2385248316,105956447.72287107,0,0,9894043552.277128,4748701086.52371,251500000,25150,17314.340154092446,19132.06376498296,646.2903891094865,2464.0139999999997,25.056354242605394,7.0,6122.260404794547,2739.72602739726,25979068.1199947
307,1,0,1275726011.8490636,2464700000.0,0.5175989012249214,2001883467.993835,624411.970019756,0.00022225005595460497,2054794.5205479453,3515981.735159817,630821917.8082192,1079406392.6940722,818394.7855826551,106774842.50845373,0,0,9893225157.491547,4753453467.993835,251570000,25157,17314.452680427214,19135.890177735957,643.2625026912563,2464.7,25.04991107453859,7.0,6123.484856875506,2739.72602739726,25982451.878824178
308,1,0,1275981157.0514333,2465386000.0,0.5175583689740403,2006561854.665461,622956.1262184039,0.00022140423618182605,2054794.5205479453,3515981.735159817,632876712.3287672,1082922374.4292321,822389.5840817117,107597232.09253544,0,0,9892402767.907465,4758201854.665461,251640000,25164,17314.589750234856,19139.7173557715,640.2583944633543,2465.386,25.043504117903552,7.0,6124.70955384688,2739.72602739726,25985836.862350628
309,1,0,1276236353.2828436,2466072000.0,0.5175178799657283,2011236239.312102,621508.292048052,0.00021910080254164912,2054794.5205479453,3515981.735159817,634931506.8493152,1086438356.164392,826391.6090667372,108423623.70160218,0,0,9891576376.298397,4762946239.312102,251710000,25171,17314.751116895957,19143.545299242654,637.2778176533034,2466.0719999999997,25.03713301707609,7.0,6125.9344957576495,2739.72602739726,25989223.07081899
310,1,0,1276491600.5535002,2466758000.0,0.5174774341680457,2015906614.732264,620068.4053839598,0.00021457082950915288,2054794.5205479453,3515981.735159817,636986301.3698632,1089954337.8995519,830400.8355457153,109254024.5371479,0,0,9890745975.462852,4767686614.732264,251780000,25178,17314.93653698649,19147.374008302504,634.320528683983,2466.758,25.03079742102063,7.0,6127.159682656801,2739.72602739726,25992610.504474252
311,1,0,1276746898.8736107,2467444000.0,0.5174370315490892,2020572973.7494814,618636.4047423864,0.00021629927997575548,2054794.5205479453,3515981.735159817,639041095.8904111,1093470319.6347117,834417.2384902374,110088441.77563813,0,0,9889911558.224361,4772422973.749481,251850000,25185,17315.14577022827,19151.203483104164,631.3862871241065,2467.444,25.024496983219247,7.0,6128.385114593332,2739.72602739726,25995999.16356145
312,1,0,1277002248.2533855,2468130000.0,0.5173966720769917,2025235309.2123532,617212.229272339,0.00021720962578311768,2054794.5205479453,3515981.735159817,641095890.4109591,1096986301.3698716,838440.7928358638,110926882.568474,0,0,9889073117.431526,4777155309.212353,251920000,25192,17315.378579440378,19155.033723800785,628.4748556395919,2468.13,25.018231361602083,7.0,6129.610791616251,2739.72602739726,25999389.04832567
313,1,0,1277257648.7030363,2468816000.0,0.5173563557199226,2029893613.9945786,615795.8187474499,0.00021217162756604312,2054794.5205479453,3515981.735159817,643150684.9315071,1100502283.1050315,842471.4734824843,111769354.04195648,0,0,9888230645.958044,4781883613.994578,251990000,25199,17315.634730491354,19158.864730545545,625.5859999458063,2468.816,25.012000218478875,7.0,6130.8367137745745,2739.72602739726,26002780.15901205
314,1,0,1277513100.2327769,2469502000.0,0.5173160824460871,2034547880.9949918,614387.1135579771,0.00021133872637863404,2054794.5205479453,3515981.735159817,645205479.4520551,1104018264.8401914,846509.25529468,112615863.29725116,0,0,9887384136.70275,4786607880.994991,252060000,25206,17315.913992252325,19162.696503491654,622.7194887606696,2469.502,25.00580322047175,7.0,6132.062881117329,2739.72602739726,26006172.49586577
315,1,0,1277768602.8528235,2470188000.0,0.5172758522237269,2039198103.1375973,612986.0547029286,0.00021026435231307253,2054794.5205479453,3515981.735159817,647260273.9726031,1107534246.5753512,850554.1131020832,113466417.41035324,0,0,9886533582.589647,4791328103.137597,252130000,25213,17316.216136550946,19166.529042792354,619.8750937585946,2470.188,24.9996400384493,7.0,6133.289293693553,2739.72602739726,26009566.05913207
316,1,0,1278024156.573394,2470874000.0,0.5172356650211197,2043844273.3716054,611592.5837823069,0.000209885026425787,2054794.5205479453,3515981.735159817,649315068.4931511,1111050228.310511,854606.0216997388,114321023.43205298,0,0,9885678976.567947,4796044273.371605,252200000,25220,17316.540938126163,19170.362348600913,617.052589525251,2470.874,24.993510347461687,7.0,6134.515951552292,2739.72602739726,26012960.849056225
317,1,0,1278279761.4047086,2471560000.0,0.517195520806579,2048486384.6714647,610206.6429894706,0.00020854169108349487,2054794.5205479453,3515981.735159817,651369863.013699,1114566210.045671,858664.9558484668,115179688.38790146,0,0,9884820311.612099,4800756384.671465,252270000,25227,17316.888174583764,19174.196421070632,614.2517535131353,2471.56,24.98741382667699,7.0,6135.742854742602,2739.72602739726,26016356.865883574
318,1,0,1278535417.3569896,2472246000.0,0.517155419548455,2053124430.0368972,608828.175103614,0.0002080216931167308,2054794.5205479453,3515981.735159817,653424657.534247,1118082191.7808309,862730.8902752231,116042419.27817668,0,0,9883957580.721823,4805464430.036898,252340000,25234,17317.257626352774,19178.031260354845,611.4723659979277,2472.246,24.981350159318698,7.0,6136.9700033135505,2739.72602739726,26019754.109859493
319,1,0,1278791124.440461,2472932000.0,0.5171153612151329,2057758402.4929314,607457.1234823596,0.00020649301728405684,2054794.5205479453,3515981.735159817,655479452.054795,1121598173.5159907,866803.7996734603,116909223.07785013,0,0,9883090776.92215,4810168402.492931,252410000,25241,17317.649076642538,19181.866866606913,608.7142100356239,2472.932,24.97531903260421,7.0,6138.197397314212,2739.72602739726,26023152.58122941
320,1,0,1279046882.665349,2473618000.0,0.5170753457750343,2062388295.0899355,606093.432054463,0.00020698127386465468,2054794.5205479453,3515981.735159817,657534246.575343,1125114155.2511506,870883.6587034907,117780106.73655362,0,0,9882219893.263447,4814868295.089935,252480000,25248,17318.06231140066,19185.703239980234,605.9770714204241,2473.618,24.969320137684523,7.0,6139.425036793675,2739.72602739726,26026552.28023881
321,1,0,1279302692.041882,2474304000.0,0.517035373196617,2067014100.9036505,604737.0453126278,0.00020649508860038761,2054794.5205479453,3515981.735159817,659589041.095891,1128630136.9863105,874970.441992848,118655077.17854647,0,0,9881344922.821453,4819564100.90365,252550000,25255,17318.497119271593,19189.54038062823,603.2607386433641,2474.304,24.96335316958489,7.0,6140.652921801034,2739.72602739726,26029953.207133215
322,1,0,1279558552.5802903,2474990000.0,0.5169954434483737,2071635813.0352216,603387.9083064294,0.00020607778797353656,2054794.5205479453,3515981.735159817,661643835.616439,1132146118.7214704,879064.124136648,119534141.30268312,0,0,9880465858.697317,4824255813.035221,252620000,25262,17318.953291556027,19193.378288704356,600.5650028516733,2474.99,24.95741782714658,7.0,6141.881052385394,2739.72602739726,26033355.362158205
323,1,0,1279814464.2908063,2475676000.0,0.5169555564988336,2076253424.6112313,602045.9666353437,0.00020445961952961147,2054794.5205479453,3515981.735159817,663698630.136987,1135662100.4566302,883164.6796979515,120417305.98238106,0,0,9879582694.017618,4828943424.611231,252690000,25269,17319.43062217094,19197.216964362095,597.8896578088461,2475.676,24.951513812969633,7.0,6143.109428595871,2739.72602739726,26036758.745559406
324,1,0,1280070427.1836643,2476362000.0,0.5169157123165613,2080866928.783731,600711.1664418819,0.00020575054717189795,2054794.5205479453,3515981.735159817,665753424.657535,1139178082.19179,887272.0832081262,121304578.06558919,0,0,9878695421.93441,4833626928.783731,252760000,25276,17319.928907610378,19201.056407754968,595.2344998554114,2476.362,24.945640833356606,7.0,6144.33805048159,2739.72602739726,26040163.35758249
325,1,0,1280326441.2691011,2477048000.0,0.5168759108701572,2085476318.7302716,599383.4544048267,0.00020574218773341372,2054794.5205479453,3515981.735159817,667808219.178083,1142694063.92695,891386.3091672092,122195964.3747564,0,0,9877804035.625244,4838306318.730271,252830000,25283,17320.447946906905,19204.896619036517,592.5993278703869,2477.048,24.939798598257312,7.0,6145.566918091686,2739.72602739726,26043569.198473185
326,1,0,1280582506.557355,2477734000.0,0.5168361521282571,2090081587.653935,598062.7777325696,0.0002052156264386039,2054794.5205479453,3515981.735159817,669863013.6986309,1146210045.6621099,895507.3320442671,123091471.70680067,0,0,9876908528.2932,4842981587.6539345,252900000,25290,17320.98754159373,19208.737598360327,589.9839432334045,2477.734,24.933986821214496,7.0,6146.796031475304,2739.72602739726,26046976.268477265
327,1,0,1280838623.0586665,2478420000.0,0.5167964360595325,2094682728.783365,596749.0841565479,0.00020692134441116107,2054794.5205479453,3515981.735159817,671917808.2191789,1149726027.3972697,899635.1262777614,123991106.83307843,0,0,9876008893.166922,4847652728.783365,252970000,25297,17321.547495667495,19212.57934588,587.3881497874925,2478.42,24.928205219310474,7.0,6148.0253906816,2739.72602739726,26050384.56784055
328,1,0,1281094790.7832782,2479106000.0,0.5167567626326902,2099279735.3727968,595442.321924778,0.00020606043398302805,2054794.5205479453,3515981.735159817,673972602.7397269,1153242009.1324296,903769.6662759078,124894876.49935433,0,0,9875105123.500647,4852319735.372797,253040000,25304,17322.12761555168,19216.421861749175,584.8117538025037,2479.1059999999998,24.922453513114657,7.0,6149.254995759736,2739.72602739726,26053794.096808914
329,1,0,1281351009.7414348,2479792000.0,0.5167171318164728,2103872600.7020874,594142.4397954856,0.0002042044698207226,2054794.5205479453,3515981.735159817,676027397.2602749,1156757990.8675895,907910.9264170398,125802787.42577137,0,0,9874197212.574228,4856982600.702087,253110000,25311,17322.7277100607,19220.265146121525,582.2545639391745,2479.792,24.91673142663207,7.0,6150.484846758887,2739.72602739726,26057204.855628278
330,1,0,1281607279.943383,2480478000.0,0.516677543579658,2108461318.0767453,592849.3870308287,0.00020690394467525003,2054794.5205479453,3515981.735159817,678082191.7808229,1160273972.6027493,912058.8810499704,126714846.30682135,0,0,9873285153.693178,4861641318.076745,253180000,25318,17323.34759036455,19224.109199150746,579.7163912138034,2480.478,24.91103868725261,7.0,6151.714943728239,2739.72602739726,26060616.844544612
331,1,0,1281863601.3993716,2481164000.0,0.516637997891059,2113045880.8279586,591563.1133907144,0.00020768795489024445,2054794.5205479453,3515981.735159817,680136986.3013709,1163789954.3379092,916213.504494355,127631059.8113157,0,0,9872368940.188684,4866295880.827959,253250000,25325,17323.987069954113,19227.954020990575,577.1970489635377,2481.1639999999998,24.905375025701318,7.0,6152.945286716984,2739.72602739726,26064030.063803934
332,1,0,1282119974.1196516,2481850000.0,0.5165984947195243,2117626282.3126252,590283.5691267049,0.00020820018927616795,2054794.5205479453,3515981.735159817,682191780.8219188,1167305936.073069,920374.771041053,128551434.58235675,0,0,9871448565.417643,4870946282.312625,253320000,25332,17324.645964607033,19231.799611794777,574.6963528122543,2481.85,24.899740175989383,7.0,6154.175875774328,2739.72602739726,26067444.513652314
333,1,0,1282376398.1144755,2482536000.0,0.5165590340339377,2122202515.9133804,589010.7049760144,0.00020744912257256273,2054794.5205479453,3515981.735159817,684246575.3424668,1170821917.808229,924542.6549524895,129475977.23730925,0,0,9870524022.762691,4875592515.913381,253390000,25339,17325.324092354156,19235.64597171713,572.2141206370256,2482.536,24.89413387536605,7.0,6155.406710949483,2739.72602739726,26070860.194335867
334,1,0,1282632873.3940983,2483222000.0,0.5165196158032178,2126774575.038625,587744.4721555928,0.0002100496766709601,2054794.5205479453,3515981.735159817,686301369.8630148,1174337899.5433888,928717.1304630189,130404694.36777227,0,0,9869595305.632227,4880234575.038625,253460000,25346,17326.021273446633,19239.493100911473,569.7501725351559,2483.2219999999998,24.888555864271392,7.0,6156.637792291672,2739.72602739726,26074277.106100764
335,1,0,1282889399.9687772,2483908000.0,0.5164802399963192,2131342453.1225533,586484.8223562954,0.00020953895864177956,2054794.5205479453,3515981.735159817,688356164.3835628,1177853881.2785487,932898.1717792861,131337592.53955156,0,0,9868662407.46045,4884872453.122553,253530000,25353,17326.737330323438,19243.340999531658,567.3043307917815,2483.908,24.883005886289695,7.0,6157.869119850131,2739.72602739726,26077695.249193218
336,1,0,1283145977.8487709,2484594000.0,0.5164409065822306,2135906143.6251805,585231.7077371392,0.00021119490020527003,2054794.5205479453,3515981.735159817,690410958.9041108,1181369863.0137086,937085.7530805882,132274678.29263215,0,0,9867725321.707367,4889506143.62518,253600000,25360,17327.47208757958,19247.189667731564,564.8764198480183,2484.594,24.877483688103872,7.0,6159.1006936741005,2739.72602739726,26081114.623859495
337,1,0,1283402607.0443406,2485280000.0,0.5164016155299768,2140465640.032369,583985.0809196399,0.0002111822271776745,2054794.5205479453,3515981.735159817,692465753.4246588,1184885844.7488685,941279.8485192377,133215958.14115138,0,0,9866784041.858849,4894135640.032369,253670000,25367,17328.22537193477,19251.039105665113,562.466266269652,2485.2799999999997,24.87198901945051,7.0,6160.332513812836,2739.72602739726,26084535.230345912
338,1,0,1283659287.5657494,2485966000.0,0.5163623668086166,2145020935.8558557,582744.8949822331,0.00021137973959736334,2054794.5205479453,3515981.735159817,694520547.9452068,1188401826.4840283,945480.432220923,134161438.5733723,0,0,9865838561.426628,4898760935.855856,253740000,25374,17328.9970122026,19254.889313486245,560.0736987163551,2485.966,24.866521633075617,7.0,6161.564580315598,2739.72602739726,26087957.06889883
339,1,0,1283916019.4232626,2486652000.0,0.5163231603872446,2149572024.6332784,581511.1034547747,0.00021327211939815618,2054794.5205479453,3515981.735159817,696575342.4657547,1191917808.2191882,949687.4782850728,135111126.05165738,0,0,9864888873.948343,4903382024.633278,253810000,25381,17329.786839260363,19258.740291348942,557.6985479114239,2486.652,24.861081284691323,7.0,6162.796893231661,2739.72602739726,26091380.139764667
340,1,0,1284172802.6271472,2487338000.0,0.5162839962349899,2154118899.9282007,580283.6603131219,0.0002160837580967091,2054794.5205479453,3515981.735159817,698630136.9863027,1195433789.954348,953900.9607852146,136065027.0124426,0,0,9863934972.987556,4907998899.928201,253880000,25388,17330.594686019234,19262.59203940721,555.340646612025,2487.3379999999997,24.85566773293308,7.0,6164.029452610307,2739.72602739726,26094804.44318988
341,1,0,1284429637.1876726,2488024000.0,0.5162448743210164,2158661555.330139,579062.5199737902,0.0002175388468657934,2054794.5205479453,3515981.735159817,700684931.5068507,1198949771.689508,958120.8537693392,137023147.86621192,0,0,9862976852.133787,4912611555.330139,253950000,25395,17331.420387395032,19266.44455781509,552.9998295799402,2488.024,24.850280739317725,7.0,6165.262258500829,2739.72602739726,26098229.979420986
342,1,0,1284686523.1151102,2488710000.0,0.5162057946145232,2163199984.4545865,577847.637288689,0.0002176273336609427,2054794.5205479453,3515981.735159817,702739726.0273987,1202465753.4246678,962347.1312602608,137985494.99747217,0,0,9862014505.002527,4917219984.454586,254020000,25402,17332.263780279456,19270.297846726655,550.6759335528017,2488.71,24.844920068202153,7.0,6166.4953109525295,2739.72602739726,26101656.74870454
343,1,0,1284943460.419733,2489396000.0,0.5161667570847439,2167734180.9430385,576638.967539931,0.00021939214325149408,2054794.5205479453,3515981.735159817,704794520.5479467,1205981735.1598277,966579.7672559797,138952074.76472816,0,0,9861047925.235271,4921824180.943039,254090000,25409,17333.124703511803,19274.151906295996,548.3687972158081,2489.3959999999997,24.839585486742752,7.0,6167.7286100147185,2739.72602739726,26105084.751287162
344,1,0,1285200449.111817,2490082000.0,0.5161277617009468,2172264138.463016,575436.4664347165,0.00021967274818224486,2054794.5205479453,3515981.735159817,706849315.0684947,1209497716.8949876,970818.7357300435,139922893.5004582,0,0,9860077106.499542,4926424138.4630165,254160000,25416,17334.002997851167,19278.006736677256,546.0782611739098,2490.082,24.834276764855495,7.0,6168.962155736722,2739.72602739726,26108513.987415504
345,1,0,1285457489.2016392,2490768000.0,0.516088808432435,2176789850.7080917,574240.0901002901,0.00021998923590317205,2054794.5205479453,3515981.735159817,708904109.5890427,1213013698.6301475,975064.0106319067,140897957.51109013,0,0,9859102042.48891,4931019850.708092,254230000,25423,17334.89850594905,19281.86233802459,543.8041679244602,2490.768,24.82899367517662,7.0,6170.195948167869,2739.72602739726,26111944.457336277
346,1,0,1285714580.6994796,2491454000.0,0.5160498972485462,2181311311.397912,573049.7950789694,0.0002254568621836579,2054794.5205479453,3515981.735159817,710958904.1095906,1216529680.3653073,979315.5658872956,141877273.07697743,0,0,9858122726.923023,4935611311.397912,254300000,25430,17335.81107232251,19285.718710492194,541.5463618303157,2491.4539999999997,24.823735993024048,7.0,6171.429987357502,2739.72602739726,26115376.161296237
347,1,0,1285971723.6156194,2492140000.0,0.5160110281186528,2185828514.278221,571865.538323244,0.00022252608855757695,2054794.5205479453,3515981.735159817,713013698.6301386,1220045662.1004672,983573.3753985658,142860846.452376,0,0,9857139153.547625,4940198514.278221,254370000,25437,17336.740543327676,19289.575854234292,539.3046890933848,2492.14,24.81850349635943,7.0,6172.664273354973,2739.72602739726,26118809.099542197
348,1,0,1286228917.9603424,2492826000.0,0.5159722010121615,2190341453.120884,570687.2771909434,0.00022609174152021138,2054794.5205479453,3515981.735159817,715068493.1506866,1223561643.835627,987837.4130450647,143848683.8654211,0,0,9856151316.134579,4944781453.120884,254440000,25444,17337.68676713375,19293.43376940514,537.0789977286123,2492.826,24.81329596575077,7.0,6173.898806209644,2739.72602739726,26122243.272321012
349,1,0,1286486163.7439344,2493512000.0,0.5159334158985136,2194850121.7239084,569514.9694404737,0.00022712637234884652,2054794.5205479453,3515981.735159817,717123287.6712346,1227077625.570787,992107.6526834927,144840791.51810458,0,0,9855159208.481895,4949360121.723908,254510000,25451,17338.649593697406,19297.292456159015,534.8691375383908,2493.5119999999997,24.80811318433566,7.0,6175.133585970885,2739.72602739726,26125678.679879587
350,1,0,1286743460.9766831,2494198000.0,0.5158946727471849,2199354513.911468,568348.5732261211,0.00022950500960885748,2054794.5205479453,3515981.735159817,719178082.1917826,1230593607.3059468,996384.0681482631,145837175.58625284,0,0,9854162824.413748,4953934513.9114685,254580000,25458,17339.628874737646,19301.15191465025,532.6749600873942,2494.198,24.80295493778522,7.0,6176.368612688079,2739.72602739726,26129115.32246488
351,1,0,1287000809.6688786,2494884000.0,0.5158559715276857,2203854623.533924,567188.0470934206,0.00022965217683489292,2054794.5205479453,3515981.735159817,721232876.7123306,1234109589.0411067,1000666.6332518627,146837842.2195047,0,0,9853162157.780495,4958504623.533924,254650000,25465,17340.624463711,19305.01214503318,530.4963186778228,2494.884,24.797821014268447,7.0,6177.603886410618,2739.72602739726,26132553.200323895
352,1,0,1287258209.8308122,2495570000.0,0.5158173122095602,2208350444.4678464,566033.3499745908,0.0002335420369022438,2054794.5205479453,3515981.735159817,723287671.2328786,1237625570.7762666,1004955.3217852127,147842797.54128993,0,0,9852157202.45871,4963070444.467846,254720000,25472,17341.63621578724,19308.873147462185,528.3330683250527,2495.5699999999997,24.79271120441738,7.0,6178.839407187899,2739.72602739726,26135992.313703686
353,1,0,1287515661.4727783,2496256000.0,0.5157786947623875,2212841970.616036,564884.4411840319,0.00023588882010025538,2054794.5205479453,3515981.735159817,725342465.7534266,1241141552.5114264,1009250.1075180278,148852047.64880794,0,0,9851147952.351192,4967631970.616035,254790000,25479,17342.66398782536,19312.734922091677,526.1850657336836,2496.256,24.78762530129256,7.0,6180.075175069336,2739.72602739726,26139432.66285136
354,1,0,1287773164.6050727,2496942000.0,0.5157401191557804,2217329195.9075446,563741.2804138861,0.00023407626432087012,2054794.5205479453,3515981.735159817,727397260.2739745,1244657534.2465863,1013550.9641991763,149865598.61300713,0,0,9850134401.386993,4972189195.907545,254860000,25486,17343.707638350068,19316.597469076092,524.0521692739751,2496.942,24.782563100349307,7.0,6181.311190104349,2739.72602739726,26142874.24801407
355,1,0,1288030719.2379937,2497628000.0,0.5157015853593865,2221812114.297695,562603.8277296597,0.00023762149688331334,2054794.5205479453,3515981.735159817,729452054.7945225,1248173515.9817462,1017857.8655570422,150883456.47856417,0,0,9849116543.521437,4976742114.297695,254930000,25493,17344.767027528575,19320.460788569908,521.9342389586669,2497.6279999999997,24.77752439940437,7.0,6182.54745234237,2739.72602739726,26146317.069439016
356,1,0,1288288325.3818412,2498314000.0,0.515663093342887,2226290719.768103,561472.0435659073,0.0002375405426453642,2054794.5205479453,3515981.735159817,731506849.3150705,1251689497.716906,1022170.7852998804,151905627.26386404,0,0,9848094372.736135,4981290719.768103,255000000,25500,17345.842017147792,19324.324880727618,519.8311364201733,2498.314,24.772508998603183,7.0,6183.783961832838,2739.72602739726,26149761.127373453
357,1,0,1288545983.0469174,2499000000.0,0.5156246430759974,2230765006.3266945,560345.8887219739,0.0002403535790887673,2054794.5205479453,3515981.735159817,733561643.8356185,1255205479.452066,1026489.697116181,152932116.9609802,0,0,9847067883.03902,4985835006.3266945,255070000,25507,17346.93247059191,19328.189745703763,517.7427248881461,2499.0,24.767516700387645,7.0,6185.020718625204,2739.72602739726,26153206.422064684
358,1,0,1288803692.2435267,2499686000.0,0.5155862345284674,2235234968.007727,559225.3243577969,0.00024140464215460469,2054794.5205479453,3515981.735159817,735616438.3561665,1258721461.1872258,1030814.5746750232,153962931.53565523,0,0,9846037068.464344,4990374968.007727,255140000,25514,17348.038252820304,19332.055383652903,515.6688691674018,2499.6859999999997,24.76254730946442,7.0,6186.257722768929,2739.72602739726,26156652.953760058
359,1,0,1289061452.9819753,2500372000.0,0.5155478676700809,2239700598.8718085,558110.3119897662,0.00024334069081974463,2054794.5205479453,3515981.735159817,737671232.8767145,1262237442.9223857,1035145.3916264382,154998076.92728168,0,0,9845001923.072718,4994910598.871809,255210000,25521,17349.15923034583,19335.92179472963,513.6094356161996,2500.372,24.75760063277372,7.0,6187.494974313481,2739.72602739726,26160100.722706977
360,1,0,1289319265.2725718,2501058000.0,0.5155095424706552,2244161893.0059147,557000.8134866395,0.00024322533380060602,2054794.5205479453,3515981.735159817,739726027.3972625,1265753424.6575456,1039482.1216017663,156037559.04888344,0,0,9843962440.951117,4999441893.005915,255280000,25528,17350.29527121345,19339.78897908858,511.56429212487245,2501.058,24.752676479458636,7.0,6188.732473308344,2739.72602739726,26163549.72915289
361,1,0,1289577129.1256263,2501744000.0,0.5154712589000419,2248618844.5234084,555896.7910655161,0.00024723000175743223,2054794.5205479453,3515981.735159817,741780821.9178104,1269269406.3927054,1043824.7382140156,157081383.78709745,0,0,9842918616.212902,5003968844.523409,255350000,25535,17351.446244979194,19343.656936884396,509.5333080947968,2501.7439999999997,24.747774660834896,7.0,6189.970219803006,2739.72602739726,26166999.9733453
362,1,0,1289835044.5514514,2502430000.0,0.5154330169281265,2253071447.564058,554798.2072878637,0.0002512819696588425,2054794.5205479453,3515981.735159817,743835616.4383584,1272785388.1278653,1048173.2150582187,158129557.00215566,0,0,9841870442.997845,5008491447.564058,255420000,25542,17352.612022689475,19347.525668271774,507.5163544177006,2502.43,24.74289499036115,7.0,6191.208213846968,2739.72602739726,26170451.45553175
363,1,0,1290093011.5603616,2503116000.0,0.5153948165248281,2257519696.2940536,553705.0250556007,0.00024909620104754756,2054794.5205479453,3515981.735159817,745890410.9589064,1276301369.8630252,1052527.5257117935,159182084.52786747,0,0,9840817915.472132,5013009696.294054,255490000,25549,17353.792476860726,19351.395173405428,505.5133034553,2503.116,24.73803728360974,7.0,6192.446455489737,2739.72602739726,26173904.175959844
364,1,0,1290351030.1626737,2503802000.0,0.5153566576601,2261963584.9060264,552617.2076072313,0.0002546550593820538,2054794.5205479453,3515981.735159817,747945205.4794544,1279817351.598185,1056887.6437348975,160238972.17160237,0,0,9839761027.828398,5017523584.906027,255560000,25556,17354.987481459368,19355.265452440108,503.52402901926,2503.8019999999997,24.733201358237878,7.0,6193.6849447808345,2739.72602739726,26177358.13487723
365,1,0,1290609100.3687062,2504488000.0,0.5153185403039289,2266403107.6190634,551534.7185140335,0.00025424564657647124,2054794.5205479453,3515981.735159817,750000000.0000024,1283333333.333345,1061253.5426707875,161300225.71427315,0,0,9838699774.285727,5022033107.619063,255630000,25563,17356.196911882067,19359.136505530594,501.54840635147406,2504.488,24.728387033959322,7.0,6194.92368176979,2739.72602739726,26180813.332531605
1,1,1,1200000000.0,1470000000.0,0.8163265306122449,505521705.47150624,2472693.034682081,0.004890893917949564,2054794.5205479453,3515981.735159817,2054794.5205479453,3515981.735159817,49070.784201473034,49070.784201473034,0,0,9999950929.2158,3155521705.471506,150000000,15000,26761.923601637114,18000.000000000004,10231.923601637109,1470.0,62.03178557504875,0.0,5760.000000000001,2739.72602739726,25003020.273972604
2,1,1,1200240000.0,1470000000.0,0.8164897959183673,504072323.2387859,2479802.882190495,0.0048524413134209245,2054794.5205479453,3515981.735159817,4109589.0410958906,7031963.470319634,50158.48842808369,99229.27262955673,0,0,9999900770.727371,3161042323.2387857,156970000,15697,26543.66961264233,18003.600000000002,10010.069612642328,1470.0,61.58923507567794,697.0,5761.152,2739.72602739726,25006041.699945208
3,1,1,1200480048.0,1538306000.0,0.7803909287228938,503633215.0989201,2481964.974757441,0.005015585914875153,2054794.5205479453,3515981.735159817,6164383.561643836,10547945.20547945,49884.395573578426,149113.66820313514,0,0,9999850886.331797,3166563215.09892,162930000,16293,26536.49472713291,18007.20072,10067.600007132913,1538.306,58.82285139519164,596.0,5762.304230400001,2739.72602739726,25009064.27814821
4,1,1,1200720144.0096,1596714000.0,0.751994498707721,503964182.91982275,2480334.9967409614,0.005090317623535176,2054794.5205479453,3515981.735159817,8219178.082191781,14063926.940639269,49808.43480511638,198922.10300825152,0,0,9999801077.896992,3172084182.9198227,168120000,16812,26499.215616816786,18010.802160143998,10085.127456672786,1596.714,56.58688968856128,519.0,5763.45669124608,2739.72602739726,25012088.008812062
5,1,1,1200960288.0384018,1647576000.0,0.7289255779632635,504885076.0011153,2475810.9506830396,0.005086511719991569,2054794.5205479453,3515981.735159817,10273972.602739727,17579908.675799087,49883.17441518881,248805.27742344033,0,0,9999751194.722576,3177605076.0011153,172720000,17272,26438.740615658313,18014.40432057603,10071.912295082282,1647.576,54.718208515070344,460.0,5764.609382584329,2739.72602739726,25015112.89216725
6,1,1,1201200480.0960095,1692656000.0,0.7096542239510033,506295778.6067938,2468912.546416453,0.0050727655098860265,2054794.5205479453,3515981.735159817,12328767.123287672,21095890.410958905,50073.650029237586,298878.9274526779,0,0,9999701121.072548,3183125778.606794,176830000,17683,26360.629685535456,18018.007201440145,10035.27848409531,1692.656,53.11258687948281,411.0,5765.762304460846,2739.72602739726,25018138.92844432
7,1,1,1201440720.1920288,1732934000.0,0.6932986023657155,508106194.0061003,2460115.6505189002,0.005086721097375509,2054794.5205479453,3515981.735159817,14383561.643835617,24611872.146118723,50360.856401271805,349239.78385394975,0,0,9999650760.216146,3188646194.0061,180540000,18054,26268.222888329205,18021.610802880434,9979.54608544877,1732.934,51.70962318598878,371.0,5766.915456921738,2739.72602739726,25021166.117873844
8,1,1,1201681008.3360672,1769292000.0,0.6791874989182494,510256242.408962,2449749.5495569957,0.005124366322514218,2054794.5205479453,3515981.735159817,16438356.164383562,28127853.88127854,50727.85284599908,399967.6366999488,0,0,9999600032.3633,3194166242.4089622,183910000,18391,26164.623069345806,18025.21512504101,9908.699944304799,1769.292,50.463863601781455,337.0,5768.068840013123,2739.72602739726,25024194.46068646
9,1,1,1201921344.5377343,1802318000.0,0.6668752931157178,512695855.06118053,2438092.657977186,0.005094291769474135,2054794.5205479453,3515981.735159817,18493150.68493151,31643835.61643836,51163.60348924631,451131.24018919514,0,0,9999548868.759811,3199685855.0611806,186990000,18699,26052.040929271963,18028.820168066013,9825.538761205948,1802.318,49.3450477794576,308.0,5769.222453781124,2739.72602739726,25027223.957112845
10,1,1,1202161728.8066418,1832502000.0,0.6560220555320768,515384972.30621207,2425371.4546750924,0.005107215991029846,2054794.5205479453,3515981.735159817,20547945.205479454,35159817.35159817,51659.010676209065,502790.2508654042,0,0,9999497209.749134,3205204972.306212,189820000,18982,25932.363198121922,18032.425932099628,9732.439266022297,1832.502,48.3302134425851,283.0,5770.376298271882,2739.72602739726,25030254.60738372
11,1,1,1202402161.152403,1860236000.0,0.646370762178779,518293541.6655508,2411760.709931074,0.005072573252323377,2054794.5205479453,3515981.735159817,22602739.7260274,38675799.08675799,52206.89636896136,554997.1472343656,0,0,9999445002.852766,3210723541.6655507,192430000,19243,25807.13960902089,18036.03241728605,9631.343191734843,1860.2359999999999,47.40203206598845,261.0,5771.530373531536,2739.72602739726,25033286.411729857
12,1,1,1202642641.5846336,1885814000.0,0.6377313147450563,521401515.9129162,2397384.6677668137,0.005087788486513544,2054794.5205479453,3515981.735159817,24657534.246575344,42191780.8219178,52802.00834235756,607799.1555767232,0,0,9999392200.844423,3216241515.912916,194840000,19484,25677.58566490248,18039.639623769508,9523.760041132971,1885.8139999999999,46.54764592377945,241.0,5772.684679606242,2739.72602739726,25036319.370382067
13,1,1,1202883170.1129506,1909432000.0,0.6299691060550732,524678851.12282,2382409.7299233275,0.005032555742687339,2054794.5205479453,3515981.735159817,26712328.76712329,45707762.55707762,53441.04580387577,661240.2013805989,0,0,9999338759.79862,3221758851.12282,197080000,19708,25544.596892535614,18043.247551694258,9410.781340841357,1909.432,45.757840337653924,224.0,5773.839216542163,2739.72602739726,25039353.483571213
14,1,1,1203123746.746973,1931384000.0,0.6229334750349869,528115508.76049185,2366906.4423686387,0.005089524212876879,2054794.5205479453,3515981.735159817,28767123.287671234,49223744.29223743,54118.61803589778,715358.8194164967,0,0,9999284641.180584,3227275508.760492,199160000,19916,25409.28226865761,18046.856201204595,9293.810067453018,1931.384,45.022633450210684,208.0,5774.993984385471,2739.72602739726,25042388.751528203
15,1,1,1203364371.4963224,1951768000.0,0.6165509279260252,531691451.6898324,2350987.581288404,0.005003368367610412,2054794.5205479453,3515981.735159817,30821917.80821918,52739726.027397245,54833.32636717047,770192.1457836671,0,0,9999229807.854216,3232791451.6898327,201100000,20110,25272.177034289754,18050.46557244484,9173.479461844918,1951.7679999999998,44.3368645375305,194.0,5776.148983182348,2739.72602739726,25045425.17448399
16,1,1,1203605044.3706217,1970780000.0,0.610725217614661,535386646.26578,2334761.258463414,0.004953182466098155,2054794.5205479453,3515981.735159817,32876712.328767125,56255707.76255706,55581.6797601718,825773.8255438389,0,0,9999174226.174456,3238306646.26578,202920000,20292,25134.03173013407,18054.075665559325,9050.736064574743,1970.78,43.694114078542455,182.0,5777.304212978984,2739.72602739726,25048462.752669573
17,1,1,1203845765.3794959,1988616000.0,0.6053686409942874,539201062.4220442,2318244.690366722,0.004954201115927573,2054794.5205479453,3515981.735159817,34931506.84931507,59771689.497716874,56360.09944370537,882133.9249875443,0,0,9999117866.075012,3243821062.4220443,204620000,20462,24995.540002021342,18057.68648069244,8926.469521328901,1988.616,43.08857758462602,170.0,5778.4596738215805,2739.72602739726,25051501.486316
18,1,1,1204086534.5325718,2005276000.0,0.6004592557496184,543124669.5715003,2301497.3725759694,0.004950896567904739,2054794.5205479453,3515981.735159817,36986301.36986302,63287671.23287669,57169.106251722114,939303.0312392664,0,0,9999060696.968761,3249334669.5715003,206210000,20621,24856.881031252145,18061.298017988578,8800.859013263569,2005.2759999999998,42.51846219722377,159.0,5779.615365756345,2739.72602739726,25054541.37565436
19,1,1,1204327351.8394783,2020858000.0,0.5959485287137831,547137438.7039113,2284617.9251799462,0.004878427905068689,2054794.5205479453,3515981.735159817,39041095.89041097,66803652.9680365,58007.123296826125,997310.1545360925,0,0,9999002689.845465,3254847438.7039113,207710000,20771,24718.45126307218,18064.91027759218,8674.398985480002,2020.858,41.98043255408346,150.0,5780.771288829496,2739.72602739726,25057582.420915794
20,1,1,1204568217.3098462,2035558000.0,0.5917631515829301,551239344.5630169,2267617.5282642622,0.004873622051564239,2054794.5205479453,3515981.735159817,41095890.410958916,70319634.70319632,58870.39660231673,1056180.5511384092,0,0,9998943819.448862,3260359344.563017,209120000,20912,24580.829031578935,18068.523259647693,8547.863771931243,2035.558,41.46972724054934,141.0,5781.927443087262,2739.72602739726,25060624.622331485
21,1,1,1204809130.953308,2049376000.0,0.5878907193962006,555420361.4692512,2250547.669324511,0.004846363405129971,2054794.5205479453,3515981.735159817,43150684.931506865,73835616.43835613,59759.349473575996,1115939.9006119852,0,0,9998884060.099388,3265870361.469251,210450000,21045,24444.119049699748,18072.13696429962,8421.358085400128,2049.3759999999997,40.98525616971547,133.0,5783.083828575879,2739.72602739726,25063667.980132665
22,1,1,1205050092.7794988,2062410000.0,0.5842922080379259,559680465.4734136,2233417.2391431797,0.004765891814813567,2054794.5205479453,3515981.735159817,45205479.45205481,77351598.17351595,60672.2515454807,1176612.152157466,0,0,9998823387.847843,3271380465.4734135,211700000,21170,24308.62230147454,18075.751391692484,8295.280909782057,2062.41,40.52437322139704,125.0,5784.240445341594,2739.72602739726,25066712.49455061
23,1,1,1205291102.7980547,2074660000.0,0.5809583752509109,564009632.2346826,2216274.20625306,0.004747809453188959,2054794.5205479453,3515981.735159817,47260273.97260276,80867579.90867576,61609.49443893409,1238221.6465964,0,0,9998761778.353403,3276889632.2346826,212880000,21288,24174.415356649926,18079.366541970823,8169.708814679103,2074.66,40.086228128703155,118.0,5785.397293430663,2739.72602739726,25069758.165816646
24,1,1,1205532161.0186143,2086224000.0,0.577853653787232,568397839.2102449,2199163.8844665606,0.004716182157554523,2054794.5205479453,3515981.735159817,49315068.49315071,84383561.64383557,62569.28014558417,1300790.9267419842,0,0,9998699209.073257,3282397839.210245,214000000,21400,24041.75802980137,18082.982415279213,8044.999614522157,2086.2239999999997,39.668429648091376,112.0,5786.554372889349,2739.72602739726,25072804.99416214
25,1,1,1205773267.450818,2097200000.0,0.5749443388569607,572845065.7172078,2182090.8912517023,0.004637609000907912,2054794.5205479453,3515981.735159817,51369863.01369866,87899543.37899539,63549.74874493459,1364340.6754869188,0,0,9998635659.324512,3287905065.717208,215060000,21506,23910.880362519503,18086.59901176227,7921.481350757234,2097.2,39.26871968988507,106.0,5787.711683763927,2739.72602739726,25075852.979818508
26,1,1,1206014422.1043081,2107588000.0,0.5722249424955486,577351290.7651638,2165059.6785596106,0.004601702147570066,2054794.5205479453,3515981.735159817,53424657.53424661,91415525.1141552,64551.20775182275,1428891.8832387414,0,0,9998571108.116762,3293411290.765164,216060000,21606,23781.80992264603,18090.21633156462,7799.181591081409,2107.5879999999997,38.88652863365735,100.0,5788.869226100679,2739.72602739726,25078902.123017214
27,1,1,1206255624.988729,2117388000.0,0.5696904039263134,581906493.052129,2148111.449046889,0.004604996942792186,2054794.5205479453,3515981.735159817,55479452.05479456,94931506.84931502,65573.968742659,1494465.8519814005,0,0,9998505534.148018,3298916493.052129,217010000,21701,23654.572092081307,18093.834374830938,7678.125717250368,2117.388,38.521324500145,95.0,5790.0269999459,2739.72602739726,25081952.423989765
28,1,1,1206496876.1137266,2126698000.0,0.5673099218195187,586510653.2282459,2131248.5853748913,0.0045106309705197824,2054794.5205479453,3515981.735159817,57534246.575342506,98447488.58447483,66616.07959107775,1561081.9315724783,0,0,9998438918.068428,3304420653.2282457,217910000,21791,23529.35145444267,18097.4531417059,7558.59631273677,2126.698,38.17106685134342,90.0,5791.1850053458875,2739.72602739726,25085003.882967714
29,1,1,1206738175.4889493,2135518000.0,0.5650798426840463,591163751.6782479,2114473.3526901673,0.004430652772451377,2054794.5205479453,3515981.735159817,59589041.095890455,101963470.31963465,67677.80570578043,1628759.7372782587,0,0,9998371240.262722,3309923751.678248,218760000,21876,23406.150970267772,18101.07263233424,7440.596337933534,2135.518,37.83533193078974,85.0,5792.343242346957,2739.72602739726,25088056.500182666
30,1,1,1206979523.124047,2143848000.0,0.5629967810796507,595855768.5186758,2097823.1076080017,0.0044011337851725145,2054794.5205479453,3515981.735159817,61643835.616438404,105479452.05479446,68759.41528001353,1697519.1525582722,0,0,9998302480.847443,3315425768.518676,219570000,21957,23284.9723320732,18104.692846860708,7324.127485212493,2143.848,37.51372116446632,81.0,5793.501710995426,2739.72602739726,25091110.275866266
31,1,1,1207220919.0286717,2151786000.0,0.5610320538513922,600586685.9180857,2081298.2194055677,0.004409797872015831,2054794.5205479453,3515981.735159817,63698630.13698635,108995433.78995427,69858.85629792024,1767378.0088561925,0,0,9998232621.991144,3320926685.9180856,220340000,22034,23165.959585197434,18108.313785430077,7209.431799767357,2151.786,37.2043536270356,77.0,5794.660411337624,2739.72602739726,25094165.21025021
32,1,1,1207462363.2124774,2159332000.0,0.5591832859479123,605356485.8270694,2064898.9963198104,0.004318714814995103,2054794.5205479453,3515981.735159817,65753424.6575343,112511415.52511409,70976.34672418683,1838354.3555803793,0,0,9998161645.644419,3326426485.8270693,221070000,22107,23049.095003577604,18111.935448187163,7096.491555390438,2159.332,36.90690957037725,73.0,5795.819343419892,2739.72602739726,25097221.303566236
33,1,1,1207703855.6851199,2166486000.0,0.5574482621559151,610155149.9765123,2048659.263218743,0.004269334162219313,2054794.5205479453,3515981.735159817,67808219.17808224,116027397.2602739,72112.10626495782,1910466.4618453372,0,0,9998089533.538155,3331925149.9765124,221770000,22177,22934.360519238497,18115.5578352768,6985.288683961699,2166.486,36.62108603765785,70.0,5796.978507288575,2739.72602739726,25100278.55604613
34,1,1,1207945396.4562569,2173346000.0,0.5557998572046314,614982662.2554929,2032577.6265228994,0.0041959714144506255,2054794.5205479453,3515981.735159817,69863013.69863018,119543378.99543372,73263.97672725125,1983730.4385725884,0,0,9998016269.561428,3337422662.255493,222440000,22244,22821.86475715654,18119.180946843855,6876.02981031269,2173.346,36.345120889136446,67.0,5798.137902990034,2739.72602739726,25103336.967921723
35,1,1,1208186985.5355482,2179912000.0,0.5542365864014457,619839006.3868561,2016652.6906502065,0.004185999317390947,2054794.5205479453,3515981.735159817,71917808.21917813,123059360.73059353,74432.12434466994,2058162.5629172584,0,0,9997941837.437082,3342919006.386856,223080000,22308,22711.57323136378,18122.80478303322,6768.6804483305605,2179.912,36.078769583683965,64.0,5799.297530570631,2739.72602739726,25106396.539424896
36,1,1,1208428622.9326553,2186184000.0,0.5527570519831155,624724165.9262799,2000883.058760223,0.004123557702687963,2054794.5205479453,3515981.735159817,73972602.73972607,126575342.46575335,75616.71628401316,2133779.2792012715,0,0,9997866220.720798,3348414165.92628,223690000,22369,22603.451975974414,18126.429343989832,6663.2066319845835,2186.1839999999997,35.82179873144341,61.0,5800.4573900767455,2739.72602739726,25109457.270787578
37,1,1,1208670308.6572418,2192162000.0,0.5513599399393119,629638124.2613453,1985267.3334646493,0.004062047587577328,2054794.5205479453,3515981.735159817,76027397.26027401,130091324.20091316,76817.92064253698,2210597.1998438085,0,0,9997789402.800156,3353908124.2613454,224270000,22427,22497.46754358374,18130.054629858627,6559.574913725116,2192.162,35.57398562272126,58.0,5801.617481554761,2739.72602739726,25112519.16224174
38,1,1,1208912042.7189732,2197846000.0,0.5500440170598728,634580864.610608,1969804.1175052302,0.004018156222365967,2054794.5205479453,3515981.735159817,78082191.78082195,133607305.93607298,78035.90644517381,2288633.1062889826,0,0,9997711366.893711,3359400864.610608,224820000,22482,22393.58700326513,18133.6806407846,6457.752362480528,2197.846,35.335117785731846,55.0,5802.7778050510715,2739.72602739726,25115582.214019395
39,1,1,1209153825.127517,2203236000.0,0.5488081281930384,639542370.0226741,1954522.575190269,0.00392183609936903,2054794.5205479453,3515981.735159817,80136986.30136989,137123287.6712328,79270.8436417114,2367903.949930694,0,0,9997632096.05007,3364892370.022674,225350000,22535,22291.777938192066,18137.30737691276,6357.7065612793085,2203.236,35.10499257141851,53.0,5803.938360612082,2739.72602739726,25118646.426352613
40,1,1,1209395655.8925424,2208430000.0,0.5476268914534499,644532625.8714604,1939389.7994068237,0.0038878883633717584,2054794.5205479453,3515981.735159817,82191780.82191783,140639269.4063926,80520.40692147976,2448424.356852174,0,0,9997551575.643148,3370382625.8714604,225850000,22585,22192.10587737881,18140.934838388137,6259.601038990675,2208.43,34.881989751148296,50.0,5805.099148284204,2739.72602739726,25121711.7994735
41,1,1,1209637535.0237207,2213330000.0,0.5465238057694608,649541614.9019378,1924434.0490619978,0.0038317473331630253,2054794.5205479453,3515981.735159817,84246575.34246577,144155251.14155242,81787.22523043088,2530211.5820826045,0,0,9997469788.417917,3375871614.901938,226330000,22633,22094.432938233324,18144.563025355812,6163.19991287751,2213.33,34.66736503268728,48.0,5806.26016811386,2739.72602739726,25124778.33361422
42,1,1,1209879462.5307255,2218034000.0,0.5454738126334968,654569322.2225816,1909652.5876826104,0.0037924250945708384,2054794.5205479453,3515981.735159817,86301369.86301371,147671232.87671223,83068.93506406547,2613280.51714667,0,0,9997386719.482853,3381359322.222582,226790000,22679,21998.817129427614,18148.19193796088,6068.659191466732,2218.034,34.45952742867261,46.0,5807.421420147482,2739.72602739726,25127846.02900697
43,1,1,1210121438.4232316,2222542000.0,0.5444762971512942,659615732.827953,1895042.7313807595,0.003723882747909131,2054794.5205479453,3515981.735159817,88356164.38356166,151187214.61187205,84365.65033644908,2697646.167483119,0,0,9997302353.832518,3386845732.827953,227230000,22723,21905.215539199307,18151.821576348477,5975.935962850834,2222.542,34.25832597796104,44.0,5808.582904431511,2739.72602739726,25130914.885884006
44,1,1,1210363462.7109163,2226854000.0,0.5435306772293632,664680831.5983504,1880601.8476479074,0.003658309167535584,2054794.5205479453,3515981.735159817,90410958.9041096,154703196.34703186,85677.48531043819,2783323.652793557,0,0,9997216676.347206,3392330831.5983505,227650000,22765,21813.58640501237,18155.45194066375,5884.98846434862,2226.854,34.06361574038566,42.0,5809.744621012399,2739.72602739726,25133984.904477622
45,1,1,1210605535.4034584,2230970000.0,0.5426364027322009,669754603.2994626,1866355.2200194465,0.0036286291173569228,2054794.5205479453,3515981.735159817,92465753.42465754,158219178.08219168,87004.55459569229,2870328.207389249,0,0,9997129671.79261,3397814603.2994623,228060000,22806,21723.889078558528,18159.083031051876,5795.7760475066525,2230.97,33.87525757567015,41.0,5810.9065699366,2739.72602739726,25137056.085020162
46,1,1,1210847656.510539,2234988000.0,0.5417691980943696,674847035.1982213,1852271.6034943324,0.0035405853387257317,2054794.5205479453,3515981.735159817,94520547.94520548,161735159.8173515,88344.35694905283,2958672.564338302,0,0,9997041327.435661,3403297035.198221,228450000,22845,21636.156190766906,18162.714847658088,5708.429343108818,2234.988,33.69172582911356,39.0,5812.068751250587,2739.72602739726,25140128.427744016
47,1,1,1211089826.041841,2238810000.0,0.5409524819175549,679958111.8699149,1838348.536739198,0.0035115408378248265,2054794.5205479453,3515981.735159817,96575342.46575342,165251141.5525113,89699.5840143526,3048372.148352654,0,0,9996951627.851646,3408778111.869915,228820000,22882,21550.26933538834,18166.347390627616,5622.731944760727,2238.81,33.51429413885012,37.0,5813.231165000837,2739.72602739726,25143201.93288162
48,1,1,1211332044.0070493,2242436000.0,0.5401857818939089,685077817.7744071,1824610.2377987446,0.0034723453521460484,2054794.5205479453,3515981.735159817,98630136.98630136,168767123.28767112,91070.35121557435,3139442.4995682286,0,0,9996860557.500431,3414257817.7744074,229180000,22918,21466.19131144404,18169.980660105743,5538.6466513382975,2242.4359999999997,33.34283874136344,36.0,5814.393811233837,2739.72602739726,25146276.600665458
49,1,1,1211574310.4158506,2245964000.0,0.5394451159572685,690216139.9329515,1811026.9054580973,0.003423841657604947,2054794.5205479453,3515981.735159817,100684931.5068493,172283105.02283093,92454.09716351377,3231896.5967317424,0,0,9996768103.403269,3419736139.9329515,229520000,22952,21383.946939778412,18173.61465623776,5456.296283540652,2245.964,33.175862958397154,34.0,5815.556689996083,2739.72602739726,25149352.43132806
50,1,1,1211816625.2779338,2249296000.0,0.5387537368483,695363062.6137704,1797622.087232294,0.0033496416839940645,2054794.5205479453,3515981.735159817,102739726.02739725,175799086.75799075,93853.57488895643,3325750.1716206986,0,0,9996674249.828379,3425213062.6137705,229850000,22985,21303.432800153085,18177.24937916901,5375.479420984073,2249.296,33.01463923999854,33.0,5816.719801334083,2739.72602739726,25152429.425101995
51,1,1,1212058988.6029894,2252530000.0,0.5380878339480448,700518572.6869631,1784392.3755017803,0.003306392697080433,2054794.5205479453,3515981.735159817,104794520.54794519,179315068.49315056,95266.18251517157,3421016.35413587,0,0,9996578983.645864,3430688572.686963,230170000,23017,21224.668906861018,18180.884829044844,5296.314077816172,2252.5299999999997,32.85768811379825,32.0,5817.88314529435,2739.72602739726,25155507.582219895
52,1,1,1212301400.40071,2255666000.0,0.5374472108905796,705682656.9670509,1771334.4485074552,0.0032664065598444307,2054794.5205479453,3515981.735159817,106849315.06849313,182831050.22831038,96691.97562007306,3517708.3297559433,0,0,9996482291.670244,3436162656.967051,230480000,23048,21147.612002538877,18184.521006010655,5218.756996528222,2255.6659999999997,32.70491579865691,31.0,5819.046721923409,2739.72602739726,25158586.902914423
53,1,1,1212543860.6807902,2258704000.0,0.5368316789985719,710865302.2129706,1758420.3309806716,0.003199387616191478,2054794.5205479453,3515981.735159817,108904109.58904107,186347031.9634702,98131.00978812006,3615839.3395440634,0,0,9996384160.660456,3441635302.2129707,230770000,23077,21072.220215994545,18188.157910211852,5142.766305782691,2258.7039999999997,32.556231781512054,29.0,5820.210531267793,2739.72602739726,25161667.387418296
54,1,1,1212786369.4529264,2261546000.0,0.5362642941832385,716056492.3482398,1745672.322445887,0.0031295036351934717,2054794.5205479453,3515981.735159817,110958904.10958901,189863013.69863,99586.12043872126,3715425.4599827845,0,0,9996284574.540018,3447106492.34824,231050000,23105,20998.40862087476,18191.795541793897,5068.159079080861,2261.546,32.412906595481765,28.0,5821.374573374047,2739.72602739726,25164749.035964273
55,1,1,1213028926.726817,2264290000.0,0.5357215404064042,721256213.980032,1733087.3214973977,0.003090278437057136,2054794.5205479453,3515981.735159817,113013698.63013695,193378995.43378982,101054.62391572884,3816480.083898513,0,0,9996183519.916101,3452576213.980032,231320000,23132,20926.188524799698,18195.433900902255,4995.044623897445,2264.29,32.273490941608955,27.0,5822.538848288721,2739.72602739726,25167831.848785166
56,1,1,1213271532.5121622,2266936000.0,0.535203257838846,726464453.6598277,1720662.3031625017,0.00303046081417445,2054794.5205479453,3515981.735159817,115068493.1506849,196894977.16894963,102536.57591205896,3919016.659810572,0,0,9996080983.340189,3458044453.6598277,231580000,23158,20855.5216589958,18199.072987682433,4923.384671313368,2266.9359999999997,32.13790378705074,26.0,5823.703356058379,2739.72602739726,25170915.826113828
57,1,1,1213514186.8186646,2269484000.0,0.5347092937507665,731681197.883413,1708394.316562969,0.0029642598027177862,2054794.5205479453,3515981.735159817,117123287.67123283,200410958.90410945,104032.03212255338,4023048.6919331253,0,0,9995976951.308067,3463511197.883413,231830000,23183,20786.370954779868,18202.71280227997,4853.142152499898,2269.484,32.00606691491476,25.0,5824.86809672959,2739.72602739726,25174000.96818316
58,1,1,1213756889.6560283,2271934000.0,0.5342395024045717,736906433.0908779,1696280.4826618382,0.002915271333385689,2054794.5205479453,3515981.735159817,119178082.19178078,203926940.63926926,105541.04824295155,4128589.740176077,0,0,9995871410.259825,3468976433.090878,232070000,23207,20718.70049902998,18206.353344840427,4784.281154189554,2271.9339999999997,31.87790482448099,24.0,5826.033070348936,2739.72602739726,25177087.275226112
59,1,1,1213999641.0339594,2274286000.0,0.5337937449529037,742140145.6666169,1684317.9920919293,0.002892599302928875,2054794.5205479453,3515981.735159817,121232876.71232872,207442922.37442908,107063.67996885987,4235653.420144937,0,0,9995764346.579855,3474440145.666617,232300000,23230,20652.47549156366,18209.994615509393,4716.766876054264,2274.286,31.753344635813264,23.0,5827.198276963005,2739.72602739726,25180174.74747568
60,1,1,1214242440.962166,2276540000.0,0.5333718893417932,747372321.9393301,1672526.4815218572,0.0028207900188541115,2054794.5205479453,3515981.735159817,123287671.23287666,210958904.1095889,108599.9829947177,4344253.403139655,0,0,9995655746.59686,3479902321.93933,232530000,23253,20587.66220433074,18213.636614432493,4650.565589898248,2276.54,31.632315998554066,23.0,5828.363716618398,2739.72602739726,25183263.3851649
61,1,1,1214485289.4503584,2278794000.0,0.5329508895715709,752612951.1076052,1660880.2680852208,0.002793144673419005,2054794.5205479453,3515981.735159817,125342465.7534246,214474885.8447487,110147.08743279889,4454400.4905724535,0,0,9995545599.509428,3485362951.107605,232750000,23275,20524.252488715072,18217.279341755377,4585.767146959695,2278.794,31.513415011444323,22.0,5829.529389361721,2739.72602739726,25186353.18852687
62,1,1,1214728186.5082483,2280950000.0,0.5325536230554148,757862019.4298319,1649376.757183888,0.0027518831171216983,2054794.5205479453,3515981.735159817,127397260.27397254,217990867.57990852,111707.93348120296,4566108.424053657,0,0,9995433891.575947,3490822019.429832,232960000,23296,20462.18498161878,18220.922797623727,4522.212183995054,2280.95,31.397917479177913,21.0,5830.695295239592,2739.72602739726,25189444.157794714
63,1,1,1214971132.14555,2283008000.0,0.5321799713998155,763119513.1088074,1638013.415366278,0.002683097242204031,2054794.5205479453,3515981.735159817,129452054.79452048,221506849.31506833,113282.57673228001,4679391.000785937,0,0,9995320608.999214,3496279513.1088076,233160000,23316,20401.42914265833,18224.566982183253,4459.8701604750795,2283.008,31.28575977593554,20.0,5831.86143429864,2739.72602739726,25192536.293201618
64,1,1,1215214126.371979,2284968000.0,0.5318298227248605,768375418.2917417,1626808.9403211505,0.0026191124766525875,2054794.5205479453,3515981.735159817,131506849.31506842,225022831.05022815,114871.07277362164,4794262.073559558,0,0,9995205737.926441,3501735418.291742,233360000,23336,20341.955348537947,18228.211895579687,4398.711452958261,2284.968,31.176880481558296,20.0,5833.0278065855,2739.72602739726,25195629.594980806
65,1,1,1215457169.1972535,2286928000.0,0.5314802954868949,773639724.0798376,1615739.1626790515,0.002577674781702213,2054794.5205479453,3515981.735159817,133561643.83561637,228538812.78538796,116470.46761201246,4910732.54117157,0,0,9995089267.458828,3507189724.079838,233550000,23355,20283.7496425706,18231.857537958804,4338.820104611798,2286.928,31.06989477868855,19.0,5834.194412146817,2739.72602739726,25198724.063365556
66,1,1,1215700260.6310928,2288790000.0,0.5311541297502579,778912416.5504186,1604801.738218404,0.0025436592270179376,2054794.5205479453,3515981.735159817,135616438.3561643,232054794.52054778,118083.78512678482,5028816.326298355,0,0,9994971183.673702,3512642416.550419,233730000,23373,20226.76475228795,18235.503909466395,4280.050842821554,2288.79,30.966075623655726,18.0,5835.361251029246,2739.72602739726,25201819.69858919
67,1,1,1215943400.683219,2290554000.0,0.5308512266828108,784183481.7253324,1594014.7033571838,0.0024808036091717865,2054794.5205479453,3515981.735159817,137671232.87671226,235570776.2557076,119711.08079406573,5148527.40709242,0,0,9994851472.592907,3518093481.7253323,233910000,23391,20170.97379061909,18239.151010248286,4222.376780370805,2290.554,30.865367436214203,18.0,5836.528323279452,2739.72602739726,25204916.500885073
68,1,1,1216186589.3633556,2292318000.0,0.5305488110128506,789462908.643833,1583354.944625965,0.0024459816680502478,2054794.5205479453,3515981.735159817,139726027.39726022,239086757.9908674,121349.33720720433,5269876.744299625,0,0,9994730123.255701,3523542908.643833,234080000,23408,20116.35876459619,18242.798840450338,4165.877924145851,2292.3179999999998,30.766398031127274,17.0,5837.695628944108,2739.72602739726,25208014.470486622
69,1,1,1216429826.6812284,2293984000.0,0.530269533999029,794740683.258241,1572840.0802074429,0.002397381264192384,2054794.5205479453,3515981.735159817,141780821.91780818,242602739.72602722,123001.6412998123,5392878.385599437,0,0,9994607121.6144,3528990683.258241,234250000,23425,20062.88196861304,18246.44740021843,4110.418568394614,2293.984,30.670438359131484,17.0,5838.863168069897,2739.72602739726,25211113.607627295
70,1,1,1216673112.6465647,2295650000.0,0.5299906835304009,800026794.5807062,1562447.6685873186,0.002343717841283146,2054794.5205479453,3515981.735159817,143835616.43835613,246118721.46118703,124664.9332426792,5517543.318842117,0,0,9994482456.681158,3534436794.580706,234410000,23441,20010.52289575055,18250.096689698472,4056.076206052079,2295.65,30.576123922428884,16.0,5840.03094070351,2739.72602739726,25214213.912540603
71,1,1,1216916447.269094,2297218000.0,0.5297348563650006,805311228.4943019,1552194.9226228315,0.0022955198332774594,2054794.5205479453,3515981.735159817,145890410.9589041,249634703.19634685,126342.34211214443,5643885.660954261,0,0,9994356114.339046,3539881228.494302,234570000,23457,19959.249818311047,18253.74670903641,4002.721109274635,2297.218,30.484724317093686,16.0,5841.198946891652,2739.72602739726,25217315.3854601
72,1,1,1217159830.5585477,2298786000.0,0.5294793993692966,810603973.9844407,1542060.0442602863,0.0022282257440186426,2054794.5205479453,3515981.735159817,147945205.47945204,253150684.93150666,128030.76556905982,5771916.426523321,0,0,9994228083.573477,3545323973.984441,234720000,23472,19909.03980303135,18257.39745837822,3950.4283446531326,2298.786,30.39488227988491,15.0,5842.367186681029,2739.72602739726,25220418.026619386
73,1,1,1217403262.5246594,2300256000.0,0.5292468588386072,815895016.8652326,1532059.8534878443,0.002196222054390479,2054794.5205479453,3515981.735159817,150000000.0,256666666.66666648,129733.37491591927,5901649.801439241,0,0,9994098350.19856,3550765016.8652325,234870000,23487,19859.866758399898,18261.04893786989,3899.0738205300086,2300.256,30.307866074298417,15.0,5843.535660118365,2739.72602739726,25223521.83625211
74,1,1,1217646743.1771643,2301726000.0,0.5290146364846051,821194346.0957239,1522173.1688034567,0.002173535357863035,2054794.5205479453,3515981.735159817,152054794.52054796,260182648.4018263,131447.02521657362,6033096.826655814,0,0,9993966903.173344,3556204346.095724,235010000,23501,19811.705409927246,18264.701147657466,3848.730262269778,2301.726,30.222325237249052,14.0,5844.704367250389,2739.72602739726,25226626.814591963
75,1,1,1217890272.5257998,2303098000.0,0.5288052321376684,826491947.4213489,1512416.4293433286,0.0021263628886011247,2054794.5205479453,3515981.735159817,154109589.0410959,263698630.1369861,133174.93008279457,6166271.756738609,0,0,9993833728.243261,3561641947.421349,235150000,23515,19764.534984480873,18268.354087886997,3799.2788965938753,2303.098,30.13952673848869,14.0,5845.873308123839,2739.72602739726,25229732.96187269
76,1,1,1218133850.5803049,2304470000.0,0.5285960982700165,831797809.7751621,1502769.0447248116,0.0020496460902316256,2054794.5205479453,3515981.735159817,156164383.56164387,267214611.87214592,134913.90189468567,6301185.6586332945,0,0,9993698814.341366,3567077809.775162,235280000,23528,19718.327948908824,18272.007758704574,3750.7901902042513,2304.47,30.058126497637033,13.0,5847.042482785463,2739.72602739726,25232840.27832808
77,1,1,1218377477.350421,2305744000.0,0.5284096922079905,837101918.8342139,1493247.0848242922,0.0020515272335313904,2054794.5205479453,3515981.735159817,158219178.08219182,270730593.60730577,136667.19665611506,6437852.85528941,0,0,9993562147.14471,3572511918.8342137,235410000,23541,19673.068552594188,18275.662160256317,3703.150392337869,2305.7439999999997,29.979390244638555,13.0,5848.211891282021,2739.72602739726,25235948.764191967
78,1,1,1218621152.845891,2307018000.0,0.52822351314376,842404263.5059447,1483848.1405563187,0.001991699967908906,2054794.5205479453,3515981.735159817,160273972.60273978,274246575.3424656,138431.58397701202,6576284.439266422,0,0,9993423715.560734,3577944263.5059447,235540000,23554,19628.727083696205,18279.317292688367,3656.4277910078367,2307.018,29.901979879922358,13.0,5849.381533660277,2739.72602739726,25239058.41969823
79,1,1,1218864877.0764601,2308292000.0,0.5280375607056906,847714832.7059304,1474552.469502008,0.0019433968175472066,2054794.5205479453,3515981.735159817,162328767.12328774,277762557.0776254,140207.05572222758,6716491.494988649,0,0,9993283508.50501,3583374832.70593,235660000,23566,19585.280153883898,18282.973156146905,3610.598997736994,2308.292,29.825862557459764,12.0,5850.551409967009,2739.72602739726,25242169.245080803
80,1,1,1219108650.0518754,2309468000.0,0.5278742333956891,853023612.0300332,1465375.614896814,0.001923093401873,2054794.5205479453,3515981.735159817,164383561.6438357,281278538.8127852,141996.93160493852,6858488.426593588,0,0,9993141511.573406,3588803612.030033,235780000,23578,19542.719094222284,18286.629750778135,3565.55734344415,2309.468,29.7523021353273,12.0,5851.721520249002,2739.72602739726,25245281.240573656
81,1,1,1219352471.7818856,2310644000.0,0.5277110934362392,858330590.3687973,1456315.3335394075,0.0018737312700896204,2054794.5205479453,3515981.735159817,166438356.16438365,284794520.547945,143797.91694379074,7002286.343537378,0,0,9992997713.656462,3594230590.3687973,235900000,23590,19501.011130192786,18290.287076728284,3521.3680534645036,2310.644,29.679968791229328,12.0,5852.891864553051,2739.72602739726,25248394.406410813
82,1,1,1219596342.276242,2311820000.0,0.5275481405456489,863645756.621216,1447352.6795179355,0.0018268712100890827,2054794.5205479453,3515981.735159817,168493150.6849316,288310502.28310484,145610.00328915563,7147896.346826534,0,0,9992852103.653173,3599655756.621216,236010000,23601,19460.134895933792,18293.945134143632,3478.009761790161,2311.8199999999997,29.608832601785572,11.0,5854.0624429259615,2739.72602739726,25251508.742826343
83,1,1,1219840261.5446973,2312898000.0,0.5274077203338398,868959096.302733,1438502.692840826,0.0017961041069530334,2054794.5205479453,3515981.735159817,170547945.20547956,291826484.01826465,147436.57419101766,7295332.921017552,0,0,9992704667.078983,3605079096.302733,236120000,23612,19420.088228577846,18297.60392317046,3435.3823054073887,2312.8979999999997,29.540155576415227,11.0,5855.233255414547,2739.72602739726,25254624.250054363
84,1,1,1220084229.597006,2313976000.0,0.5272674520379668,874270598.2878968,1429763.2820409543,0.0017524984040865822,2054794.5205479453,3515981.735159817,172602739.72602752,295342465.75342447,149274.27054402576,7444607.191561578,0,0,9992555392.80844,3610500598.2878966,236230000,23623,19380.835448395013,18301.263443955093,3393.548004439918,2313.976,29.47261550999806,11.0,5856.40430206563,2739.72602739726,25257740.928329032
85,1,1,1220328246.4429255,2315054000.0,0.5271273354500264,879590251.4600223,1421116.2503508315,0.0017121035455157265,2054794.5205479453,3515981.735159817,174657534.24657547,298858447.4885843,151123.0835823124,7595730.275143891,0,0,9992404269.724855,3615920251.4600224,236330000,23633,19342.357005271475,18304.923696643884,3352.487308627591,2315.054,29.406185102158698,10.0,5857.575582926042,2739.72602739726,25260858.77788456
86,1,1,1220572312.092214,2316034000.0,0.5270096691552085,884908041.2549111,1412576.156757887,0.0016811885172245114,2054794.5205479453,3515981.735159817,176712328.76712343,302374429.2237441,152986.4608190855,7748716.735962976,0,0,9992251283.264036,3621338041.254911,236430000,23643,19304.656724053457,18308.584681383214,3312.1060426702425,2316.034,29.342124575588098,10.0,5858.747098042628,2739.72602739726,25263977.79895521
87,1,1,1220816426.5546324,2317014000.0,0.526892123463489,890223956.5320255,1404141.0488092655,0.001632735574391408,2054794.5205479453,3515981.735159817,178767123.2876714,305890410.9589039,154860.97859344535,7903577.714556421,0,0,9992096422.285444,3626753956.5320253,236530000,23653,19267.696169842817,18312.24639831949,3272.4637715233243,2317.0139999999997,29.279118717332576,10.0,5859.918847462236,2739.72602739726,25267097.991775278
88,1,1,1221060589.8399434,2317994000.0,0.5267746982261142,895537986.1599118,1395809.0213013098,0.0016125163326609093,2054794.5205479453,3515981.735159817,180821917.80821934,309406392.6940637,156746.62782157047,8060324.342377991,0,0,9991939675.657621,3632167986.1599116,236630000,23663,19231.457425819448,18315.908847599152,3233.5425782202956,2317.9939999999997,29.217142585014045,10.0,5861.090831231729,2739.72602739726,25270219.356579114
89,1,1,1221304801.9579113,2318974000.0,0.5266573932945825,900860119.0162951,1387562.8120434112,0.0015643637840654014,2054794.5205479453,3515981.735159817,182876712.3287673,312922374.42922354,158643.39932457526,8218967.741702567,0,0,9991781032.258297,3637580119.016295,236720000,23672,19195.92311490137,18319.572029368668,3195.3250855326974,2318.9739999999997,29.156171967597395,9.0,5862.263049397974,2739.72602739726,25273341.893601116
90,1,1,1221549062.9183028,2319856000.0,0.5265624516859249,906180340.4459358,1379416.3746532854,0.0015411672083766503,2054794.5205479453,3515981.735159817,184931506.84931526,316438356.16438335,160554.8260671428,8379522.56776971,0,0,9991620477.43223,3642990340.4459357,236810000,23681,19161.104354300143,18323.235943774544,3157.724410525599,2319.8559999999998,29.097464745685077,9.0,5863.435502007854,2739.72602739726,25276465.603075728
91,1,1,1221793372.7308865,2320738000.0,0.5264676032929553,911498639.3035073,1371367.9276089326,0.0014947747463073334,2054794.5205479453,3515981.735159817,186986301.3698632,319954337.89954317,162477.3981363919,8541999.965906102,0,0,9991458000.034094,3648398639.3035073,236900000,23690,19126.95928673997,18326.900590963298,3120.796695776672,2320.738,29.039714146236783,9.0,5864.608189108256,2739.72602739726,25279590.485237442
92,1,1,1222037731.4054327,2321620000.0,0.5263728480136425,916815004.4531814,1363415.7315581392,0.001468049181672866,2054794.5205479453,3515981.735159817,189041095.89041117,323470319.634703,164411.10603381766,8706411.07193992,0,0,9991293588.92806,3653805004.4531813,236990000,23699,19093.471953881017,18330.56597108149,3084.525982799526,2321.62,28.982898008743476,9.0,5865.781110746077,2739.72602739726,25282716.54032079
93,1,1,1222282138.9517138,2322502000.0,0.5262781857461107,922139424.7687235,1355543.3879356352,0.0014345049491233251,2054794.5205479453,3515981.735159817,191095890.41095912,326986301.3698628,166355.94016581238,8872767.012105731,0,0,9991127232.987894,3659209424.7687235,237070000,23707,19060.62686765408,18334.23208427571,3048.89678337837,2322.502,28.9269948090553,8.0,5866.954266968227,2739.72602739726,25285843.768560365
94,1,1,1222526595.3795042,2323286000.0,0.5262058116734247,927461885.5053135,1347764.27962748,0.0014044308536190825,2054794.5205479453,3515981.735159817,193150684.93150708,330502283.1050226,168315.51911786533,9041082.531223597,0,0,9990958917.468777,3664611885.5053134,237150000,23715,19028.441699322124,18337.898930692565,3013.828768629558,2323.286,28.873260174071568,8.0,5868.12765782162,2739.72602739726,25288972.170190793
95,1,1,1222771100.69858,2324070000.0,0.5261335074668921,932782375.5144719,1340076.7776198403,0.0013732661448912723,2054794.5205479453,3515981.735159817,195205479.45205504,334018264.8401824,170286.2465494823,9211368.777773079,0,0,9990788631.222227,3670012375.514472,237230000,23723,18996.87140097743,18341.5665104787,2979.374890498731,2324.0699999999997,28.820394925209147,8.0,5869.301283353184,2739.72602739726,25292101.74544675
96,1,1,1223015654.9187198,2324854000.0,0.5260612730600372,938100883.6576339,1332479.290634811,0.0013461688514133572,2054794.5205479453,3515981.735159817,197260273.972603,337534246.57534224,172268.11254585467,9383636.890318934,0,0,9990616363.10968,3675410883.657634,237310000,23731,18965.901720926602,18345.234823780796,2945.5208971458032,2324.854,28.76837932654319,8.0,5870.475143609855,2739.72602739726,25295232.494562965
97,1,1,1223260258.0497036,2325638000.0,0.5259891083864744,943417398.8062447,1324970.2640439996,0.0013116337300250083,2054794.5205479453,3515981.735159817,199315068.49315095,341050228.31050205,174261.10709706228,9557897.997415997,0,0,9990442102.002584,3680807398.806245,237390000,23739,18935.51881851865,18348.903870745555,2912.252947773094,2325.638,28.71719419740379,8.0,5871.649238638578,2739.72602739726,25298364.417774208
98,1,1,1223504910.1013136,2326422000.0,0.5259170133799086,948731909.8418543,1317548.1788194284,0.0012864231005614679,2054794.5205479453,3515981.735159817,201369863.0136989,344566210.04566187,176265.22009820823,9734163.217514206,0,0,9990265836.782486,3686201909.841854,237470000,23747,18905.709250000615,18352.573651519706,2879.5575984809066,2326.422,28.666820893841354,8.0,5872.823568486306,2739.72602739726,25301497.515315298
99,1,1,1223749611.0833337,2327206000.0,0.5258449879741345,954054405.6562127,1310197.8174297565,0.0012518685262188052,2054794.5205479453,3515981.735159817,203424657.53424686,348082191.7808217,178280.441349556,9912443.658863762,0,0,9990087556.341137,3691594405.656213,237540000,23754,18876.459954937724,18356.24416625001,2847.4217886877113,2327.2059999999997,28.617241290805662,7.0,5873.9981332000025,2739.72602739726,25304631.787421104
100,1,1,1223994361.0055504,2327892000.0,0.5257951661870699,959374871.3938001,1302931.7707519135,0.0012297268131904833,2054794.5205479453,3515981.735159817,205479452.05479482,351598173.5159815,180310.51812040238,10092754.176984165,0,0,9989907245.823015,3696984871.3938003,237610000,23761,18847.797278142858,18359.91541508326,2815.773863059599,2327.892,28.56970770130392,7.0,5875.172932826642,2739.72602739726,25307767.234326534
101,1,1,1224239159.8777514,2328578000.0,0.5257453947764479,964693295.9253435,1295748.6128282882,0.0012056990254577659,2054794.5205479453,3515981.735159817,207534246.57534277,355114155.2511413,182351.72416442714,10275105.901148591,0,0,9989724894.098852,3702373295.9253435,237680000,23768,18819.671821332413,18363.587398166273,2784.6624231661426,2328.578,28.52293097178376,7.0,5876.347967413207,2739.72602739726,25310903.85626655
102,1,1,1224484007.7097268,2329264000.0,0.525695673701962,970009668.1320921,1288646.9496815295,0.0011784286253338227,2054794.5205479453,3515981.735159817,209589041.09589073,358630136.9863011,184404.04895931113,10459509.950107902,0,0,9989540490.049892,3707759668.132092,237750000,23775,18792.07153194091,18367.260115645906,2754.0754162950025,2329.2639999999997,28.47689444071875,7.0,5877.523237006689,2739.72602739726,25314041.65347616
103,1,1,1224728904.5112686,2329950000.0,0.525646002923354,975323976.905912,1281625.418422989,0.001146958764760724,2054794.5205479453,3515981.735159817,211643835.6164387,362146118.72146094,186467.4818879315,10645977.431995833,0,0,9989354022.568005,3713143976.905912,237820000,23782,18764.984693994167,18370.93356766903,2724.0011263251367,2329.95,28.43158190118454,7.0,5878.69874165409,2739.72602739726,25317180.62619042
104,1,1,1224973850.2921708,2330636000.0,0.5255963824004137,980636211.1493814,1274682.6863908246,0.0011321733015724786,2054794.5205479453,3515981.735159817,213698630.13698664,365662100.45662075,188542.01223850794,10834519.444234341,0,0,9989165480.555765,3718526211.1493816,237890000,23789,18738.399916892202,18374.607754382563,2694.428162509639,2330.636,28.386977586134122,7.0,5879.87448140242,2739.72602739726,25320320.774644427
105,1,1,1225218845.0622292,2331322000.0,0.5255468120929795,985946359.7758845,1267817.4503166187,0.001103771353442065,2054794.5205479453,3515981.735159817,215753424.6575346,369178082.19178057,190627.62920475105,11025147.073439093,0,0,9988974852.926561,3723906359.7758846,237960000,23796,18712.306124625735,18378.28267593344,2665.3454486922956,2331.322,28.34306615422356,7.0,5881.0504562987,2739.72602739726,25323462.09907333
106,1,1,1225463888.8312416,2332008000.0,0.5254972919609373,991254411.7097063,1261028.4355194196,0.0010727683348648966,2054794.5205479453,3515981.735159817,217808219.17808256,372694063.9269404,192724.3218860114,11217871.395325106,0,0,9988782128.604675,3729284411.7097063,238030000,23803,18686.692545407415,18381.958332468625,2636.7422129387905,2332.008,28.299832676165103,7.0,5882.22666638996,2739.72602739726,25326604.599712327
107,1,1,1225708981.6090078,2332694000.0,0.5254478219642216,996560355.8861268,1254314.3951261558,0.00105677985857082,2054794.5205479453,3515981.735159817,219863013.6986305,376210045.6621002,194832.07928743152,11412703.474612538,0,0,9988587296.525387,3734660355.8861265,238100000,23810,18661.548701699565,18385.634724135118,2608.6079775644484,2332.694,28.25726262158546,7.0,5883.403111723238,2739.72602739726,25329748.276796654
108,1,1,1225954123.4053297,2333380000.0,0.5253984020628143,1001874181.2515146,1247661.6559162617,0.0010386773915772283,2054794.5205479453,3515981.735159817,221917808.21917847,379726027.39726,196950.8903200986,11609654.364932636,0,0,9988390345.635067,3740034181.2515144,238160000,23816,18636.864400621213,18389.311851079947,2580.9325495412672,2333.38,28.215341846368098,6.0,5884.579792345583,2739.72602739726,25332893.130561605
109,1,1,1226199314.2300107,2333968000.0,0.5253710908761434,1007185872.811562,1241081.744435747,0.00101421006842624,2054794.5205479453,3515981.735159817,223972602.73972642,383242009.1324198,199084.6956605161,11808739.060593152,0,0,9988191260.939407,3745405872.811562,238220000,23822,18612.67679856505,18392.989713450163,2553.6550851148895,2333.968,28.175317725306265,6.0,5885.756708304052,2739.72602739726,25336039.161242515
110,1,1,1226444554.0928566,2334556000.0,0.5253438144524512,1012495419.4934582,1234573.486392044,0.0009906192314303262,2054794.5205479453,3515981.735159817,226027397.26027438,386757990.86757964,201229.5738116078,12009968.63440476,0,0,9987990031.365595,3750775419.4934583,238280000,23828,18588.930790438026,18396.668311392852,2526.8184790451737,2334.556,28.13591389333118,6.0,5886.933859645712,2739.72602739726,25339186.369074766
111,1,1,1226689843.0036752,2335144000.0,0.5253165727696772,1017802810.235805,1228135.732608572,0.0009669791981087288,2054794.5205479453,3515981.735159817,228082191.78082234,390273972.60273945,203385.51336100357,12213354.147765763,0,0,9987786645.852234,3756142810.235805,238340000,23834,18565.61693166366,18400.34764505513,2500.413286608527,2335.144,28.0971173020782,6.0,5888.111246417641,2739.72602739726,25342334.75429379
112,1,1,1226935180.972276,2335732000.0,0.5252893658057842,1023108033.9887105,1221767.358356808,0.0009472299524801723,2054794.5205479453,3515981.735159817,230136986.3013703,393789954.33789927,205552.50280238112,12418906.650568144,0,0,9987581093.349432,3761508033.9887104,238400000,23840,18542.726029251568,18404.02771458414,2474.4303146674265,2335.732,28.058915243512978,6.0,5889.288868666925,2739.72602739726,25345484.31713506
113,1,1,1227180568.0084703,2336320000.0,0.5252621935387577,1028411079.7138828,1215467.2627095582,0.0009321976535689568,2054794.5205479453,3515981.735159817,232191780.82191825,397305936.0730591,207730.53053562867,12626637.181103773,0,0,9987373362.818895,3766871079.713883,238460000,23846,18520.249133798083,18407.708520127057,2448.8606136710255,2336.3199999999997,28.021295339385944,6.0,5890.466726440658,2739.72602739726,25348635.057834104
114,1,1,1227426004.122072,2336908000.0,0.5252350559466064,1033711936.3847237,1209234.3679146543,0.0009229789967198875,2054794.5205479453,3515981.735159817,234246575.3424662,400821917.8082189,209919.584867009,12836556.765970783,0,0,9987163443.23403,3772231936.3847237,238520000,23852,18498.177531782007,18411.39006183108,2423.6954699509256,2336.908,27.984245531064246,6.0,5891.644819785946,2739.72602739726,25351786.976626493
115,1,1,1227671489.3228965,2337496000.0,0.5252079530073619,1039010592.9864222,1203067.6187883196,0.0009081443339423016,2054794.5205479453,3515981.735159817,236301369.86301416,404337899.5433787,212119.65400932505,13048676.419980109,0,0,9986951323.580019,3777590592.986422,238580000,23858,18476.5027381432,18415.07233984345,2398.92639829975,2337.496,27.947754069726017,6.0,5892.823148749903,2739.72602739726,25354940.073747847
116,1,1,1227917023.620761,2338084000.0,0.5251808846990788,1044307038.516048,1196965.982127493,0.0008768361554313115,2054794.5205479453,3515981.735159817,238356164.38356212,407853881.2785385,214330.72608208784,13263007.146062197,0,0,9986736992.853937,3782947038.516048,238640000,23864,18455.21648913212,18418.755354311415,2374.5451348207007,2338.084,27.911809506902152,6.0,5894.001713379653,2739.72602739726,25358094.349433832
117,1,1,1228162607.025485,2338672000.0,0.5251538509998346,1049601261.9826441,1190928.4461404209,0.0008640827043846937,2054794.5205479453,3515981.735159817,240410958.90411007,411369863.01369834,216552.78911168524,13479559.935173882,0,0,9986520440.064827,3788301261.982644,238700000,23870,18434.310735419138,18422.439105382276,2350.543630036859,2338.672,27.876400685351836,6.0,5895.180513722328,2739.72602739726,25361249.803920157
118,1,1,1228408239.54689,2339260000.0,0.5251268518877295,1054893252.4073204,1184954.019894858,0.0008467350211071463,2054794.5205479453,3515981.735159817,242465753.42465803,414885844.74885815,218785.831031553,13698345.766205436,0,0,9986301654.233795,3793653252.4073205,238760000,23876,18413.777635452858,18426.123593203352,2326.9140422495043,2339.2599999999998,27.8415167302584,6.0,5896.359549825072,2739.72602739726,25364406.437442586
119,1,1,1228653921.1947994,2339848000.0,0.5250998873408869,1060182998.8233459,1179041.7327832456,0.0008313077356915971,2054794.5205479453,3515981.735159817,244520547.945206,418401826.48401797,221029.8396823474,13919375.605887784,0,0,9986080624.394112,3799002998.823346,238820000,23882,18393.609549057197,18429.808817921992,2303.648731135203,2339.848,27.807147040732712,6.0,5897.538821735037,2739.72602739726,25367564.250236925
120,1,1,1228899651.9790382,2340436000.0,0.5250729573374526,1065470490.2762417,1173190.6340042618,0.000819505452231395,2054794.5205479453,3515981.735159817,246575342.46575394,421917808.2191778,223284.802812119,14142660.408699902,0,0,9985857339.591301,3804350490.276242,238880000,23888,18373.799031257513,18433.494779685578,2280.740251571933,2340.4359999999997,27.773281281612082,6.0,5898.718329499384,2739.72602739726,25370723.24253903
121,1,1,1229145431.909434,2341024000.0,0.5250460618555957,1070755715.823873,1167399.7920601587,0.0008027504926524383,2054794.5205479453,3515981.735159817,248630136.9863019,425433789.9543376,225550.70807648893,14368211.11677639,0,0,9985631788.883224,3809695715.823873,238940000,23894,18354.338826326417,18437.181478641513,2258.1813476849056,2341.024,27.739909375542997,6.0,5899.898073165284,2739.72602739726,25373883.4145848
122,1,1,1229391260.995816,2341612000.0,0.5250192008735076,1076038664.536542,1161668.294269333,0.0007961165056721834,2054794.5205479453,3515981.735159817,250684931.50684986,428949771.6894974,227827.54303882617,14596038.659815216,0,0,9985403961.340185,3815038664.536542,239000000,23900,18335.221862040446,18440.86891493724,2235.9649471032044,2341.612,27.70702149533645,6.0,5901.078052779917,2739.72602739726,25377044.766610187
123,1,1,1229637139.2480152,2342200000.0,0.5249923743694027,1081319325.4970791,1155995.2462935909,0.000782548493720489,2054794.5205479453,3515981.735159817,252739726.0273978,432465753.4246572,230115.2951704266,14826153.954985643,0,0,9985173846.045013,3820379325.497079,239060000,23906,18316.441244138983,18444.557088720227,2214.0841554187573,2342.2,27.67460805658533,6.0,5902.258268390473,2739.72602739726,25380207.29885118
124,1,1,1229883066.6758647,2342788000.0,0.5249655823215181,1086597687.8009362,1150379.7716795937,0.0007632307190830165,2054794.5205479453,3515981.735159817,254794520.54794577,435981735.15981704,232413.95185069393,15058567.906836336,0,0,9984941432.093164,3825717687.800936,239120000,23912,18297.990250977502,18448.246000137973,2192.53225083953,2342.788,27.642659710533806,6.0,5903.438720044151,2739.72602739726,25383371.01154383
125,1,1,1230129043.2891998,2343376000.0,0.5249388247081134,1091873740.5562766,1144821.011413992,0.0007567021958958679,2054794.5205479453,3515981.735159817,256849315.06849372,439497716.89497685,234723.50036732224,15293291.40720366,0,0,9984706708.592796,3831053740.5562763,239180000,23918,18279.8623283672,18451.935649338,2171.3026790291983,2343.3759999999997,27.611167337188675,6.0,5904.619407788159,2739.72602739726,25386535.90492422
126,1,1,1230375069.0978577,2343964000.0,0.524912101507471,1097147472.8840678,1139318.1234917715,0.0007440646733865415,2054794.5205479453,3515981.735159817,258904109.58904168,443013698.63013667,237043.92791647947,15530335.33512014,0,0,9984469664.66488,3836387472.8840675,239240000,23924,18262.051084593782,18455.626036467867,2150.3890481259136,2343.964,27.580122038663646,6.0,5905.800331669718,2739.72602739726,25389701.979228497
127,1,1,1230621144.1116772,2344552000.0,0.5248854126978959,1102418873.9181726,1133870.282497356,0.0007293151386196003,2054794.5205479453,3515981.735159817,260958904.10958964,446529680.3652965,239375.22160299387,15769710.556723133,0,0,9984230289.443277,3841718873.918173,239300000,23930,18244.55028560824,18459.31716167516,2129.7851239330776,2344.5519999999997,27.549515132747533,6.0,5906.981491736051,2739.72602739726,25392869.234692838
128,1,1,1230867268.3404994,2345140000.0,0.5248587582577157,1107687932.8054397,1128476.6791980318,0.0007203228904362949,2054794.5205479453,3515981.735159817,263013698.6301376,450045662.1004563,241717.3684405408,16011427.925163673,0,0,9983988572.074837,3847047932.80544,239360000,23936,18227.35385038288,18463.009025107494,2109.484825275385,2345.14,27.519338146687762,6.0,5908.162888034398,2739.72602739726,25396037.671553478
129,1,1,1231113441.7941675,2345728000.0,0.5248321381652806,1112954638.7057955,1123136.5201492696,0.0007115091065873228,2054794.5205479453,3515981.735159817,265068493.15068555,453561643.8356161,244070.3553518318,16255498.280515505,0,0,9983744501.719484,3852374638.7057953,239420000,23942,18210.455846426183,18466.701626912512,2089.4822195136694,2345.728,27.48958281118116,6.0,5909.344520612004,2739.72602739726,25399207.290046696
130,1,1,1231359664.4825263,2346316000.0,0.5248055523989634,1118218980.7923346,1117849.027311542,0.0007070307353435546,2054794.5205479453,3515981.735159817,267123287.6712335,457077625.5707759,246434.169168805,16501932.44968431,0,0,9983498067.550316,3857698980.7923346,239480000,23948,18193.850485450268,18470.394967237895,2069.771518212373,2346.316,27.460241054564072,6.0,5910.526389516126,2739.72602739726,25402378.090408817
131,1,1,1231605936.4154227,2346904000.0,0.5247790009371592,1123480948.2514095,1112613.437678245,0.0006986805011711759,2054794.5205479453,3515981.735159817,269178082.19178146,460593607.30593574,248808.79663281757,16750741.246317128,0,0,9983249258.753683,3863020948.2514095,239540000,23954,18177.532119185085,18474.08904623134,2050.3470729537426,2346.904,27.431304997194374,6.0,5911.708494794029,2739.72602739726,25405550.072876215
132,1,1,1231852257.6027057,2347492000.0,0.5247524837582858,1128740530.2827225,1107429.0029143544,0.0006921538343184301,2054794.5205479453,3515981.735159817,271232876.7123294,464109589.04109555,251194.22439483923,17001935.470711965,0,0,9982998064.529287,3868340530.2827225,239600000,23960,18161.49523533368,18477.78386404059,2031.2033712930886,2347.4919999999997,27.402766946018204,6.0,5912.890836492988,2739.72602739726,25408723.23768531
133,1,1,1232098628.0542262,2348080000.0,0.5247260008407831,1133997716.0994146,1102294.9890054546,0.000678907699558159,2054794.5205479453,3515981.735159817,273287671.2328773,467625570.77625537,253590.43901564757,17255525.909727614,0,0,9982744474.090273,3873657716.099415,239660000,23966,18145.734453663106,18481.479420813394,2012.3350328497122,2348.08,27.374619389314503,6.0,5914.073414660285,2739.72602739726,25411897.585072577
134,1,1,1232345047.779837,2348668000.0,0.5246995521631141,1139252494.9281564,1097210.6759167926,0.0006757573872168654,2054794.5205479453,3515981.735159817,275342465.75342524,471141552.5114152,255997.42696602535,17511523.33669364,0,0,9982488476.663307,3878972494.9281564,239720000,23972,18130.24452222587,18485.175716697555,1993.7368055283146,2348.668,27.346854991610815,6.0,5915.2562293432175,2739.72602739726,25415073.115274526
135,1,1,1232591516.789393,2349256000.0,0.5246731377037637,1144504856.009237,1092175.3572620281,0.0006668162586882824,2054794.5205479453,3515981.735159817,277397260.27397317,474657534.246575,258415.17462695838,17769938.5113206,0,0,9982230061.48868,3884284856.0092373,239780000,23978,18115.020313706835,18488.872751840896,1975.403561865941,2349.256,27.31946658876392,6.0,5916.439280589087,2739.72602739726,25418249.82852772
136,1,1,1232838035.0927508,2349844000.0,0.524646757441239,1149754788.596655,1087188.3399813583,0.0006519698012283765,2054794.5205479453,3515981.735159817,279452054.7945211,478173515.9817348,260843.66828983635,18030782.179610435,0,0,9981969217.820389,3889594788.596655,239840000,23984,18100.056821890976,18492.570526391264,1957.3302954997114,2349.844,27.292447183199393,6.0,5917.622568445205,2739.72602739726,25421427.725068767
137,1,1,1233084602.6997693,2350432000.0,0.5246204113540699,1155002281.958206,1082248.9440287065,0.0006528541463518452,2054794.5205479453,3515981.735159817,281506849.315069,481689497.7168946,263282.89415665413,18294065.07376709,0,0,9981705934.926233,3894902281.958206,239900000,23990,18085.34915824734,18496.26904049654,1939.5121177507995,2350.432,27.265789939304103,6.0,5918.806092958893,2739.72602739726,25424606.80513433
138,1,1,1233331219.620309,2351020000.0,0.5245940994208085,1160247325.3755734,1077356.5020676847,0.0006508454453973873,2054794.5205479453,3515981.735159817,283561643.83561695,485205479.45205444,265732.83834021527,18559797.912107304,0,0,9981440202.087893,3900207325.375573,239960000,23996,18070.89254862494,18499.96829430464,1921.9442543203013,2351.02,27.239488178966287,6.0,5919.989854177485,2739.72602739726,25427787.068961114
139,1,1,1233577885.8642333,2351608000.0,0.524567821620029,1165489908.1444168,1072510.3591760367,0.0006410630797497736,2054794.5205479453,3515981.735159817,285616438.3561649,488721461.18721426,268193.4868643364,18827991.39897164,0,0,9981172008.601028,3905509908.144417,240020000,24002,18056.682330056334,18503.6682879635,1904.622042092833,2351.6079999999997,27.213535377257607,6.0,5921.17385214832,2739.72602739726,25430968.516785868
140,1,1,1233824601.441406,2352196000.0,0.5245415779303281,1170730019.5744605,1067709.8725582925,0.0006359062399883998,2054794.5205479453,3515981.735159817,287671232.8767128,492237442.92237407,270664.82566405414,19098656.224635694,0,0,9980901343.775364,3910810019.5744605,240080000,24008,18042.713947664946,18507.36902162109,1887.5409260438582,2352.196,27.18792515825219,6.0,5922.358086918749,2739.72602739726,25434151.14884539
141,1,1,1234071366.3616943,2352784000.0,0.5245153683303245,1175967648.9895823,1062954.4112663663,0.0006420455083791163,2054794.5205479453,3515981.735159817,289726027.3972607,495753424.6575339,273146.8405858328,19371803.065221526,0,0,9980628196.934778,3916107648.989582,240140000,24014,18028.98295167233,18511.070495425418,1870.6964562469109,2352.784,27.162651290977855,6.0,5923.542558536134,2739.72602739726,25437334.96537653
142,1,1,1234318180.6349666,2353372000.0,0.5244891927986594,1181202785.7279022,1058243.3559278448,0.0006292140317123268,2054794.5205479453,3515981.735159817,291780821.91780865,499269406.3926937,275639.5173877736,19647442.5826093,0,0,9980352557.41739,3921402785.7279024,240200000,24020,18015.48499450155,18514.7727095245,1854.0842849770495,2353.372,27.137707685494433,6.0,5924.72726704784,2739.72602739726,25440519.966616184
143,1,1,1234565044.2710936,2353960000.0,0.5244630513139958,1186435419.14187,1053576.0984817187,0.0006291988334820535,2054794.5205479453,3515981.735159817,293835616.4383566,502785388.1278535,278142.8417398267,19925585.424349125,0,0,9980074414.575651,3926695419.14187,240260000,24026,18002.21582797343,18518.475664066405,1837.7001639070234,2353.96,27.113088389095054,6.0,5925.91221250125,2739.72602739726,25443706.15280129
144,1,1,1234811957.2799478,2354548000.0,0.5244369438550192,1191665538.5983539,1048952.041921321,0.000633559480955177,2054794.5205479453,3515981.735159817,295890410.9589045,506301369.8630133,280656.7992240024,20206242.22357313,0,0,9979793757.776426,3931985538.598354,240320000,24032,17989.171300591985,18522.179359199217,1821.539941392767,2354.548,27.088787582625766,6.0,5927.097394943749,2739.72602739726,25446893.524168838
145,1,1,1235058919.6714036,2355136000.0,0.524410870400437,1196893133.478727,1044370.6000442446,0.0006207756064513511,2054794.5205479453,3515981.735159817,297945205.47945243,509817351.59817314,283181.37533458637,20489423.598907717,0,0,9979510576.401093,3937273133.4787273,240380000,24038,17976.347354916055,18525.88379507106,1805.5995598449945,2355.136,27.064799576919402,6.0,5928.282814422738,2739.72602739726,25450082.080955867
146,1,1,1235305931.455338,2355724000.0,0.5243848309289789,1202118193.1789565,1039831.1972090167,0.0006240924046111127,2054794.5205479453,3515981.735159817,300000000.00000036,513333333.33333296,285716.55547835486,20775140.15438607,0,0,9979224859.845613,3942558193.1789565,240440000,24044,17963.740025013853,18529.58897183007,1789.8750531837786,2355.7239999999997,27.041118809339622,6.0,5929.468470985622,2739.72602739726,25453271.823399458
147,1,1,1235552992.641629,2356312000.0,0.5243588254193965,1207340707.1096895,1035333.2680983223,0.0006201725940310724,2054794.5205479453,3515981.735159817,302054794.5205483,516849315.06849277,288262.3249747918,21063402.47936086,0,0,9978936597.52064,3947840707.1096897,240500000,24050,17951.34543399758,18533.294889624438,1774.362544373139,2356.312,27.017739840431414,6.0,5930.65436467982,2739.72602739726,25456462.75173674
148,1,1,1235800103.2401574,2356900000.0,0.5243328538504635,1212560664.6963408,1030876.257488568,0.000615321953837797,2054794.5205479453,3515981.735159817,304109589.0410962,520365296.8036526,290818.6690563075,21354221.148417167,0,0,9978645778.851583,3953120664.6963406,240560000,24056,17939.15979163514,18537.001548602362,1759.0582430327772,2356.9,26.994657350674096,6.0,5931.840495552756,2739.72602739726,25459654.8662049
149,1,1,1236047263.2608054,2357488000.0,0.5243069162009755,1217778055.3791802,1026459.6200255892,0.0006172077241741034,2054794.5205479453,3515981.735159817,306164383.56164414,523881278.5388124,293385.5728684592,21647606.721285626,0,0,9978352393.278715,3958398055.37918,240620000,24062,17927.17939203629,18540.70894891208,1743.9584431242097,2357.488,26.9718661373335,6.0,5933.026863651866,2739.72602739726,25462848.167041156
150,1,1,1236294472.7134576,2358076000.0,0.5242810124497503,1222992868.6134179,1022082.8200063147,0.0006101979850649531,2054794.5205479453,3515981.735159817,308219178.08219206,527397260.2739722,295963.0214701723,21943569.742755797,0,0,9978056430.257244,3963672868.6134176,240680000,24068,17915.400611410525,18544.417090701863,1729.0595207086633,2358.076,26.94936111140972,6.0,5934.213469024597,2739.72602739726,25466042.654482786
151,1,1,1236541731.6080003,2358664000.0,0.5242551425756277,1228205093.8692915,1017745.3311661987,0.0006161620118809293,2054794.5205479453,3515981.735159817,310273972.60274,530913242.009132,298550.9998339636,22242120.74258976,0,0,9977757879.25741,3968945093.8692913,240740000,24074,17903.81990589421,18548.125974120005,1714.357931774204,2358.6639999999998,26.927137294677276,6.0,5935.400311718402,2739.72602739726,25469238.32876711
152,1,1,1236789039.9543219,2359252000.0,0.524229306557469,1233414720.632153,1013446.636472249,0.0006110837239790705,2054794.5205479453,3515981.735159817,312328767.1232879,534429223.74429184,301149.49284616625,22543270.235435925,0,0,9977456729.764565,3974214720.632153,240800000,24080,17892.433809444487,18551.83559931483,1699.8502101296588,2359.252,26.90518981681439,6.0,5936.587391780745,2739.72602739726,25472435.190131497
153,1,1,1237036397.7623127,2359840000.0,0.5242035043741579,1238621738.4025536,1009186.2279214759,0.0006080918097695859,2054794.5205479453,3515981.735159817,314383561.64383584,537945205.4794517,303758.4853071559,22847028.720743082,0,0,9977152971.279257,3979481738.4025536,240860000,24086,17881.238931797692,18555.54596643469,1685.5329653630024,2359.8399999999997,26.88351391261841,6.0,5937.774709259101,2739.72602739726,25475633.23881336
154,1,1,1237283805.041865,2360428000.0,0.5241777360045996,1243826136.6963298,1004963.6063445993,0.0006092848378126076,2054794.5205479453,3515981.735159817,316438356.16438377,541461187.2146115,306377.961931578,23153406.68267466,0,0,9976846593.317326,3984746136.69633,240920000,24092,17870.231956489937,18559.25707562798,1671.4028808619587,2360.428,26.86210491930453,6.0,5938.962264200953,2739.72602739726,25478832.475050166
155,1,1,1237531261.8028734,2361016000.0,0.5241520014277216,1249027905.044689,1000778.2812148542,0.0006184698495137529,2054794.5205479453,3515981.735159817,318493150.6849317,544977168.9497714,309007.90734857746,23462414.59002324,0,0,9976537585.409977,3990007905.044689,240980000,24098,17859.409638937763,18562.9689270431,1657.4567118946613,2361.016,26.840958273884684,6.0,5940.1500566537925,2739.72602739726,25482032.899079423
156,1,1,1237778768.055234,2361604000.0,0.5241263006224727,1254227032.9942946,996629.7704617407,0.000611451992419886,2054794.5205479453,3515981.735159817,320547945.2054796,548493150.6849313,311648.30610202847,23774062.89612527,0,0,9976225937.103874,3995267032.9942946,241040000,24104,17848.76880457681,18566.68152082851,1643.6912837483003,2361.604,26.820069510624332,6.0,5941.338086665123,2739.72602739726,25485234.511138692
157,1,1,1238026323.808845,2362192000.0,0.5241006335678239,1259423510.1073515,992517.6002895687,0.0006159652173202251,2054794.5205479453,3515981.735159817,322602739.72602755,552009132.4200912,314299.1426507672,24088362.038776036,0,0,9975911637.961224,4000523510.1073513,241100000,24110,17838.306347056434,18570.394857132676,1630.103489923758,2362.192,26.799434258574117,6.0,5942.526354282457,2739.72602739726,25488437.31146558
158,1,1,1238273929.0736067,2362780000.0,0.5240750002427678,1264617325.9616904,988441.3050006564,0.0006143892048955694,2054794.5205479453,3515981.735159817,324657534.2465755,555525114.155251,316960.4013688252,24405322.440144863,0,0,9975594677.559855,4005777325.9616904,241160000,24116,17828.019226488424,18574.1089361041,1616.6902903843225,2362.7799999999997,26.779048239174188,6.0,5943.714859553313,2739.72602739726,25491641.300297737
159,1,1,1238521583.8594215,2363368000.0,0.5240494006263187,1269808470.1508524,984400.4268230426,0.0006150290450717194,2054794.5205479453,3515981.735159817,326712328.7671234,559041095.8904109,319632.066545664,24724954.50669053,0,0,9975275045.493309,4011028470.150852,241220000,24122,17817.904467747958,18577.823757891325,1603.448709856632,2363.368,26.758907263928567,6.0,5944.9036025252235,2739.72602739726,25494846.477872867
160,1,1,1238769288.1761932,2363956000.0,0.5240238346975127,1274996932.2841737,980394.515742577,0.0006141627679157132,2054794.5205479453,3515981.735159817,328767123.2876713,562557077.6255708,322314.12238641194,25047268.62907694,0,0,9974952731.370924,4016276932.284174,241280000,24128,17807.959158824982,18581.5393226429,1590.3758361820785,2363.9559999999997,26.73900723214735,6.0,5946.092583245728,2739.72602739726,25498052.844428718
161,1,1,1239017042.0338285,2364544000.0,0.5239983024354077,1280172701.9868693,976430.7566158639,0.0006116636579698873,2054794.5205479453,3515981.735159817,330821917.80821925,566073059.3607306,325006.5530121016,25372275.182089042,0,0,9974627724.817911,4021522701.9868693,241350000,24135,17798.18044922439,18585.25563050743,1577.4688187169643,2364.544,26.719344128754468,7.0,5947.281801762377,2739.72602739726,25501260.400203086
162,1,1,1239264845.4422352,2365230000.0,0.5239510937381292,1285345773.9969933,972500.9606659645,0.0006157545199797608,2054794.5205479453,3515981.735159817,332876712.3287672,569589041.0958905,327704.245583853,25699979.427672897,0,0,9974300020.572327,4026765773.996993,241420000,24142,17788.49197444918,18588.97268163353,1564.7492928156494,2365.23,26.69869417179727,7.0,5948.4712581227295,2739.72602739726,25504469.145433813
163,1,1,1239512698.4113235,2365916000.0,0.5239039333650576,1290516138.0122445,968604.7025536334,0.0006221695345801232,2054794.5205479453,3515981.735159817,334931506.8493151,573105022.8310504,330412.24045656616,26030391.668129463,0,0,9973969608.331871,4032006138.012244,241490000,24149,17778.963976524894,18592.690476169853,1552.18950035504,2365.9159999999997,26.67827482589068,7.0,5949.660952374353,2739.72602739726,25507679.080358792
164,1,1,1239760600.9510057,2366602000.0,0.5238568212783584,1295683783.7463908,964741.5640147281,0.000618051140728359,2054794.5205479453,3515981.735159817,336986301.36986303,576621004.5662103,333130.52156137285,26363522.189690836,0,0,9973636477.810308,4037243783.746391,241560000,24156,17769.593795238277,18596.40901426509,1539.7867809731865,2366.602,26.65808231132047,7.0,5950.8508845648275,2739.72602739726,25510890.20521596
165,1,1,1240008553.0711958,2367288000.0,0.523809757440242,1300848700.9293518,960911.1337136972,0.0006238581711797313,2054794.5205479453,3515981.735159817,339041095.89041096,580136986.3013701,335859.0727467635,26699381.2624376,0,0,9973300618.737562,4042478700.929352,241630000,24163,17760.3788255379,18600.12829606794,1527.5385294699615,2367.288,26.638112925902952,7.0,5952.0410547417405,2739.72602739726,25514102.520243306
166,1,1,1240256554.78181,2367974000.0,0.5237627418129633,1306010879.3072808,957113.0071006946,0.0006185971802478441,2054794.5205479453,3515981.735159817,341095890.4109589,583652968.03653,338597.8777788309,27037979.140216433,0,0,9972962020.859783,4047710879.3072805,241700000,24170,17751.316516167368,18603.848321727153,1515.4421944402122,2367.9739999999997,26.618363043090653,7.0,5953.231462952688,2739.72602739726,25517316.025678862
167,1,1,1240504606.0927663,2368660000.0,0.5237157743588216,1311170308.642647,953346.7862722134,0.0006271944877131885,2054794.5205479453,3515981.735159817,343150684.9315068,587168949.7716899,341346.9203415149,27379326.060557947,0,0,9972620673.939442,4052940308.642647,241770000,24177,17742.40436833776,18607.569091391495,1503.495276946265,2368.66,26.598829110131394,7.0,5954.422109245278,2739.72602739726,25520530.721760713
168,1,1,1240752707.013985,2369346000.0,0.5236688550401608,1316326978.714318,949612.079835143,0.0006242064310358633,2054794.5205479453,3515981.735159817,345205479.45205474,590684931.5068498,344106.184036849,27723432.244594794,0,0,9972276567.755405,4058166978.7143183,241840000,24184,17733.639934438263,18611.290605209775,1491.6953292284882,2369.346,26.57950764627943,7.0,5955.612993667128,2739.72602739726,25523746.608726986
169,1,1,1241000857.5553877,2370032000.0,0.5236219838193694,1321480879.3176405,945908.5027741478,0.000626859330689213,2054794.5205479453,3515981.735159817,347260273.97260267,594200913.2420096,346875.65238520753,28070307.896980003,0,0,9971929692.10302,4063390879.3176403,241910000,24191,17725.020816783497,18615.01286333082,1480.039953452678,2370.0319999999997,26.56039524105672,7.0,5956.804116265861,2739.72602739726,25526963.686815858
170,1,1,1241249057.7268987,2370718000.0,0.52357516065888,1326632000.2645228,942235.676322274,0.0006265759974062181,2054794.5205479453,3515981.735159817,349315068.4931506,597716894.9771695,349655.30882555473,28419963.20580556,0,0,9971580036.794195,4068612000.2645226,241980000,24198,17716.544666396545,18618.73586590348,1468.5268004930665,2370.718,26.541488552562853,7.0,5957.995477089114,2739.72602739726,25530181.95626555
171,1,1,1241497307.538444,2371404000.0,0.5235283855211698,1331780331.383515,938593.2278346957,0.0006274293063523187,2054794.5205479453,3515981.735159817,351369863.0136985,601232876.7123294,352445.13671569584,28772408.342521254,0,0,9971227591.657478,4073830331.383515,242050000,24205,17708.20918182646,18622.459613076662,1457.1535687497978,2371.404,26.522784305832115,7.0,5959.187076184532,2739.72602739726,25533401.41731434
172,1,1,1241745606.9999516,2372090000.0,0.5234816583687598,1336925862.51989,934980.7906655087,0.0006315315784334666,2054794.5205479453,3515981.735159817,353424657.53424644,604748858.4474893,355245.11933252757,29127653.46185378,0,0,9970872346.538147,4079045862.51989,242120000,24212,17700.01210799904,18626.184104999273,1445.9180029997644,2372.0899999999997,26.50427929123605,7.0,5960.378913599768,2739.72602739726,25536622.070200544
173,1,1,1241993956.1213515,2372776000.0,0.5234349791642159,1342068583.5357256,931398.0040474879,0.0006362750914179322,2054794.5205479453,3515981.735159817,355479452.0547944,608264840.1826491,358055.23987229244,29485708.70172607,0,0,9970514291.298273,4084258583.5357256,242190000,24219,17691.95123510001,18629.909341820276,1434.8178932797323,2372.776,26.485970362930345,7.0,5961.570989382488,2739.72602739726,25539843.91516253
174,1,1,1242242354.9125757,2373462000.0,0.5233883478701473,1347208484.3099825,927844.5129747257,0.0006385354597799567,2054794.5205479453,3515981.735159817,357534246.5753423,611780821.917809,360875.48145083187,29846584.183176905,0,0,9970153415.816824,4089468484.3099823,242260000,24226,17684.024397489356,18633.63532368864,1423.8510738007162,2373.462,26.467854437344272,7.0,5962.763303580364,2739.72602739726,25543066.952438716
175,1,1,1242490803.3835583,2374148000.0,0.523341764449208,1352345554.7385864,924319.9680880704,0.000643035349894196,2054794.5205479453,3515981.735159817,359589041.0958902,615296803.6529689,363705.827103843,30210290.010280747,0,0,9969789709.98972,4094675554.7385864,242330000,24233,17676.229472645995,18637.362050753374,1413.0154218926211,2374.1479999999997,26.44992849171181,7.0,5963.95585624108,2739.72602739726,25546291.18226756
176,1,1,1242739301.544235,2374834000.0,0.5232952288640953,1357479784.734507,920824.0255632878,0.0006418752791434582,2054794.5205479453,3515981.735159817,361643835.61643815,618812785.3881288,366546.25978713506,30576836.27006788,0,0,9969423163.729933,4099879784.734507,242400000,24240,17668.564380141703,18641.089523163526,1402.3088569781758,2374.834,26.432189562642755,7.0,5965.1486474123285,2739.72602739726,25549516.60488758
177,1,1,1242987849.4045439,2375520000.0,0.5232487410775509,1362611164.227838,917356.3470018696,0.000648282699137887,2054794.5205479453,3515981.735159817,363698630.1369861,622328767.1232886,369396.7623768881,30946233.03244477,0,0,9969053766.967556,4105081164.227838,242470000,24247,17661.027080643402,18644.81774106816,1391.729339575244,2375.52,26.414634744732734,7.0,5966.3416771418115,2739.72602739726,25552743.220537324
178,1,1,1243236446.9744248,2376206000.0,0.5232023010523603,1367739683.165876,913916.5993244179,0.0006448049391427341,2054794.5205479453,3515981.735159817,365753424.657534,625844748.8584485,372257.31766991207,31318490.350114685,0,0,9968681509.649885,4110279683.165876,242540000,24254,17653.61557494299,18648.546704616372,1381.274870326614,2376.2059999999997,26.39726118921104,7.0,5967.5349454772395,2739.72602739726,25555971.029455405
179,1,1,1243485094.2638197,2376892000.0,0.5231559087513524,1372865331.5131998,910504.4546665325,0.0006485918924133458,2054794.5205479453,3515981.735159817,367808219.1780819,629360730.5936084,375127.9083839086,31693618.258498594,0,0,9968306381.7415,4115475331.5132,242610000,24261,17646.327903013706,18652.276413957297,1370.943489056408,2376.892,26.380066102624877,7.0,5968.7284524663355,2739.72602739726,25559200.031880476
180,1,1,1243733791.2826724,2377578000.0,0.5231095641374005,1377988099.2517498,907119.5902771342,0.0006572020766251757,2054794.5205479453,3515981.735159817,369863013.69862986,632876712.3287683,378008.51715773245,32071626.775656328,0,0,9967928373.224344,4120668099.25175,242680000,24268,17639.162143092362,18656.006869240086,1360.7332738522764,2377.578,26.363046745559117,7.0,5969.922198156827,2739.72602739726,25562430.228051238
181,1,1,1243982538.0409288,2378264000.0,0.523063267173421,1383107976.3809059,903761.6884191593,0.0006519682588518985,2054794.5205479453,3515981.735159817,371917808.2191778,636392694.0639281,380899.12655165594,32452525.90220798,0,0,9967547474.097792,4125857976.380906,242750000,24275,17632.11641078651,18659.738070613934,1350.642340172578,2378.2639999999997,26.346200431390326,7.0,5971.116182596458,2739.72602739726,25565661.618206438
182,1,1,1244231334.548537,2378950000.0,0.5230170178223742,1388224952.917566,900430.4362725571,0.0006581428713570424,2054794.5205479453,3515981.735159817,373972602.7397257,639908675.799088,383799.7190476328,32836325.621255614,0,0,9967163674.378744,4131044952.9175663,242820000,24282,17625.188858205827,18663.470018228058,1340.6688399777718,2378.95,26.329524525074117,7.0,5972.310405832977,2739.72602739726,25568894.202584874
183,1,1,1244480180.8154466,2379636000.0,0.5229708160472638,1393339018.8962243,897125.525839533,0.0006574538588916501,2054794.5205479453,3515981.735159817,376027397.26027364,643424657.5342479,386710.2770495647,33223035.898305178,0,0,9966776964.101694,4136229018.896224,242890000,24289,17618.37767311697,18667.2027122317,1330.8109608852697,2379.636,26.31301644196478,7.0,5973.504867914144,2739.72602739726,25572127.981425393
184,1,1,1244729076.8516097,2380322000.0,0.5229246618111372,1398450164.3690484,893846.6538519718,0.0006688845084701459,2054794.5205479453,3515981.735159817,378082191.78082156,646940639.2694077,389630.7828835689,33612666.68118875,0,0,9966387333.318811,4141410164.369048,242960000,24296,17611.681078121183,18670.93615277415,1321.0669253470328,2380.322,26.296673646666225,7.0,5974.699568887727,2739.72602739726,25575362.954966884
185,1,1,1244978022.66698,2381008000.0,0.522878555077085,1403558379.405958,890593.5216809891,0.0006654531316803918,2054794.5205479453,3515981.735159817,380136986.3013695,650456621.0045676,392561.21879824623,34005227.899987,0,0,9965994772.100014,4146588379.405958,243030000,24303,17605.097329853917,18674.670340004704,1311.4349898492112,2381.008,26.28049365191322,7.0,5975.894508801504,2739.72602739726,25578599.12344829
186,1,1,1245227018.2715135,2381694000.0,0.5228324958082413,1408663654.0947008,887365.8352485467,0.0006596569881249411,2054794.5205479453,3515981.735159817,382191780.8219174,653972602.7397275,395501.56696495134,34400729.46695195,0,0,9965599270.533049,4151763654.094701,243100000,24310,17598.62471820586,18678.405274072706,1301.913444133156,2381.694,26.264474017482193,7.0,5977.089687703265,2739.72602739726,25581836.4871086
187,1,1,1245476063.6751678,2382380000.0,0.5227864839677834,1413765978.5409305,884163.3049410835,0.0006695715967468334,2054794.5205479453,3515981.735159817,384246575.34246534,657488584.4748874,398451.809478064,34799181.27643002,0,0,9965200818.72357,4156935978.5409307,243170000,24317,17592.26156556467,18682.140955127517,1292.5006104371546,2382.38,26.248612349130546,7.0,5978.285105640805,2739.72602739726,25585075.046186846
188,1,1,1245725158.8879027,2383066000.0,0.5227405195189319,1418865342.868283,880985.6455251053,0.0006710078604536534,2054794.5205479453,3515981.735159817,386301369.86301327,661004566.2100472,401411.92835526075,35200593.20478528,0,0,9964799406.795216,4162105342.8682833,243240000,24324,17586.0062260768,18685.87738331854,1283.194842758259,2383.066,26.23290629756364,7.0,5979.480762661933,2739.72602739726,25588314.80092211
189,1,1,1245974303.9196804,2383752000.0,0.5226946024249504,1423961737.218453,877832.5760646819,0.0006630982519848586,2054794.5205479453,3515981.735159817,388356164.3835612,664520547.9452071,404381.9055377895,35604975.11032307,0,0,9964395024.889677,4167271737.218453,243310000,24331,17579.857084928808,18689.614558795205,1273.9945261336052,2383.752,26.217353557428787,7.0,5980.676658814466,2739.72602739726,25591555.751553528
190,1,1,1246223498.7804642,2384438000.0,0.5226487326491459,1429055151.7512698,874703.8198408029,0.0006722080573566491,2054794.5205479453,3515981.735159817,390410958.9041091,668036529.680367,407361.722890743,36012336.83321381,0,0,9963987663.166786,4172435151.75127,243380000,24338,17573.812557647594,18693.352481706963,1264.8980759406325,2384.438,26.201951866335214,7.0,5981.872794146228,2739.72602739726,25594797.89832028
191,1,1,1246472743.4802203,2385124000.0,0.5226029101548684,1434145576.6447742,871599.1042725423,0.0006666919351109703,2054794.5205479453,3515981.735159817,392465753.42465705,671552511.4155269,410351.362203336,36422688.19541715,0,0,9963577311.804583,4177595576.6447744,243450000,24345,17567.871089418946,18697.091152203306,1255.90393721564,2385.124,26.186699003899484,7.0,5983.069168705058,2739.72602739726,25598041.24146159
192,1,1,1246722038.0289164,2385810000.0,0.5225571349055107,1439233002.0952928,868518.1608399849,0.0006690953003130977,2054794.5205479453,3515981.735159817,394520547.945205,675068493.1506867,413350.8051891819,36836039.000606336,0,0,9963163960.999393,4182753002.095293,243520000,24352,17562.03115442388,18700.830570433747,1247.010583990135,2385.81,26.171592790815396,7.0,5984.2657825388,2739.72602739726,25601285.781216733
193,1,1,1246971382.436522,2386496000.0,0.5225114068645085,1444317418.317514,865460.7250088691,0.0006756701251785119,2054794.5205479453,3515981.735159817,396575342.4657529,678584474.8858466,416360.03348657093,37252399.0340929,0,0,9962747600.965908,4187907418.317514,243590000,24359,17556.29125519227,18704.57073654783,1238.2165186444386,2386.496,26.156631087947886,7.0,5985.462635695306,2739.72602739726,25604531.517825034
194,1,1,1247220776.7130094,2387182000.0,0.5224657259953407,1449398815.5445628,862426.5361569019,0.00067284557222731,2054794.5205479453,3515981.735159817,398630136.9863008,682100456.6210065,419379.0286587505,37671778.06275165,0,0,9962328221.937248,4193058815.544563,243660000,24366,17550.64992197318,18708.31165069514,1229.5202712780424,2387.182,26.141811795449932,7.0,5986.659728222445,2739.72602739726,25607778.45152586
195,1,1,1247470220.868352,2387868000.0,0.5224200922615286,1454477184.0280764,859415.3375017014,0.0006794434842437398,2054794.5205479453,3515981.735159817,400684931.50684875,685616438.3561664,422407.77219420543,38094185.83494586,0,0,9961905814.165054,4198207184.028076,243730000,24373,17545.1057121215,18712.05331302528,1220.9203990962214,2387.868,26.127132851902118,7.0,5987.857060168089,2739.72602739726,25611026.582558632
196,1,1,1247719714.9125257,2388554000.0,0.5223745056266367,1459552514.0382771,856426.8760303281,0.0006691631813326678,2054794.5205479453,3515981.735159817,402739726.0273967,689132420.0913262,425446.2455069397,38519632.0804528,0,0,9961480367.919548,4203352514.038277,243800000,24380,17539.65720950031,18715.795723687886,1212.4154858124225,2388.554,26.11259223347393,7.0,5989.054631580123,2739.72602739726,25614275.911162816
197,1,1,1247969258.855508,2389240000.0,0.5223289660542717,1464624795.8640482,853460.9024303606,0.0006753502584865828,2054794.5205479453,3515981.735159817,404794520.5479446,692648401.8264861,428494.42993676016,38948126.51038956,0,0,9961051873.48961,4208494795.864048,243870000,24387,17534.303023898596,18719.538882832625,1204.00414106597,2389.24,26.098187953106343,7.0,5990.252442506439,2739.72602739726,25617526.437577926
198,1,1,1248218852.7072792,2389926000.0,0.5222834735080831,1469694019.8130064,850517.1710224788,0.0006801855865414352,2054794.5205479453,3515981.735159817,406849315.06849253,696164383.561646,431552.30674956006,39379678.81713912,0,0,9960620321.182861,4213634019.8130064,243940000,24394,17529.041790463827,18723.282790609188,1195.68499985464,2389.926,26.083918059714996,7.0,5991.45049299494,2739.72602739726,25620778.162043527
199,1,1,1248468496.4778206,2390612000.0,0.5222380279517632,1474760176.2115765,847595.439694516,0.0006794913325695921,2054794.5205479453,3515981.735159817,408904109.58904046,699680365.2968059,434619.8571376053,39814298.674276724,0,0,9960185701.325724,4218770176.2115765,244010000,24401,17523.872169148977,18727.02744716731,1187.4567219816681,2390.612,26.06978063741339,7.0,5992.648783093539,2739.72602739726,25624031.084799226
200,1,1,1248718190.1771162,2391298000.0,0.5221926293490465,1479823255.4050643,844695.4698369415,0.0006774553476163184,2054794.5205479453,3515981.735159817,410958904.1095884,703196347.0319657,437697.06221982057,40251995.736496545,0,0,9959748004.263504,4223903255.4050646,244080000,24408,17518.792844173524,18730.772852656744,1179.317991516778,2391.298,26.055773804755507,7.0,5993.847312850157,2739.72602739726,25627285.20608468
201,1,1,1248967933.8151515,2391984000.0,0.5221472776637099,1484883247.75773,841817.026279739,0.0006736643892212757,2054794.5205479453,3515981.735159817,413013698.6301363,706712328.7671256,440783.9030420768,40692779.63953862,0,0,9959307220.360462,4229033247.75773,244150000,24415,17513.802523498096,18734.519007227274,1171.267516270821,2391.984,26.04189571399732,7.0,5995.046082312728,2739.72602739726,25630540.5261396
202,1,1,1249217727.4019144,2392670000.0,0.5221019728595729,1489940143.6528602,838959.8772306449,0.0006729639834101892,2054794.5205479453,3515981.735159817,415068493.15068424,710228310.5022855,443880.36057748046,41136660.0001161,0,0,9958863339.999884,4234160143.65286,244220000,24422,17508.89993831236,18738.265911028717,1163.3040272836408,2392.67,26.028144550376748,7.0,5996.245091529189,2739.72602739726,25633797.04520373
203,1,1,1249467570.9473946,2393356000.0,0.5220567149004973,1494993933.4928412,836123.7942147133,0.0006719411721571937,2054794.5205479453,3515981.735159817,417123287.67123216,713744292.2374454,446986.4157266635,41583646.415842764,0,0,9958416353.584158,4239283933.4928412,244290000,24429,17504.0838425357,18742.013564210924,1155.4262783247766,2393.3559999999998,26.01451853141135,7.0,5997.444340547495,2739.72602739726,25637054.76351688
204,1,1,1249717464.461584,2394042000.0,0.5220115037503871,1500044607.699231,833308.5520151722,0.000676897147182258,2054794.5205479453,3515981.735159817,419178082.1917801,717260273.9726052,450102.04931807384,42033748.46516084,0,0,9957966251.53484,4244404607.699231,244360000,24436,17499.353012330404,18745.76196692376,1147.6330454066456,2394.042,26.001015906213382,7.0,5998.643829415603,2739.72602739726,25640313.6813189
205,1,1,1249967407.9544764,2394728000.0,0.5219663393731883,1505092156.7128303,830513.9286155428,0.0006720443079278327,2054794.5205479453,3515981.735159817,421232876.712328,720776255.7077651,453227.2421082682,42486975.70726911,0,0,9957513024.29273,4249522156.7128305,244430000,24443,17494.706245626992,18749.511119317147,1139.923126309844,2394.728,25.987634954821782,7.0,5999.8435581814865,2739.72602739726,25643573.798849687
206,1,1,1250217401.4360673,2395414000.0,0.5219212217328894,1510136570.9937558,827739.705142987,0.000669346110228663,2054794.5205479453,3515981.735159817,423287671.23287594,724292237.442925,456361.974782205,42943337.682051316,0,0,9957056662.31795,4254636570.993756,244500000,24450,17490.14236166124,18753.261021541013,1132.2953401202294,2395.4139999999998,25.974373987550347,7.0,6001.043526893123,2739.72602739726,25646835.116349183
207,1,1,1250467444.9163544,2396100000.0,0.5218761507935205,1515177841.0215101,824985.6658128537,0.0006735591169630166,2054794.5205479453,3515981.735159817,425342465.75342387,727808219.1780849,459506.22795353865,43402843.910004854,0,0,9956597156.089994,4259747841.02151,244570000,24457,17485.66020052276,18757.011673745317,1124.748526777442,2396.1,25.961231344352115,7.0,6002.243735598501,2739.72602739726,25650097.634057388
208,1,1,1250717538.4053376,2396786000.0,0.5218311265191542,1520215957.295053,822251.5978743966,0.0006703369217159583,2054794.5205479453,3515981.735159817,427397260.2739718,731324200.9132447,462659.98216491524,43865503.892169766,0,0,9956134496.10783,4264855957.295053,244640000,24464,17481.258622714617,18760.763076080064,1117.2815466345533,2396.786,25.948205394198936,7.0,6003.444184345621,2739.72602739726,25653361.352214336
209,1,1,1250967681.9130187,2397472000.0,0.521786148873905,1525250910.3328724,819537.2915576306,0.0006692438999956396,2054794.5205479453,3515981.735159817,429452054.7945197,734840182.6484046,465823.217888269,44331327.11005803,0,0,9955668672.889942,4269960910.3328724,244710000,24471,17476.936508723804,18764.515228695283,1109.893280028523,2397.4719999999998,25.935294534476355,7.0,6004.64487318249,2739.72602739726,25656626.271060124
210,1,1,1251217875.4494014,2398158000.0,0.521741217821929,1530282690.673055,816842.5400213033,0.0006677641547678322,2054794.5205479453,3515981.735159817,431506849.31506765,738356164.3835645,468995.9155251197,44800323.02558315,0,0,9955199676.974417,4275062690.6730547,244780000,24478,17472.692758602185,18768.26813174102,1102.5826268611625,2398.158,25.922497190392924,7.0,6005.845802157127,2739.72602739726,25659892.390834887
211,1,1,1251468119.0244913,2398844000.0,0.521696333327424,1535311288.8733559,814167.1393019517,0.0006725951322957998,2054794.5205479453,3515981.735159817,433561643.8356156,741872146.1187243,472178.05540687137,45272501.08099002,0,0,9954727498.91901,4280161288.873356,244850000,24485,17468.526291557686,18772.02178536737,1095.348506190317,2398.844,25.90981181440386,7.0,6007.046971317558,2739.72602739726,25663159.71177881
212,1,1,1251718412.648296,2399530000.0,0.5216514953546303,1540336695.5112684,811510.8882640185,0.0006688846100290276,2054794.5205479453,3515981.735159817,435616438.3561635,745388127.8538842,475369.617795112,45747870.698785126,0,0,9954252129.301214,4285256695.5112686,244920000,24492,17464.43604555542,18775.77618972444,1088.1898558309772,2399.5299999999997,25.897236885648557,7.0,6008.2483807118215,2739.72602739726,25666428.234132126
213,1,1,1251968756.3308258,2400216000.0,0.5216067038678294,1545358901.1840942,808873.5885510026,0.0006683254218073277,2054794.5205479453,3515981.735159817,437671232.8767114,748904109.5890441,478570.58288191404,46226441.28166704,0,0,9953773558.718332,4290348901.1840944,244990000,24499,17460.420976928435,18779.531344962386,1081.105631966048,2400.216,25.88477090940152,7.0,6009.450030387964,2739.72602739726,25669697.958135117
214,1,1,1252219150.082092,2400902000.0,0.5215619588313443,1550377896.5090117,806255.0445376184,0.0006611673564237584,2054794.5205479453,3515981.735159817,439726027.39725935,752420091.324204,481780.9307901368,46708222.21245717,0,0,9953291777.787542,4295437896.509012,245060000,24506,17456.48005999789,18783.287251231384,1074.094808766508,2400.902,25.872412416536445,7.0,6010.6519203940425,2739.72602739726,25672968.884028114
215,1,1,1252469593.9121084,2401588000.0,0.5215172602095398,1555393672.1231458,803655.0632829409,0.0006615659630572155,2054794.5205479453,3515981.735159817,441780821.9178073,755936073.0593638,485000.64157372795,47193222.8540309,0,0,9952806777.14597,4300523672.123146,245130000,24513,17452.612286702333,18787.04390868163,1067.156378020703,2401.5879999999997,25.86015996300294,7.0,6011.854050778121,2739.72602739726,25676241.012051497
216,1,1,1252720087.830891,2402274000.0,0.5214726079668226,1560406218.6836355,801073.4544845106,0.000654304265691291,2054794.5205479453,3515981.735159817,443835616.4383552,759452054.7945237,488229.6952180288,47681452.54924893,0,0,9952318547.45075,4305606218.683636,245200000,24520,17448.81666623588,18790.801317463363,1060.2893487725182,2402.274,25.84801212931583,7.0,6013.056421588276,2739.72602739726,25679514.34244569
217,1,1,1252970631.848457,2402960000.0,0.5214280020676404,1565415526.8677032,798510.0304333783,0.0006586201519874693,2054794.5205479453,3515981.735159817,445890410.95890313,762968036.5296836,491468.071640078,48172920.62088901,0,0,9951827079.37911,4310685526.867703,245270000,24527,17445.092224695054,18794.559477726856,1053.4927469681963,2402.96,25.83596752005638,7.0,6014.259032872595,2739.72602739726,25682788.875451166
218,1,1,1253221225.9748268,2403646000.0,0.5213834424764823,1570421587.372722,795964.6059700649,0.0006515402665036032,2054794.5205479453,3515981.735159817,447945205.47945106,766484018.2648435,494715.75068891776,48667636.371577926,0,0,9951332363.628422,4315761587.372722,245340000,24534,17441.43800473396,18798.318389622404,1046.7656151115546,2403.6459999999997,25.82402476338531,7.0,6015.461884679169,2739.72602739726,25686064.611308448
219,1,1,1253471870.2200217,2404332000.0,0.521338929157879,1575424390.9162838,793436.9984414161,0.0006447076140962514,2054794.5205479453,3515981.735159817,449999999.999999,770000000.0000033,497972.7121459005,49165609.08372383,0,0,9950834390.916277,4320834390.916284,245410000,24541,17437.853065227715,18802.078053300327,1040.1070119273845,2404.332,25.81218251056724,7.0,6016.664977056104,2739.72602739726,25689341.550258107
220,1,1,1253722564.5940657,2405018000.0,0.5212944620764026,1580423928.2362666,790927.0276583303,0.0006505713157860618,2054794.5205479453,3515981.735159817,452054794.5205469,773515981.7351632,501238.93572499667,49666848.019448824,0,0,9950333151.98055,4325903928.236267,245480000,24548,17434.33648094379,18805.838468910988,1033.516012032804,2405.018,25.800439435506256,7.0,6017.868310051515,2739.72602739726,25692619.692540765
221,1,1,1253973309.1069844,2405704000.0,0.5212500411966661,1585420190.0909011,788434.5158543383,0.0006447958230739341,2054794.5205479453,3515981.735159817,454109589.04109484,777031963.4703231,504514.40107310354,50171362.42052193,0,0,9949828637.579477,4330970190.090901,245550000,24555,17430.887342221125,18809.59963660477,1026.9917056163538,2405.7039999999997,25.78879423429235,7.0,6019.0718837135255,2739.72602739726,25695899.03839708
222,1,1,1254224103.7688057,2406390000.0,0.5212056664833239,1590413167.2588384,785959.2876450174,0.0006388468744504968,2054794.5205479453,3515981.735159817,456164383.56164277,780547945.205483,507799.0877703547,50679161.50829229,0,0,9949320838.491707,4336033167.258839,245620000,24562,17427.504754656715,18813.361556532087,1020.5331981246279,2406.39,25.777245624758287,7.0,6020.275698090268,2739.72602739726,25699179.588067777
223,1,1,1254474948.5895596,2407076000.0,0.5211613379010714,1595402850.5392158,783501.1699882173,0.0006378206581187511,2054794.5205479453,3515981.735159817,458219178.0821907,784063926.9406428,511092.9753304312,51190254.48362272,0,0,9948809745.516376,4341092850.539216,245690000,24569,17424.18783879963,18817.124228843393,1014.1396099562354,2407.076,25.765792346046908,7.0,6021.479753229886,2739.72602739726,25702461.34179361
224,1,1,1254725843.5792775,2407762000.0,0.5211170554146455,1600389230.7517226,781059.9921450809,0.0006345416522045491,2054794.5205479453,3515981.735159817,460273972.6027386,787579908.6758027,514396.0432008723,51704650.526823595,0,0,9948295349.473177,4346149230.751722,245760000,24576,17420.935729852066,18820.887653689162,1007.8100761629037,2407.7619999999997,25.754433158188206,7.0,6022.684049180532,2739.72602739726,25705744.299815398
225,1,1,1254976788.7479932,2408448000.0,0.5210728189888232,1605372298.736667,778635.5856418406,0.000637978712512825,2054794.5205479453,3515981.735159817,462328767.12328655,791095890.4109626,517708.2707633886,52222358.797586985,0,0,9947777641.202414,4351202298.736667,245830000,24583,17417.747577377424,18824.6518312199,1001.5437461575251,2408.448,25.743166841686367,7.0,6023.888585990368,2739.72602739726,25709028.462373994
226,1,1,1255227784.1057427,2409134000.0,0.5210286285884234,1610352045.3550406,776227.7842323728,0.0006278385805871714,2054794.5205479453,3515981.735159817,464383561.6438345,794611872.1461225,521029.63733417576,52743388.43492116,0,0,9947256611.565079,4356252045.355041,245900000,24590,17414.62254501511,18828.416761586144,995.3397834289697,2409.134,25.731992197116107,7.0,6025.093363707565,2739.72602739726,25712313.829710305
227,1,1,1255478829.6625638,2409820000.0,0.5209844841783053,1615328461.488584,773836.4238614924,0.0006245058091928156,2054794.5205479453,3515981.735159817,466438356.1643824,798127853.8812823,524360.1221642281,53267748.55708539,0,0,9946732251.442915,4361298461.4885845,245970000,24597,17411.559810201943,18832.18244493846,989.197365263484,2409.8199999999997,25.720908044728336,7.0,6026.298382380306,2739.72602739726,25715600.40206529
228,1,1,1255729925.4284964,2410506000.0,0.5209403857233694,1620301538.0398521,771461.3426289718,0.0006174550303772218,2054794.5205479453,3515981.735159817,468493150.6849303,801643835.6164422,527699.7044396547,53795448.26152504,0,0,9946204551.738476,4366341538.039852,246040000,24604,17408.558563899944,18835.948881427445,983.1156824725,2410.506,25.709913224064785,7.0,6027.503642056783,2739.72602739726,25718888.17967995
229,1,1,1255981071.413582,2411192000.0,0.5208963331885565,1625271265.932278,769102.3807542645,0.000617671177135467,2054794.5205479453,3515981.735159817,470547945.20547825,805159817.3516021,531048.3632819949,54326496.62480704,0,0,9945673503.375193,4371381265.932278,246110000,24611,17405.618010330425,18839.716071203733,977.0939391266904,2411.192,25.69900659358136,7.0,6028.709142785194,2739.72602739726,25722177.16279534
230,1,1,1256232267.6278648,2411878000.0,0.5208523265388485,1630237636.1102371,766759.3805419218,0.0006140464871683882,2054794.5205479453,3515981.735159817,472602739.7260262,808675799.086762,534406.0777485364,54860902.702555574,0,0,9945139097.297445,4376417636.110237,246180000,24618,17402.737366714075,18843.484014417973,971.1313522961028,2411.8779999999997,25.68818703028007,7.0,6029.914884613751,2739.72602739726,25725467.351652555
231,1,1,1256483514.0813904,2412564000.0,0.5208083657392676,1635200639.5391123,764432.1863476825,0.0006031560594824808,2054794.5205479453,3515981.735159817,474657534.2465741,812191780.8219218,537772.8268326318,55398675.529388204,0,0,9944601324.470612,4381450639.539112,246250000,24625,17399.915863017075,18847.252711220855,965.2271517962176,2412.564,25.677453429349267,7.0,6031.120867590674,2739.72602739726,25728758.74649275
232,1,1,1256734810.7842066,2413250000.0,0.5207644507548769,1640160267.2053561,762120.6445452237,0.0006052146020414232,2054794.5205479453,3515981.735159817,476712328.76712203,815707762.5570817,541148.5894640193,55939824.11885222,0,0,9944060175.881147,4386480267.205357,246320000,24632,17397.152741702877,18851.022161763103,959.3805799397744,2413.25,25.666804703811934,7.0,6032.327091764192,2739.72602739726,25732051.34755712
233,1,1,1256986157.7463634,2413936000.0,0.5207205815507799,1645116510.1165547,759824.6034935551,0.0005959573417946106,2054794.5205479453,3515981.735159817,478767123.28766996,819223744.2922416,544533.3445091402,56484357.46336136,0,0,9943515642.536638,4391506510.116554,246390000,24639,17394.44725748967,18854.792366195452,953.590891294218,2413.9359999999997,25.6562397841819,7.0,6033.533557182544,2739.72602739726,25735345.15508691
234,1,1,1257237554.9779127,2414622000.0,0.5206767580921207,1650069359.301491,757543.913505044,0.0005921567870585598,2054794.5205479453,3515981.735159817,480821917.8082179,822739726.0274014,547927.0707714626,57032284.53413282,0,0,9942967715.465868,4396529359.301491,246460000,24646,17391.79867711331,18858.563324668692,947.8573524446185,2414.622,25.645757618127757,7.0,6034.740263893981,2739.72602739726,25738640.169323407
235,1,1,1257489002.4889083,2415308000.0,0.5206329803440838,1655018805.810207,755278.4268140567,0.0005904642443553281,2054794.5205479453,3515981.735159817,482876712.3287658,826255707.7625613,551329.7469917996,57583614.28112462,0,0,9942416385.718876,4401548805.810207,246530000,24653,17389.20627909555,18862.335037333625,942.1792417619251,2415.308,25.635357170144236,7.0,6035.94721194676,2739.72602739726,25741936.39050796
236,1,1,1257740500.289406,2415994000.0,0.5205892482718939,1659964840.714066,753027.9975462012,0.0005888360658651194,2054794.5205479453,3515981.735159817,484931506.84931374,829771689.4977212,554741.3518486334,58138355.632973254,0,0,9941861644.367027,4406564840.714066,246600000,24660,17386.669353517515,18866.107504341093,936.555849176419,2415.9939999999997,25.625037421230928,7.0,6037.15440138915,2739.72602739726,25745233.81888195
237,1,1,1257992048.389464,2416680000.0,0.5205455618408162,1664907455.1058154,750792.4816881588,0.0005795080628062335,2054794.5205479453,3515981.735159817,486986301.36986166,833287671.2328811,558161.8639584385,58696517.496931694,0,0,9941303482.503069,4411577455.105816,246670000,24667,17384.187201798188,18869.880725841962,930.9864759562264,2416.68,25.614797368578024,7.0,6038.361832269427,2739.72602739726,25748532.454686824
238,1,1,1258243646.799142,2417366000.0,0.5205019210161563,1669846640.099647,748571.7370580923,0.0005732386970197034,2054794.5205479453,3515981.735159817,489041095.8904096,836803652.968041,561591.2618760054,59258108.7588077,0,0,9940741891.241192,4416586640.0996475,246740000,24674,17381.7591364779,18873.65470198713,925.4704344907703,2417.366,25.604636025259175,7.0,6039.5695046358815,2739.72602739726,25751832.298164066
239,1,1,1258495295.5285017,2418052000.0,0.5204583257632598,1674782386.83126,746365.6232766159,0.000567587744398305,2054794.5205479453,3515981.735159817,491095890.4109575,840319634.7032008,565029.524094765,59823138.282902464,0,0,9940176861.717098,4421592386.83126,246810000,24681,17379.38448100656,18877.42943292753,920.0070480790325,2418.0519999999997,25.59455241993093,7.0,6040.777418536809,2739.72602739726,25755133.349555206
240,1,1,1258746994.5876074,2418738000.0,0.5204147760475121,1679714686.4579206,744174.001738316,0.000567526054523843,2054794.5205479453,3515981.735159817,493150684.93150544,843835616.4383607,568476.6290471149,60391614.91194958,0,0,9939608385.08805,4426594686.45792,246880000,24688,17377.062569536614,18881.204918814114,914.5956507225018,2418.738,25.58454559653888,7.0,6041.985574020516,2739.72602739726,25758435.609101832
241,1,1,1258998743.9865248,2419424000.0,0.5203712718343394,1684643530.1585236,741996.7355838107,0.000557630768443114,2054794.5205479453,3515981.735159817,495205479.45205337,847351598.1735206,571932.5551047452,60963547.46705433,0,0,9939036452.532946,4431593530.158524,246950000,24695,17374.79274672057,18884.981159797877,909.235586922692,2419.424,25.57461461403024,7.0,6043.19397113532,2739.72602739726,25761739.07704557
242,1,1,1259250543.735322,2420110000.0,0.5203278130892075,1689568909.1336524,739833.6896723346,0.0005497131942894833,2054794.5205479453,3515981.735159817,497260273.9726013,850867579.9086804,575397.2805789661,61538944.74763329,0,0,9938461055.252367,4436588909.133653,247020000,24702,17372.57436751295,18888.75815602983,903.926211483119,2420.1099999999997,25.564758546072557,7.0,6044.402609929545,2739.72602739726,25765043.753628105
243,1,1,1259502393.844069,2420796000.0,0.5202843997776223,1694490814.6056392,737684.7305548396,0.0005447896710655244,2054794.5205479453,3515981.735159817,499315068.4931492,854383561.6438403,578870.7837210364,62117815.53135433,0,0,9937882184.468645,4441580814.605639,247090000,24709,17370.406796976655,18892.535907661037,898.6668893156163,2420.796,25.5549764807788,7.0,6045.611490451532,2739.72602739726,25768349.63909116
244,1,1,1259754294.3228378,2421482000.0,0.5202410318651296,1699409237.8186245,735549.7264475989,0.0005390567917356844,2054794.5205479453,3515981.735159817,501369863.01369715,857899543.3790002,582353.0427224906,62700168.574076824,0,0,9937299831.425922,4446569237.8186245,247160000,24716,17368.28941009346,18896.31441484257,893.4569952508888,2421.482,25.545267520438124,7.0,6046.820612749622,2739.72602739726,25771656.733676516
245,1,1,1260006245.1817024,2422168000.0,0.520197709317315,1704324170.0386167,733428.5472063035,0.0005288852398663052,2054794.5205479453,3515981.735159817,503424657.5342451,861415525.1141601,585844.0357154706,63286012.60979229,0,0,9936713987.390207,4451554170.038616,247230000,24723,17366.22159157873,18900.093677725537,888.2959138531944,2422.1679999999997,25.535630781252642,7.0,6048.029976872172,2739.72602739726,25774965.03762599
246,1,1,1260258246.4307387,2422854000.0,0.520154432099804,1709235602.5535514,731321.0643006417,0.0005256896096933164,2054794.5205479453,3515981.735159817,505479452.054793,864931506.8493199,589343.7407730541,63875356.350565344,0,0,9936124643.649435,4456535602.553552,247300000,24730,17364.20273570014,18903.873696461083,883.1830392390536,2422.854,25.526065393079843,7.0,6049.239582867546,2739.72602739726,25778274.55118146
247,1,1,1260510298.0800247,2423540000.0,0.5201112001782618,1714143526.6733496,729227.1507893482,0.0005138261308138983,2054794.5205479453,3515981.735159817,507534246.5753409,868447488.5844798,592852.1359095869,64468208.48647493,0,0,9935531791.513525,4461513526.673349,247370000,24737,17362.232246100255,18907.65447120037,878.1177748998857,2423.54,25.51657049918043,7.0,6050.449430784119,2739.72602739726,25781585.27458485
248,1,1,1260762400.1396408,2424226000.0,0.5200680135183934,1719047933.7299764,727146.6812957169,0.0005133047282874058,2054794.5205479453,3515981.735159817,509589041.09588885,871963470.3196397,596369.1990810147,65064577.68555594,0,0,9934935422.314444,4466487933.729977,247440000,24744,17360.309535623088,18911.43600209461,873.0995335284745,2424.226,25.507145255971768,7.0,6051.659520670276,2739.72602739726,25784897.208078124
249,1,1,1261014552.6196687,2424912000.0,0.5200248720859432,1723948815.077499,725079.5319835636,0.0005083405428535684,2054794.5205479453,3515981.735159817,511643835.6164368,875479452.0547996,599894.9081852145,65664472.593741156,0,0,9934335527.40626,4471458815.077499,247510000,24751,17358.4340261442,18915.21828929503,868.1277368491715,2424.912,25.497788832786355,7.0,6052.869852574409,2739.72602739726,25788210.3519033
250,1,1,1261266755.5301926,2425598000.0,0.5199817758466954,1728846162.0921443,723025.5805336307,0.0005023538544559535,2054794.5205479453,3515981.735159817,513698630.1369847,878995433.7899594,603429.241062329,66267901.834803484,0,0,9933732098.165197,4476426162.092144,247580000,24758,17356.605148404633,18919.00133295289,863.2018154517428,2425.598,25.488500411635645,7.0,6054.080426544924,2739.72602739726,25791524.70630245
251,1,1,1261519008.8812985,2426284000.0,0.5199387247664735,1733739966.1723568,720984.7061204247,0.0004925385316866521,2054794.5205479453,3515981.735159817,515753424.65753263,882511415.5251193,606972.1754951002,66874874.01029859,0,0,9933125125.989702,4481389966.172357,247650000,24765,17354.82234184825,18922.785133219477,858.3212086287708,2426.284,25.479279186978754,7.0,6055.291242630233,2739.72602739726,25794840.271517683
252,1,1,1261771312.6830747,2426970000.0,0.5198957188111409,1738630218.7388554,718956.789389477,0.0004912161917897783,2054794.5205479453,3515981.735159817,517808219.17808056,886027397.2602792,610523.6892092039,67485397.69950779,0,0,9932514602.300491,4486350218.738855,247720000,24772,17353.085054462645,18926.56969024612,853.4853642165248,2426.97,25.470124365496126,7.0,6056.502300878758,2739.72602739726,25798157.047791164
253,1,1,1262023666.9456112,2427656000.0,0.5198527579466,1743516911.2346895,716941.712435018,0.00048313696130843526,2054794.5205479453,3515981.735159817,519863013.6986285,889543378.995439,614083.7598735851,68099481.45938137,0,0,9931900518.540619,4491306911.23469,247790000,24779,17351.39274262339,18930.35500418417,848.6937384392168,2427.656,25.46103516586796,7.0,6057.7136013389345,2739.72602739726,25801475.03536511
254,1,1,1262276071.6790004,2428342000.0,0.5198098421387928,1748400035.1252964,714939.3587780569,0.0004768847123025178,2054794.5205479453,3515981.735159817,521917808.2191764,893059360.7305989,617652.3651007942,68717133.82448217,0,0,9931282866.175518,4496260035.125297,247860000,24786,17349.744870941562,18934.141075185005,843.9457957565578,2428.342,25.452010818557252,7.0,6058.925144059202,2739.72602739726,25804794.23448177
255,1,1,1262528526.893336,2429028000.0,0.5197669713537003,1753279581.8985567,712949.6133448587,0.00047121616658948217,2054794.5205479453,3515981.735159817,523972602.73972434,896575342.4657588,621229.4824473241,69338363.3069295,0,0,9930661636.693071,4501209581.898557,247930000,24793,17348.14091211458,18937.927903400043,839.2410087145379,2429.028,25.44305056559751,7.0,6060.136929088013,2739.72602739726,25808114.645383462
256,1,1,1262781032.5987146,2429714000.0,0.5197241455573433,1758155543.0648506,710972.3624458094,0.000461900263173969,2054794.5205479453,3515981.735159817,526027397.26027226,900091324.2009187,624815.0894139467,69963178.39634344,0,0,9930036821.603657,4506155543.064851,248000000,24800,17346.580346780072,18941.71548898072,834.5788577993508,2429.714,25.43415366038475,7.0,6061.348956473831,2739.72602739726,25811436.26831254
257,1,1,1263033588.8052342,2430400000.0,0.519681364715781,1763027910.1571124,709007.493754661,0.00046085789308629037,2054794.5205479453,3515981.735159817,528082191.7808202,903607305.9360785,628409.1634460519,70591587.5597895,0,0,9929408412.44021,4511097910.157112,248070000,24807,17345.0626633729,18945.503832078513,829.9588312943878,2430.4,25.425319367473982,7.0,6062.561226265125,2739.72602739726,25814759.103511408
258,1,1,1263286195.5229952,2431086000.0,0.5196386287951127,1767896674.7308862,707054.8962881499,0.0004524412430995562,2054794.5205479453,3515981.735159817,530136986.3013681,907123287.6712384,632011.6819339857,71223599.24172348,0,0,9928776400.758276,4516036674.730886,248140000,24814,17343.587357985158,18949.29293284493,825.3804251402269,2431.086,25.416546962379822,7.0,6063.773738510377,2739.72602739726,25818083.151222523
259,1,1,1263538852.7620997,2431772000.0,0.5195959377614758,1772761828.3643806,705114.4603859789,0.0004457084169463029,2054794.5205479453,3515981.735159817,532191780.82191604,910639269.4063983,635622.6222133897,71859221.86393687,0,0,9928140778.136063,4520971828.364381,248210000,24821,17342.153934229045,18953.082791431498,820.8431427975487,2431.772,25.40783573138125,7.0,6064.9864932580795,2739.72602739726,25821408.411688387
260,1,1,1263791560.5326521,2432458000.0,0.5195532915810477,1777623362.6585228,703186.0776911569,0.0004390936434157305,2054794.5205479453,3515981.735159817,534246575.34246397,914155251.1415582,639241.9615655416,72498463.82550241,0,0,9927501536.174498,4525903362.658523,248280000,24828,17340.761903102688,18956.873407989784,816.3464951129032,2432.458,25.39918497133052,7.0,6066.199490556731,2739.72602739726,25824734.88515155
261,1,1,1264044318.8447587,2433144000.0,0.519510690220044,1782481269.2370129,701269.6411306871,0.0004339671253259609,2054794.5205479453,3515981.735159817,536301369.8630119,917671232.876718,642869.6772176949,73141333.5027201,0,0,9926858666.49728,4530831269.237013,248350000,24835,17339.41078285865,18960.66478267138,811.8900001872671,2433.144,25.39059398946581,7.0,6067.412730454843,2739.72602739726,25828062.57185461
262,1,1,1264297127.7085276,2433830000.0,0.5194681336447194,1787335539.7463772,699365.0448965987,0.0004294612407528626,2054794.5205479453,3515981.735159817,538356164.3835598,921187214.6118779,646505.746343421,73787839.24906352,0,0,9926212160.750937,4535755539.746377,248420000,24842,17338.100098875235,18964.456915627914,807.4731832473199,2433.83,25.382062103227916,7.0,6068.626213000933,2739.72602739726,25831391.472040214
263,1,1,1264549987.1340692,2434516000.0,0.5194256218213679,1792186165.8560221,697472.1844273136,0.0004185237657585028,2054794.5205479453,3515981.735159817,540410958.9041078,924703196.3470378,650150.1460629511,74437989.39512648,0,0,9925562010.604874,4540676165.856022,248490000,24849,17336.829383530418,18968.249807011038,803.0955765193779,2434.516,25.373588640080573,7.0,6069.839938243533,2739.72602739726,25834721.58595106
264,1,1,1264802897.131496,2435202000.0,0.5193831547163217,1797033139.2582862,695590.9563893412,0.0004172372271394456,2054794.5205479453,3515981.735159817,542465753.4246558,928219178.0821977,653802.8534435176,75091792.24857,0,0,9924908207.75143,4545593139.258286,248560000,24856,17335.598176078365,18972.043456972442,798.7567191059233,2435.2019999999998,25.365172937334528,7.0,6071.053906231181,2739.72602739726,25838052.913829897
265,1,1,1265055857.7109222,2435888000.0,0.5193407322959521,1801876451.6684942,693721.2586592946,0.0004115253093344496,2054794.5205479453,3515981.735159817,544520547.9452038,931735159.8173575,657463.845499698,75749256.09406969,0,0,9924250743.90593,4550506451.668494,248630000,24863,17334.4060225285,18975.837865663834,794.4561568646648,2435.888,25.35681434197513,7.0,6072.268117012427,2739.72602739726,25841385.45591951
266,1,1,1265308868.8824644,2436574000.0,0.5192983545266692,1806716094.8250082,691862.9903062229,0.00040532963021691176,2054794.5205479453,3515981.735159817,546575342.4657518,935251141.5525174,661133.0991937589,76410389.19326344,0,0,9923589610.806736,4555416094.825008,248700000,24870,17333.252475527042,18979.63303323697,790.1934422900741,2436.574,25.348512210493503,7.0,6073.48257063583,2739.72602739726,25844719.212462753
267,1,1,1265561930.656241,2437260000.0,0.5192560213749214,1811552060.48928,690016.0515742509,0.00039260222898885466,2054794.5205479453,3515981.735159817,548630136.9862998,938767123.2876773,664810.5914359993,77075199.78469944,0,0,9922924800.215302,4560322060.48928,248770000,24877,17332.137094240956,18983.428959843615,785.9681343973394,2437.2599999999998,25.340265908721054,7.0,6074.697267149957,2739.72602739726,25848054.183702506
268,1,1,1265815043.0423722,2437946000.0,0.519213732807196,1816384340.4459026,688180.3438655225,0.0003904923660525152,2054794.5205479453,3515981.735159817,550684931.5068477,942283105.0228372,668496.2990850958,77743696.08378454,0,0,9922256303.916216,4565224340.445903,248840000,24884,17331.059444244263,18987.225645635586,781.779798608677,2437.946,25.332074811667376,7.0,6075.912206603387,2739.72602739726,25851390.369881716
269,1,1,1266068206.0509806,2438632000.0,0.5191714887900186,1821212926.502662,686355.7697234391,0.0003843619514051672,2054794.5205479453,3515981.735159817,552739726.0273957,945799086.757997,672190.1989484477,78415886.28273298,0,0,9921584113.717266,4570122926.502662,248910000,24891,17330.019097406665,18991.023090764713,777.6280066419521,2438.632,25.323938303361437,7.0,6077.127389044707,2739.72602739726,25854727.771243364
270,1,1,1266321419.6921906,2439318000.0,0.5191292892899534,1826037810.4905872,684542.2328161892,0.0003791382586207251,2054794.5205479453,3515981.735159817,554794520.5479437,949315068.4931569,675892.2677825234,79091778.5505155,0,0,9920908221.449484,4575017810.490587,248980000,24898,17329.015631784412,18994.821295382862,773.5123364015486,2439.3179999999998,25.315855776695894,7.0,6078.342814522516,2739.72602739726,25858066.38803049
271,1,1,1266574683.976129,2440004000.0,0.5190871342736033,1830858984.2640018,682739.6379205618,0.00037388437762101215,2054794.5205479453,3515981.735159817,556849315.0684917,952831050.2283168,679602.4822932062,79771381.0328087,0,0,9920228618.967192,4579908984.264002,249050000,24905,17328.048631513382,18998.62025964194,769.4323718714422,2440.004,25.307826633274587,7.0,6079.5584830854195,2739.72602739726,25861406.220486183
272,1,1,1266827998.9129243,2440690000.0,0.5190450237076091,1835676439.7005734,680947.8909060389,0.00036564124885889616,2054794.5205479453,3515981.735159817,558904109.5890397,956347031.9634767,683320.8191361417,80454701.85194485,0,0,9919545298.148056,4584796439.700573,249120000,24912,17327.11768670429,19002.419983693864,765.3877030104217,2440.69,25.29985028326306,7.0,6080.774394782036,2739.72602739726,25864747.268853568
273,1,1,1267081364.5127068,2441376000.0,0.51900295755865,1840490168.701364,679166.8987191616,0.0003584803809443184,2054794.5205479453,3515981.735159817,560958904.1095877,959863013.6986365,687047.2549170846,81141749.10686193,0,0,9918858250.893139,4589680168.7013645,249190000,24919,17326.222393340013,19006.220467690604,761.3779256494107,2441.3759999999997,25.291926145241995,7.0,6081.990549660993,2739.72602739726,25868089.533375833
274,1,1,1267334780.7856092,2442062000.0,0.5189609357934439,1845300163.1908796,677396.5693681624,0.00035581926120631624,2054794.5205479453,3515981.735159817,563013698.6301357,963378995.4337964,690781.7661922476,81832530.87305418,0,0,9918167469.126945,4594560163.19088,249260000,24926,17325.362353174984,19010.02171178414,757.4026413908456,2442.062,25.284053646063725,7.0,6083.206947770925,2739.72602739726,25871433.014296208
275,1,1,1267588247.7417665,2442748000.0,0.5189189583787466,1850106415.1171186,675636.8119078613,0.0003501807043140736,2054794.5205479453,3515981.735159817,565068493.1506836,966894977.1689563,694524.3294686492,82527055.20252283,0,0,9917472944.797478,4599436415.117119,249330000,24933,17324.537173636552,19013.8237161265,753.461457510054,2442.748,25.276232220711393,7.0,6084.423589160479,2739.72602739726,25874777.71185797
276,1,1,1267841765.3913147,2443434000.0,0.5188770252813519,1854908916.4516218,673887.536424818,0.00034452357324585276,2054794.5205479453,3515981.735159817,567123287.6712316,970410958.9041162,698274.9212044626,83225330.12372729,0,0,9916774669.876272,4604308916.451622,249400000,24940,17323.74646772832,19017.626480869723,749.5539868585978,2443.4339999999997,25.268461312160994,7.0,6085.64047387831,2739.72602739726,25878123.626304455
277,1,1,1268095333.7443929,2444120000.0,0.518835136468092,1859707659.1895201,672148.6540227375,0.0003425076063635196,2054794.5205479453,3515981.735159817,569178082.1917796,973926940.639276,702033.5178093654,83927363.64153665,0,0,9916072636.358463,4609177659.18952,249470000,24947,17322.989853935425,19021.430006165894,745.6798477695304,2444.12,25.260740371246175,7.0,6086.857601973086,2739.72602739726,25881470.757879034
278,1,1,1268348952.8111417,2444806000.0,0.518793291905837,1864502635.349583,670420.0768081212,0.0003315573838130476,2054794.5205479453,3515981.735159817,571232876.7123276,977442922.3744359,705800.0956448894,84633163.73718154,0,0,9915366836.26282,4614042635.349583,249540000,24954,17322.266956131658,19025.23429216713,741.8386639645277,2444.806,25.2530688565256,7.0,6088.074973493481,2739.72602739726,25884819.106825132
279,1,1,1268602622.601704,2445492000.0,0.5187514915614951,1869293836.9742658,668701.717876161,0.000329372876805794,2054794.5205479453,3515981.735159817,573287671.2328756,980958904.1095958,709574.6310247713,85342738.36820632,0,0,9914657261.631794,4618903836.974266,249610000,24961,17321.57740348841,19029.03933902556,738.0300644628477,2445.4919999999997,25.245446234152947,7.0,6089.292588488179,2739.72602739726,25888168.673386224
280,1,1,1268856343.1262243,2446178000.0,0.5187097354020126,1874081256.1297584,666993.4912968705,0.00032236084327340905,2054794.5205479453,3515981.735159817,575342465.7534236,984474885.8447556,713357.100215303,86056095.46842162,0,0,9913943904.531578,4623761256.129759,249680000,24968,17320.92083038545,19032.845146893367,734.2536834920819,2446.178,25.237871977749492,7.0,6090.510447005877,2739.72602739726,25891519.457805835
281,1,1,1269110114.3948495,2446864000.0,0.5186680233943732,1878864884.9060304,665295.3121014498,0.00031942473013112896,2054794.5205479453,3515981.735159817,577397260.2739716,987990867.5799155,717147.4794356835,86773242.9478573,0,0,9913226757.052143,4628614884.906031,249750000,24975,17320.296876323395,19036.651715922744,730.5091604006535,2446.864,25.230345568279084,7.0,6091.728549095277,2739.72602739726,25894871.460327536
282,1,1,1269363936.4177284,2447550000.0,0.5186263555055989,1883644715.41688,663607.0962688777,0.00031259199632370635,2054794.5205479453,3515981.735159817,579452054.7945195,991506849.3150754,720945.7448583697,87494188.69271567,0,0,9912505811.307283,4633464715.41688,249820000,24982,17319.705185837953,19040.459046265925,726.7961395720283,2447.5499999999997,25.222866493925654,7.0,6092.946894805096,2739.72602739726,25898224.681194946
283,1,1,1269617809.2050118,2448236000.0,0.5185847317027492,1888420739.7999783,661928.7607127278,0.00030527048766134507,2054794.5205479453,3515981.735159817,581506849.3150675,995022831.0502353,724751.8726094291,88218940.56532511,0,0,9911781059.434675,4638310739.799978,249890000,24989,17319.145408415774,19044.267138075178,723.1142703405961,2448.236,25.215434249973008,7.0,6094.165484184056,2739.72602739726,25901579.120651733
284,1,1,1269871732.7668529,2448922000.0,0.5185431519529217,1893192950.216917,660260.2232682044,0.00030480502813692005,2054794.5205479453,3515981.735159817,583561643.8356155,998538812.7853951,728565.8387688932,88947506.40409401,0,0,9911052493.595905,4643152950.216917,249960000,24996,17318.617198411983,19048.075991502796,719.4632069091872,2448.922,25.20804833868698,7.0,6095.384317280894,2739.72602739726,25904934.77894162
285,1,1,1270125707.1134062,2449608000.0,0.5185016162232513,1897961338.8532536,658601.4026793933,0.0002982915886478862,2054794.5205479453,3515981.735159817,585616438.3561635,1002054794.520555,732387.6193711082,89679894.02346511,0,0,9910320105.976536,4647991338.853253,250030000,25003,17318.12021496928,19051.885606701093,715.8426082681888,2449.6079999999997,25.200708269199872,7.0,6096.60339414435,2739.72602739726,25908291.656308368
286,1,1,1270379732.254829,2450294000.0,0.5184601244809108,1902725897.9185562,656952.2185867239,0.0002970906334661901,2054794.5205479453,3515981.735159817,587671232.8767115,1005570776.2557149,736217.1904050915,90416111.2138702,0,0,9909583888.786129,4652825897.918556,250100000,25010,17317.654121938656,19055.695983822436,712.2521381162226,2450.294,25.193413557397133,7.0,6097.82271482318,2739.72602739726,25911649.752995797
287,1,1,1270633808.2012799,2450980000.0,0.5184186766931105,1907486619.646449,655312.5915146384,0.0002896696316622258,2054794.5205479453,3515981.735159817,589726027.3972595,1009086757.9908748,740054.5278148821,91156165.74168508,0,0,9908843834.258314,4657656619.646449,250170000,25017,17317.218587801555,19059.5071230192,708.6914647823546,2450.98,25.186163725806075,7.0,6099.042279366144,2739.72602739726,25915009.069247767
288,1,1,1270887934.9629202,2451666000.0,0.5183772728270981,1912243496.294657,653682.4428594632,0.00028612487022120723,2054794.5205479453,3515981.735159817,591780821.9178075,1012602739.7260346,743899.6074998975,91900065.34918498,0,0,9908099934.650816,4662483496.294657,250240000,25024,17316.813285593602,19063.319024443805,705.1602611497974,2451.6659999999997,25.17895830348693,7.0,6100.262087822018,2739.72602739726,25918369.605308194
289,1,1,1271142112.5499127,2452352000.0,0.5183359128501588,1916996520.1450493,652061.6948774799,0.00027930514224256027,2054794.5205479453,3515981.735159817,593835616.4383554,1016118721.4611945,747752.4053152867,92647817.75450025,0,0,9907352182.2455,4667306520.145049,250310000,25031,17316.43789282977,19067.131688248694,701.6582045810766,2452.352,25.171796825925814,7.0,6101.482140239581,2739.72602739726,25921731.361421037
290,1,1,1271396340.9724226,2453038000.0,0.5182945967296155,1921745683.5036848,650450.2706731929,0.0002758397896129314,2054794.5205479453,3515981.735159817,595890410.9589034,1019634703.1963544,751612.8970722856,93399430.65157254,0,0,9906600569.348427,4672125683.503685,250380000,25038,17316.092091430968,19070.945114586342,698.1849768446275,2453.038,25.164678834929767,7.0,6102.702436667629,2739.72602739726,25925094.33783031
291,1,1,1271650620.240617,2453724000.0,0.5182533244328282,1926490978.7008538,648848.0941877862,0.00027192360501118317,2054794.5205479453,3515981.735159817,597945205.4794514,1023150684.9315143,755481.0585385724,94154911.71011111,0,0,9905845088.289888,4676940978.700853,250450000,25045,17315.775567652054,19074.75930360926,694.7402640427919,2453.7239999999997,25.157603878523886,7.0,6103.922977154963,2739.72602739726,25928458.534780066
292,1,1,1271904950.364665,2454410000.0,0.5182120959271943,1931232398.0911229,647255.0901877696,0.0002674440147327318,2054794.5205479453,3515981.735159817,599999999.9999994,1026666666.6666741,759356.8654386224,94914268.57554974,0,0,9905085731.42445,4681752398.091123,250520000,25052,17315.48801201116,19078.574255469975,691.3237565411832,2454.41,25.150571510850206,7.0,6105.1437617503925,2739.72602739726,25931823.95251442
293,1,1,1272159331.354738,2455096000.0,0.5181709111801486,1935969934.0533764,645671.184253809,0.00026352355396978914,2054794.5205479453,3515981.735159817,602054794.5205474,1030182648.401834,763240.2934540653,95677508.8690038,0,0,9904322491.130997,4686559934.053376,250590000,25059,17315.22911922046,19082.38997032107,687.9351488993909,2455.096,25.143581292068713,7.0,6106.364790502743,2739.72602739726,25935190.59127753
294,1,1,1272413763.221009,2455782000.0,0.5181297701591627,1940703578.9908602,644096.3027697386,0.0002598995335571212,2054794.5205479453,3515981.735159817,604109589.0410954,1033698630.1369939,767131.3182240404,96444640.18722785,0,0,9903555359.812773,4691363578.99086,250660000,25066,17314.998588118135,19086.206448315137,684.5741398029963,2455.7819999999997,25.136632788260023,7.0,6107.586063460843,2739.72602739726,25938558.451313592
295,1,1,1272668245.973653,2456468000.0,0.5180886728317459,1945433325.3312223,642530.3729117481,0.000257501091428941,2054794.5205479453,3515981.735159817,606164383.5616434,1037214611.8721538,771029.915345553,97215670.1025734,0,0,9902784329.897427,4696163325.331223,250730000,25073,17314.796121601667,19090.023689604797,681.2404319968705,2456.468,25.12972557132998,7.0,6108.807580673535,2739.72602739726,25941927.53286687
296,1,1,1272922779.6228478,2457154000.0,0.5180476191654442,1950159165.5265563,640973.3226377468,0.0002531930477099967,2054794.5205479453,3515981.735159817,608219178.0821913,1040730593.6073136,774936.0603738321,97990606.16294722,0,0,9902009393.837053,4700959165.526556,250800000,25080,17314.621426562448,19093.84169434272,677.9337322197262,2457.154,25.122859218916123,7.0,6110.0293421896695,2739.72602739726,25945297.836181663
297,1,1,1273177364.1787724,2457840000.0,0.5180066091278409,1954881092.0534413,639425.0806768971,0.0002498947621457782,2054794.5205479453,3515981.735159817,610273972.6027393,1044246575.3424735,778849.7288226876,98769455.89176992,0,0,9901230544.10823,4705751092.053441,250870000,25087,17314.474213821486,19097.66046268159,674.6537511398973,2457.8399999999997,25.11603331429567,7.0,6111.251348058108,2739.72602739726,25948669.361502327
298,1,1,1273431999.6516082,2458526000.0,0.5179656426865562,1959599097.4129841,637885.5765193158,0.0002487042138081207,2054794.5205479453,3515981.735159817,612328767.1232873,1047762557.0776334,782770.896164867,99552226.78793478,0,0,9900447773.212065,4710539097.412984,250940000,25094,17314.354198066445,19101.479994774127,671.4002032923216,2458.526,25.109247446295463,7.0,6112.47359832772,2739.72602739726,25952042.10907326
299,1,1,1273686686.0515385,2459212000.0,0.5179247198092473,1964313174.1308594,636354.7404059407,0.0002424511200467413,2054794.5205479453,3515981.735159817,614383561.6438353,1051278538.8127933,786699.5378324131,100338926.32576719,0,0,9899661073.674232,4715323174.130859,251010000,25101,17314.261097789775,19105.300290773077,668.1728070166974,2459.212,25.10250120920342,7.0,6113.696093047385,2739.72602739726,25955416.079138912
300,1,1,1273941423.3887486,2459898000.0,0.5178838404636081,1969023314.7573502,634832.5033185574,0.00023958613684088486,2054794.5205479453,3515981.735159817,616438356.1643833,1054794520.5479531,790635.6292170237,101129561.95498422,0,0,9898870438.045015,4720103314.75735,251080000,25108,17314.194635228025,19109.121350831232,664.971284396792,2459.8979999999997,25.0957942026817,7.0,6114.918832265994,2739.72602739726,25958791.27194378
301,1,1,1274196211.6734264,2460584000.0,0.5178430046173699,1973729511.8673875,633318.7969699864,0.00023765033916950973,2054794.5205479453,3515981.735159817,618493150.6849313,1058310502.283113,794579.1456704086,101924141.10065463,0,0,9898075858.899345,4724879511.867388,251150000,25115,17314.154536302274,19112.943175101398,661.7953612008764,2460.584,25.089126031681424,7.0,6116.1418160324465,2739.72602739726,25962167.687732417
302,1,1,1274451050.915761,2461270000.0,0.5178022122383001,1978431758.0605907,631813.5537944242,0.0002357615249774832,2054794.5205479453,3515981.735159817,620547945.2054793,1061826484.0182729,798530.0625046478,102722671.16315928,0,0,9897277328.836842,4729651758.060591,251220000,25122,17314.14053055968,19116.765763736417,658.6447668232634,2461.27,25.082496306359065,7.0,6117.365044395653,2739.72602739726,25965545.326749418
303,1,1,1274705941.1259441,2461956000.0,0.5177614632942035,1983130045.9613059,630316.7069379381,0.00023299022539597882,2054794.5205479453,3515981.735159817,622602739.7260273,1065342465.7534328,802488.354992551,103525159.51815183,0,0,9896474840.481848,4734420045.961306,251290000,25129,17314.15235111609,19120.589116889165,655.5192342269233,2461.9559999999997,25.075904641994224,7.0,6118.5885174045325,2739.72602739726,25968924.189239427
304,1,1,1274960882.3141694,2462642000.0,0.5177207577529213,1987824368.2186456,628828.1902491103,0.00023029675019710656,2054794.5205479453,3515981.735159817,624657534.2465752,1068858447.4885926,806453.998368017,104331613.51651984,0,0,9895668386.48348,4739184368.218645,251360000,25136,17314.189734599702,19124.41323471254,652.4184998871592,2462.642,25.069350658909052,7.0,6119.812235108013,2739.72602739726,25972304.27544714
305,1,1,1275215874.4906323,2463328000.0,0.517680095582331,1992514717.506527,627347.9382698297,0.00022713382368331133,2054794.5205479453,3515981.735159817,626712328.7671232,1072374429.2237525,810426.9678263926,105142040.48434624,0,0,9894857959.515654,4743944717.506527,251430000,25143,17314.2524210958,19128.238117359488,649.3423037363127,2463.328,25.062833982389048,7.0,6121.036197555036,2739.72602739726,25975685.5856173
306,1,1,1275470917.6655304,2464014000.0,0.5176394767503474,1997201086.5237098,625875.8862262276,0.00022449580049797957,2054794.5205479453,3515981.735159817,628767123.2876712,1075890410.9589124,814407.2385248316,105956447.72287107,0,0,9894043552.277128,4748701086.52371,251500000,25150,17314.340154092446,19132.06376498296,646.2903891094865,2464.0139999999997,25.056354242605394,7.0,6122.260404794547,2739.72602739726,25979068.1199947
307,1,1,1275726011.8490636,2464700000.0,0.5175989012249214,2001883467.993835,624411.970019756,0.00022225005595460497,2054794.5205479453,3515981.735159817,630821917.8082192,1079406392.6940722,818394.7855826551,106774842.50845373,0,0,9893225157.491547,4753453467.993835,251570000,25157,17314.452680427214,19135.890177735957,643.2625026912563,2464.7,25.04991107453859,7.0,6123.484856875506,2739.72602739726,25982451.878824178
308,1,1,1275981157.0514333,2465386000.0,0.5175583689740403,2006561854.665461,622956.1262184039,0.00022140423618182605,2054794.5205479453,3515981.735159817,632876712.3287672,1082922374.4292321,822389.5840817117,107597232.09253544,0,0,9892402767.907465,4758201854.665461,251640000,25164,17314.589750234856,19139.7173557715,640.2583944633543,2465.386,25.043504117903552,7.0,6124.70955384688,2739.72602739726,25985836.862350628
309,1,1,1276236353.2828436,2466072000.0,0.5175178799657283,2011236239.312102,621508.292048052,0.00021910080254164912,2054794.5205479453,3515981.735159817,634931506.8493152,1086438356.164392,826391.6090667372,108423623.70160218,0,0,9891576376.298397,4762946239.312102,251710000,25171,17314.751116895957,19143.545299242654,637.2778176533034,2466.0719999999997,25.03713301707609,7.0,6125.9344957576495,2739.72602739726,25989223.07081899
310,1,1,1276491600.5535002,2466758000.0,0.5174774341680457,2015906614.732264,620068.4053839598,0.00021457082950915288,2054794.5205479453,3515981.735159817,636986301.3698632,1089954337.8995519,830400.8355457153,109254024.5371479,0,0,9890745975.462852,4767686614.732264,251780000,25178,17314.93653698649,19147.374008302504,634.320528683983,2466.758,25.03079742102063,7.0,6127.159682656801,2739.72602739726,25992610.504474252
311,1,1,1276746898.8736107,2467444000.0,0.5174370315490892,2020572973.7494814,618636.4047423864,0.00021629927997575548,2054794.5205479453,3515981.735159817,639041095.8904111,1093470319.6347117,834417.2384902374,110088441.77563813,0,0,9889911558.224361,4772422973.749481,251850000,25185,17315.14577022827,19151.203483104164,631.3862871241065,2467.444,25.024496983219247,7.0,6128.385114593332,2739.72602739726,25995999.16356145
312,1,1,1277002248.2533855,2468130000.0,0.5173966720769917,2025235309.2123532,617212.229272339,0.00021720962578311768,2054794.5205479453,3515981.735159817,641095890.4109591,1096986301.3698716,838440.7928358638,110926882.568474,0,0,9889073117.431526,4777155309.212353,251920000,25192,17315.378579440378,19155.033723800785,628.4748556395919,2468.13,25.018231361602083,7.0,6129.610791616251,2739.72602739726,25999389.04832567
313,1,1,1277257648.7030363,2468816000.0,0.5173563557199226,2029893613.9945786,615795.8187474499,0.00021217162756604312,2054794.5205479453,3515981.735159817,643150684.9315071,1100502283.1050315,842471.4734824843,111769354.04195648,0,0,9888230645.958044,4781883613.994578,251990000,25199,17315.634730491354,19158.864730545545,625.5859999458063,2468.816,25.012000218478875,7.0,6130.8367137745745,2739.72602739726,26002780.15901205
314,1,1,1277513100.2327769,2469502000.0,0.5173160824460871,2034547880.9949918,614387.1135579771,0.00021133872637863404,2054794.5205479453,3515981.735159817,645205479.4520551,1104018264.8401914,846509.25529468,112615863.29725116,0,0,9887384136.70275,4786607880.994991,252060000,25206,17315.913992252325,19162.696503491654,622.7194887606696,2469.502,25.00580322047175,7.0,6132.062881117329,2739.72602739726,26006172.49586577
315,1,1,1277768602.8528235,2470188000.0,0.5172758522237269,2039198103.1375973,612986.0547029286,0.00021026435231307253,2054794.5205479453,3515981.735159817,647260273.9726031,1107534246.5753512,850554.1131020832,113466417.41035324,0,0,9886533582.589647,4791328103.137597,252130000,25213,17316.216136550946,19166.529042792354,619.8750937585946,2470.188,24.9996400384493,7.0,6133.289293693553,2739.72602739726,26009566.05913207
316,1,1,1278024156.573394,2470874000.0,0.5172356650211197,2043844273.3716054,611592.5837823069,0.000209885026425787,2054794.5205479453,3515981.735159817,649315068.4931511,1111050228.310511,854606.0216997388,114321023.43205298,0,0,9885678976.567947,4796044273.371605,252200000,25220,17316.540938126163,19170.362348600913,617.052589525251,2470.874,24.993510347461687,7.0,6134.515951552292,2739.72602739726,26012960.849056225
317,1,1,1278279761.4047086,2471560000.0,0.517195520806579,2048486384.6714647,610206.6429894706,0.00020854169108349487,2054794.5205479453,3515981.735159817,651369863.013699,1114566210.045671,858664.9558484668,115179688.38790146,0,0,9884820311.612099,4800756384.671465,252270000,25227,17316.888174583764,19174.196421070632,614.2517535131353,2471.56,24.98741382667699,7.0,6135.742854742602,2739.72602739726,26016356.865883574
318,1,1,1278535417.3569896,2472246000.0,0.517155419548455,2053124430.0368972,608828.175103614,0.0002080216931167308,2054794.5205479453,3515981.735159817,653424657.534247,1118082191.7808309,862730.8902752231,116042419.27817668,0,0,9883957580.721823,4805464430.036898,252340000,25234,17317.257626352774,19178.031260354845,611.4723659979277,2472.246,24.981350159318698,7.0,6136.9700033135505,2739.72602739726,26019754.109859493
319,1,1,1278791124.440461,2472932000.0,0.5171153612151329,2057758402.4929314,607457.1234823596,0.00020649301728405684,2054794.5205479453,3515981.735159817,655479452.054795,1121598173.5159907,866803.7996734603,116909223.07785013,0,0,9883090776.92215,4810168402.492931,252410000,25241,17317.649076642538,19181.866866606913,608.7142100356239,2472.932,24.97531903260421,7.0,6138.197397314212,2739.72602739726,26023152.58122941
320,1,1,1279046882.665349,2473618000.0,0.5170753457750343,2062388295.0899355,606093.432054463,0.00020698127386465468,2054794.5205479453,3515981.735159817,657534246.575343,1125114155.2511506,870883.6587034907,117780106.73655362,0,0,9882219893.263447,4814868295.089935,252480000,25248,17318.06231140066,19185.703239980234,605.9770714204241,2473.618,24.969320137684523,7.0,6139.425036793675,2739.72602739726,26026552.28023881
321,1,1,1279302692.041882,2474304000.0,0.517035373196617,2067014100.9036505,604737.0453126278,0.00020649508860038761,2054794.5205479453,3515981.735159817,659589041.095891,1128630136.9863105,874970.441992848,118655077.17854647,0,0,9881344922.821453,4819564100.90365,252550000,25255,17318.497119271593,19189.54038062823,603.2607386433641,2474.304,24.96335316958489,7.0,6140.652921801034,2739.72602739726,26029953.207133215
322,1,1,1279558552.5802903,2474990000.0,0.5169954434483737,2071635813.0352216,603387.9083064294,0.00020607778797353656,2054794.5205479453,3515981.735159817,661643835.616439,1132146118.7214704,879064.124136648,119534141.30268312,0,0,9880465858.697317,4824255813.035221,252620000,25262,17318.953291556027,19193.378288704356,600.5650028516733,2474.99,24.95741782714658,7.0,6141.881052385394,2739.72602739726,26033355.362158205
323,1,1,1279814464.2908063,2475676000.0,0.5169555564988336,2076253424.6112313,602045.9666353437,0.00020445961952961147,2054794.5205479453,3515981.735159817,663698630.136987,1135662100.4566302,883164.6796979515,120417305.98238106,0,0,9879582694.017618,4828943424.611231,252690000,25269,17319.43062217094,19197.216964362095,597.8896578088461,2475.676,24.951513812969633,7.0,6143.109428595871,2739.72602739726,26036758.745559406
324,1,1,1280070427.1836643,2476362000.0,0.5169157123165613,2080866928.783731,600711.1664418819,0.00020575054717189795,2054794.5205479453,3515981.735159817,665753424.657535,1139178082.19179,887272.0832081262,121304578.06558919,0,0,9878695421.93441,4833626928.783731,252760000,25276,17319.928907610378,19201.056407754968,595.2344998554114,2476.362,24.945640833356606,7.0,6144.33805048159,2739.72602739726,26040163.35758249
325,1,1,1280326441.2691011,2477048000.0,0.5168759108701572,2085476318.7302716,599383.4544048267,0.00020574218773341372,2054794.5205479453,3515981.735159817,667808219.178083,1142694063.92695,891386.3091672092,122195964.3747564,0,0,9877804035.625244,4838306318.730271,252830000,25283,17320.447946906905,19204.896619036517,592.5993278703869,2477.048,24.939798598257312,7.0,6145.566918091686,2739.72602739726,26043569.198473185
326,1,1,1280582506.557355,2477734000.0,0.5168361521282571,2090081587.653935,598062.7777325696,0.0002052156264386039,2054794.5205479453,3515981.735159817,669863013.6986309,1146210045.6621099,895507.3320442671,123091471.70680067,0,0,9876908528.2932,4842981587.6539345,252900000,25290,17320.98754159373,19208.737598360327,589.9839432334045,2477.734,24.933986821214496,7.0,6146.796031475304,2739.72602739726,26046976.268477265
327,1,1,1280838623.0586665,2478420000.0,0.5167964360595325,2094682728.783365,596749.0841565479,0.00020692134441116107,2054794.5205479453,3515981.735159817,671917808.2191789,1149726027.3972697,899635.1262777614,123991106.83307843,0,0,9876008893.166922,4847652728.783365,252970000,25297,17321.547495667495,19212.57934588,587.3881497874925,2478.42,24.928205219310474,7.0,6148.0253906816,2739.72602739726,26050384.56784055
328,1,1,1281094790.7832782,2479106000.0,0.5167567626326902,2099279735.3727968,595442.321924778,0.00020606043398302805,2054794.5205479453,3515981.735159817,673972602.7397269,1153242009.1324296,903769.6662759078,124894876.49935433,0,0,9875105123.500647,4852319735.372797,253040000,25304,17322.12761555168,19216.421861749175,584.8117538025037,2479.1059999999998,24.922453513114657,7.0,6149.254995759736,2739.72602739726,26053794.096808914
329,1,1,1281351009.7414348,2479792000.0,0.5167171318164728,2103872600.7020874,594142.4397954856,0.0002042044698207226,2054794.5205479453,3515981.735159817,676027397.2602749,1156757990.8675895,907910.9264170398,125802787.42577137,0,0,9874197212.574228,4856982600.702087,253110000,25311,17322.7277100607,19220.265146121525,582.2545639391745,2479.792,24.91673142663207,7.0,6150.484846758887,2739.72602739726,26057204.855628278
330,1,1,1281607279.943383,2480478000.0,0.516677543579658,2108461318.0767453,592849.3870308287,0.00020690394467525003,2054794.5205479453,3515981.735159817,678082191.7808229,1160273972.6027493,912058.8810499704,126714846.30682135,0,0,9873285153.693178,4861641318.076745,253180000,25318,17323.34759036455,19224.109199150746,579.7163912138034,2480.478,24.91103868725261,7.0,6151.714943728239,2739.72602739726,26060616.844544612
331,1,1,1281863601.3993716,2481164000.0,0.516637997891059,2113045880.8279586,591563.1133907144,0.00020768795489024445,2054794.5205479453,3515981.735159817,680136986.3013709,1163789954.3379092,916213.504494355,127631059.8113157,0,0,9872368940.188684,4866295880.827959,253250000,25325,17323.987069954113,19227.954020990575,577.1970489635377,2481.1639999999998,24.905375025701318,7.0,6152.945286716984,2739.72602739726,26064030.063803934
332,1,1,1282119974.1196516,2481850000.0,0.5165984947195243,2117626282.3126252,590283.5691267049,0.00020820018927616795,2054794.5205479453,3515981.735159817,682191780.8219188,1167305936.073069,920374.771041053,128551434.58235675,0,0,9871448565.417643,4870946282.312625,253320000,25332,17324.645964607033,19231.799611794777,574.6963528122543,2481.85,24.899740175989383,7.0,6154.175875774328,2739.72602739726,26067444.513652314
333,1,1,1282376398.1144755,2482536000.0,0.5165590340339377,2122202515.9133804,589010.7049760144,0.00020744912257256273,2054794.5205479453,3515981.735159817,684246575.3424668,1170821917.808229,924542.6549524895,129475977.23730925,0,0,9870524022.762691,4875592515.913381,253390000,25339,17325.324092354156,19235.64597171713,572.2141206370256,2482.536,24.89413387536605,7.0,6155.406710949483,2739.72602739726,26070860.194335867
334,1,1,1282632873.3940983,2483222000.0,0.5165196158032178,2126774575.038625,587744.4721555928,0.0002100496766709601,2054794.5205479453,3515981.735159817,686301369.8630148,1174337899.5433888,928717.1304630189,130404694.36777227,0,0,9869595305.632227,4880234575.038625,253460000,25346,17326.021273446633,19239.493100911473,569.7501725351559,2483.2219999999998,24.888555864271392,7.0,6156.637792291672,2739.72602739726,26074277.106100764
335,1,1,1282889399.9687772,2483908000.0,0.5164802399963192,2131342453.1225533,586484.8223562954,0.00020953895864177956,2054794.5205479453,3515981.735159817,688356164.3835628,1177853881.2785487,932898.1717792861,131337592.53955156,0,0,9868662407.46045,4884872453.122553,253530000,25353,17326.737330323438,19243.340999531658,567.3043307917815,2483.908,24.883005886289695,7.0,6157.869119850131,2739.72602739726,26077695.249193218
336,1,1,1283145977.8487709,2484594000.0,0.5164409065822306,2135906143.6251805,585231.7077371392,0.00021119490020527003,2054794.5205479453,3515981.735159817,690410958.9041108,1181369863.0137086,937085.7530805882,132274678.29263215,0,0,9867725321.707367,4889506143.62518,253600000,25360,17327.47208757958,19247.189667731564,564.8764198480183,2484.594,24.877483688103872,7.0,6159.1006936741005,2739.72602739726,26081114.623859495
337,1,1,1283402607.0443406,2485280000.0,0.5164016155299768,2140465640.032369,583985.0809196399,0.0002111822271776745,2054794.5205479453,3515981.735159817,692465753.4246588,1184885844.7488685,941279.8485192377,133215958.14115138,0,0,9866784041.858849,4894135640.032369,253670000,25367,17328.22537193477,19251.039105665113,562.466266269652,2485.2799999999997,24.87198901945051,7.0,6160.332513812836,2739.72602739726,26084535.230345912
338,1,1,1283659287.5657494,2485966000.0,0.5163623668086166,2145020935.8558557,582744.8949822331,0.00021137973959736334,2054794.5205479453,3515981.735159817,694520547.9452068,1188401826.4840283,945480.432220923,134161438.5733723,0,0,9865838561.426628,4898760935.855856,253740000,25374,17328.9970122026,19254.889313486245,560.0736987163551,2485.966,24.866521633075617,7.0,6161.564580315598,2739.72602739726,26087957.06889883
339,1,1,1283916019.4232626,2486652000.0,0.5163231603872446,2149572024.6332784,581511.1034547747,0.00021327211939815618,2054794.5205479453,3515981.735159817,696575342.4657547,1191917808.2191882,949687.4782850728,135111126.05165738,0,0,9864888873.948343,4903382024.633278,253810000,25381,17329.786839260363,19258.740291348942,557.6985479114239,2486.652,24.861081284691323,7.0,6162.796893231661,2739.72602739726,26091380.139764667
340,1,1,1284172802.6271472,2487338000.0,0.5162839962349899,2154118899.9282007,580283.6603131219,0.0002160837580967091,2054794.5205479453,3515981.735159817,698630136.9863027,1195433789.954348,953900.9607852146,136065027.0124426,0,0,9863934972.987556,4907998899.928201,253880000,25388,17330.594686019234,19262.59203940721,555.340646612025,2487.3379999999997,24.85566773293308,7.0,6164.029452610307,2739.72602739726,26094804.44318988
341,1,1,1284429637.1876726,2488024000.0,0.5162448743210164,2158661555.330139,579062.5199737902,0.0002175388468657934,2054794.5205479453,3515981.735159817,700684931.5068507,1198949771.689508,958120.8537693392,137023147.86621192,0,0,9862976852.133787,4912611555.330139,253950000,25395,17331.420387395032,19266.44455781509,552.9998295799402,2488.024,24.850280739317725,7.0,6165.262258500829,2739.72602739726,26098229.979420986
342,1,1,1284686523.1151102,2488710000.0,0.5162057946145232,2163199984.4545865,577847.637288689,0.0002176273336609427,2054794.5205479453,3515981.735159817,702739726.0273987,1202465753.4246678,962347.1312602608,137985494.99747217,0,0,9862014505.002527,4917219984.454586,254020000,25402,17332.263780279456,19270.297846726655,550.6759335528017,2488.71,24.844920068202153,7.0,6166.4953109525295,2739.72602739726,26101656.74870454
343,1,1,1284943460.419733,2489396000.0,0.5161667570847439,2167734180.9430385,576638.967539931,0.00021939214325149408,2054794.5205479453,3515981.735159817,704794520.5479467,1205981735.1598277,966579.7672559797,138952074.76472816,0,0,9861047925.235271,4921824180.943039,254090000,25409,17333.124703511803,19274.151906295996,548.3687972158081,2489.3959999999997,24.839585486742752,7.0,6167.7286100147185,2739.72602739726,26105084.751287162
344,1,1,1285200449.111817,2490082000.0,0.5161277617009468,2172264138.463016,575436.4664347165,0.00021967274818224486,2054794.5205479453,3515981.735159817,706849315.0684947,1209497716.8949876,970818.7357300435,139922893.5004582,0,0,9860077106.499542,4926424138.4630165,254160000,25416,17334.002997851167,19278.006736677256,546.0782611739098,2490.082,24.834276764855495,7.0,6168.962155736722,2739.72602739726,26108513.987415504
345,1,1,1285457489.2016392,2490768000.0,0.516088808432435,2176789850.7080917,574240.0901002901,0.00021998923590317205,2054794.5205479453,3515981.735159817,708904109.5890427,1213013698.6301475,975064.0106319067,140897957.51109013,0,0,9859102042.48891,4931019850.708092,254230000,25423,17334.89850594905,19281.86233802459,543.8041679244602,2490.768,24.82899367517662,7.0,6170.195948167869,2739.72602739726,26111944.457336277
346,1,1,1285714580.6994796,2491454000.0,0.5160498972485462,2181311311.397912,573049.7950789694,0.0002254568621836579,2054794.5205479453,3515981.735159817,710958904.1095906,1216529680.3653073,979315.5658872956,141877273.07697743,0,0,9858122726.923023,4935611311.397912,254300000,25430,17335.81107232251,19285.718710492194,541.5463618303157,2491.4539999999997,24.823735993024048,7.0,6171.429987357502,2739.72602739726,26115376.161296237
347,1,1,1285971723.6156194,2492140000.0,0.5160110281186528,2185828514.278221,571865.538323244,0.00022252608855757695,2054794.5205479453,3515981.735159817,713013698.6301386,1220045662.1004672,983573.3753985658,142860846.452376,0,0,9857139153.547625,4940198514.278221,254370000,25437,17336.740543327676,19289.575854234292,539.3046890933848,2492.14,24.81850349635943,7.0,6172.664273354973,2739.72602739726,26118809.099542197
348,1,1,1286228917.9603424,2492826000.0,0.5159722010121615,2190341453.120884,570687.2771909434,0.00022609174152021138,2054794.5205479453,3515981.735159817,715068493.1506866,1223561643.835627,987837.4130450647,143848683.8654211,0,0,9856151316.134579,4944781453.120884,254440000,25444,17337.68676713375,19293.43376940514,537.0789977286123,2492.826,24.81329596575077,7.0,6173.898806209644,2739.72602739726,26122243.272321012
349,1,1,1286486163.7439344,2493512000.0,0.5159334158985136,2194850121.7239084,569514.9694404737,0.00022712637234884652,2054794.5205479453,3515981.735159817,717123287.6712346,1227077625.570787,992107.6526834927,144840791.51810458,0,0,9855159208.481895,4949360121.723908,254510000,25451,17338.649593697406,19297.292456159015,534.8691375383908,2493.5119999999997,24.80811318433566,7.0,6175.133585970885,2739.72602739726,26125678.679879587
350,1,1,1286743460.9766831,2494198000.0,0.5158946727471849,2199354513.911468,568348.5732261211,0.00022950500960885748,2054794.5205479453,3515981.735159817,719178082.1917826,1230593607.3059468,996384.0681482631,145837175.58625284,0,0,9854162824.413748,4953934513.9114685,254580000,25458,17339.628874737646,19301.15191465025,532.6749600873942,2494.198,24.80295493778522,7.0,6176.368612688079,2739.72602739726,26129115.32246488
351,1,1,1287000809.6688786,2494884000.0,0.5158559715276857,2203854623.533924,567188.0470934206,0.00022965217683489292,2054794.5205479453,3515981.735159817,721232876.7123306,1234109589.0411067,1000666.6332518627,146837842.2195047,0,0,9853162157.780495,4958504623.533924,254650000,25465,17340.624463711,19305.01214503318,530.4963186778228,2494.884,24.797821014268447,7.0,6177.603886410618,2739.72602739726,26132553.200323895
352,1,1,1287258209.8308122,2495570000.0,0.5158173122095602,2208350444.4678464,566033.3499745908,0.0002335420369022438,2054794.5205479453,3515981.735159817,723287671.2328786,1237625570.7762666,1004955.3217852127,147842797.54128993,0,0,9852157202.45871,4963070444.467846,254720000,25472,17341.63621578724,19308.873147462185,528.3330683250527,2495.5699999999997,24.79271120441738,7.0,6178.839407187899,2739.72602739726,26135992.313703686
353,1,1,1287515661.4727783,2496256000.0,0.5157786947623875,2212841970.616036,564884.4411840319,0.00023588882010025538,2054794.5205479453,3515981.735159817,725342465.7534266,1241141552.5114264,1009250.1075180278,148852047.64880794,0,0,9851147952.351192,4967631970.616035,254790000,25479,17342.66398782536,19312.734922091677,526.1850657336836,2496.256,24.78762530129256,7.0,6180.075175069336,2739.72602739726,26139432.66285136
354,1,1,1287773164.6050727,2496942000.0,0.5157401191557804,2217329195.9075446,563741.2804138861,0.00023407626432087012,2054794.5205479453,3515981.735159817,727397260.2739745,1244657534.2465863,1013550.9641991763,149865598.61300713,0,0,9850134401.386993,4972189195.907545,254860000,25486,17343.707638350068,19316.597469076092,524.0521692739751,2496.942,24.782563100349307,7.0,6181.311190104349,2739.72602739726,26142874.24801407
355,1,1,1288030719.2379937,2497628000.0,0.5157015853593865,2221812114.297695,562603.8277296597,0.00023762149688331334,2054794.5205479453,3515981.735159817,729452054.7945225,1248173515.9817462,1017857.8655570422,150883456.47856417,0,0,9849116543.521437,4976742114.297695,254930000,25493,17344.767027528575,19320.460788569908,521.9342389586669,2497.6279999999997,24.77752439940437,7.0,6182.54745234237,2739.72602739726,26146317.069439016
356,1,1,1288288325.3818412,2498314000.0,0.515663093342887,2226290719.768103,561472.0435659073,0.0002375405426453642,2054794.5205479453,3515981.735159817,731506849.3150705,1251689497.716906,1022170.7852998804,151905627.26386404,0,0,9848094372.736135,4981290719.768103,255000000,25500,17345.842017147792,19324.324880727618,519.8311364201733,2498.314,24.772508998603183,7.0,6183.783961832838,2739.72602739726,26149761.127373453
357,1,1,1288545983.0469174,2499000000.0,0.5156246430759974,2230765006.3266945,560345.8887219739,0.0002403535790887673,2054794.5205479453,3515981.735159817,733561643.8356185,1255205479.452066,1026489.697116181,152932116.9609802,0,0,9847067883.03902,4985835006.3266945,255070000,25507,17346.93247059191,19328.189745703763,517.7427248881461,2499.0,24.767516700387645,7.0,6185.020718625204,2739.72602739726,26153206.422064684
358,1,1,1288803692.2435267,2499686000.0,0.5155862345284674,2235234968.007727,559225.3243577969,0.00024140464215460469,2054794.5205479453,3515981.735159817,735616438.3561665,1258721461.1872258,1030814.5746750232,153962931.53565523,0,0,9846037068.464344,4990374968.007727,255140000,25514,17348.038252820304,19332.055383652903,515.6688691674018,2499.6859999999997,24.76254730946442,7.0,6186.257722768929,2739.72602739726,26156652.953760058
359,1,1,1289061452.9819753,2500372000.0,0.5155478676700809,2239700598.8718085,558110.3119897662,0.00024334069081974463,2054794.5205479453,3515981.735159817,737671232.8767145,1262237442.9223857,1035145.3916264382,154998076.92728168,0,0,9845001923.072718,4994910598.871809,255210000,25521,17349.15923034583,19335.92179472963,513.6094356161996,2500.372,24.75760063277372,7.0,6187.494974313481,2739.72602739726,26160100.722706977
360,1,1,1289319265.2725718,2501058000.0,0.5155095424706552,2244161893.0059147,557000.8134866395,0.00024322533380060602,2054794.5205479453,3515981.735159817,739726027.3972625,1265753424.6575456,1039482.1216017663,156037559.04888344,0,0,9843962440.951117,4999441893.005915,255280000,25528,17350.29527121345,19339.78897908858,511.56429212487245,2501.058,24.752676479458636,7.0,6188.732473308344,2739.72602739726,26163549.72915289
361,1,1,1289577129.1256263,2501744000.0,0.5154712589000419,2248618844.5234084,555896.7910655161,0.00024723000175743223,2054794.5205479453,3515981.735159817,741780821.9178104,1269269406.3927054,1043824.7382140156,157081383.78709745,0,0,9842918616.212902,5003968844.523409,255350000,25535,17351.446244979194,19343.656936884396,509.5333080947968,2501.7439999999997,24.747774660834896,7.0,6189.970219803006,2739.72602739726,26166999.9733453
362,1,1,1289835044.5514514,2502430000.0,0.5154330169281265,2253071447.564058,554798.2072878637,0.0002512819696588425,2054794.5205479453,3515981.735159817,743835616.4383584,1272785388.1278653,1048173.2150582187,158129557.00215566,0,0,9841870442.997845,5008491447.564058,255420000,25542,17352.612022689475,19347.525668271774,507.5163544177006,2502.43,24.74289499036115,7.0,6191.208213846968,2739.72602739726,26170451.45553175
363,1,1,1290093011.5603616,2503116000.0,0.5153948165248281,2257519696.2940536,553705.0250556007,0.00024909620104754756,2054794.5205479453,3515981.735159817,745890410.9589064,1276301369.8630252,1052527.5257117935,159182084.52786747,0,0,9840817915.472132,5013009696.294054,255490000,25549,17353.792476860726,19351.395173405428,505.5133034553,2503.116,24.73803728360974,7.0,6192.446455489737,2739.72602739726,26173904.175959844
364,1,1,1290351030.1626737,2503802000.0,0.5153566576601,2261963584.9060264,552617.2076072313,0.0002546550593820538,2054794.5205479453,3515981.735159817,747945205.4794544,1279817351.598185,1056887.6437348975,160238972.17160237,0,0,9839761027.828398,5017523584.906027,255560000,25556,17354.987481459368,19355.265452440108,503.52402901926,2503.8019999999997,24.733201358237878,7.0,6193.6849447808345,2739.72602739726,26177358.13487723
365,1,1,1290609100.3687062,2504488000.0,0.5153185403039289,2266403107.6190634,551534.7185140335,0.00025424564657647124,2054794.5205479453,3515981.735159817,750000000.0000024,1283333333.333345,1061253.5426707875,161300225.71427315,0,0,9838699774.285727,5022033107.619063,255630000,25563,17356.196911882067,19359.136505530594,501.54840635147406,2504.488,24.728387033959322,7.0,6194.92368176979,2739.72602739726,26180813.332531605
1,1,2,1200000000.0,1470000000.0,0.8163265306122449,505521705.47150624,2472693.034682081,0.004890893917949564,2054794.5205479453,3515981.735159817,2054794.5205479453,3515981.735159817,49070.784201473034,49070.784201473034,0,0,9999950929.2158,3155521705.471506,150000000,15000,26761.923601637114,18000.000000000004,10231.923601637109,1470.0,62.03178557504875,0.0,5760.000000000001,2739.72602739726,25003020.273972604
2,1,2,1200240000.0,1470000000.0,0.8164897959183673,504072323.2387859,2479802.882190495,0.0048524413134209245,2054794.5205479453,3515981.735159817,4109589.0410958906,7031963.470319634,50158.48842808369,99229.27262955673,0,0,9999900770.727371,3161042323.2387857,156970000,15697,26543.66961264233,18003.600000000002,10010.069612642328,1470.0,61.58923507567794,697.0,5761.152,2739.72602739726,25006041.699945208
3,1,2,1200480048.0,1538306000.0,0.7803909287228938,503633215.0989201,2481964.974757441,0.005015585914875153,2054794.5205479453,3515981.735159817,6164383.561643836,10547945.20547945,49884.395573578426,149113.66820313514,0,0,9999850886.331797,3166563215.09892,162930000,16293,26536.49472713291,18007.20072,10067.600007132913,1538.306,58.82285139519164,596.0,5762.304230400001,2739.72602739726,25009064.27814821
4,1,2,1200720144.0096,1596714000.0,0.751994498707721,503964182.91982275,2480334.9967409614,0.005090317623535176,2054794.5205479453,3515981.735159817,8219178.082191781,14063926.940639269,49808.43480511638,198922.10300825152,0,0,9999801077.896992,3172084182.9198227,168120000,16812,26499.215616816786,18010.802160143998,10085.127456672786,1596.714,56.58688968856128,519.0,5763.45669124608,2739.72602739726,25012088.008812062
5,1,2,1200960288.0384018,1647576000.0,0.7289255779632635,504885076.0011153,2475810.9506830396,0.005086511719991569,2054794.5205479453,3515981.735159817,10273972.602739727,17579908.675799087,49883.17441518881,248805.27742344033,0,0,9999751194.722576,3177605076.0011153,172720000,17272,26438.740615658313,18014.40432057603,10071.912295082282,1647.576,54.718208515070344,460.0,5764.609382584329,2739.72602739726,25015112.89216725
6,1,2,1201200480.0960095,1692656000.0,0.7096542239510033,506295778.6067938,2468912.546416453,0.0050727655098860265,2054794.5205479453,3515981.735159817,12328767.123287672,21095890.410958905,50073.650029237586,298878.9274526779,0,0,9999701121.072548,3183125778.606794,176830000,17683,26360.629685535456,18018.007201440145,10035.27848409531,1692.656,53.11258687948281,411.0,5765.762304460846,2739.72602739726,25018138.92844432
7,1,2,1201440720.1920288,1732934000.0,0.6932986023657155,508106194.0061003,2460115.6505189002,0.005086721097375509,2054794.5205479453,3515981.735159817,14383561.643835617,24611872.146118723,50360.856401271805,349239.78385394975,0,0,9999650760.216146,3188646194.0061,180540000,18054,26268.222888329205,18021.610802880434,9979.54608544877,1732.934,51.70962318598878,371.0,5766.915456921738,2739.72602739726,25021166.117873844
8,1,2,1201681008.3360672,1769292000.0,0.6791874989182494,510256242.408962,2449749.5495569957,0.005124366322514218,2054794.5205479453,3515981.735159817,16438356.164383562,28127853.88127854,50727.85284599908,399967.6366999488,0,0,9999600032.3633,3194166242.4089622,183910000,18391,26164.623069345806,18025.21512504101,9908.699944304799,1769.292,50.463863601781455,337.0,5768.068840013123,2739.72602739726,25024194.46068646
9,1,2,1201921344.5377343,1802318000.0,0.6668752931157178,512695855.06118053,2438092.657977186,0.005094291769474135,2054794.5205479453,3515981.735159817,18493150.68493151,31643835.61643836,51163.60348924631,451131.24018919514,0,0,9999548868.759811,3199685855.0611806,186990000,18699,26052.040929271963,18028.820168066013,9825.538761205948,1802.318,49.3450477794576,308.0,5769.222453781124,2739.72602739726,25027223.957112845
10,1,2,1202161728.8066418,1832502000.0,0.6560220555320768,515384972.30621207,2425371.4546750924,0.005107215991029846,2054794.5205479453,3515981.735159817,20547945.205479454,35159817.35159817,51659.010676209065,502790.2508654042,0,0,9999497209.749134,3205204972.306212,189820000,18982,25932.363198121922,18032.425932099628,9732.439266022297,1832.502,48.3302134425851,283.0,5770.376298271882,2739.72602739726,25030254.60738372
11,1,2,1202402161.152403,1860236000.0,0.646370762178779,518293541.6655508,2411760.709931074,0.005072573252323377,2054794.5205479453,3515981.735159817,22602739.7260274,38675799.08675799,52206.89636896136,554997.1472343656,0,0,9999445002.852766,3210723541.6655507,192430000,19243,25807.13960902089,18036.03241728605,9631.343191734843,1860.2359999999999,47.40203206598845,261.0,5771.530373531536,2739.72602739726,25033286.411729857
12,1,2,1202642641.5846336,1885814000.0,0.6377313147450563,521401515.9129162,2397384.6677668137,0.005087788486513544,2054794.5205479453,3515981.735159817,24657534.246575344,42191780.8219178,52802.00834235756,607799.1555767232,0,0,9999392200.844423,3216241515.912916,194840000,19484,25677.58566490248,18039.639623769508,9523.760041132971,1885.8139999999999,46.54764592377945,241.0,5772.684679606242,2739.72602739726,25036319.370382067
13,1,2,1202883170.1129506,1909432000.0,0.6299691060550732,524678851.12282,2382409.7299233275,0.005032555742687339,2054794.5205479453,3515981.735159817,26712328.76712329,45707762.55707762,53441.04580387577,661240.2013805989,0,0,9999338759.79862,3221758851.12282,197080000,19708,25544.596892535614,18043.247551694258,9410.781340841357,1909.432,45.757840337653924,224.0,5773.839216542163,2739.72602739726,25039353.483571213
14,1,2,1203123746.746973,1931384000.0,0.6229334750349869,528115508.76049185,2366906.4423686387,0.005089524212876879,2054794.5205479453,3515981.735159817,28767123.287671234,49223744.29223743,54118.61803589778,715358.8194164967,0,0,9999284641.180584,3227275508.760492,199160000,19916,25409.28226865761,18046.856201204595,9293.810067453018,1931.384,45.022633450210684,208.0,5774.993984385471,2739.72602739726,25042388.751528203
15,1,2,1203364371.4963224,1951768000.0,0.6165509279260252,531691451.6898324,2350987.581288404,0.005003368367610412,2054794.5205479453,3515981.735159817,30821917.80821918,52739726.027397245,54833.32636717047,770192.1457836671,0,0,9999229807.854216,3232791451.6898327,201100000,20110,25272.177034289754,18050.46557244484,9173.479461844918,1951.7679999999998,44.3368645375305,194.0,5776.148983182348,2739.72602739726,25045425.17448399
16,1,2,1203605044.3706217,1970780000.0,0.610725217614661,535386646.26578,2334761.258463414,0.004953182466098155,2054794.5205479453,3515981.735159817,32876712.328767125,56255707.76255706,55581.6797601718,825773.8255438389,0,0,9999174226.174456,3238306646.26578,202920000,20292,25134.03173013407,18054.075665559325,9050.736064574743,1970.78,43.694114078542455,182.0,5777.304212978984,2739.72602739726,25048462.752669573
17,1,2,1203845765.3794959,1988616000.0,0.6053686409942874,539201062.4220442,2318244.690366722,0.004954201115927573,2054794.5205479453,3515981.735159817,34931506.84931507,59771689.497716874,56360.09944370537,882133.9249875443,0,0,9999117866.075012,3243821062.4220443,204620000,20462,24995.540002021342,18057.68648069244,8926.469521328901,1988.616,43.08857758462602,170.0,5778.4596738215805,2739.72602739726,25051501.486316
18,1,2,1204086534.5325718,2005276000.0,0.6004592557496184,543124669.5715003,2301497.3725759694,0.004950896567904739,2054794.5205479453,3515981.735159817,36986301.36986302,63287671.23287669,57169.106251722114,939303.0312392664,0,0,9999060696.968761,3249334669.5715003,206210000,20621,24856.881031252145,18061.298017988578,8800.859013263569,2005.2759999999998,42.51846219722377,159.0,5779.615365756345,2739.72602739726,25054541.37565436
19,1,2,1204327351.8394783,2020858000.0,0.5959485287137831,547137438.7039113,2284617.9251799462,0.004878427905068689,2054794.5205479453,3515981.735159817,39041095.89041097,66803652.9680365,58007.123296826125,997310.1545360925,0,0,9999002689.845465,3254847438.7039113,207710000,20771,24718.45126307218,18064.91027759218,8674.398985480002,2020.858,41.98043255408346,150.0,5780.771288829496,2739.72602739726,25057582.420915794
20,1,2,1204568217.3098462,2035558000.0,0.5917631515829301,551239344.5630169,2267617.5282642622,0.004873622051564239,2054794.5205479453,3515981.735159817,41095890.410958916,70319634.70319632,58870.39660231673,1056180.5511384092,0,0,9998943819.448862,3260359344.563017,209120000,20912,24580.829031578935,18068.523259647693,8547.863771931243,2035.558,41.46972724054934,141.0,5781.927443087262,2739.72602739726,25060624.622331485
21,1,2,1204809130.953308,2049376000.0,0.5878907193962006,555420361.4692512,2250547.669324511,0.004846363405129971,2054794.5205479453,3515981.735159817,43150684.931506865,73835616.43835613,59759.349473575996,1115939.9006119852,0,0,9998884060.099388,3265870361.469251,210450000,21045,24444.119049699748,18072.13696429962,8421.358085400128,2049.3759999999997,40.98525616971547,133.0,5783.083828575879,2739.72602739726,25063667.980132665
22,1,2,1205050092.7794988,2062410000.0,0.5842922080379259,559680465.4734136,2233417.2391431797,0.004765891814813567,2054794.5205479453,3515981.735159817,45205479.45205481,77351598.17351595,60672.2515454807,1176612.152157466,0,0,9998823387.847843,3271380465.4734135,211700000,21170,24308.62230147454,18075.751391692484,8295.280909782057,2062.41,40.52437322139704,125.0,5784.240445341594,2739.72602739726,25066712.49455061
23,1,2,1205291102.7980547,2074660000.0,0.5809583752509109,564009632.2346826,2216274.20625306,0.004747809453188959,2054794.5205479453,3515981.735159817,47260273.97260276,80867579.90867576,61609.49443893409,1238221.6465964,0,0,9998761778.353403,3276889632.2346826,212880000,21288,24174.415356649926,18079.366541970823,8169.708814679103,2074.66,40.086228128703155,118.0,5785.397293430663,2739.72602739726,25069758.165816646
24,1,2,1205532161.0186143,2086224000.0,0.577853653787232,568397839.2102449,2199163.8844665606,0.004716182157554523,2054794.5205479453,3515981.735159817,49315068.49315071,84383561.64383557,62569.28014558417,1300790.9267419842,0,0,9998699209.073257,3282397839.210245,214000000,21400,24041.75802980137,18082.982415279213,8044.999614522157,2086.2239999999997,39.668429648091376,112.0,5786.554372889349,2739.72602739726,25072804.99416214
25,1,2,1205773267.450818,2097200000.0,0.5749443388569607,572845065.7172078,2182090.8912517023,0.004637609000907912,2054794.5205479453,3515981.735159817,51369863.01369866,87899543.37899539,63549.74874493459,1364340.6754869188,0,0,9998635659.324512,3287905065.717208,215060000,21506,23910.880362519503,18086.59901176227,7921.481350757234,2097.2,39.26871968988507,106.0,5787.711683763927,2739.72602739726,25075852.979818508
26,1,2,1206014422.1043081,2107588000.0,0.5722249424955486,577351290.7651638,2165059.6785596106,0.004601702147570066,2054794.5205479453,3515981.735159817,53424657.53424661,91415525.1141552,64551.20775182275,1428891.8832387414,0,0,9998571108.116762,3293411290.765164,216060000,21606,23781.80992264603,18090.21633156462,7799.181591081409,2107.5879999999997,38.88652863365735,100.0,5788.869226100679,2739.72602739726,25078902.123017214
27,1,2,1206255624.988729,2117388000.0,0.5696904039263134,581906493.052129,2148111.449046889,0.004604996942792186,2054794.5205479453,3515981.735159817,55479452.05479456,94931506.84931502,65573.968742659,1494465.8519814005,0,0,9998505534.148018,3298916493.052129,217010000,21701,23654.572092081307,18093.834374830938,7678.125717250368,2117.388,38.521324500145,95.0,5790.0269999459,2739.72602739726,25081952.423989765
28,1,2,1206496876.1137266,2126698000.0,0.5673099218195187,586510653.2282459,2131248.5853748913,0.0045106309705197824,2054794.5205479453,3515981.735159817,57534246.575342506,98447488.58447483,66616.07959107775,1561081.9315724783,0,0,9998438918.068428,3304420653.2282457,217910000,21791,23529.35145444267,18097.4531417059,7558.59631273677,2126.698,38.17106685134342,90.0,5791.1850053458875,2739.72602739726,25085003.882967714
29,1,2,1206738175.4889493,2135518000.0,0.5650798426840463,591163751.6782479,2114473.3526901673,0.004430652772451377,2054794.5205479453,3515981.735159817,59589041.095890455,101963470.31963465,67677.80570578043,1628759.7372782587,0,0,9998371240.262722,3309923751.678248,218760000,21876,23406.150970267772,18101.07263233424,7440.596337933534,2135.518,37.83533193078974,85.0,5792.343242346957,2739.72602739726,25088056.500182666
30,1,2,1206979523.124047,2143848000.0,0.5629967810796507,595855768.5186758,2097823.1076080017,0.0044011337851725145,2054794.5205479453,3515981.735159817,61643835.616438404,105479452.05479446,68759.41528001353,1697519.1525582722,0,0,9998302480.847443,3315425768.518676,219570000,21957,23284.9723320732,18104.692846860708,7324.127485212493,2143.848,37.51372116446632,81.0,5793.501710995426,2739.72602739726,25091110.275866266
31,1,2,1207220919.0286717,2151786000.0,0.5610320538513922,600586685.9180857,2081298.2194055677,0.004409797872015831,2054794.5205479453,3515981.735159817,63698630.13698635,108995433.78995427,69858.85629792024,1767378.0088561925,0,0,9998232621.991144,3320926685.9180856,220340000,22034,23165.959585197434,18108.313785430077,7209.431799767357,2151.786,37.2043536270356,77.0,5794.660411337624,2739.72602739726,25094165.21025021
32,1,2,1207462363.2124774,2159332000.0,0.5591832859479123,605356485.8270694,2064898.9963198104,0.004318714814995103,2054794.5205479453,3515981.735159817,65753424.6575343,112511415.52511409,70976.34672418683,1838354.3555803793,0,0,9998161645.644419,3326426485.8270693,221070000,22107,23049.095003577604,18111.935448187163,7096.491555390438,2159.332,36.90690957037725,73.0,5795.819343419892,2739.72602739726,25097221.303566236
33,1,2,1207703855.6851199,2166486000.0,0.5574482621559151,610155149.9765123,2048659.263218743,0.004269334162219313,2054794.5205479453,3515981.735159817,67808219.17808224,116027397.2602739,72112.10626495782,1910466.4618453372,0,0,9998089533.538155,3331925149.9765124,221770000,22177,22934.360519238497,18115.5578352768,6985.288683961699,2166.486,36.62108603765785,70.0,5796.978507288575,2739.72602739726,25100278.55604613
34,1,2,1207945396.4562569,2173346000.0,0.5557998572046314,614982662.2554929,2032577.6265228994,0.0041959714144506255,2054794.5205479453,3515981.735159817,69863013.69863018,119543378.99543372,73263.97672725125,1983730.4385725884,0,0,9998016269.561428,3337422662.255493,222440000,22244,22821.86475715654,18119.180946843855,6876.02981031269,2173.346,36.345120889136446,67.0,5798.137902990034,2739.72602739726,25103336.967921723
35,1,2,1208186985.5355482,2179912000.0,0.5542365864014457,619839006.3868561,2016652.6906502065,0.004185999317390947,2054794.5205479453,3515981.735159817,71917808.21917813,123059360.73059353,74432.12434466994,2058162.5629172584,0,0,9997941837.437082,3342919006.386856,223080000,22308,22711.57323136378,18122.80478303322,6768.6804483305605,2179.912,36.078769583683965,64.0,5799.297530570631,2739.72602739726,25106396.539424896
36,1,2,1208428622.9326553,2186184000.0,0.5527570519831155,624724165.9262799,2000883.058760223,0.004123557702687963,2054794.5205479453,3515981.735159817,73972602.73972607,126575342.46575335,75616.71628401316,2133779.2792012715,0,0,9997866220.720798,3348414165.92628,223690000,22369,22603.451975974414,18126.429343989832,6663.2066319845835,2186.1839999999997,35.82179873144341,61.0,5800.4573900767455,2739.72602739726,25109457.270787578
37,1,2,1208670308.6572418,2192162000.0,0.5513599399393119,629638124.2613453,1985267.3334646493,0.004062047587577328,2054794.5205479453,3515981.735159817,76027397.26027401,130091324.20091316,76817.92064253698,2210597.1998438085,0,0,9997789402.800156,3353908124.2613454,224270000,22427,22497.46754358374,18130.054629858627,6559.574913725116,2192.162,35.57398562272126,58.0,5801.617481554761,2739.72602739726,25112519.16224174
38,1,2,1208912042.7189732,2197846000.0,0.5500440170598728,634580864.610608,1969804.1175052302,0.004018156222365967,2054794.5205479453,3515981.735159817,78082191.78082195,133607305.93607298,78035.90644517381,2288633.1062889826,0,0,9997711366.893711,3359400864.610608,224820000,22482,22393.58700326513,18133.6806407846,6457.752362480528,2197.846,35.335117785731846,55.0,5802.7778050510715,2739.72602739726,25115582.214019395
39,1,2,1209153825.127517,2203236000.0,0.5488081281930384,639542370.0226741,1954522.575190269,0.00392183609936903,2054794.5205479453,3515981.735159817,80136986.30136989,137123287.6712328,79270.8436417114,2367903.949930694,0,0,9997632096.05007,3364892370.022674,225350000,22535,22291.777938192066,18137.30737691276,6357.7065612793085,2203.236,35.10499257141851,53.0,5803.938360612082,2739.72602739726,25118646.426352613
40,1,2,1209395655.8925424,2208430000.0,0.5476268914534499,644532625.8714604,1939389.7994068237,0.0038878883633717584,2054794.5205479453,3515981.735159817,82191780.82191783,140639269.4063926,80520.40692147976,2448424.356852174,0,0,9997551575.643148,3370382625.8714604,225850000,22585,22192.10587737881,18140.934838388137,6259.601038990675,2208.43,34.881989751148296,50.0,5805.099148284204,2739.72602739726,25121711.7994735
41,1,2,1209637535.0237207,2213330000.0,0.5465238057694608,649541614.9019378,1924434.0490619978,0.0038317473331630253,2054794.5205479453,3515981.735159817,84246575.34246577,144155251.14155242,81787.22523043088,2530211.5820826045,0,0,9997469788.417917,3375871614.901938,226330000,22633,22094.432938233324,18144.563025355812,6163.19991287751,2213.33,34.66736503268728,48.0,5806.26016811386,2739.72602739726,25124778.33361422
42,1,2,1209879462.5307255,2218034000.0,0.5454738126334968,654569322.2225816,1909652.5876826104,0.0037924250945708384,2054794.5205479453,3515981.735159817,86301369.86301371,147671232.87671223,83068.93506406547,2613280.51714667,0,0,9997386719.482853,3381359322.222582,226790000,22679,21998.817129427614,18148.19193796088,6068.659191466732,2218.034,34.45952742867261,46.0,5807.421420147482,2739.72602739726,25127846.02900697
43,1,2,1210121438.4232316,2222542000.0,0.5444762971512942,659615732.827953,1895042.7313807595,0.003723882747909131,2054794.5205479453,3515981.735159817,88356164.38356166,151187214.61187205,84365.65033644908,2697646.167483119,0,0,9997302353.832518,3386845732.827953,227230000,22723,21905.215539199307,18151.821576348477,5975.935962850834,2222.542,34.25832597796104,44.0,5808.582904431511,2739.72602739726,25130914.885884006
44,1,2,1210363462.7109163,2226854000.0,0.5435306772293632,664680831.5983504,1880601.8476479074,0.003658309167535584,2054794.5205479453,3515981.735159817,90410958.9041096,154703196.34703186,85677.48531043819,2783323.652793557,0,0,9997216676.347206,3392330831.5983505,227650000,22765,21813.58640501237,18155.45194066375,5884.98846434862,2226.854,34.06361574038566,42.0,5809.744621012399,2739.72602739726,25133984.904477622
45,1,2,1210605535.4034584,2230970000.0,0.5426364027322009,669754603.2994626,1866355.2200194465,0.0036286291173569228,2054794.5205479453,3515981.735159817,92465753.42465754,158219178.08219168,87004.55459569229,2870328.207389249,0,0,9997129671.79261,3397814603.2994623,228060000,22806,21723.889078558528,18159.083031051876,5795.7760475066525,2230.97,33.87525757567015,41.0,5810.9065699366,2739.72602739726,25137056.085020162
46,1,2,1210847656.510539,2234988000.0,0.5417691980943696,674847035.1982213,1852271.6034943324,0.0035405853387257317,2054794.5205479453,3515981.735159817,94520547.94520548,161735159.8173515,88344.35694905283,2958672.564338302,0,0,9997041327.435661,3403297035.198221,228450000,22845,21636.156190766906,18162.714847658088,5708.429343108818,2234.988,33.69172582911356,39.0,5812.068751250587,2739.72602739726,25140128.427744016
47,1,2,1211089826.041841,2238810000.0,0.5409524819175549,679958111.8699149,1838348.536739198,0.0035115408378248265,2054794.5205479453,3515981.735159817,96575342.46575342,165251141.5525113,89699.5840143526,3048372.148352654,0,0,9996951627.851646,3408778111.869915,228820000,22882,21550.26933538834,18166.347390627616,5622.731944760727,2238.81,33.51429413885012,37.0,5813.231165000837,2739.72602739726,25143201.93288162
48,1,2,1211332044.0070493,2242436000.0,0.5401857818939089,685077817.7744071,1824610.2377987446,0.0034723453521460484,2054794.5205479453,3515981.735159817,98630136.98630136,168767123.28767112,91070.35121557435,3139442.4995682286,0,0,9996860557.500431,3414257817.7744074,229180000,22918,21466.19131144404,18169.980660105743,5538.6466513382975,2242.4359999999997,33.34283874136344,36.0,5814.393811233837,2739.72602739726,25146276.600665458
49,1,2,1211574310.4158506,2245964000.0,0.5394451159572685,690216139.9329515,1811026.9054580973,0.003423841657604947,2054794.5205479453,3515981.735159817,100684931.5068493,172283105.02283093,92454.09716351377,3231896.5967317424,0,0,9996768103.403269,3419736139.9329515,229520000,22952,21383.946939778412,18173.61465623776,5456.296283540652,2245.964,33.175862958397154,34.0,5815.556689996083,2739.72602739726,25149352.43132806
50,1,2,1211816625.2779338,2249296000.0,0.5387537368483,695363062.6137704,1797622.087232294,0.0033496416839940645,2054794.5205479453,3515981.735159817,102739726.02739725,175799086.75799075,93853.57488895643,3325750.1716206986,0,0,9996674249.828379,3425213062.6137705,229850000,22985,21303.432800153085,18177.24937916901,5375.479420984073,2249.296,33.01463923999854,33.0,5816.719801334083,2739.72602739726,25152429.425101995
51,1,2,1212058988.6029894,2252530000.0,0.5380878339480448,700518572.6869631,1784392.3755017803,0.003306392697080433,2054794.5205479453,3515981.735159817,104794520.54794519,179315068.49315056,95266.18251517157,3421016.35413587,0,0,9996578983.645864,3430688572.686963,230170000,23017,21224.668906861018,18180.884829044844,5296.314077816172,2252.5299999999997,32.85768811379825,32.0,5817.88314529435,2739.72602739726,25155507.582219895
52,1,2,1212301400.40071,2255666000.0,0.5374472108905796,705682656.9670509,1771334.4485074552,0.0032664065598444307,2054794.5205479453,3515981.735159817,106849315.06849313,182831050.22831038,96691.97562007306,3517708.3297559433,0,0,9996482291.670244,3436162656.967051,230480000,23048,21147.612002538877,18184.521006010655,5218.756996528222,2255.6659999999997,32.70491579865691,31.0,5819.046721923409,2739.72602739726,25158586.902914423
53,1,2,1212543860.6807902,2258704000.0,0.5368316789985719,710865302.2129706,1758420.3309806716,0.003199387616191478,2054794.5205479453,3515981.735159817,108904109.58904107,186347031.9634702,98131.00978812006,3615839.3395440634,0,0,9996384160.660456,3441635302.2129707,230770000,23077,21072.220215994545,18188.157910211852,5142.766305782691,2258.7039999999997,32.556231781512054,29.0,5820.210531267793,2739.72602739726,25161667.387418296
54,1,2,1212786369.4529264,2261546000.0,0.5362642941832385,716056492.3482398,1745672.322445887,0.0031295036351934717,2054794.5205479453,3515981.735159817,110958904.10958901,189863013.69863,99586.12043872126,3715425.4599827845,0,0,9996284574.540018,3447106492.34824,231050000,23105,20998.40862087476,18191.795541793897,5068.159079080861,2261.546,32.412906595481765,28.0,5821.374573374047,2739.72602739726,25164749.035964273
55,1,2,1213028926.726817,2264290000.0,0.5357215404064042,721256213.980032,1733087.3214973977,0.003090278437057136,2054794.5205479453,3515981.735159817,113013698.63013695,193378995.43378982,101054.62391572884,3816480.083898513,0,0,9996183519.916101,3452576213.980032,231320000,23132,20926.188524799698,18195.433900902255,4995.044623897445,2264.29,32.273490941608955,27.0,5822.538848288721,2739.72602739726,25167831.848785166
56,1,2,1213271532.5121622,2266936000.0,0.535203257838846,726464453.6598277,1720662.3031625017,0.00303046081417445,2054794.5205479453,3515981.735159817,115068493.1506849,196894977.16894963,102536.57591205896,3919016.659810572,0,0,9996080983.340189,3458044453.6598277,231580000,23158,20855.5216589958,18199.072987682433,4923.384671313368,2266.9359999999997,32.13790378705074,26.0,5823.703356058379,2739.72602739726,25170915.826113828
57,1,2,1213514186.8186646,2269484000.0,0.5347092937507665,731681197.883413,1708394.316562969,0.0029642598027177862,2054794.5205479453,3515981.735159817,117123287.67123283,200410958.90410945,104032.03212255338,4023048.6919331253,0,0,9995976951.308067,3463511197.883413,231830000,23183,20786.370954779868,18202.71280227997,4853.142152499898,2269.484,32.00606691491476,25.0,5824.86809672959,2739.72602739726,25174000.96818316
58,1,2,1213756889.6560283,2271934000.0,0.5342395024045717,736906433.0908779,1696280.4826618382,0.002915271333385689,2054794.5205479453,3515981.735159817,119178082.19178078,203926940.63926926,105541.04824295155,4128589.740176077,0,0,9995871410.259825,3468976433.090878,232070000,23207,20718.70049902998,18206.353344840427,4784.281154189554,2271.9339999999997,31.87790482448099,24.0,5826.033070348936,2739.72602739726,25177087.275226112
59,1,2,1213999641.0339594,2274286000.0,0.5337937449529037,742140145.6666169,1684317.9920919293,0.002892599302928875,2054794.5205479453,3515981.735159817,121232876.71232872,207442922.37442908,107063.67996885987,4235653.420144937,0,0,9995764346.579855,3474440145.666617,232300000,23230,20652.47549156366,18209.994615509393,4716.766876054264,2274.286,31.753344635813264,23.0,5827.198276963005,2739.72602739726,25180174.74747568
60,1,2,1214242440.962166,2276540000.0,0.5333718893417932,747372321.9393301,1672526.4815218572,0.0028207900188541115,2054794.5205479453,3515981.735159817,123287671.23287666,210958904.1095889,108599.9829947177,4344253.403139655,0,0,9995655746.59686,3479902321.93933,232530000,23253,20587.66220433074,18213.636614432493,4650.565589898248,2276.54,31.632315998554066,23.0,5828.363716618398,2739.72602739726,25183263.3851649
61,1,2,1214485289.4503584,2278794000.0,0.5329508895715709,752612951.1076052,1660880.2680852208,0.002793144673419005,2054794.5205479453,3515981.735159817,125342465.7534246,214474885.8447487,110147.08743279889,4454400.4905724535,0,0,9995545599.509428,3485362951.107605,232750000,23275,20524.252488715072,18217.279341755377,4585.767146959695,2278.794,31.513415011444323,22.0,5829.529389361721,2739.72602739726,25186353.18852687
62,1,2,1214728186.5082483,2280950000.0,0.5325536230554148,757862019.4298319,1649376.757183888,0.0027518831171216983,2054794.5205479453,3515981.735159817,127397260.27397254,217990867.57990852,111707.93348120296,4566108.424053657,0,0,9995433891.575947,3490822019.429832,232960000,23296,20462.18498161878,18220.922797623727,4522.212183995054,2280.95,31.397917479177913,21.0,5830.695295239592,2739.72602739726,25189444.157794714
63,1,2,1214971132.14555,2283008000.0,0.5321799713998155,763119513.1088074,1638013.415366278,0.002683097242204031,2054794.5205479453,3515981.735159817,129452054.79452048,221506849.31506833,113282.57673228001,4679391.000785937,0,0,9995320608.999214,3496279513.1088076,233160000,23316,20401.42914265833,18224.566982183253,4459.8701604750795,2283.008,31.28575977593554,20.0,5831.86143429864,2739.72602739726,25192536.293201618
64,1,2,1215214126.371979,2284968000.0,0.5318298227248605,768375418.2917417,1626808.9403211505,0.0026191124766525875,2054794.5205479453,3515981.735159817,131506849.31506842,225022831.05022815,114871.07277362164,4794262.073559558,0,0,9995205737.926441,3501735418.291742,233360000,23336,20341.955348537947,18228.211895579687,4398.711452958261,2284.968,31.176880481558296,20.0,5833.0278065855,2739.72602739726,25195629.594980806
65,1,2,1215457169.1972535,2286928000.0,0.5314802954868949,773639724.0798376,1615739.1626790515,0.002577674781702213,2054794.5205479453,3515981.735159817,133561643.83561637,228538812.78538796,116470.46761201246,4910732.54117157,0,0,9995089267.458828,3507189724.079838,233550000,23355,20283.7496425706,18231.857537958804,4338.820104611798,2286.928,31.06989477868855,19.0,5834.194412146817,2739.72602739726,25198724.063365556
66,1,2,1215700260.6310928,2288790000.0,0.5311541297502579,778912416.5504186,1604801.738218404,0.0025436592270179376,2054794.5205479453,3515981.735159817,135616438.3561643,232054794.52054778,118083.78512678482,5028816.326298355,0,0,9994971183.673702,3512642416.550419,233730000,23373,20226.76475228795,18235.503909466395,4280.050842821554,2288.79,30.966075623655726,18.0,5835.361251029246,2739.72602739726,25201819.69858919
67,1,2,1215943400.683219,2290554000.0,0.5308512266828108,784183481.7253324,1594014.7033571838,0.0024808036091717865,2054794.5205479453,3515981.735159817,137671232.87671226,235570776.2557076,119711.08079406573,5148527.40709242,0,0,9994851472.592907,3518093481.7253323,233910000,23391,20170.97379061909,18239.151010248286,4222.376780370805,2290.554,30.865367436214203,18.0,5836.528323279452,2739.72602739726,25204916.500885073
68,1,2,1216186589.3633556,2292318000.0,0.5305488110128506,789462908.643833,1583354.944625965,0.0024459816680502478,2054794.5205479453,3515981.735159817,139726027.39726022,239086757.9908674,121349.33720720433,5269876.744299625,0,0,9994730123.255701,3523542908.643833,234080000,23408,20116.35876459619,18242.798840450338,4165.877924145851,2292.3179999999998,30.766398031127274,17.0,5837.695628944108,2739.72602739726,25208014.470486622
69,1,2,1216429826.6812284,2293984000.0,0.530269533999029,794740683.258241,1572840.0802074429,0.002397381264192384,2054794.5205479453,3515981.735159817,141780821.91780818,242602739.72602722,123001.6412998123,5392878.385599437,0,0,9994607121.6144,3528990683.258241,234250000,23425,20062.88196861304,18246.44740021843,4110.418568394614,2293.984,30.670438359131484,17.0,5838.863168069897,2739.72602739726,25211113.607627295
70,1,2,1216673112.6465647,2295650000.0,0.5299906835304009,800026794.5807062,1562447.6685873186,0.002343717841283146,2054794.5205479453,3515981.735159817,143835616.43835613,246118721.46118703,124664.9332426792,5517543.318842117,0,0,9994482456.681158,3534436794.580706,234410000,23441,20010.52289575055,18250.096689698472,4056.076206052079,2295.65,30.576123922428884,16.0,5840.03094070351,2739.72602739726,25214213.912540603
71,1,2,1216916447.269094,2297218000.0,0.5297348563650006,805311228.4943019,1552194.9226228315,0.0022955198332774594,2054794.5205479453,3515981.735159817,145890410.9589041,249634703.19634685,126342.34211214443,5643885.660954261,0,0,9994356114.339046,3539881228.494302,234570000,23457,19959.249818311047,18253.74670903641,4002.721109274635,2297.218,30.484724317093686,16.0,5841.198946891652,2739.72602739726,25217315.3854601
72,1,2,1217159830.5585477,2298786000.0,0.5294793993692966,810603973.9844407,1542060.0442602863,0.0022282257440186426,2054794.5205479453,3515981.735159817,147945205.47945204,253150684.93150666,128030.76556905982,5771916.426523321,0,0,9994228083.573477,3545323973.984441,234720000,23472,19909.03980303135,18257.39745837822,3950.4283446531326,2298.786,30.39488227988491,15.0,5842.367186681029,2739.72602739726,25220418.026619386
73,1,2,1217403262.5246594,2300256000.0,0.5292468588386072,815895016.8652326,1532059.8534878443,0.002196222054390479,2054794.5205479453,3515981.735159817,150000000.0,256666666.66666648,129733.37491591927,5901649.801439241,0,0,9994098350.19856,3550765016.8652325,234870000,23487,19859.866758399898,18261.04893786989,3899.0738205300086,2300.256,30.307866074298417,15.0,5843.535660118365,2739.72602739726,25223521.83625211
74,1,2,1217646743.1771643,2301726000.0,0.5290146364846051,821194346.0957239,1522173.1688034567,0.002173535357863035,2054794.5205479453,3515981.735159817,152054794.52054796,260182648.4018263,131447.02521657362,6033096.826655814,0,0,9993966903.173344,3556204346.095724,235010000,23501,19811.705409927246,18264.701147657466,3848.730262269778,2301.726,30.222325237249052,14.0,5844.704367250389,2739.72602739726,25226626.814591963
75,1,2,1217890272.5257998,2303098000.0,0.5288052321376684,826491947.4213489,1512416.4293433286,0.0021263628886011247,2054794.5205479453,3515981.735159817,154109589.0410959,263698630.1369861,133174.93008279457,6166271.756738609,0,0,9993833728.243261,3561641947.421349,235150000,23515,19764.534984480873,18268.354087886997,3799.2788965938753,2303.098,30.13952673848869,14.0,5845.873308123839,2739.72602739726,25229732.96187269
76,1,2,1218133850.5803049,2304470000.0,0.5285960982700165,831797809.7751621,1502769.0447248116,0.0020496460902316256,2054794.5205479453,3515981.735159817,156164383.56164387,267214611.87214592,134913.90189468567,6301185.6586332945,0,0,9993698814.341366,3567077809.775162,235280000,23528,19718.327948908824,18272.007758704574,3750.7901902042513,2304.47,30.058126497637033,13.0,5847.042482785463,2739.72602739726,25232840.27832808
77,1,2,1218377477.350421,2305744000.0,0.5284096922079905,837101918.8342139,1493247.0848242922,0.0020515272335313904,2054794.5205479453,3515981.735159817,158219178.08219182,270730593.60730577,136667.19665611506,6437852.85528941,0,0,9993562147.14471,3572511918.8342137,235410000,23541,19673.068552594188,18275.662160256317,3703.150392337869,2305.7439999999997,29.979390244638555,13.0,5848.211891282021,2739.72602739726,25235948.764191967
78,1,2,1218621152.845891,2307018000.0,0.52822351314376,842404263.5059447,1483848.1405563187,0.001991699967908906,2054794.5205479453,3515981.735159817,160273972.60273978,274246575.3424656,138431.58397701202,6576284.439266422,0,0,9993423715.560734,3577944263.5059447,235540000,23554,19628.727083696205,18279.317292688367,3656.4277910078367,2307.018,29.901979879922358,13.0,5849.381533660277,2739.72602739726,25239058.41969823
79,1,2,1218864877.0764601,2308292000.0,0.5280375607056906,847714832.7059304,1474552.469502008,0.0019433968175472066,2054794.5205479453,3515981.735159817,162328767.12328774,277762557.0776254,140207.05572222758,6716491.494988649,0,0,9993283508.50501,3583374832.70593,235660000,23566,19585.280153883898,18282.973156146905,3610.598997736994,2308.292,29.825862557459764,12.0,5850.551409967009,2739.72602739726,25242169.245080803
80,1,2,1219108650.0518754,2309468000.0,0.5278742333956891,853023612.0300332,1465375.614896814,0.001923093401873,2054794.5205479453,3515981.735159817,164383561.6438357,281278538.8127852,141996.93160493852,6858488.426593588,0,0,9993141511.573406,3588803612.030033,235780000,23578,19542.719094222284,18286.629750778135,3565.55734344415,2309.468,29.7523021353273,12.0,5851.721520249002,2739.72602739726,25245281.240573656
81,1,2,1219352471.7818856,2310644000.0,0.5277110934362392,858330590.3687973,1456315.3335394075,0.0018737312700896204,2054794.5205479453,3515981.735159817,166438356.16438365,284794520.547945,143797.91694379074,7002286.343537378,0,0,9992997713.656462,3594230590.3687973,235900000,23590,19501.011130192786,18290.287076728284,3521.3680534645036,2310.644,29.679968791229328,12.0,5852.891864553051,2739.72602739726,25248394.406410813
82,1,2,1219596342.276242,2311820000.0,0.5275481405456489,863645756.621216,1447352.6795179355,0.0018268712100890827,2054794.5205479453,3515981.735159817,168493150.6849316,288310502.28310484,145610.00328915563,7147896.346826534,0,0,9992852103.653173,3599655756.621216,236010000,23601,19460.134895933792,18293.945134143632,3478.009761790161,2311.8199999999997,29.608832601785572,11.0,5854.0624429259615,2739.72602739726,25251508.742826343
83,1,2,1219840261.5446973,2312898000.0,0.5274077203338398,868959096.302733,1438502.692840826,0.0017961041069530334,2054794.5205479453,3515981.735159817,170547945.20547956,291826484.01826465,147436.57419101766,7295332.921017552,0,0,9992704667.078983,3605079096.302733,236120000,23612,19420.088228577846,18297.60392317046,3435.3823054073887,2312.8979999999997,29.540155576415227,11.0,5855.233255414547,2739.72602739726,25254624.250054363
84,1,2,1220084229.597006,2313976000.0,0.5272674520379668,874270598.2878968,1429763.2820409543,0.0017524984040865822,2054794.5205479453,3515981.735159817,172602739.72602752,295342465.75342447,149274.27054402576,7444607.191561578,0,0,9992555392.80844,3610500598.2878966,236230000,23623,19380.835448395013,18301.263443955093,3393.548004439918,2313.976,29.47261550999806,11.0,5856.40430206563,2739.72602739726,25257740.928329032
85,1,2,1220328246.4429255,2315054000.0,0.5271273354500264,879590251.4600223,1421116.2503508315,0.0017121035455157265,2054794.5205479453,3515981.735159817,174657534.24657547,298858447.4885843,151123.0835823124,7595730.275143891,0,0,9992404269.724855,3615920251.4600224,236330000,23633,19342.357005271475,18304.923696643884,3352.487308627591,2315.054,29.406185102158698,10.0,5857.575582926042,2739.72602739726,25260858.77788456
86,1,2,1220572312.092214,2316034000.0,0.5270096691552085,884908041.2549111,1412576.156757887,0.0016811885172245114,2054794.5205479453,3515981.735159817,176712328.76712343,302374429.2237441,152986.4608190855,7748716.735962976,0,0,9992251283.264036,3621338041.254911,236430000,23643,19304.656724053457,18308.584681383214,3312.1060426702425,2316.034,29.342124575588098,10.0,5858.747098042628,2739.72602739726,25263977.79895521
87,1,2,1220816426.5546324,2317014000.0,0.526892123463489,890223956.5320255,1404141.0488092655,0.001632735574391408,2054794.5205479453,3515981.735159817,178767123.2876714,305890410.9589039,154860.97859344535,7903577.714556421,0,0,9992096422.285444,3626753956.5320253,236530000,23653,19267.696169842817,18312.24639831949,3272.4637715233243,2317.0139999999997,29.279118717332576,10.0,5859.918847462236,2739.72602739726,25267097.991775278
88,1,2,1221060589.8399434,2317994000.0,0.5267746982261142,895537986.1599118,1395809.0213013098,0.0016125163326609093,2054794.5205479453,3515981.735159817,180821917.80821934,309406392.6940637,156746.62782157047,8060324.342377991,0,0,9991939675.657621,3632167986.1599116,236630000,23663,19231.457425819448,18315.908847599152,3233.5425782202956,2317.9939999999997,29.217142585014045,10.0,5861.090831231729,2739.72602739726,25270219.356579114
89,1,2,1221304801.9579113,2318974000.0,0.5266573932945825,900860119.0162951,1387562.8120434112,0.0015643637840654014,2054794.5205479453,3515981.735159817,182876712.3287673,312922374.42922354,158643.39932457526,8218967.741702567,0,0,9991781032.258297,3637580119.016295,236720000,23672,19195.92311490137,18319.572029368668,3195.3250855326974,2318.9739999999997,29.156171967597395,9.0,5862.263049397974,2739.72602739726,25273341.893601116
90,1,2,1221549062.9183028,2319856000.0,0.5265624516859249,906180340.4459358,1379416.3746532854,0.0015411672083766503,2054794.5205479453,3515981.735159817,184931506.84931526,316438356.16438335,160554.8260671428,8379522.56776971,0,0,9991620477.43223,3642990340.4459357,236810000,23681,19161.104354300143,18323.235943774544,3157.724410525599,2319.8559999999998,29.097464745685077,9.0,5863.435502007854,2739.72602739726,25276465.603075728
91,1,2,1221793372.7308865,2320738000.0,0.5264676032929553,911498639.3035073,1371367.9276089326,0.0014947747463073334,2054794.5205479453,3515981.735159817,186986301.3698632,319954337.89954317,162477.3981363919,8541999.965906102,0,0,9991458000.034094,3648398639.3035073,236900000,23690,19126.95928673997,18326.900590963298,3120.796695776672,2320.738,29.039714146236783,9.0,5864.608189108256,2739.72602739726,25279590.485237442
92,1,2,1222037731.4054327,2321620000.0,0.5263728480136425,916815004.4531814,1363415.7315581392,0.001468049181672866,2054794.5205479453,3515981.735159817,189041095.89041117,323470319.634703,164411.10603381766,8706411.07193992,0,0,9991293588.92806,3653805004.4531813,236990000,23699,19093.471953881017,18330.56597108149,3084.525982799526,2321.62,28.982898008743476,9.0,5865.781110746077,2739.72602739726,25282716.54032079
93,1,2,1222282138.9517138,2322502000.0,0.5262781857461107,922139424.7687235,1355543.3879356352,0.0014345049491233251,2054794.5205479453,3515981.735159817,191095890.41095912,326986301.3698628,166355.94016581238,8872767.012105731,0,0,9991127232.987894,3659209424.7687235,237070000,23707,19060.62686765408,18334.23208427571,3048.89678337837,2322.502,28.9269948090553,8.0,5866.954266968227,2739.72602739726,25285843.768560365
94,1,2,1222526595.3795042,2323286000.0,0.5262058116734247,927461885.5053135,1347764.27962748,0.0014044308536190825,2054794.5205479453,3515981.735159817,193150684.93150708,330502283.1050226,168315.51911786533,9041082.531223597,0,0,9990958917.468777,3664611885.5053134,237150000,23715,19028.441699322124,18337.898930692565,3013.828768629558,2323.286,28.873260174071568,8.0,5868.12765782162,2739.72602739726,25288972.170190793
95,1,2,1222771100.69858,2324070000.0,0.5261335074668921,932782375.5144719,1340076.7776198403,0.0013732661448912723,2054794.5205479453,3515981.735159817,195205479.45205504,334018264.8401824,170286.2465494823,9211368.777773079,0,0,9990788631.222227,3670012375.514472,237230000,23723,18996.87140097743,18341.5665104787,2979.374890498731,2324.0699999999997,28.820394925209147,8.0,5869.301283353184,2739.72602739726,25292101.74544675
96,1,2,1223015654.9187198,2324854000.0,0.5260612730600372,938100883.6576339,1332479.290634811,0.0013461688514133572,2054794.5205479453,3515981.735159817,197260273.972603,337534246.57534224,172268.11254585467,9383636.890318934,0,0,9990616363.10968,3675410883.657634,237310000,23731,18965.901720926602,18345.234823780796,2945.5208971458032,2324.854,28.76837932654319,8.0,5870.475143609855,2739.72602739726,25295232.494562965
97,1,2,1223260258.0497036,2325638000.0,0.5259891083864744,943417398.8062447,1324970.2640439996,0.0013116337300250083,2054794.5205479453,3515981.735159817,199315068.49315095,341050228.31050205,174261.10709706228,9557897.997415997,0,0,9990442102.002584,3680807398.806245,237390000,23739,18935.51881851865,18348.903870745555,2912.252947773094,2325.638,28.71719419740379,8.0,5871.649238638578,2739.72602739726,25298364.417774208
98,1,2,1223504910.1013136,2326422000.0,0.5259170133799086,948731909.8418543,1317548.1788194284,0.0012864231005614679,2054794.5205479453,3515981.735159817,201369863.0136989,344566210.04566187,176265.22009820823,9734163.217514206,0,0,9990265836.782486,3686201909.841854,237470000,23747,18905.709250000615,18352.573651519706,2879.5575984809066,2326.422,28.666820893841354,8.0,5872.823568486306,2739.72602739726,25301497.515315298
99,1,2,1223749611.0833337,2327206000.0,0.5258449879741345,954054405.6562127,1310197.8174297565,0.0012518685262188052,2054794.5205479453,3515981.735159817,203424657.53424686,348082191.7808217,178280.441349556,9912443.658863762,0,0,9990087556.341137,3691594405.656213,237540000,23754,18876.459954937724,18356.24416625001,2847.4217886877113,2327.2059999999997,28.617241290805662,7.0,5873.9981332000025,2739.72602739726,25304631.787421104
100,1,2,1223994361.0055504,2327892000.0,0.5257951661870699,959374871.3938001,1302931.7707519135,0.0012297268131904833,2054794.5205479453,3515981.735159817,205479452.05479482,351598173.5159815,180310.51812040238,10092754.176984165,0,0,9989907245.823015,3696984871.3938003,237610000,23761,18847.797278142858,18359.91541508326,2815.773863059599,2327.892,28.56970770130392,7.0,5875.172932826642,2739.72602739726,25307767.234326534
101,1,2,1224239159.8777514,2328578000.0,0.5257453947764479,964693295.9253435,1295748.6128282882,0.0012056990254577659,2054794.5205479453,3515981.735159817,207534246.57534277,355114155.2511413,182351.72416442714,10275105.901148591,0,0,9989724894.098852,3702373295.9253435,237680000,23768,18819.671821332413,18363.587398166273,2784.6624231661426,2328.578,28.52293097178376,7.0,5876.347967413207,2739.72602739726,25310903.85626655
102,1,2,1224484007.7097268,2329264000.0,0.525695673701962,970009668.1320921,1288646.9496815295,0.0011784286253338227,2054794.5205479453,3515981.735159817,209589041.09589073,358630136.9863011,184404.04895931113,10459509.950107902,0,0,9989540490.049892,3707759668.132092,237750000,23775,18792.07153194091,18367.260115645906,2754.0754162950025,2329.2639999999997,28.47689444071875,7.0,5877.523237006689,2739.72602739726,25314041.65347616
103,1,2,1224728904.5112686,2329950000.0,0.525646002923354,975323976.905912,1281625.418422989,0.001146958764760724,2054794.5205479453,3515981.735159817,211643835.6164387,362146118.72146094,186467.4818879315,10645977.431995833,0,0,9989354022.568005,3713143976.905912,237820000,23782,18764.984693994167,18370.93356766903,2724.0011263251367,2329.95,28.43158190118454,7.0,5878.69874165409,2739.72602739726,25317180.62619042
104,1,2,1224973850.2921708,2330636000.0,0.5255963824004137,980636211.1493814,1274682.6863908246,0.0011321733015724786,2054794.5205479453,3515981.735159817,213698630.13698664,365662100.45662075,188542.01223850794,10834519.444234341,0,0,9989165480.555765,3718526211.1493816,237890000,23789,18738.399916892202,18374.607754382563,2694.428162509639,2330.636,28.386977586134122,7.0,5879.87448140242,2739.72602739726,25320320.774644427
105,1,2,1225218845.0622292,2331322000.0,0.5255468120929795,985946359.7758845,1267817.4503166187,0.001103771353442065,2054794.5205479453,3515981.735159817,215753424.6575346,369178082.19178057,190627.62920475105,11025147.073439093,0,0,9988974852.926561,3723906359.7758846,237960000,23796,18712.306124625735,18378.28267593344,2665.3454486922956,2331.322,28.34306615422356,7.0,5881.0504562987,2739.72602739726,25323462.09907333
106,1,2,1225463888.8312416,2332008000.0,0.5254972919609373,991254411.7097063,1261028.4355194196,0.0010727683348648966,2054794.5205479453,3515981.735159817,217808219.17808256,372694063.9269404,192724.3218860114,11217871.395325106,0,0,9988782128.604675,3729284411.7097063,238030000,23803,18686.692545407415,18381.958332468625,2636.7422129387905,2332.008,28.299832676165103,7.0,5882.22666638996,2739.72602739726,25326604.599712327
107,1,2,1225708981.6090078,2332694000.0,0.5254478219642216,996560355.8861268,1254314.3951261558,0.00105677985857082,2054794.5205479453,3515981.735159817,219863013.6986305,376210045.6621002,194832.07928743152,11412703.474612538,0,0,9988587296.525387,3734660355.8861265,238100000,23810,18661.548701699565,18385.634724135118,2608.6079775644484,2332.694,28.25726262158546,7.0,5883.403111723238,2739.72602739726,25329748.276796654
108,1,2,1225954123.4053297,2333380000.0,0.5253984020628143,1001874181.2515146,1247661.6559162617,0.0010386773915772283,2054794.5205479453,3515981.735159817,221917808.21917847,379726027.39726,196950.8903200986,11609654.364932636,0,0,9988390345.635067,3740034181.2515144,238160000,23816,18636.864400621213,18389.311851079947,2580.9325495412672,2333.38,28.215341846368098,6.0,5884.579792345583,2739.72602739726,25332893.130561605
109,1,2,1226199314.2300107,2333968000.0,0.5253710908761434,1007185872.811562,1241081.744435747,0.00101421006842624,2054794.5205479453,3515981.735159817,223972602.73972642,383242009.1324198,199084.6956605161,11808739.060593152,0,0,9988191260.939407,3745405872.811562,238220000,23822,18612.67679856505,18392.989713450163,2553.6550851148895,2333.968,28.175317725306265,6.0,5885.756708304052,2739.72602739726,25336039.161242515
110,1,2,1226444554.0928566,2334556000.0,0.5253438144524512,1012495419.4934582,1234573.486392044,0.0009906192314303262,2054794.5205479453,3515981.735159817,226027397.26027438,386757990.86757964,201229.5738116078,12009968.63440476,0,0,9987990031.365595,3750775419.4934583,238280000,23828,18588.930790438026,18396.668311392852,2526.8184790451737,2334.556,28.13591389333118,6.0,5886.933859645712,2739.72602739726,25339186.369074766
111,1,2,1226689843.0036752,2335144000.0,0.5253165727696772,1017802810.235805,1228135.732608572,0.0009669791981087288,2054794.5205479453,3515981.735159817,228082191.78082234,390273972.60273945,203385.51336100357,12213354.147765763,0,0,9987786645.852234,3756142810.235805,238340000,23834,18565.61693166366,18400.34764505513,2500.413286608527,2335.144,28.0971173020782,6.0,5888.111246417641,2739.72602739726,25342334.75429379
112,1,2,1226935180.972276,2335732000.0,0.5252893658057842,1023108033.9887105,1221767.358356808,0.0009472299524801723,2054794.5205479453,3515981.735159817,230136986.3013703,393789954.33789927,205552.50280238112,12418906.650568144,0,0,9987581093.349432,3761508033.9887104,238400000,23840,18542.726029251568,18404.02771458414,2474.4303146674265,2335.732,28.058915243512978,6.0,5889.288868666925,2739.72602739726,25345484.31713506
113,1,2,1227180568.0084703,2336320000.0,0.5252621935387577,1028411079.7138828,1215467.2627095582,0.0009321976535689568,2054794.5205479453,3515981.735159817,232191780.82191825,397305936.0730591,207730.53053562867,12626637.181103773,0,0,9987373362.818895,3766871079.713883,238460000,23846,18520.249133798083,18407.708520127057,2448.8606136710255,2336.3199999999997,28.021295339385944,6.0,5890.466726440658,2739.72602739726,25348635.057834104
114,1,2,1227426004.122072,2336908000.0,0.5252350559466064,1033711936.3847237,1209234.3679146543,0.0009229789967198875,2054794.5205479453,3515981.735159817,234246575.3424662,400821917.8082189,209919.584867009,12836556.765970783,0,0,9987163443.23403,3772231936.3847237,238520000,23852,18498.177531782007,18411.39006183108,2423.6954699509256,2336.908,27.984245531064246,6.0,5891.644819785946,2739.72602739726,25351786.976626493
115,1,2,1227671489.3228965,2337496000.0,0.5252079530073619,1039010592.9864222,1203067.6187883196,0.0009081443339423016,2054794.5205479453,3515981.735159817,236301369.86301416,404337899.5433787,212119.65400932505,13048676.419980109,0,0,9986951323.580019,3777590592.986422,238580000,23858,18476.5027381432,18415.07233984345,2398.92639829975,2337.496,27.947754069726017,6.0,5892.823148749903,2739.72602739726,25354940.073747847
116,1,2,1227917023.620761,2338084000.0,0.5251808846990788,1044307038.516048,1196965.982127493,0.0008768361554313115,2054794.5205479453,3515981.735159817,238356164.38356212,407853881.2785385,214330.72608208784,13263007.146062197,0,0,9986736992.853937,3782947038.516048,238640000,23864,18455.21648913212,18418.755354311415,2374.5451348207007,2338.084,27.911809506902152,6.0,5894.001713379653,2739.72602739726,25358094.349433832
117,1,2,1228162607.025485,2338672000.0,0.5251538509998346,1049601261.9826441,1190928.4461404209,0.0008640827043846937,2054794.5205479453,3515981.735159817,240410958.90411007,411369863.01369834,216552.78911168524,13479559.935173882,0,0,9986520440.064827,3788301261.982644,238700000,23870,18434.310735419138,18422.439105382276,2350.543630036859,2338.672,27.876400685351836,6.0,5895.180513722328,2739.72602739726,25361249.803920157
118,1,2,1228408239.54689,2339260000.0,0.5251268518877295,1054893252.4073204,1184954.019894858,0.0008467350211071463,2054794.5205479453,3515981.735159817,242465753.42465803,414885844.74885815,218785.831031553,13698345.766205436,0,0,9986301654.233795,3793653252.4073205,238760000,23876,18413.777635452858,18426.123593203352,2326.9140422495043,2339.2599999999998,27.8415167302584,6.0,5896.359549825072,2739.72602739726,25364406.437442586
119,1,2,1228653921.1947994,2339848000.0,0.5250998873408869,1060182998.8233459,1179041.7327832456,0.0008313077356915971,2054794.5205479453,3515981.735159817,244520547.945206,418401826.48401797,221029.8396823474,13919375.605887784,0,0,9986080624.394112,3799002998.823346,238820000,23882,18393.609549057197,18429.808817921992,2303.648731135203,2339.848,27.807147040732712,6.0,5897.538821735037,2739.72602739726,25367564.250236925
120,1,2,1228899651.9790382,2340436000.0,0.5250729573374526,1065470490.2762417,1173190.6340042618,0.000819505452231395,2054794.5205479453,3515981.735159817,246575342.46575394,421917808.2191778,223284.802812119,14142660.408699902,0,0,9985857339.591301,3804350490.276242,238880000,23888,18373.799031257513,18433.494779685578,2280.740251571933,2340.4359999999997,27.773281281612082,6.0,5898.718329499384,2739.72602739726,25370723.24253903
121,1,2,1229145431.909434,2341024000.0,0.5250460618555957,1070755715.823873,1167399.7920601587,0.0008027504926524383,2054794.5205479453,3515981.735159817,248630136.9863019,425433789.9543376,225550.70807648893,14368211.11677639,0,0,9985631788.883224,3809695715.823873,238940000,23894,18354.338826326417,18437.181478641513,2258.1813476849056,2341.024,27.739909375542997,6.0,5899.898073165284,2739.72602739726,25373883.4145848
122,1,2,1229391260.995816,2341612000.0,0.5250192008735076,1076038664.536542,1161668.294269333,0.0007961165056721834,2054794.5205479453,3515981.735159817,250684931.50684986,428949771.6894974,227827.54303882617,14596038.659815216,0,0,9985403961.340185,3815038664.536542,239000000,23900,18335.221862040446,18440.86891493724,2235.9649471032044,2341.612,27.70702149533645,6.0,5901.078052779917,2739.72602739726,25377044.766610187
123,1,2,1229637139.2480152,2342200000.0,0.5249923743694027,1081319325.4970791,1155995.2462935909,0.000782548493720489,2054794.5205479453,3515981.735159817,252739726.0273978,432465753.4246572,230115.2951704266,14826153.954985643,0,0,9985173846.045013,3820379325.497079,239060000,23906,18316.441244138983,18444.557088720227,2214.0841554187573,2342.2,27.67460805658533,6.0,5902.258268390473,2739.72602739726,25380207.29885118
124,1,2,1229883066.6758647,2342788000.0,0.5249655823215181,1086597687.8009362,1150379.7716795937,0.0007632307190830165,2054794.5205479453,3515981.735159817,254794520.54794577,435981735.15981704,232413.95185069393,15058567.906836336,0,0,9984941432.093164,3825717687.800936,239120000,23912,18297.990250977502,18448.246000137973,2192.53225083953,2342.788,27.642659710533806,6.0,5903.438720044151,2739.72602739726,25383371.01154383
125,1,2,1230129043.2891998,2343376000.0,0.5249388247081134,1091873740.5562766,1144821.011413992,0.0007567021958958679,2054794.5205479453,3515981.735159817,256849315.06849372,439497716.89497685,234723.50036732224,15293291.40720366,0,0,9984706708.592796,3831053740.5562763,239180000,23918,18279.8623283672,18451.935649338,2171.3026790291983,2343.3759999999997,27.611167337188675,6.0,5904.619407788159,2739.72602739726,25386535.90492422
126,1,2,1230375069.0978577,2343964000.0,0.524912101507471,1097147472.8840678,1139318.1234917715,0.0007440646733865415,2054794.5205479453,3515981.735159817,258904109.58904168,443013698.63013667,237043.92791647947,15530335.33512014,0,0,9984469664.66488,3836387472.8840675,239240000,23924,18262.051084593782,18455.626036467867,2150.3890481259136,2343.964,27.580122038663646,6.0,5905.800331669718,2739.72602739726,25389701.979228497
127,1,2,1230621144.1116772,2344552000.0,0.5248854126978959,1102418873.9181726,1133870.282497356,0.0007293151386196003,2054794.5205479453,3515981.735159817,260958904.10958964,446529680.3652965,239375.22160299387,15769710.556723133,0,0,9984230289.443277,3841718873.918173,239300000,23930,18244.55028560824,18459.31716167516,2129.7851239330776,2344.5519999999997,27.549515132747533,6.0,5906.981491736051,2739.72602739726,25392869.234692838
128,1,2,1230867268.3404994,2345140000.0,0.5248587582577157,1107687932.8054397,1128476.6791980318,0.0007203228904362949,2054794.5205479453,3515981.735159817,263013698.6301376,450045662.1004563,241717.3684405408,16011427.925163673,0,0,9983988572.074837,3847047932.80544,239360000,23936,18227.35385038288,18463.009025107494,2109.484825275385,2345.14,27.519338146687762,6.0,5908.162888034398,2739.72602739726,25396037.671553478
129,1,2,1231113441.7941675,2345728000.0,0.5248321381652806,1112954638.7057955,1123136.5201492696,0.0007115091065873228,2054794.5205479453,3515981.735159817,265068493.15068555,453561643.8356161,244070.3553518318,16255498.280515505,0,0,9983744501.719484,3852374638.7057953,239420000,23942,18210.455846426183,18466.701626912512,2089.4822195136694,2345.728,27.48958281118116,6.0,5909.344520612004,2739.72602739726,25399207.290046696
130,1,2,1231359664.4825263,2346316000.0,0.5248055523989634,1118218980.7923346,1117849.027311542,0.0007070307353435546,2054794.5205479453,3515981.735159817,267123287.6712335,457077625.5707759,246434.169168805,16501932.44968431,0,0,9983498067.550316,3857698980.7923346,239480000,23948,18193.850485450268,18470.394967237895,2069.771518212373,2346.316,27.460241054564072,6.0,5910.526389516126,2739.72602739726,25402378.090408817
131,1,2,1231605936.4154227,2346904000.0,0.5247790009371592,1123480948.2514095,1112613.437678245,0.0006986805011711759,2054794.5205479453,3515981.735159817,269178082.19178146,460593607.30593574,248808.79663281757,16750741.246317128,0,0,9983249258.753683,3863020948.2514095,239540000,23954,18177.532119185085,18474.08904623134,2050.3470729537426,2346.904,27.431304997194374,6.0,5911.708494794029,2739.72602739726,25405550.072876215
132,1,2,1231852257.6027057,2347492000.0,0.5247524837582858,1128740530.2827225,1107429.0029143544,0.0006921538343184301,2054794.5205479453,3515981.735159817,271232876.7123294,464109589.04109555,251194.22439483923,17001935.470711965,0,0,9982998064.529287,3868340530.2827225,239600000,23960,18161.49523533368,18477.78386404059,2031.2033712930886,2347.4919999999997,27.402766946018204,6.0,5912.890836492988,2739.72602739726,25408723.23768531
133,1,2,1232098628.0542262,2348080000.0,0.5247260008407831,1133997716.0994146,1102294.9890054546,0.000678907699558159,2054794.5205479453,3515981.735159817,273287671.2328773,467625570.77625537,253590.43901564757,17255525.909727614,0,0,9982744474.090273,3873657716.099415,239660000,23966,18145.734453663106,18481.479420813394,2012.3350328497122,2348.08,27.374619389314503,6.0,5914.073414660285,2739.72602739726,25411897.585072577
134,1,2,1232345047.779837,2348668000.0,0.5246995521631141,1139252494.9281564,1097210.6759167926,0.0006757573872168654,2054794.5205479453,3515981.735159817,275342465.75342524,471141552.5114152,255997.42696602535,17511523.33669364,0,0,9982488476.663307,3878972494.9281564,239720000,23972,18130.24452222587,18485.175716697555,1993.7368055283146,2348.668,27.346854991610815,6.0,5915.2562293432175,2739.72602739726,25415073.115274526
135,1,2,1232591516.789393,2349256000.0,0.5246731377037637,1144504856.009237,1092175.3572620281,0.0006668162586882824,2054794.5205479453,3515981.735159817,277397260.27397317,474657534.246575,258415.17462695838,17769938.5113206,0,0,9982230061.48868,3884284856.0092373,239780000,23978,18115.020313706835,18488.872751840896,1975.403561865941,2349.256,27.31946658876392,6.0,5916.439280589087,2739.72602739726,25418249.82852772
136,1,2,1232838035.0927508,2349844000.0,0.524646757441239,1149754788.596655,1087188.3399813583,0.0006519698012283765,2054794.5205479453,3515981.735159817,279452054.7945211,478173515.9817348,260843.66828983635,18030782.179610435,0,0,9981969217.820389,3889594788.596655,239840000,23984,18100.056821890976,18492.570526391264,1957.3302954997114,2349.844,27.292447183199393,6.0,5917.622568445205,2739.72602739726,25421427.725068767
137,1,2,1233084602.6997693,2350432000.0,0.5246204113540699,1155002281.958206,1082248.9440287065,0.0006528541463518452,2054794.5205479453,3515981.735159817,281506849.315069,481689497.7168946,263282.89415665413,18294065.07376709,0,0,9981705934.926233,3894902281.958206,239900000,23990,18085.34915824734,18496.26904049654,1939.5121177507995,2350.432,27.265789939304103,6.0,5918.806092958893,2739.72602739726,25424606.80513433
138,1,2,1233331219.620309,2351020000.0,0.5245940994208085,1160247325.3755734,1077356.5020676847,0.0006508454453973873,2054794.5205479453,3515981.735159817,283561643.83561695,485205479.45205444,265732.83834021527,18559797.912107304,0,0,9981440202.087893,3900207325.375573,239960000,23996,18070.89254862494,18499.96829430464,1921.9442543203013,2351.02,27.239488178966287,6.0,5919.989854177485,2739.72602739726,25427787.068961114
139,1,2,1233577885.8642333,2351608000.0,0.524567821620029,1165489908.1444168,1072510.3591760367,0.0006410630797497736,2054794.5205479453,3515981.735159817,285616438.3561649,488721461.18721426,268193.4868643364,18827991.39897164,0,0,9981172008.601028,3905509908.144417,240020000,24002,18056.682330056334,18503.6682879635,1904.622042092833,2351.6079999999997,27.213535377257607,6.0,5921.17385214832,2739.72602739726,25430968.516785868
140,1,2,1233824601.441406,2352196000.0,0.5245415779303281,1170730019.5744605,1067709.8725582925,0.0006359062399883998,2054794.5205479453,3515981.735159817,287671232.8767128,492237442.92237407,270664.82566405414,19098656.224635694,0,0,9980901343.775364,3910810019.5744605,240080000,24008,18042.713947664946,18507.36902162109,1887.5409260438582,2352.196,27.18792515825219,6.0,5922.358086918749,2739.72602739726,25434151.14884539
141,1,2,1234071366.3616943,2352784000.0,0.5245153683303245,1175967648.9895823,1062954.4112663663,0.0006420455083791163,2054794.5205479453,3515981.735159817,289726027.3972607,495753424.6575339,273146.8405858328,19371803.065221526,0,0,9980628196.934778,3916107648.989582,240140000,24014,18028.98295167233,18511.070495425418,1870.6964562469109,2352.784,27.162651290977855,6.0,5923.542558536134,2739.72602739726,25437334.96537653
142,1,2,1234318180.6349666,2353372000.0,0.5244891927986594,1181202785.7279022,1058243.3559278448,0.0006292140317123268,2054794.5205479453,3515981.735159817,291780821.91780865,499269406.3926937,275639.5173877736,19647442.5826093,0,0,9980352557.41739,3921402785.7279024,240200000,24020,18015.48499450155,18514.7727095245,1854.0842849770495,2353.372,27.137707685494433,6.0,5924.72726704784,2739.72602739726,25440519.966616184
143,1,2,1234565044.2710936,2353960000.0,0.5244630513139958,1186435419.14187,1053576.0984817187,0.0006291988334820535,2054794.5205479453,3515981.735159817,293835616.4383566,502785388.1278535,278142.8417398267,19925585.424349125,0,0,9980074414.575651,3926695419.14187,240260000,24026,18002.21582797343,18518.475664066405,1837.7001639070234,2353.96,27.113088389095054,6.0,5925.91221250125,2739.72602739726,25443706.15280129
144,1,2,1234811957.2799478,2354548000.0,0.5244369438550192,1191665538.5983539,1048952.041921321,0.000633559480955177,2054794.5205479453,3515981.735159817,295890410.9589045,506301369.8630133,280656.7992240024,20206242.22357313,0,0,9979793757.776426,3931985538.598354,240320000,24032,17989.171300591985,18522.179359199217,1821.539941392767,2354.548,27.088787582625766,6.0,5927.097394943749,2739.72602739726,25446893.524168838
145,1,2,1235058919.6714036,2355136000.0,0.524410870400437,1196893133.478727,1044370.6000442446,0.0006207756064513511,2054794.5205479453,3515981.735159817,297945205.47945243,509817351.59817314,283181.37533458637,20489423.598907717,0,0,9979510576.401093,3937273133.4787273,240380000,24038,17976.347354916055,18525.88379507106,1805.5995598449945,2355.136,27.064799576919402,6.0,5928.282814422738,2739.72602739726,25450082.080955867
146,1,2,1235305931.455338,2355724000.0,0.5243848309289789,1202118193.1789565,1039831.1972090167,0.0006240924046111127,2054794.5205479453,3515981.735159817,300000000.00000036,513333333.33333296,285716.55547835486,20775140.15438607,0,0,9979224859.845613,3942558193.1789565,240440000,24044,17963.740025013853,18529.58897183007,1789.8750531837786,2355.7239999999997,27.041118809339622,6.0,5929.468470985622,2739.72602739726,25453271.823399458
147,1,2,1235552992.641629,2356312000.0,0.5243588254193965,1207340707.1096895,1035333.2680983223,0.0006201725940310724,2054794.5205479453,3515981.735159817,302054794.5205483,516849315.06849277,288262.3249747918,21063402.47936086,0,0,9978936597.52064,3947840707.1096897,240500000,24050,17951.34543399758,18533.294889624438,1774.362544373139,2356.312,27.017739840431414,6.0,5930.65436467982,2739.72602739726,25456462.75173674
148,1,2,1235800103.2401574,2356900000.0,0.5243328538504635,1212560664.6963408,1030876.257488568,0.000615321953837797,2054794.5205479453,3515981.735159817,304109589.0410962,520365296.8036526,290818.6690563075,21354221.148417167,0,0,9978645778.851583,3953120664.6963406,240560000,24056,17939.15979163514,18537.001548602362,1759.0582430327772,2356.9,26.994657350674096,6.0,5931.840495552756,2739.72602739726,25459654.8662049
149,1,2,1236047263.2608054,2357488000.0,0.5243069162009755,1217778055.3791802,1026459.6200255892,0.0006172077241741034,2054794.5205479453,3515981.735159817,306164383.56164414,523881278.5388124,293385.5728684592,21647606.721285626,0,0,9978352393.278715,3958398055.37918,240620000,24062,17927.17939203629,18540.70894891208,1743.9584431242097,2357.488,26.9718661373335,6.0,5933.026863651866,2739.72602739726,25462848.167041156
150,1,2,1236294472.7134576,2358076000.0,0.5242810124497503,1222992868.6134179,1022082.8200063147,0.0006101979850649531,2054794.5205479453,3515981.735159817,308219178.08219206,527397260.2739722,295963.0214701723,21943569.742755797,0,0,9978056430.257244,3963672868.6134176,240680000,24068,17915.400611410525,18544.417090701863,1729.0595207086633,2358.076,26.94936111140972,6.0,5934.213469024597,2739.72602739726,25466042.654482786
151,1,2,1236541731.6080003,2358664000.0,0.5242551425756277,1228205093.8692915,1017745.3311661987,0.0006161620118809293,2054794.5205479453,3515981.735159817,310273972.60274,530913242.009132,298550.9998339636,22242120.74258976,0,0,9977757879.25741,3968945093.8692913,240740000,24074,17903.81990589421,18548.125974120005,1714.357931774204,2358.6639999999998,26.927137294677276,6.0,5935.400311718402,2739.72602739726,25469238.32876711
152,1,2,1236789039.9543219,2359252000.0,0.524229306557469,1233414720.632153,1013446.636472249,0.0006110837239790705,2054794.5205479453,3515981.735159817,312328767.1232879,534429223.74429184,301149.49284616625,22543270.235435925,0,0,9977456729.764565,3974214720.632153,240800000,24080,17892.433809444487,18551.83559931483,1699.8502101296588,2359.252,26.90518981681439,6.0,5936.587391780745,2739.72602739726,25472435.190131497
153,1,2,1237036397.7623127,2359840000.0,0.5242035043741579,1238621738.4025536,1009186.2279214759,0.0006080918097695859,2054794.5205479453,3515981.735159817,314383561.64383584,537945205.4794517,303758.4853071559,22847028.720743082,0,0,9977152971.279257,3979481738.4025536,240860000,24086,17881.238931797692,18555.54596643469,1685.5329653630024,2359.8399999999997,26.88351391261841,6.0,5937.774709259101,2739.72602739726,25475633.23881336
154,1,2,1237283805.041865,2360428000.0,0.5241777360045996,1243826136.6963298,1004963.6063445993,0.0006092848378126076,2054794.5205479453,3515981.735159817,316438356.16438377,541461187.2146115,306377.961931578,23153406.68267466,0,0,9976846593.317326,3984746136.69633,240920000,24092,17870.231956489937,18559.25707562798,1671.4028808619587,2360.428,26.86210491930453,6.0,5938.962264200953,2739.72602739726,25478832.475050166
155,1,2,1237531261.8028734,2361016000.0,0.5241520014277216,1249027905.044689,1000778.2812148542,0.0006184698495137529,2054794.5205479453,3515981.735159817,318493150.6849317,544977168.9497714,309007.90734857746,23462414.59002324,0,0,9976537585.409977,3990007905.044689,240980000,24098,17859.409638937763,18562.9689270431,1657.4567118946613,2361.016,26.840958273884684,6.0,5940.1500566537925,2739.72602739726,25482032.899079423
156,1,2,1237778768.055234,2361604000.0,0.5241263006224727,1254227032.9942946,996629.7704617407,0.000611451992419886,2054794.5205479453,3515981.735159817,320547945.2054796,548493150.6849313,311648.30610202847,23774062.89612527,0,0,9976225937.103874,3995267032.9942946,241040000,24104,17848.76880457681,18566.68152082851,1643.6912837483003,2361.604,26.820069510624332,6.0,5941.338086665123,2739.72602739726,25485234.511138692
157,1,2,1238026323.808845,2362192000.0,0.5241006335678239,1259423510.1073515,992517.6002895687,0.0006159652173202251,2054794.5205479453,3515981.735159817,322602739.72602755,552009132.4200912,314299.1426507672,24088362.038776036,0,0,9975911637.961224,4000523510.1073513,241100000,24110,17838.306347056434,18570.394857132676,1630.103489923758,2362.192,26.799434258574117,6.0,5942.526354282457,2739.72602739726,25488437.31146558
158,1,2,1238273929.0736067,2362780000.0,0.5240750002427678,1264617325.9616904,988441.3050006564,0.0006143892048955694,2054794.5205479453,3515981.735159817,324657534.2465755,555525114.155251,316960.4013688252,24405322.440144863,0,0,9975594677.559855,4005777325.9616904,241160000,24116,17828.019226488424,18574.1089361041,1616.6902903843225,2362.7799999999997,26.779048239174188,6.0,5943.714859553313,2739.72602739726,25491641.300297737
159,1,2,1238521583.8594215,2363368000.0,0.5240494006263187,1269808470.1508524,984400.4268230426,0.0006150290450717194,2054794.5205479453,3515981.735159817,326712328.7671234,559041095.8904109,319632.066545664,24724954.50669053,0,0,9975275045.493309,4011028470.150852,241220000,24122,17817.904467747958,18577.823757891325,1603.448709856632,2363.368,26.758907263928567,6.0,5944.9036025252235,2739.72602739726,25494846.477872867
160,1,2,1238769288.1761932,2363956000.0,0.5240238346975127,1274996932.2841737,980394.515742577,0.0006141627679157132,2054794.5205479453,3515981.735159817,328767123.2876713,562557077.6255708,322314.12238641194,25047268.62907694,0,0,9974952731.370924,4016276932.284174,241280000,24128,17807.959158824982,18581.5393226429,1590.3758361820785,2363.9559999999997,26.73900723214735,6.0,5946.092583245728,2739.72602739726,25498052.844428718
161,1,2,1239017042.0338285,2364544000.0,0.5239983024354077,1280172701.9868693,976430.7566158639,0.0006116636579698873,2054794.5205479453,3515981.735159817,330821917.80821925,566073059.3607306,325006.5530121016,25372275.182089042,0,0,9974627724.817911,4021522701.9868693,241350000,24135,17798.18044922439,18585.25563050743,1577.4688187169643,2364.544,26.719344128754468,7.0,5947.281801762377,2739.72602739726,25501260.400203086
162,1,2,1239264845.4422352,2365230000.0,0.5239510937381292,1285345773.9969933,972500.9606659645,0.0006157545199797608,2054794.5205479453,3515981.735159817,332876712.3287672,569589041.0958905,327704.245583853,25699979.427672897,0,0,9974300020.572327,4026765773.996993,241420000,24142,17788.49197444918,18588.97268163353,1564.7492928156494,2365.23,26.69869417179727,7.0,5948.4712581227295,2739.72602739726,25504469.145433813
163,1,2,1239512698.4113235,2365916000.0,0.5239039333650576,1290516138.0122445,968604.7025536334,0.0006221695345801232,2054794.5205479453,3515981.735159817,334931506.8493151,573105022.8310504,330412.24045656616,26030391.668129463,0,0,9973969608.331871,4032006138.012244,241490000,24149,17778.963976524894,18592.690476169853,1552.18950035504,2365.9159999999997,26.67827482589068,7.0,5949.660952374353,2739.72602739726,25507679.080358792
164,1,2,1239760600.9510057,2366602000.0,0.5238568212783584,1295683783.7463908,964741.5640147281,0.000618051140728359,2054794.5205479453,3515981.735159817,336986301.36986303,576621004.5662103,333130.52156137285,26363522.189690836,0,0,9973636477.810308,4037243783.746391,241560000,24156,17769.593795238277,18596.40901426509,1539.7867809731865,2366.602,26.65808231132047,7.0,5950.8508845648275,2739.72602739726,25510890.20521596
165,1,2,1240008553.0711958,2367288000.0,0.523809757440242,1300848700.9293518,960911.1337136972,0.0006238581711797313,2054794.5205479453,3515981.735159817,339041095.89041096,580136986.3013701,335859.0727467635,26699381.2624376,0,0,9973300618.737562,4042478700.929352,241630000,24163,17760.3788255379,18600.12829606794,1527.5385294699615,2367.288,26.638112925902952,7.0,5952.0410547417405,2739.72602739726,25514102.520243306
166,1,2,1240256554.78181,2367974000.0,0.5237627418129633,1306010879.3072808,957113.0071006946,0.0006185971802478441,2054794.5205479453,3515981.735159817,341095890.4109589,583652968.03653,338597.8777788309,27037979.140216433,0,0,9972962020.859783,4047710879.3072805,241700000,24170,17751.316516167368,18603.848321727153,1515.4421944402122,2367.9739999999997,26.618363043090653,7.0,5953.231462952688,2739.72602739726,25517316.025678862
167,1,2,1240504606.0927663,2368660000.0,0.5237157743588216,1311170308.642647,953346.7862722134,0.0006271944877131885,2054794.5205479453,3515981.735159817,343150684.9315068,587168949.7716899,341346.9203415149,27379326.060557947,0,0,9972620673.939442,4052940308.642647,241770000,24177,17742.40436833776,18607.569091391495,1503.495276946265,2368.66,26.598829110131394,7.0,5954.422109245278,2739.72602739726,25520530.721760713
168,1,2,1240752707.013985,2369346000.0,0.5236688550401608,1316326978.714318,949612.079835143,0.0006242064310358633,2054794.5205479453,3515981.735159817,345205479.45205474,590684931.5068498,344106.184036849,27723432.244594794,0,0,9972276567.755405,4058166978.7143183,241840000,24184,17733.639934438263,18611.290605209775,1491.6953292284882,2369.346,26.57950764627943,7.0,5955.612993667128,2739.72602739726,25523746.608726986
169,1,2,1241000857.5553877,2370032000.0,0.5236219838193694,1321480879.3176405,945908.5027741478,0.000626859330689213,2054794.5205479453,3515981.735159817,347260273.97260267,594200913.2420096,346875.65238520753,28070307.896980003,0,0,9971929692.10302,4063390879.3176403,241910000,24191,17725.020816783497,18615.01286333082,1480.039953452678,2370.0319999999997,26.56039524105672,7.0,5956.804116265861,2739.72602739726,25526963.686815858
170,1,2,1241249057.7268987,2370718000.0,0.52357516065888,1326632000.2645228,942235.676322274,0.0006265759974062181,2054794.5205479453,3515981.735159817,349315068.4931506,597716894.9771695,349655.30882555473,28419963.20580556,0,0,9971580036.794195,4068612000.2645226,241980000,24198,17716.544666396545,18618.73586590348,1468.5268004930665,2370.718,26.541488552562853,7.0,5957.995477089114,2739.72602739726,25530181.95626555
171,1,2,1241497307.538444,2371404000.0,0.5235283855211698,1331780331.383515,938593.2278346957,0.0006274293063523187,2054794.5205479453,3515981.735159817,351369863.0136985,601232876.7123294,352445.13671569584,28772408.342521254,0,0,9971227591.657478,4073830331.383515,242050000,24205,17708.20918182646,18622.459613076662,1457.1535687497978,2371.404,26.522784305832115,7.0,5959.187076184532,2739.72602739726,25533401.41731434
172,1,2,1241745606.9999516,2372090000.0,0.5234816583687598,1336925862.51989,934980.7906655087,0.0006315315784334666,2054794.5205479453,3515981.735159817,353424657.53424644,604748858.4474893,355245.11933252757,29127653.46185378,0,0,9970872346.538147,4079045862.51989,242120000,24212,17700.01210799904,18626.184104999273,1445.9180029997644,2372.0899999999997,26.50427929123605,7.0,5960.378913599768,2739.72602739726,25536622.070200544
173,1,2,1241993956.1213515,2372776000.0,0.5234349791642159,1342068583.5357256,931398.0040474879,0.0006362750914179322,2054794.5205479453,3515981.735159817,355479452.0547944,608264840.1826491,358055.23987229244,29485708.70172607,0,0,9970514291.298273,4084258583.5357256,242190000,24219,17691.95123510001,18629.909341820276,1434.8178932797323,2372.776,26.485970362930345,7.0,5961.570989382488,2739.72602739726,25539843.91516253
174,1,2,1242242354.9125757,2373462000.0,0.5233883478701473,1347208484.3099825,927844.5129747257,0.0006385354597799567,2054794.5205479453,3515981.735159817,357534246.5753423,611780821.917809,360875.48145083187,29846584.183176905,0,0,9970153415.816824,4089468484.3099823,242260000,24226,17684.024397489356,18633.63532368864,1423.8510738007162,2373.462,26.467854437344272,7.0,5962.763303580364,2739.72602739726,25543066.952438716
175,1,2,1242490803.3835583,2374148000.0,0.523341764449208,1352345554.7385864,924319.9680880704,0.000643035349894196,2054794.5205479453,3515981.735159817,359589041.0958902,615296803.6529689,363705.827103843,30210290.010280747,0,0,9969789709.98972,4094675554.7385864,242330000,24233,17676.229472645995,18637.362050753374,1413.0154218926211,2374.1479999999997,26.44992849171181,7.0,5963.95585624108,2739.72602739726,25546291.18226756
176,1,2,1242739301.544235,2374834000.0,0.5232952288640953,1357479784.734507,920824.0255632878,0.0006418752791434582,2054794.5205479453,3515981.735159817,361643835.61643815,618812785.3881288,366546.25978713506,30576836.27006788,0,0,9969423163.729933,4099879784.734507,242400000,24240,17668.564380141703,18641.089523163526,1402.3088569781758,2374.834,26.432189562642755,7.0,5965.1486474123285,2739.72602739726,25549516.60488758
177,1,2,1242987849.4045439,2375520000.0,0.5232487410775509,1362611164.227838,917356.3470018696,0.000648282699137887,2054794.5205479453,3515981.735159817,363698630.1369861,622328767.1232886,369396.7623768881,30946233.03244477,0,0,9969053766.967556,4105081164.227838,242470000,24247,17661.027080643402,18644.81774106816,1391.729339575244,2375.52,26.414634744732734,7.0,5966.3416771418115,2739.72602739726,25552743.220537324
178,1,2,1243236446.9744248,2376206000.0,0.5232023010523603,1367739683.165876,913916.5993244179,0.0006448049391427341,2054794.5205479453,3515981.735159817,365753424.657534,625844748.8584485,372257.31766991207,31318490.350114685,0,0,9968681509.649885,4110279683.165876,242540000,24254,17653.61557494299,18648.546704616372,1381.274870326614,2376.2059999999997,26.39726118921104,7.0,5967.5349454772395,2739.72602739726,25555971.029455405
179,1,2,1243485094.2638197,2376892000.0,0.5231559087513524,1372865331.5131998,910504.4546665325,0.0006485918924133458,2054794.5205479453,3515981.735159817,367808219.1780819,629360730.5936084,375127.9083839086,31693618.258498594,0,0,9968306381.7415,4115475331.5132,242610000,24261,17646.327903013706,18652.276413957297,1370.943489056408,2376.892,26.380066102624877,7.0,5968.7284524663355,2739.72602739726,25559200.031880476
180,1,2,1243733791.2826724,2377578000.0,0.5231095641374005,1377988099.2517498,907119.5902771342,0.0006572020766251757,2054794.5205479453,3515981.735159817,369863013.69862986,632876712.3287683,378008.51715773245,32071626.775656328,0,0,9967928373.224344,4120668099.25175,242680000,24268,17639.162143092362,18656.006869240086,1360.7332738522764,2377.578,26.363046745559117,7.0,5969.922198156827,2739.72602739726,25562430.228051238
181,1,2,1243982538.0409288,2378264000.0,0.523063267173421,1383107976.3809059,903761.6884191593,0.0006519682588518985,2054794.5205479453,3515981.735159817,371917808.2191778,636392694.0639281,380899.12655165594,32452525.90220798,0,0,9967547474.097792,4125857976.380906,242750000,24275,17632.11641078651,18659.738070613934,1350.642340172578,2378.2639999999997,26.346200431390326,7.0,5971.116182596458,2739.72602739726,25565661.618206438
182,1,2,1244231334.548537,2378950000.0,0.5230170178223742,1388224952.917566,900430.4362725571,0.0006581428713570424,2054794.5205479453,3515981.735159817,373972602.7397257,639908675.799088,383799.7190476328,32836325.621255614,0,0,9967163674.378744,4131044952.9175663,242820000,24282,17625.188858205827,18663.470018228058,1340.6688399777718,2378.95,26.329524525074117,7.0,5972.310405832977,2739.72602739726,25568894.202584874
183,1,2,1244480180.8154466,2379636000.0,0.5229708160472638,1393339018.8962243,897125.525839533,0.0006574538588916501,2054794.5205479453,3515981.735159817,376027397.26027364,643424657.5342479,386710.2770495647,33223035.898305178,0,0,9966776964.101694,4136229018.896224,242890000,24289,17618.37767311697,18667.2027122317,1330.8109608852697,2379.636,26.31301644196478,7.0,5973.504867914144,2739.72602739726,25572127.981425393
184,1,2,1244729076.8516097,2380322000.0,0.5229246618111372,1398450164.3690484,893846.6538519718,0.0006688845084701459,2054794.5205479453,3515981.735159817,378082191.78082156,646940639.2694077,389630.7828835689,33612666.68118875,0,0,9966387333.318811,4141410164.369048,242960000,24296,17611.681078121183,18670.93615277415,1321.0669253470328,2380.322,26.296673646666225,7.0,5974.699568887727,2739.72602739726,25575362.954966884
185,1,2,1244978022.66698,2381008000.0,0.522878555077085,1403558379.405958,890593.5216809891,0.0006654531316803918,2054794.5205479453,3515981.735159817,380136986.3013695,650456621.0045676,392561.21879824623,34005227.899987,0,0,9965994772.100014,4146588379.405958,243030000,24303,17605.097329853917,18674.670340004704,1311.4349898492112,2381.008,26.28049365191322,7.0,5975.894508801504,2739.72602739726,25578599.12344829
186,1,2,1245227018.2715135,2381694000.0,0.5228324958082413,1408663654.0947008,887365.8352485467,0.0006596569881249411,2054794.5205479453,3515981.735159817,382191780.8219174,653972602.7397275,395501.56696495134,34400729.46695195,0,0,9965599270.533049,4151763654.094701,243100000,24310,17598.62471820586,18678.405274072706,1301.913444133156,2381.694,26.264474017482193,7.0,5977.089687703265,2739.72602739726,25581836.4871086
187,1,2,1245476063.6751678,2382380000.0,0.5227864839677834,1413765978.5409305,884163.3049410835,0.0006695715967468334,2054794.5205479453,3515981.735159817,384246575.34246534,657488584.4748874,398451.809478064,34799181.27643002,0,0,9965200818.72357,4156935978.5409307,243170000,24317,17592.26156556467,18682.140955127517,1292.5006104371546,2382.38,26.248612349130546,7.0,5978.285105640805,2739.72602739726,25585075.046186846
188,1,2,1245725158.8879027,2383066000.0,0.5227405195189319,1418865342.868283,880985.6455251053,0.0006710078604536534,2054794.5205479453,3515981.735159817,386301369.86301327,661004566.2100472,401411.92835526075,35200593.20478528,0,0,9964799406.795216,4162105342.8682833,243240000,24324,17586.0062260768,18685.87738331854,1283.194842758259,2383.066,26.23290629756364,7.0,5979.480762661933,2739.72602739726,25588314.80092211
189,1,2,1245974303.9196804,2383752000.0,0.5226946024249504,1423961737.218453,877832.5760646819,0.0006630982519848586,2054794.5205479453,3515981.735159817,388356164.3835612,664520547.9452071,404381.9055377895,35604975.11032307,0,0,9964395024.889677,4167271737.218453,243310000,24331,17579.857084928808,18689.614558795205,1273.9945261336052,2383.752,26.217353557428787,7.0,5980.676658814466,2739.72602739726,25591555.751553528
190,1,2,1246223498.7804642,2384438000.0,0.5226487326491459,1429055151.7512698,874703.8198408029,0.0006722080573566491,2054794.5205479453,3515981.735159817,390410958.9041091,668036529.680367,407361.722890743,36012336.83321381,0,0,9963987663.166786,4172435151.75127,243380000,24338,17573.812557647594,18693.352481706963,1264.8980759406325,2384.438,26.201951866335214,7.0,5981.872794146228,2739.72602739726,25594797.89832028
191,1,2,1246472743.4802203,2385124000.0,0.5226029101548684,1434145576.6447742,871599.1042725423,0.0006666919351109703,2054794.5205479453,3515981.735159817,392465753.42465705,671552511.4155269,410351.362203336,36422688.19541715,0,0,9963577311.804583,4177595576.6447744,243450000,24345,17567.871089418946,18697.091152203306,1255.90393721564,2385.124,26.186699003899484,7.0,5983.069168705058,2739.72602739726,25598041.24146159
192,1,2,1246722038.0289164,2385810000.0,0.5225571349055107,1439233002.0952928,868518.1608399849,0.0006690953003130977,2054794.5205479453,3515981.735159817,394520547.945205,675068493.1506867,413350.8051891819,36836039.000606336,0,0,9963163960.999393,4182753002.095293,243520000,24352,17562.03115442388,18700.830570433747,1247.010583990135,2385.81,26.171592790815396,7.0,5984.2657825388,2739.72602739726,25601285.781216733
193,1,2,1246971382.436522,2386496000.0,0.5225114068645085,1444317418.317514,865460.7250088691,0.0006756701251785119,2054794.5205479453,3515981.735159817,396575342.4657529,678584474.8858466,416360.03348657093,37252399.0340929,0,0,9962747600.965908,4187907418.317514,243590000,24359,17556.29125519227,18704.57073654783,1238.2165186444386,2386.496,26.156631087947886,7.0,5985.462635695306,2739.72602739726,25604531.517825034
194,1,2,1247220776.7130094,2387182000.0,0.5224657259953407,1449398815.5445628,862426.5361569019,0.00067284557222731,2054794.5205479453,3515981.735159817,398630136.9863008,682100456.6210065,419379.0286587505,37671778.06275165,0,0,9962328221.937248,4193058815.544563,243660000,24366,17550.64992197318,18708.31165069514,1229.5202712780424,2387.182,26.141811795449932,7.0,5986.659728222445,2739.72602739726,25607778.45152586
195,1,2,1247470220.868352,2387868000.0,0.5224200922615286,1454477184.0280764,859415.3375017014,0.0006794434842437398,2054794.5205479453,3515981.735159817,400684931.50684875,685616438.3561664,422407.77219420543,38094185.83494586,0,0,9961905814.165054,4198207184.028076,243730000,24373,17545.1057121215,18712.05331302528,1220.9203990962214,2387.868,26.127132851902118,7.0,5987.857060168089,2739.72602739726,25611026.582558632
196,1,2,1247719714.9125257,2388554000.0,0.5223745056266367,1459552514.0382771,856426.8760303281,0.0006691631813326678,2054794.5205479453,3515981.735159817,402739726.0273967,689132420.0913262,425446.2455069397,38519632.0804528,0,0,9961480367.919548,4203352514.038277,243800000,24380,17539.65720950031,18715.795723687886,1212.4154858124225,2388.554,26.11259223347393,7.0,5989.054631580123,2739.72602739726,25614275.911162816
197,1,2,1247969258.855508,2389240000.0,0.5223289660542717,1464624795.8640482,853460.9024303606,0.0006753502584865828,2054794.5205479453,3515981.735159817,404794520.5479446,692648401.8264861,428494.42993676016,38948126.51038956,0,0,9961051873.48961,4208494795.864048,243870000,24387,17534.303023898596,18719.538882832625,1204.00414106597,2389.24,26.098187953106343,7.0,5990.252442506439,2739.72602739726,25617526.437577926
198,1,2,1248218852.7072792,2389926000.0,0.5222834735080831,1469694019.8130064,850517.1710224788,0.0006801855865414352,2054794.5205479453,3515981.735159817,406849315.06849253,696164383.561646,431552.30674956006,39379678.81713912,0,0,9960620321.182861,4213634019.8130064,243940000,24394,17529.041790463827,18723.282790609188,1195.68499985464,2389.926,26.083918059714996,7.0,5991.45049299494,2739.72602739726,25620778.162043527
199,1,2,1248468496.4778206,2390612000.0,0.5222380279517632,1474760176.2115765,847595.439694516,0.0006794913325695921,2054794.5205479453,3515981.735159817,408904109.58904046,699680365.2968059,434619.8571376053,39814298.674276724,0,0,9960185701.325724,4218770176.2115765,244010000,24401,17523.872169148977,18727.02744716731,1187.4567219816681,2390.612,26.06978063741339,7.0,5992.648783093539,2739.72602739726,25624031.084799226
200,1,2,1248718190.1771162,2391298000.0,0.5221926293490465,1479823255.4050643,844695.4698369415,0.0006774553476163184,2054794.5205479453,3515981.735159817,410958904.1095884,703196347.0319657,437697.06221982057,40251995.736496545,0,0,9959748004.263504,4223903255.4050646,244080000,24408,17518.792844173524,18730.772852656744,1179.317991516778,2391.298,26.055773804755507,7.0,5993.847312850157,2739.72602739726,25627285.20608468
201,1,2,1248967933.8151515,2391984000.0,0.5221472776637099,1484883247.75773,841817.026279739,0.0006736643892212757,2054794.5205479453,3515981.735159817,413013698.6301363,706712328.7671256,440783.9030420768,40692779.63953862,0,0,9959307220.360462,4229033247.75773,244150000,24415,17513.802523498096,18734.519007227274,1171.267516270821,2391.984,26.04189571399732,7.0,5995.046082312728,2739.72602739726,25630540.5261396
202,1,2,1249217727.4019144,2392670000.0,0.5221019728595729,1489940143.6528602,838959.8772306449,0.0006729639834101892,2054794.5205479453,3515981.735159817,415068493.15068424,710228310.5022855,443880.36057748046,41136660.0001161,0,0,9958863339.999884,4234160143.65286,244220000,24422,17508.89993831236,18738.265911028717,1163.3040272836408,2392.67,26.028144550376748,7.0,5996.245091529189,2739.72602739726,25633797.04520373
203,1,2,1249467570.9473946,2393356000.0,0.5220567149004973,1494993933.4928412,836123.7942147133,0.0006719411721571937,2054794.5205479453,3515981.735159817,417123287.67123216,713744292.2374454,446986.4157266635,41583646.415842764,0,0,9958416353.584158,4239283933.4928412,244290000,24429,17504.0838425357,18742.013564210924,1155.4262783247766,2393.3559999999998,26.01451853141135,7.0,5997.444340547495,2739.72602739726,25637054.76351688
204,1,2,1249717464.461584,2394042000.0,0.5220115037503871,1500044607.699231,833308.5520151722,0.000676897147182258,2054794.5205479453,3515981.735159817,419178082.1917801,717260273.9726052,450102.04931807384,42033748.46516084,0,0,9957966251.53484,4244404607.699231,244360000,24436,17499.353012330404,18745.76196692376,1147.6330454066456,2394.042,26.001015906213382,7.0,5998.643829415603,2739.72602739726,25640313.6813189
205,1,2,1249967407.9544764,2394728000.0,0.5219663393731883,1505092156.7128303,830513.9286155428,0.0006720443079278327,2054794.5205479453,3515981.735159817,421232876.712328,720776255.7077651,453227.2421082682,42486975.70726911,0,0,9957513024.29273,4249522156.7128305,244430000,24443,17494.706245626992,18749.511119317147,1139.923126309844,2394.728,25.987634954821782,7.0,5999.8435581814865,2739.72602739726,25643573.798849687
206,1,2,1250217401.4360673,2395414000.0,0.5219212217328894,1510136570.9937558,827739.705142987,0.000669346110228663,2054794.5205479453,3515981.735159817,423287671.23287594,724292237.442925,456361.974782205,42943337.682051316,0,0,9957056662.31795,4254636570.993756,244500000,24450,17490.14236166124,18753.261021541013,1132.2953401202294,2395.4139999999998,25.974373987550347,7.0,6001.043526893123,2739.72602739726,25646835.116349183
207,1,2,1250467444.9163544,2396100000.0,0.5218761507935205,1515177841.0215101,824985.6658128537,0.0006735591169630166,2054794.5205479453,3515981.735159817,425342465.75342387,727808219.1780849,459506.22795353865,43402843.910004854,0,0,9956597156.089994,4259747841.02151,244570000,24457,17485.66020052276,18757.011673745317,1124.748526777442,2396.1,25.961231344352115,7.0,6002.243735598501,2739.72602739726,25650097.634057388
208,1,2,1250717538.4053376,2396786000.0,0.5218311265191542,1520215957.295053,822251.5978743966,0.0006703369217159583,2054794.5205479453,3515981.735159817,427397260.2739718,731324200.9132447,462659.98216491524,43865503.892169766,0,0,9956134496.10783,4264855957.295053,244640000,24464,17481.258622714617,18760.763076080064,1117.2815466345533,2396.786,25.948205394198936,7.0,6003.444184345621,2739.72602739726,25653361.352214336
209,1,2,1250967681.9130187,2397472000.0,0.521786148873905,1525250910.3328724,819537.2915576306,0.0006692438999956396,2054794.5205479453,3515981.735159817,429452054.7945197,734840182.6484046,465823.217888269,44331327.11005803,0,0,9955668672.889942,4269960910.3328724,244710000,24471,17476.936508723804,18764.515228695283,1109.893280028523,2397.4719999999998,25.935294534476355,7.0,6004.64487318249,2739.72602739726,25656626.271060124
210,1,2,1251217875.4494014,2398158000.0,0.521741217821929,1530282690.673055,816842.5400213033,0.0006677641547678322,2054794.5205479453,3515981.735159817,431506849.31506765,738356164.3835645,468995.9155251197,44800323.02558315,0,0,9955199676.974417,4275062690.6730547,244780000,24478,17472.692758602185,18768.26813174102,1102.5826268611625,2398.158,25.922497190392924,7.0,6005.845802157127,2739.72602739726,25659892.390834887
211,1,2,1251468119.0244913,2398844000.0,0.521696333327424,1535311288.8733559,814167.1393019517,0.0006725951322957998,2054794.5205479453,3515981.735159817,433561643.8356156,741872146.1187243,472178.05540687137,45272501.08099002,0,0,9954727498.91901,4280161288.873356,244850000,24485,17468.526291557686,18772.02178536737,1095.348506190317,2398.844,25.90981181440386,7.0,6007.046971317558,2739.72602739726,25663159.71177881
212,1,2,1251718412.648296,2399530000.0,0.5216514953546303,1540336695.5112684,811510.8882640185,0.0006688846100290276,2054794.5205479453,3515981.735159817,435616438.3561635,745388127.8538842,475369.617795112,45747870.698785126,0,0,9954252129.301214,4285256695.5112686,244920000,24492,17464.43604555542,18775.77618972444,1088.1898558309772,2399.5299999999997,25.897236885648557,7.0,6008.2483807118215,2739.72602739726,25666428.234132126
213,1,2,1251968756.3308258,2400216000.0,0.5216067038678294,1545358901.1840942,808873.5885510026,0.0006683254218073277,2054794.5205479453,3515981.735159817,437671232.8767114,748904109.5890441,478570.58288191404,46226441.28166704,0,0,9953773558.718332,4290348901.1840944,244990000,24499,17460.420976928435,18779.531344962386,1081.105631966048,2400.216,25.88477090940152,7.0,6009.450030387964,2739.72602739726,25669697.958135117
214,1,2,1252219150.082092,2400902000.0,0.5215619588313443,1550377896.5090117,806255.0445376184,0.0006611673564237584,2054794.5205479453,3515981.735159817,439726027.39725935,752420091.324204,481780.9307901368,46708222.21245717,0,0,9953291777.787542,4295437896.509012,245060000,24506,17456.48005999789,18783.287251231384,1074.094808766508,2400.902,25.872412416536445,7.0,6010.6519203940425,2739.72602739726,25672968.884028114
215,1,2,1252469593.9121084,2401588000.0,0.5215172602095398,1555393672.1231458,803655.0632829409,0.0006615659630572155,2054794.5205479453,3515981.735159817,441780821.9178073,755936073.0593638,485000.64157372795,47193222.8540309,0,0,9952806777.14597,4300523672.123146,245130000,24513,17452.612286702333,18787.04390868163,1067.156378020703,2401.5879999999997,25.86015996300294,7.0,6011.854050778121,2739.72602739726,25676241.012051497
216,1,2,1252720087.830891,2402274000.0,0.5214726079668226,1560406218.6836355,801073.4544845106,0.000654304265691291,2054794.5205479453,3515981.735159817,443835616.4383552,759452054.7945237,488229.6952180288,47681452.54924893,0,0,9952318547.45075,4305606218.683636,245200000,24520,17448.81666623588,18790.801317463363,1060.2893487725182,2402.274,25.84801212931583,7.0,6013.056421588276,2739.72602739726,25679514.34244569
217,1,2,1252970631.848457,2402960000.0,0.5214280020676404,1565415526.8677032,798510.0304333783,0.0006586201519874693,2054794.5205479453,3515981.735159817,445890410.95890313,762968036.5296836,491468.071640078,48172920.62088901,0,0,9951827079.37911,4310685526.867703,245270000,24527,17445.092224695054,18794.559477726856,1053.4927469681963,2402.96,25.83596752005638,7.0,6014.259032872595,2739.72602739726,25682788.875451166
218,1,2,1253221225.9748268,2403646000.0,0.5213834424764823,1570421587.372722,795964.6059700649,0.0006515402665036032,2054794.5205479453,3515981.735159817,447945205.47945106,766484018.2648435,494715.75068891776,48667636.371577926,0,0,9951332363.628422,4315761587.372722,245340000,24534,17441.43800473396,18798.318389622404,1046.7656151115546,2403.6459999999997,25.82402476338531,7.0,6015.461884679169,2739.72602739726,25686064.611308448
219,1,2,1253471870.2200217,2404332000.0,0.521338929157879,1575424390.9162838,793436.9984414161,0.0006447076140962514,2054794.5205479453,3515981.735159817,449999999.999999,770000000.0000033,497972.7121459005,49165609.08372383,0,0,9950834390.916277,4320834390.916284,245410000,24541,17437.853065227715,18802.078053300327,1040.1070119273845,2404.332,25.81218251056724,7.0,6016.664977056104,2739.72602739726,25689341.550258107
220,1,2,1253722564.5940657,2405018000.0,0.5212944620764026,1580423928.2362666,790927.0276583303,0.0006505713157860618,2054794.5205479453,3515981.735159817,452054794.5205469,773515981.7351632,501238.93572499667,49666848.019448824,0,0,9950333151.98055,4325903928.236267,245480000,24548,17434.33648094379,18805.838468910988,1033.516012032804,2405.018,25.800439435506256,7.0,6017.868310051515,2739.72602739726,25692619.692540765
221,1,2,1253973309.1069844,2405704000.0,0.5212500411966661,1585420190.0909011,788434.5158543383,0.0006447958230739341,2054794.5205479453,3515981.735159817,454109589.04109484,777031963.4703231,504514.40107310354,50171362.42052193,0,0,9949828637.579477,4330970190.090901,245550000,24555,17430.887342221125,18809.59963660477,1026.9917056163538,2405.7039999999997,25.78879423429235,7.0,6019.0718837135255,2739.72602739726,25695899.03839708
222,1,2,1254224103.7688057,2406390000.0,0.5212056664833239,1590413167.2588384,785959.2876450174,0.0006388468744504968,2054794.5205479453,3515981.735159817,456164383.56164277,780547945.205483,507799.0877703547,50679161.50829229,0,0,9949320838.491707,4336033167.258839,245620000,24562,17427.504754656715,18813.361556532087,1020.5331981246279,2406.39,25.777245624758287,7.0,6020.275698090268,2739.72602739726,25699179.588067777
223,1,2,1254474948.5895596,2407076000.0,0.5211613379010714,1595402850.5392158,783501.1699882173,0.0006378206581187511,2054794.5205479453,3515981.735159817,458219178.0821907,784063926.9406428,511092.9753304312,51190254.48362272,0,0,9948809745.516376,4341092850.539216,245690000,24569,17424.18783879963,18817.124228843393,1014.1396099562354,2407.076,25.765792346046908,7.0,6021.479753229886,2739.72602739726,25702461.34179361
224,1,2,1254725843.5792775,2407762000.0,0.5211170554146455,1600389230.7517226,781059.9921450809,0.0006345416522045491,2054794.5205479453,3515981.735159817,460273972.6027386,787579908.6758027,514396.0432008723,51704650.526823595,0,0,9948295349.473177,4346149230.751722,245760000,24576,17420.935729852066,18820.887653689162,1007.8100761629037,2407.7619999999997,25.754433158188206,7.0,6022.684049180532,2739.72602739726,25705744.299815398
225,1,2,1254976788.7479932,2408448000.0,0.5210728189888232,1605372298.736667,778635.5856418406,0.000637978712512825,2054794.5205479453,3515981.735159817,462328767.12328655,791095890.4109626,517708.2707633886,52222358.797586985,0,0,9947777641.202414,4351202298.736667,245830000,24583,17417.747577377424,18824.6518312199,1001.5437461575251,2408.448,25.743166841686367,7.0,6023.888585990368,2739.72602739726,25709028.462373994
226,1,2,1255227784.1057427,2409134000.0,0.5210286285884234,1610352045.3550406,776227.7842323728,0.0006278385805871714,2054794.5205479453,3515981.735159817,464383561.6438345,794611872.1461225,521029.63733417576,52743388.43492116,0,0,9947256611.565079,4356252045.355041,245900000,24590,17414.62254501511,18828.416761586144,995.3397834289697,2409.134,25.731992197116107,7.0,6025.093363707565,2739.72602739726,25712313.829710305
227,1,2,1255478829.6625638,2409820000.0,0.5209844841783053,1615328461.488584,773836.4238614924,0.0006245058091928156,2054794.5205479453,3515981.735159817,466438356.1643824,798127853.8812823,524360.1221642281,53267748.55708539,0,0,9946732251.442915,4361298461.4885845,245970000,24597,17411.559810201943,18832.18244493846,989.197365263484,2409.8199999999997,25.720908044728336,7.0,6026.298382380306,2739.72602739726,25715600.40206529
228,1,2,1255729925.4284964,2410506000.0,0.5209403857233694,1620301538.0398521,771461.3426289718,0.0006174550303772218,2054794.5205479453,3515981.735159817,468493150.6849303,801643835.6164422,527699.7044396547,53795448.26152504,0,0,9946204551.738476,4366341538.039852,246040000,24604,17408.558563899944,18835.948881427445,983.1156824725,2410.506,25.709913224064785,7.0,6027.503642056783,2739.72602739726,25718888.17967995
229,1,2,1255981071.413582,2411192000.0,0.5208963331885565,1625271265.932278,769102.3807542645,0.000617671177135467,2054794.5205479453,3515981.735159817,470547945.20547825,805159817.3516021,531048.3632819949,54326496.62480704,0,0,9945673503.375193,4371381265.932278,246110000,24611,17405.618010330425,18839.716071203733,977.0939391266904,2411.192,25.69900659358136,7.0,6028.709142785194,2739.72602739726,25722177.16279534
230,1,2,1256232267.6278648,2411878000.0,0.5208523265388485,1630237636.1102371,766759.3805419218,0.0006140464871683882,2054794.5205479453,3515981.735159817,472602739.7260262,808675799.086762,534406.0777485364,54860902.702555574,0,0,9945139097.297445,4376417636.110237,246180000,24618,17402.737366714075,18843.484014417973,971.1313522961028,2411.8779999999997,25.68818703028007,7.0,6029.914884613751,2739.72602739726,25725467.351652555
231,1,2,1256483514.0813904,2412564000.0,0.5208083657392676,1635200639.5391123,764432.1863476825,0.0006031560594824808,2054794.5205479453,3515981.735159817,474657534.2465741,812191780.8219218,537772.8268326318,55398675.529388204,0,0,9944601324.470612,4381450639.539112,246250000,24625,17399.915863017075,18847.252711220855,965.2271517962176,2412.564,25.677453429349267,7.0,6031.120867590674,2739.72602739726,25728758.74649275
232,1,2,1256734810.7842066,2413250000.0,0.5207644507548769,1640160267.2053561,762120.6445452237,0.0006052146020414232,2054794.5205479453,3515981.735159817,476712328.76712203,815707762.5570817,541148.5894640193,55939824.11885222,0,0,9944060175.881147,4386480267.205357,246320000,24632,17397.152741702877,18851.022161763103,959.3805799397744,2413.25,25.666804703811934,7.0,6032.327091764192,2739.72602739726,25732051.34755712
233,1,2,1256986157.7463634,2413936000.0,0.5207205815507799,1645116510.1165547,759824.6034935551,0.0005959573417946106,2054794.5205479453,3515981.735159817,478767123.28766996,819223744.2922416,544533.3445091402,56484357.46336136,0,0,9943515642.536638,4391506510.116554,246390000,24639,17394.44725748967,18854.792366195452,953.590891294218,2413.9359999999997,25.6562397841819,7.0,6033.533557182544,2739.72602739726,25735345.15508691
234,1,2,1257237554.9779127,2414622000.0,0.5206767580921207,1650069359.301491,757543.913505044,0.0005921567870585598,2054794.5205479453,3515981.735159817,480821917.8082179,822739726.0274014,547927.0707714626,57032284.53413282,0,0,9942967715.465868,4396529359.301491,246460000,24646,17391.79867711331,18858.563324668692,947.8573524446185,2414.622,25.645757618127757,7.0,6034.740263893981,2739.72602739726,25738640.169323407
235,1,2,1257489002.4889083,2415308000.0,0.5206329803440838,1655018805.810207,755278.4268140567,0.0005904642443553281,2054794.5205479453,3515981.735159817,482876712.3287658,826255707.7625613,551329.7469917996,57583614.28112462,0,0,9942416385.718876,4401548805.810207,246530000,24653,17389.20627909555,18862.335037333625,942.1792417619251,2415.308,25.635357170144236,7.0,6035.94721194676,2739.72602739726,25741936.39050796
236,1,2,1257740500.289406,2415994000.0,0.5205892482718939,1659964840.714066,753027.9975462012,0.0005888360658651194,2054794.5205479453,3515981.735159817,484931506.84931374,829771689.4977212,554741.3518486334,58138355.632973254,0,0,9941861644.367027,4406564840.714066,246600000,24660,17386.669353517515,18866.107504341093,936.555849176419,2415.9939999999997,25.625037421230928,7.0,6037.15440138915,2739.72602739726,25745233.81888195
237,1,2,1257992048.389464,2416680000.0,0.5205455618408162,1664907455.1058154,750792.4816881588,0.0005795080628062335,2054794.5205479453,3515981.735159817,486986301.36986166,833287671.2328811,558161.8639584385,58696517.496931694,0,0,9941303482.503069,4411577455.105816,246670000,24667,17384.187201798188,18869.880725841962,930.9864759562264,2416.68,25.614797368578024,7.0,6038.361832269427,2739.72602739726,25748532.454686824
238,1,2,1258243646.799142,2417366000.0,0.5205019210161563,1669846640.099647,748571.7370580923,0.0005732386970197034,2054794.5205479453,3515981.735159817,489041095.8904096,836803652.968041,561591.2618760054,59258108.7588077,0,0,9940741891.241192,4416586640.0996475,246740000,24674,17381.7591364779,18873.65470198713,925.4704344907703,2417.366,25.604636025259175,7.0,6039.5695046358815,2739.72602739726,25751832.298164066
239,1,2,1258495295.5285017,2418052000.0,0.5204583257632598,1674782386.83126,746365.6232766159,0.000567587744398305,2054794.5205479453,3515981.735159817,491095890.4109575,840319634.7032008,565029.524094765,59823138.282902464,0,0,9940176861.717098,4421592386.83126,246810000,24681,17379.38448100656,18877.42943292753,920.0070480790325,2418.0519999999997,25.59455241993093,7.0,6040.777418536809,2739.72602739726,25755133.349555206
240,1,2,1258746994.5876074,2418738000.0,0.5204147760475121,1679714686.4579206,744174.001738316,0.000567526054523843,2054794.5205479453,3515981.735159817,493150684.93150544,843835616.4383607,568476.6290471149,60391614.91194958,0,0,9939608385.08805,4426594686.45792,246880000,24688,17377.062569536614,18881.204918814114,914.5956507225018,2418.738,25.58454559653888,7.0,6041.985574020516,2739.72602739726,25758435.609101832
241,1,2,1258998743.9865248,2419424000.0,0.5203712718343394,1684643530.1585236,741996.7355838107,0.000557630768443114,2054794.5205479453,3515981.735159817,495205479.45205337,847351598.1735206,571932.5551047452,60963547.46705433,0,0,9939036452.532946,4431593530.158524,246950000,24695,17374.79274672057,18884.981159797877,909.235586922692,2419.424,25.57461461403024,7.0,6043.19397113532,2739.72602739726,25761739.07704557
242,1,2,1259250543.735322,2420110000.0,0.5203278130892075,1689568909.1336524,739833.6896723346,0.0005497131942894833,2054794.5205479453,3515981.735159817,497260273.9726013,850867579.9086804,575397.2805789661,61538944.74763329,0,0,9938461055.252367,4436588909.133653,247020000,24702,17372.57436751295,18888.75815602983,903.926211483119,2420.1099999999997,25.564758546072557,7.0,6044.402609929545,2739.72602739726,25765043.753628105
243,1,2,1259502393.844069,2420796000.0,0.5202843997776223,1694490814.6056392,737684.7305548396,0.0005447896710655244,2054794.5205479453,3515981.735159817,499315068.4931492,854383561.6438403,578870.7837210364,62117815.53135433,0,0,9937882184.468645,4441580814.605639,247090000,24709,17370.406796976655,18892.535907661037,898.6668893156163,2420.796,25.5549764807788,7.0,6045.611490451532,2739.72602739726,25768349.63909116
244,1,2,1259754294.3228378,2421482000.0,0.5202410318651296,1699409237.8186245,735549.7264475989,0.0005390567917356844,2054794.5205479453,3515981.735159817,501369863.01369715,857899543.3790002,582353.0427224906,62700168.574076824,0,0,9937299831.425922,4446569237.8186245,247160000,24716,17368.28941009346,18896.31441484257,893.4569952508888,2421.482,25.545267520438124,7.0,6046.820612749622,2739.72602739726,25771656.733676516
245,1,2,1260006245.1817024,2422168000.0,0.520197709317315,1704324170.0386167,733428.5472063035,0.0005288852398663052,2054794.5205479453,3515981.735159817,503424657.5342451,861415525.1141601,585844.0357154706,63286012.60979229,0,0,9936713987.390207,4451554170.038616,247230000,24723,17366.22159157873,18900.093677725537,888.2959138531944,2422.1679999999997,25.535630781252642,7.0,6048.029976872172,2739.72602739726,25774965.03762599
246,1,2,1260258246.4307387,2422854000.0,0.520154432099804,1709235602.5535514,731321.0643006417,0.0005256896096933164,2054794.5205479453,3515981.735159817,505479452.054793,864931506.8493199,589343.7407730541,63875356.350565344,0,0,9936124643.649435,4456535602.553552,247300000,24730,17364.20273570014,18903.873696461083,883.1830392390536,2422.854,25.526065393079843,7.0,6049.239582867546,2739.72602739726,25778274.55118146
247,1,2,1260510298.0800247,2423540000.0,0.5201112001782618,1714143526.6733496,729227.1507893482,0.0005138261308138983,2054794.5205479453,3515981.735159817,507534246.5753409,868447488.5844798,592852.1359095869,64468208.48647493,0,0,9935531791.513525,4461513526.673349,247370000,24737,17362.232246100255,18907.65447120037,878.1177748998857,2423.54,25.51657049918043,7.0,6050.449430784119,2739.72602739726,25781585.27458485
248,1,2,1260762400.1396408,2424226000.0,0.5200680135183934,1719047933.7299764,727146.6812957169,0.0005133047282874058,2054794.5205479453,3515981.735159817,509589041.09588885,871963470.3196397,596369.1990810147,65064577.68555594,0,0,9934935422.314444,4466487933.729977,247440000,24744,17360.309535623088,18911.43600209461,873.0995335284745,2424.226,25.507145255971768,7.0,6051.659520670276,2739.72602739726,25784897.208078124
249,1,2,1261014552.6196687,2424912000.0,0.5200248720859432,1723948815.077499,725079.5319835636,0.0005083405428535684,2054794.5205479453,3515981.735159817,511643835.6164368,875479452.0547996,599894.9081852145,65664472.593741156,0,0,9934335527.40626,4471458815.077499,247510000,24751,17358.4340261442,18915.21828929503,868.1277368491715,2424.912,25.497788832786355,7.0,6052.869852574409,2739.72602739726,25788210.3519033
250,1,2,1261266755.5301926,2425598000.0,0.5199817758466954,1728846162.0921443,723025.5805336307,0.0005023538544559535,2054794.5205479453,3515981.735159817,513698630.1369847,878995433.7899594,603429.241062329,66267901.834803484,0,0,9933732098.165197,4476426162.092144,247580000,24758,17356.605148404633,18919.00133295289,863.2018154517428,2425.598,25.488500411635645,7.0,6054.080426544924,2739.72602739726,25791524.70630245
251,1,2,1261519008.8812985,2426284000.0,0.5199387247664735,1733739966.1723568,720984.7061204247,0.0004925385316866521,2054794.5205479453,3515981.735159817,515753424.65753263,882511415.5251193,606972.1754951002,66874874.01029859,0,0,9933125125.989702,4481389966.172357,247650000,24765,17354.82234184825,18922.785133219477,858.3212086287708,2426.284,25.479279186978754,7.0,6055.291242630233,2739.72602739726,25794840.271517683
252,1,2,1261771312.6830747,2426970000.0,0.5198957188111409,1738630218.7388554,718956.789389477,0.0004912161917897783,2054794.5205479453,3515981.735159817,517808219.17808056,886027397.2602792,610523.6892092039,67485397.69950779,0,0,9932514602.300491,4486350218.738855,247720000,24772,17353.085054462645,18926.56969024612,853.4853642165248,2426.97,25.470124365496126,7.0,6056.502300878758,2739.72602739726,25798157.047791164
253,1,2,1262023666.9456112,2427656000.0,0.5198527579466,1743516911.2346895,716941.712435018,0.00048313696130843526,2054794.5205479453,3515981.735159817,519863013.6986285,889543378.995439,614083.7598735851,68099481.45938137,0,0,9931900518.540619,4491306911.23469,247790000,24779,17351.39274262339,18930.35500418417,848.6937384392168,2427.656,25.46103516586796,7.0,6057.7136013389345,2739.72602739726,25801475.03536511
254,1,2,1262276071.6790004,2428342000.0,0.5198098421387928,1748400035.1252964,714939.3587780569,0.0004768847123025178,2054794.5205479453,3515981.735159817,521917808.2191764,893059360.7305989,617652.3651007942,68717133.82448217,0,0,9931282866.175518,4496260035.125297,247860000,24786,17349.744870941562,18934.141075185005,843.9457957565578,2428.342,25.452010818557252,7.0,6058.925144059202,2739.72602739726,25804794.23448177
255,1,2,1262528526.893336,2429028000.0,0.5197669713537003,1753279581.8985567,712949.6133448587,0.00047121616658948217,2054794.5205479453,3515981.735159817,523972602.73972434,896575342.4657588,621229.4824473241,69338363.3069295,0,0,9930661636.693071,4501209581.898557,247930000,24793,17348.14091211458,18937.927903400043,839.2410087145379,2429.028,25.44305056559751,7.0,6060.136929088013,2739.72602739726,25808114.645383462
256,1,2,1262781032.5987146,2429714000.0,0.5197241455573433,1758155543.0648506,710972.3624458094,0.000461900263173969,2054794.5205479453,3515981.735159817,526027397.26027226,900091324.2009187,624815.0894139467,69963178.39634344,0,0,9930036821.603657,4506155543.064851,248000000,24800,17346.580346780072,18941.71548898072,834.5788577993508,2429.714,25.43415366038475,7.0,6061.348956473831,2739.72602739726,25811436.26831254
257,1,2,1263033588.8052342,2430400000.0,0.519681364715781,1763027910.1571124,709007.493754661,0.00046085789308629037,2054794.5205479453,3515981.735159817,528082191.7808202,903607305.9360785,628409.1634460519,70591587.5597895,0,0,9929408412.44021,4511097910.157112,248070000,24807,17345.0626633729,18945.503832078513,829.9588312943878,2430.4,25.425319367473982,7.0,6062.561226265125,2739.72602739726,25814759.103511408
258,1,2,1263286195.5229952,2431086000.0,0.5196386287951127,1767896674.7308862,707054.8962881499,0.0004524412430995562,2054794.5205479453,3515981.735159817,530136986.3013681,907123287.6712384,632011.6819339857,71223599.24172348,0,0,9928776400.758276,4516036674.730886,248140000,24814,17343.587357985158,18949.29293284493,825.3804251402269,2431.086,25.416546962379822,7.0,6063.773738510377,2739.72602739726,25818083.151222523
259,1,2,1263538852.7620997,2431772000.0,0.5195959377614758,1772761828.3643806,705114.4603859789,0.0004457084169463029,2054794.5205479453,3515981.735159817,532191780.82191604,910639269.4063983,635622.6222133897,71859221.86393687,0,0,9928140778.136063,4520971828.364381,248210000,24821,17342.153934229045,18953.082791431498,820.8431427975487,2431.772,25.40783573138125,7.0,6064.9864932580795,2739.72602739726,25821408.411688387
260,1,2,1263791560.5326521,2432458000.0,0.5195532915810477,1777623362.6585228,703186.0776911569,0.0004390936434157305,2054794.5205479453,3515981.735159817,534246575.34246397,914155251.1415582,639241.9615655416,72498463.82550241,0,0,9927501536.174498,4525903362.658523,248280000,24828,17340.761903102688,18956.873407989784,816.3464951129032,2432.458,25.39918497133052,7.0,6066.199490556731,2739.72602739726,25824734.88515155
261,1,2,1264044318.8447587,2433144000.0,0.519510690220044,1782481269.2370129,701269.6411306871,0.0004339671253259609,2054794.5205479453,3515981.735159817,536301369.8630119,917671232.876718,642869.6772176949,73141333.5027201,0,0,9926858666.49728,4530831269.237013,248350000,24835,17339.41078285865,18960.66478267138,811.8900001872671,2433.144,25.39059398946581,7.0,6067.412730454843,2739.72602739726,25828062.57185461
262,1,2,1264297127.7085276,2433830000.0,0.5194681336447194,1787335539.7463772,699365.0448965987,0.0004294612407528626,2054794.5205479453,3515981.735159817,538356164.3835598,921187214.6118779,646505.746343421,73787839.24906352,0,0,9926212160.750937,4535755539.746377,248420000,24842,17338.100098875235,18964.456915627914,807.4731832473199,2433.83,25.382062103227916,7.0,6068.626213000933,2739.72602739726,25831391.472040214
263,1,2,1264549987.1340692,2434516000.0,0.5194256218213679,1792186165.8560221,697472.1844273136,0.0004185237657585028,2054794.5205479453,3515981.735159817,540410958.9041078,924703196.3470378,650150.1460629511,74437989.39512648,0,0,9925562010.604874,4540676165.856022,248490000,24849,17336.829383530418,18968.249807011038,803.0955765193779,2434.516,25.373588640080573,7.0,6069.839938243533,2739.72602739726,25834721.58595106
264,1,2,1264802897.131496,2435202000.0,0.5193831547163217,1797033139.2582862,695590.9563893412,0.0004172372271394456,2054794.5205479453,3515981.735159817,542465753.4246558,928219178.0821977,653802.8534435176,75091792.24857,0,0,9924908207.75143,4545593139.258286,248560000,24856,17335.598176078365,18972.043456972442,798.7567191059233,2435.2019999999998,25.365172937334528,7.0,6071.053906231181,2739.72602739726,25838052.913829897
265,1,2,1265055857.7109222,2435888000.0,0.5193407322959521,1801876451.6684942,693721.2586592946,0.0004115253093344496,2054794.5205479453,3515981.735159817,544520547.9452038,931735159.8173575,657463.845499698,75749256.09406969,0,0,9924250743.90593,4550506451.668494,248630000,24863,17334.4060225285,18975.837865663834,794.4561568646648,2435.888,25.35681434197513,7.0,6072.268117012427,2739.72602739726,25841385.45591951
266,1,2,1265308868.8824644,2436574000.0,0.5192983545266692,1806716094.8250082,691862.9903062229,0.00040532963021691176,2054794.5205479453,3515981.735159817,546575342.4657518,935251141.5525174,661133.0991937589,76410389.19326344,0,0,9923589610.806736,4555416094.825008,248700000,24870,17333.252475527042,18979.63303323697,790.1934422900741,2436.574,25.348512210493503,7.0,6073.48257063583,2739.72602739726,25844719.212462753
267,1,2,1265561930.656241,2437260000.0,0.5192560213749214,1811552060.48928,690016.0515742509,0.00039260222898885466,2054794.5205479453,3515981.735159817,548630136.9862998,938767123.2876773,664810.5914359993,77075199.78469944,0,0,9922924800.215302,4560322060.48928,248770000,24877,17332.137094240956,18983.428959843615,785.9681343973394,2437.2599999999998,25.340265908721054,7.0,6074.697267149957,2739.72602739726,25848054.183702506
268,1,2,1265815043.0423722,2437946000.0,0.519213732807196,1816384340.4459026,688180.3438655225,0.0003904923660525152,2054794.5205479453,3515981.735159817,550684931.5068477,942283105.0228372,668496.2990850958,77743696.08378454,0,0,9922256303.916216,4565224340.445903,248840000,24884,17331.059444244263,18987.225645635586,781.779798608677,2437.946,25.332074811667376,7.0,6075.912206603387,2739.72602739726,25851390.369881716
269,1,2,1266068206.0509806,2438632000.0,0.5191714887900186,1821212926.502662,686355.7697234391,0.0003843619514051672,2054794.5205479453,3515981.735159817,552739726.0273957,945799086.757997,672190.1989484477,78415886.28273298,0,0,9921584113.717266,4570122926.502662,248910000,24891,17330.019097406665,18991.023090764713,777.6280066419521,2438.632,25.323938303361437,7.0,6077.127389044707,2739.72602739726,25854727.771243364
270,1,2,1266321419.6921906,2439318000.0,0.5191292892899534,1826037810.4905872,684542.2328161892,0.0003791382586207251,2054794.5205479453,3515981.735159817,554794520.5479437,949315068.4931569,675892.2677825234,79091778.5505155,0,0,9920908221.449484,4575017810.490587,248980000,24898,17329.015631784412,18994.821295382862,773.5123364015486,2439.3179999999998,25.315855776695894,7.0,6078.342814522516,2739.72602739726,25858066.38803049
271,1,2,1266574683.976129,2440004000.0,0.5190871342736033,1830858984.2640018,682739.6379205618,0.00037388437762101215,2054794.5205479453,3515981.735159817,556849315.0684917,952831050.2283168,679602.4822932062,79771381.0328087,0,0,9920228618.967192,4579908984.264002,249050000,24905,17328.048631513382,18998.62025964194,769.4323718714422,2440.004,25.307826633274587,7.0,6079.5584830854195,2739.72602739726,25861406.220486183
272,1,2,1266827998.9129243,2440690000.0,0.5190450237076091,1835676439.7005734,680947.8909060389,0.00036564124885889616,2054794.5205479453,3515981.735159817,558904109.5890397,956347031.9634767,683320.8191361417,80454701.85194485,0,0,9919545298.148056,4584796439.700573,249120000,24912,17327.11768670429,19002.419983693864,765.3877030104217,2440.69,25.29985028326306,7.0,6080.774394782036,2739.72602739726,25864747.268853568
273,1,2,1267081364.5127068,2441376000.0,0.51900295755865,1840490168.701364,679166.8987191616,0.0003584803809443184,2054794.5205479453,3515981.735159817,560958904.1095877,959863013.6986365,687047.2549170846,81141749.10686193,0,0,9918858250.893139,4589680168.7013645,249190000,24919,17326.222393340013,19006.220467690604,761.3779256494107,2441.3759999999997,25.291926145241995,7.0,6081.990549660993,2739.72602739726,25868089.533375833
274,1,2,1267334780.7856092,2442062000.0,0.5189609357934439,1845300163.1908796,677396.5693681624,0.00035581926120631624,2054794.5205479453,3515981.735159817,563013698.6301357,963378995.4337964,690781.7661922476,81832530.87305418,0,0,9918167469.126945,4594560163.19088,249260000,24926,17325.362353174984,19010.02171178414,757.4026413908456,2442.062,25.284053646063725,7.0,6083.206947770925,2739.72602739726,25871433.014296208
275,1,2,1267588247.7417665,2442748000.0,0.5189189583787466,1850106415.1171186,675636.8119078613,0.0003501807043140736,2054794.5205479453,3515981.735159817,565068493.1506836,966894977.1689563,694524.3294686492,82527055.20252283,0,0,9917472944.797478,4599436415.117119,249330000,24933,17324.537173636552,19013.8237161265,753.461457510054,2442.748,25.276232220711393,7.0,6084.423589160479,2739.72602739726,25874777.71185797
276,1,2,1267841765.3913147,2443434000.0,0.5188770252813519,1854908916.4516218,673887.536424818,0.00034452357324585276,2054794.5205479453,3515981.735159817,567123287.6712316,970410958.9041162,698274.9212044626,83225330.12372729,0,0,9916774669.876272,4604308916.451622,249400000,24940,17323.74646772832,19017.626480869723,749.5539868585978,2443.4339999999997,25.268461312160994,7.0,6085.64047387831,2739.72602739726,25878123.626304455
277,1,2,1268095333.7443929,2444120000.0,0.518835136468092,1859707659.1895201,672148.6540227375,0.0003425076063635196,2054794.5205479453,3515981.735159817,569178082.1917796,973926940.639276,702033.5178093654,83927363.64153665,0,0,9916072636.358463,4609177659.18952,249470000,24947,17322.989853935425,19021.430006165894,745.6798477695304,2444.12,25.260740371246175,7.0,6086.857601973086,2739.72602739726,25881470.757879034
278,1,2,1268348952.8111417,2444806000.0,0.518793291905837,1864502635.349583,670420.0768081212,0.0003315573838130476,2054794.5205479453,3515981.735159817,571232876.7123276,977442922.3744359,705800.0956448894,84633163.73718154,0,0,9915366836.26282,4614042635.349583,249540000,24954,17322.266956131658,19025.23429216713,741.8386639645277,2444.806,25.2530688565256,7.0,6088.074973493481,2739.72602739726,25884819.106825132
279,1,2,1268602622.601704,2445492000.0,0.5187514915614951,1869293836.9742658,668701.717876161,0.000329372876805794,2054794.5205479453,3515981.735159817,573287671.2328756,980958904.1095958,709574.6310247713,85342738.36820632,0,0,9914657261.631794,4618903836.974266,249610000,24961,17321.57740348841,19029.03933902556,738.0300644628477,2445.4919999999997,25.245446234152947,7.0,6089.292588488179,2739.72602739726,25888168.673386224
280,1,2,1268856343.1262243,2446178000.0,0.5187097354020126,1874081256.1297584,666993.4912968705,0.00032236084327340905,2054794.5205479453,3515981.735159817,575342465.7534236,984474885.8447556,713357.100215303,86056095.46842162,0,0,9913943904.531578,4623761256.129759,249680000,24968,17320.92083038545,19032.845146893367,734.2536834920819,2446.178,25.237871977749492,7.0,6090.510447005877,2739.72602739726,25891519.457805835
281,1,2,1269110114.3948495,2446864000.0,0.5186680233943732,1878864884.9060304,665295.3121014498,0.00031942473013112896,2054794.5205479453,3515981.735159817,577397260.2739716,987990867.5799155,717147.4794356835,86773242.9478573,0,0,9913226757.052143,4628614884.906031,249750000,24975,17320.296876323395,19036.651715922744,730.5091604006535,2446.864,25.230345568279084,7.0,6091.728549095277,2739.72602739726,25894871.460327536
282,1,2,1269363936.4177284,2447550000.0,0.5186263555055989,1883644715.41688,663607.0962688777,0.00031259199632370635,2054794.5205479453,3515981.735159817,579452054.7945195,991506849.3150754,720945.7448583697,87494188.69271567,0,0,9912505811.307283,4633464715.41688,249820000,24982,17319.705185837953,19040.459046265925,726.7961395720283,2447.5499999999997,25.222866493925654,7.0,6092.946894805096,2739.72602739726,25898224.681194946
283,1,2,1269617809.2050118,2448236000.0,0.5185847317027492,1888420739.7999783,661928.7607127278,0.00030527048766134507,2054794.5205479453,3515981.735159817,581506849.3150675,995022831.0502353,724751.8726094291,88218940.56532511,0,0,9911781059.434675,4638310739.799978,249890000,24989,17319.145408415774,19044.267138075178,723.1142703405961,2448.236,25.215434249973008,7.0,6094.165484184056,2739.72602739726,25901579.120651733
284,1,2,1269871732.7668529,2448922000.0,0.5185431519529217,1893192950.216917,660260.2232682044,0.00030480502813692005,2054794.5205479453,3515981.735159817,583561643.8356155,998538812.7853951,728565.8387688932,88947506.40409401,0,0,9911052493.595905,4643152950.216917,249960000,24996,17318.617198411983,19048.075991502796,719.4632069091872,2448.922,25.20804833868698,7.0,6095.384317280894,2739.72602739726,25904934.77894162
285,1,2,1270125707.1134062,2449608000.0,0.5185016162232513,1897961338.8532536,658601.4026793933,0.0002982915886478862,2054794.5205479453,3515981.735159817,585616438.3561635,1002054794.520555,732387.6193711082,89679894.02346511,0,0,9910320105.976536,4647991338.853253,250030000,25003,17318.12021496928,19051.885606701093,715.8426082681888,2449.6079999999997,25.200708269199872,7.0,6096.60339414435,2739.72602739726,25908291.656308368
286,1,2,1270379732.254829,2450294000.0,0.5184601244809108,1902725897.9185562,656952.2185867239,0.0002970906334661901,2054794.5205479453,3515981.735159817,587671232.8767115,1005570776.2557149,736217.1904050915,90416111.2138702,0,0,9909583888.786129,4652825897.918556,250100000,25010,17317.654121938656,19055.695983822436,712.2521381162226,2450.294,25.193413557397133,7.0,6097.82271482318,2739.72602739726,25911649.752995797
287,1,2,1270633808.2012799,2450980000.0,0.5184186766931105,1907486619.646449,655312.5915146384,0.0002896696316622258,2054794.5205479453,3515981.735159817,589726027.3972595,1009086757.9908748,740054.5278148821,91156165.74168508,0,0,9908843834.258314,4657656619.646449,250170000,25017,17317.218587801555,19059.5071230192,708.6914647823546,2450.98,25.186163725806075,7.0,6099.042279366144,2739.72602739726,25915009.069247767
288,1,2,1270887934.9629202,2451666000.0,0.5183772728270981,1912243496.294657,653682.4428594632,0.00028612487022120723,2054794.5205479453,3515981.735159817,591780821.9178075,1012602739.7260346,743899.6074998975,91900065.34918498,0,0,9908099934.650816,4662483496.294657,250240000,25024,17316.813285593602,19063.319024443805,705.1602611497974,2451.6659999999997,25.17895830348693,7.0,6100.262087822018,2739.72602739726,25918369.605308194
289,1,2,1271142112.5499127,2452352000.0,0.5183359128501588,1916996520.1450493,652061.6948774799,0.00027930514224256027,2054794.5205479453,3515981.735159817,593835616.4383554,1016118721.4611945,747752.4053152867,92647817.75450025,0,0,9907352182.2455,4667306520.145049,250310000,25031,17316.43789282977,19067.131688248694,701.6582045810766,2452.352,25.171796825925814,7.0,6101.482140239581,2739.72602739726,25921731.361421037
290,1,2,1271396340.9724226,2453038000.0,0.5182945967296155,1921745683.5036848,650450.2706731929,0.0002758397896129314,2054794.5205479453,3515981.735159817,595890410.9589034,1019634703.1963544,751612.8970722856,93399430.65157254,0,0,9906600569.348427,4672125683.503685,250380000,25038,17316.092091430968,19070.945114586342,698.1849768446275,2453.038,25.164678834929767,7.0,6102.702436667629,2739.72602739726,25925094.33783031
291,1,2,1271650620.240617,2453724000.0,0.5182533244328282,1926490978.7008538,648848.0941877862,0.00027192360501118317,2054794.5205479453,3515981.735159817,597945205.4794514,1023150684.9315143,755481.0585385724,94154911.71011111,0,0,9905845088.289888,4676940978.700853,250450000,25045,17315.775567652054,19074.75930360926,694.7402640427919,2453.7239999999997,25.157603878523886,7.0,6103.922977154963,2739.72602739726,25928458.534780066
292,1,2,1271904950.364665,2454410000.0,0.5182120959271943,1931232398.0911229,647255.0901877696,0.0002674440147327318,2054794.5205479453,3515981.735159817,599999999.9999994,1026666666.6666741,759356.8654386224,94914268.57554974,0,0,9905085731.42445,4681752398.091123,250520000,25052,17315.48801201116,19078.574255469975,691.3237565411832,2454.41,25.150571510850206,7.0,6105.1437617503925,2739.72602739726,25931823.95251442
293,1,2,1272159331.354738,2455096000.0,0.5181709111801486,1935969934.0533764,645671.184253809,0.00026352355396978914,2054794.5205479453,3515981.735159817,602054794.5205474,1030182648.401834,763240.2934540653,95677508.8690038,0,0,9904322491.130997,4686559934.053376,250590000,25059,17315.22911922046,19082.38997032107,687.9351488993909,2455.096,25.143581292068713,7.0,6106.364790502743,2739.72602739726,25935190.59127753
294,1,2,1272413763.221009,2455782000.0,0.5181297701591627,1940703578.9908602,644096.3027697386,0.0002598995335571212,2054794.5205479453,3515981.735159817,604109589.0410954,1033698630.1369939,767131.3182240404,96444640.18722785,0,0,9903555359.812773,4691363578.99086,250660000,25066,17314.998588118135,19086.206448315137,684.5741398029963,2455.7819999999997,25.136632788260023,7.0,6107.586063460843,2739.72602739726,25938558.451313592
295,1,2,1272668245.973653,2456468000.0,0.5180886728317459,1945433325.3312223,642530.3729117481,0.000257501091428941,2054794.5205479453,3515981.735159817,606164383.5616434,1037214611.8721538,771029.915345553,97215670.1025734,0,0,9902784329.897427,4696163325.331223,250730000,25073,17314.796121601667,19090.023689604797,681.2404319968705,2456.468,25.12972557132998,7.0,6108.807580673535,2739.72602739726,25941927.53286687
296,1,2,1272922779.6228478,2457154000.0,0.5180476191654442,1950159165.5265563,640973.3226377468,0.0002531930477099967,2054794.5205479453,3515981.735159817,608219178.0821913,1040730593.6073136,774936.0603738321,97990606.16294722,0,0,9902009393.837053,4700959165.526556,250800000,25080,17314.621426562448,19093.84169434272,677.9337322197262,2457.154,25.122859218916123,7.0,6110.0293421896695,2739.72602739726,25945297.836181663
297,1,2,1273177364.1787724,2457840000.0,0.5180066091278409,1954881092.0534413,639425.0806768971,0.0002498947621457782,2054794.5205479453,3515981.735159817,610273972.6027393,1044246575.3424735,778849.7288226876,98769455.89176992,0,0,9901230544.10823,4705751092.053441,250870000,25087,17314.474213821486,19097.66046268159,674.6537511398973,2457.8399999999997,25.11603331429567,7.0,6111.251348058108,2739.72602739726,25948669.361502327
298,1,2,1273431999.6516082,2458526000.0,0.5179656426865562,1959599097.4129841,637885.5765193158,0.0002487042138081207,2054794.5205479453,3515981.735159817,612328767.1232873,1047762557.0776334,782770.896164867,99552226.78793478,0,0,9900447773.212065,4710539097.412984,250940000,25094,17314.354198066445,19101.479994774127,671.4002032923216,2458.526,25.109247446295463,7.0,6112.47359832772,2739.72602739726,25952042.10907326
299,1,2,1273686686.0515385,2459212000.0,0.5179247198092473,1964313174.1308594,636354.7404059407,0.0002424511200467413,2054794.5205479453,3515981.735159817,614383561.6438353,1051278538.8127933,786699.5378324131,100338926.32576719,0,0,9899661073.674232,4715323174.130859,251010000,25101,17314.261097789775,19105.300290773077,668.1728070166974,2459.212,25.10250120920342,7.0,6113.696093047385,2739.72602739726,25955416.079138912
300,1,2,1273941423.3887486,2459898000.0,0.5178838404636081,1969023314.7573502,634832.5033185574,0.00023958613684088486,2054794.5205479453,3515981.735159817,616438356.1643833,1054794520.5479531,790635.6292170237,101129561.95498422,0,0,9898870438.045015,4720103314.75735,251080000,25108,17314.194635228025,19109.121350831232,664.971284396792,2459.8979999999997,25.0957942026817,7.0,6114.918832265994,2739.72602739726,25958791.27194378
301,1,2,1274196211.6734264,2460584000.0,0.5178430046173699,1973729511.8673875,633318.7969699864,0.00023765033916950973,2054794.5205479453,3515981.735159817,618493150.6849313,1058310502.283113,794579.1456704086,101924141.10065463,0,0,9898075858.899345,4724879511.867388,251150000,25115,17314.154536302274,19112.943175101398,661.7953612008764,2460.584,25.089126031681424,7.0,6116.1418160324465,2739.72602739726,25962167.687732417
302,1,2,1274451050.915761,2461270000.0,0.5178022122383001,1978431758.0605907,631813.5537944242,0.0002357615249774832,2054794.5205479453,3515981.735159817,620547945.2054793,1061826484.0182729,798530.0625046478,102722671.16315928,0,0,9897277328.836842,4729651758.060591,251220000,25122,17314.14053055968,19116.765763736417,658.6447668232634,2461.27,25.082496306359065,7.0,6117.365044395653,2739.72602739726,25965545.326749418
303,1,2,1274705941.1259441,2461956000.0,0.5177614632942035,1983130045.9613059,630316.7069379381,0.00023299022539597882,2054794.5205479453,3515981.735159817,622602739.7260273,1065342465.7534328,802488.354992551,103525159.51815183,0,0,9896474840.481848,4734420045.961306,251290000,25129,17314.15235111609,19120.589116889165,655.5192342269233,2461.9559999999997,25.075904641994224,7.0,6118.5885174045325,2739.72602739726,25968924.189239427
304,1,2,1274960882.3141694,2462642000.0,0.5177207577529213,1987824368.2186456,628828.1902491103,0.00023029675019710656,2054794.5205479453,3515981.735159817,624657534.2465752,1068858447.4885926,806453.998368017,104331613.51651984,0,0,9895668386.48348,4739184368.218645,251360000,25136,17314.189734599702,19124.41323471254,652.4184998871592,2462.642,25.069350658909052,7.0,6119.812235108013,2739.72602739726,25972304.27544714
305,1,2,1275215874.4906323,2463328000.0,0.517680095582331,1992514717.506527,627347.9382698297,0.00022713382368331133,2054794.5205479453,3515981.735159817,626712328.7671232,1072374429.2237525,810426.9678263926,105142040.48434624,0,0,9894857959.515654,4743944717.506527,251430000,25143,17314.2524210958,19128.238117359488,649.3423037363127,2463.328,25.062833982389048,7.0,6121.036197555036,2739.72602739726,25975685.5856173
306,1,2,1275470917.6655304,2464014000.0,0.5176394767503474,1997201086.5237098,625875.8862262276,0.00022449580049797957,2054794.5205479453,3515981.735159817,628767123.2876712,1075890410.9589124,814407.2385248316,105956447.72287107,0,0,9894043552.277128,4748701086.52371,251500000,25150,17314.340154092446,19132.06376498296,646.2903891094865,2464.0139999999997,25.056354242605394,7.0,6122.260404794547,2739.72602739726,25979068.1199947
307,1,2,1275726011.8490636,2464700000.0,0.5175989012249214,2001883467.993835,624411.970019756,0.00022225005595460497,2054794.5205479453,3515981.735159817,630821917.8082192,1079406392.6940722,818394.7855826551,106774842.50845373,0,0,9893225157.491547,4753453467.993835,251570000,25157,17314.452680427214,19135.890177735957,643.2625026912563,2464.7,25.04991107453859,7.0,6123.484856875506,2739.72602739726,25982451.878824178
308,1,2,1275981157.0514333,2465386000.0,0.5175583689740403,2006561854.665461,622956.1262184039,0.00022140423618182605,2054794.5205479453,3515981.735159817,632876712.3287672,1082922374.4292321,822389.5840817117,107597232.09253544,0,0,9892402767.907465,4758201854.665461,251640000,25164,17314.589750234856,19139.7173557715,640.2583944633543,2465.386,25.043504117903552,7.0,6124.70955384688,2739.72602739726,25985836.862350628
309,1,2,1276236353.2828436,2466072000.0,0.5175178799657283,2011236239.312102,621508.292048052,0.00021910080254164912,2054794.5205479453,3515981.735159817,634931506.8493152,1086438356.164392,826391.6090667372,108423623.70160218,0,0,9891576376.298397,4762946239.312102,251710000,25171,17314.751116895957,19143.545299242654,637.2778176533034,2466.0719999999997,25.03713301707609,7.0,6125.9344957576495,2739.72602739726,25989223.07081899
310,1,2,1276491600.5535002,2466758000.0,0.5174774341680457,2015906614.732264,620068.4053839598,0.00021457082950915288,2054794.5205479453,3515981.735159817,636986301.3698632,1089954337.8995519,830400.8355457153,109254024.5371479,0,0,9890745975.462852,4767686614.732264,251780000,25178,17314.93653698649,19147.374008302504,634.320528683983,2466.758,25.03079742102063,7.0,6127.159682656801,2739.72602739726,25992610.504474252
311,1,2,1276746898.8736107,2467444000.0,0.5174370315490892,2020572973.7494814,618636.4047423864,0.00021629927997575548,2054794.5205479453,3515981.735159817,639041095.8904111,1093470319.6347117,834417.2384902374,110088441.77563813,0,0,9889911558.224361,4772422973.749481,251850000,25185,17315.14577022827,19151.203483104164,631.3862871241065,2467.444,25.024496983219247,7.0,6128.385114593332,2739.72602739726,25995999.16356145
312,1,2,1277002248.2533855,2468130000.0,0.5173966720769917,2025235309.2123532,617212.229272339,0.00021720962578311768,2054794.5205479453,3515981.735159817,641095890.4109591,1096986301.3698716,838440.7928358638,110926882.568474,0,0,9889073117.431526,4777155309.212353,251920000,25192,17315.378579440378,19155.033723800785,628.4748556395919,2468.13,25.018231361602083,7.0,6129.610791616251,2739.72602739726,25999389.04832567
313,1,2,1277257648.7030363,2468816000.0,0.5173563557199226,2029893613.9945786,615795.8187474499,0.00021217162756604312,2054794.5205479453,3515981.735159817,643150684.9315071,1100502283.1050315,842471.4734824843,111769354.04195648,0,0,9888230645.958044,4781883613.994578,251990000,25199,17315.634730491354,19158.864730545545,625.5859999458063,2468.816,25.012000218478875,7.0,6130.8367137745745,2739.72602739726,26002780.15901205
314,1,2,1277513100.2327769,2469502000.0,0.5173160824460871,2034547880.9949918,614387.1135579771,0.00021133872637863404,2054794.5205479453,3515981.735159817,645205479.4520551,1104018264.8401914,846509.25529468,112615863.29725116,0,0,9887384136.70275,4786607880.994991,252060000,25206,17315.913992252325,19162.696503491654,622.7194887606696,2469.502,25.00580322047175,7.0,6132.062881117329,2739.72602739726,26006172.49586577
315,1,2,1277768602.8528235,2470188000.0,0.5172758522237269,2039198103.1375973,612986.0547029286,0.00021026435231307253,2054794.5205479453,3515981.735159817,647260273.9726031,1107534246.5753512,850554.1131020832,113466417.41035324,0,0,9886533582.589647,4791328103.137597,252130000,25213,17316.216136550946,19166.529042792354,619.8750937585946,2470.188,24.9996400384493,7.0,6133.289293693553,2739.72602739726,26009566.05913207
316,1,2,1278024156.573394,2470874000.0,0.5172356650211197,2043844273.3716054,611592.5837823069,0.000209885026425787,2054794.5205479453,3515981.735159817,649315068.4931511,1111050228.310511,854606.0216997388,114321023.43205298,0,0,9885678976.567947,4796044273.371605,252200000,25220,17316.540938126163,19170.362348600913,617.052589525251,2470.874,24.993510347461687,7.0,6134.515951552292,2739.72602739726,26012960.849056225
317,1,2,1278279761.4047086,2471560000.0,0.517195520806579,2048486384.6714647,610206.6429894706,0.00020854169108349487,2054794.5205479453,3515981.735159817,651369863.013699,1114566210.045671,858664.9558484668,115179688.38790146,0,0,9884820311.612099,4800756384.671465,252270000,25227,17316.888174583764,19174.196421070632,614.2517535131353,2471.56,24.98741382667699,7.0,6135.742854742602,2739.72602739726,26016356.865883574
318,1,2,1278535417.3569896,2472246000.0,0.517155419548455,2053124430.0368972,608828.175103614,0.0002080216931167308,2054794.5205479453,3515981.735159817,653424657.534247,1118082191.7808309,862730.8902752231,116042419.27817668,0,0,9883957580.721823,4805464430.036898,252340000,25234,17317.257626352774,19178.031260354845,611.4723659979277,2472.246,24.981350159318698,7.0,6136.9700033135505,2739.72602739726,26019754.109859493
319,1,2,1278791124.440461,2472932000.0,0.5171153612151329,2057758402.4929314,607457.1234823596,0.00020649301728405684,2054794.5205479453,3515981.735159817,655479452.054795,1121598173.5159907,866803.7996734603,116909223.07785013,0,0,9883090776.92215,4810168402.492931,252410000,25241,17317.649076642538,19181.866866606913,608.7142100356239,2472.932,24.97531903260421,7.0,6138.197397314212,2739.72602739726,26023152.58122941
320,1,2,1279046882.665349,2473618000.0,0.5170753457750343,2062388295.0899355,606093.432054463,0.00020698127386465468,2054794.5205479453,3515981.735159817,657534246.575343,1125114155.2511506,870883.6587034907,117780106.73655362,0,0,9882219893.263447,4814868295.089935,252480000,25248,17318.06231140066,19185.703239980234,605.9770714204241,2473.618,24.969320137684523,7.0,6139.425036793675,2739.72602739726,26026552.28023881
321,1,2,1279302692.041882,2474304000.0,0.517035373196617,2067014100.9036505,604737.0453126278,0.00020649508860038761,2054794.5205479453,3515981.735159817,659589041.095891,1128630136.9863105,874970.441992848,118655077.17854647,0,0,9881344922.821453,4819564100.90365,252550000,25255,17318.497119271593,19189.54038062823,603.2607386433641,2474.304,24.96335316958489,7.0,6140.652921801034,2739.72602739726,26029953.207133215
322,1,2,1279558552.5802903,2474990000.0,0.5169954434483737,2071635813.0352216,603387.9083064294,0.00020607778797353656,2054794.5205479453,3515981.735159817,661643835.616439,1132146118.7214704,879064.124136648,119534141.30268312,0,0,9880465858.697317,4824255813.035221,252620000,25262,17318.953291556027,19193.378288704356,600.5650028516733,2474.99,24.95741782714658,7.0,6141.881052385394,2739.72602739726,26033355.362158205
323,1,2,1279814464.2908063,2475676000.0,0.5169555564988336,2076253424.6112313,602045.9666353437,0.00020445961952961147,2054794.5205479453,3515981.735159817,663698630.136987,1135662100.4566302,883164.6796979515,120417305.98238106,0,0,9879582694.017618,4828943424.611231,252690000,25269,17319.43062217094,19197.216964362095,597.8896578088461,2475.676,24.951513812969633,7.0,6143.109428595871,2739.72602739726,26036758.745559406
324,1,2,1280070427.1836643,2476362000.0,0.5169157123165613,2080866928.783731,600711.1664418819,0.00020575054717189795,2054794.5205479453,3515981.735159817,665753424.657535,1139178082.19179,887272.0832081262,121304578.06558919,0,0,9878695421.93441,4833626928.783731,252760000,25276,17319.928907610378,19201.056407754968,595.2344998554114,2476.362,24.945640833356606,7.0,6144.33805048159,2739.72602739726,26040163.35758249
325,1,2,1280326441.2691011,2477048000.0,0.5168759108701572,2085476318.7302716,599383.4544048267,0.00020574218773341372,2054794.5205479453,3515981.735159817,667808219.178083,1142694063.92695,891386.3091672092,122195964.3747564,0,0,9877804035.625244,4838306318.730271,252830000,25283,17320.447946906905,19204.896619036517,592.5993278703869,2477.048,24.939798598257312,7.0,6145.566918091686,2739.72602739726,26043569.198473185
326,1,2,1280582506.557355,2477734000.0,0.5168361521282571,2090081587.653935,598062.7777325696,0.0002052156264386039,2054794.5205479453,3515981.735159817,669863013.6986309,1146210045.6621099,895507.3320442671,123091471.70680067,0,0,9876908528.2932,4842981587.6539345,252900000,25290,17320.98754159373,19208.737598360327,589.9839432334045,2477.734,24.933986821214496,7.0,6146.796031475304,2739.72602739726,26046976.268477265
327,1,2,1280838623.0586665,2478420000.0,0.5167964360595325,2094682728.783365,596749.0841565479,0.00020692134441116107,2054794.5205479453,3515981.735159817,671917808.2191789,1149726027.3972697,899635.1262777614,123991106.83307843,0,0,9876008893.166922,4847652728.783365,252970000,25297,17321.547495667495,19212.57934588,587.3881497874925,2478.42,24.928205219310474,7.0,6148.0253906816,2739.72602739726,26050384.56784055
328,1,2,1281094790.7832782,2479106000.0,0.5167567626326902,2099279735.3727968,595442.321924778,0.00020606043398302805,2054794.5205479453,3515981.735159817,673972602.7397269,1153242009.1324296,903769.6662759078,124894876.49935433,0,0,9875105123.500647,4852319735.372797,253040000,25304,17322.12761555168,19216.421861749175,584.8117538025037,2479.1059999999998,24.922453513114657,7.0,6149.254995759736,2739.72602739726,26053794.096808914
329,1,2,1281351009.7414348,2479792000.0,0.5167171318164728,2103872600.7020874,594142.4397954856,0.0002042044698207226,2054794.5205479453,3515981.735159817,676027397.2602749,1156757990.8675895,907910.9264170398,125802787.42577137,0,0,9874197212.574228,4856982600.702087,253110000,25311,17322.7277100607,19220.265146121525,582.2545639391745,2479.792,24.91673142663207,7.0,6150.484846758887,2739.72602739726,26057204.855628278
330,1,2,1281607279.943383,2480478000.0,0.516677543579658,2108461318.0767453,592849.3870308287,0.00020690394467525003,2054794.5205479453,3515981.735159817,678082191.7808229,1160273972.6027493,912058.8810499704,126714846.30682135,0,0,9873285153.693178,4861641318.076745,253180000,25318,17323.34759036455,19224.109199150746,579.7163912138034,2480.478,24.91103868725261,7.0,6151.714943728239,2739.72602739726,26060616.844544612
331,1,2,1281863601.3993716,2481164000.0,0.516637997891059,2113045880.8279586,591563.1133907144,0.00020768795489024445,2054794.5205479453,3515981.735159817,680136986.3013709,1163789954.3379092,916213.504494355,127631059.8113157,0,0,9872368940.188684,4866295880.827959,253250000,25325,17323.987069954113,19227.954020990575,577.1970489635377,2481.1639999999998,24.905375025701318,7.0,6152.945286716984,2739.72602739726,26064030.063803934
332,1,2,1282119974.1196516,2481850000.0,0.5165984947195243,2117626282.3126252,590283.5691267049,0.00020820018927616795,2054794.5205479453,3515981.735159817,682191780.8219188,1167305936.073069,920374.771041053,128551434.58235675,0,0,9871448565.417643,4870946282.312625,253320000,25332,17324.645964607033,19231.799611794777,574.6963528122543,2481.85,24.899740175989383,7.0,6154.175875774328,2739.72602739726,26067444.513652314
333,1,2,1282376398.1144755,2482536000.0,0.5165590340339377,2122202515.9133804,589010.7049760144,0.00020744912257256273,2054794.5205479453,3515981.735159817,684246575.3424668,1170821917.808229,924542.6549524895,129475977.23730925,0,0,9870524022.762691,4875592515.913381,253390000,25339,17325.324092354156,19235.64597171713,572.2141206370256,2482.536,24.89413387536605,7.0,6155.406710949483,2739.72602739726,26070860.194335867
334,1,2,1282632873.3940983,2483222000.0,0.5165196158032178,2126774575.038625,587744.4721555928,0.0002100496766709601,2054794.5205479453,3515981.735159817,686301369.8630148,1174337899.5433888,928717.1304630189,130404694.36777227,0,0,9869595305.632227,4880234575.038625,253460000,25346,17326.021273446633,19239.493100911473,569.7501725351559,2483.2219999999998,24.888555864271392,7.0,6156.637792291672,2739.72602739726,26074277.106100764
335,1,2,1282889399.9687772,2483908000.0,0.5164802399963192,2131342453.1225533,586484.8223562954,0.00020953895864177956,2054794.5205479453,3515981.735159817,688356164.3835628,1177853881.2785487,932898.1717792861,131337592.53955156,0,0,9868662407.46045,4884872453.122553,253530000,25353,17326.737330323438,19243.340999531658,567.3043307917815,2483.908,24.883005886289695,7.0,6157.869119850131,2739.72602739726,26077695.249193218
336,1,2,1283145977.8487709,2484594000.0,0.5164409065822306,2135906143.6251805,585231.7077371392,0.00021119490020527003,2054794.5205479453,3515981.735159817,690410958.9041108,1181369863.0137086,937085.7530805882,132274678.29263215,0,0,9867725321.707367,4889506143.62518,253600000,25360,17327.47208757958,19247.189667731564,564.8764198480183,2484.594,24.877483688103872,7.0,6159.1006936741005,2739.72602739726,26081114.623859495
337,1,2,1283402607.0443406,2485280000.0,0.5164016155299768,2140465640.032369,583985.0809196399,0.0002111822271776745,2054794.5205479453,3515981.735159817,692465753.4246588,1184885844.7488685,941279.8485192377,133215958.14115138,0,0,9866784041.858849,4894135640.032369,253670000,25367,17328.22537193477,19251.039105665113,562.466266269652,2485.2799999999997,24.87198901945051,7.0,6160.332513812836,2739.72602739726,26084535.230345912
338,1,2,1283659287.5657494,2485966000.0,0.5163623668086166,2145020935.8558557,582744.8949822331,0.00021137973959736334,2054794.5205479453,3515981.735159817,694520547.9452068,1188401826.4840283,945480.432220923,134161438.5733723,0,0,9865838561.426628,4898760935.855856,253740000,25374,17328.9970122026,19254.889313486245,560.0736987163551,2485.966,24.866521633075617,7.0,6161.564580315598,2739.72602739726,26087957.06889883
339,1,2,1283916019.4232626,2486652000.0,0.5163231603872446,2149572024.6332784,581511.1034547747,0.00021327211939815618,2054794.5205479453,3515981.735159817,696575342.4657547,1191917808.2191882,949687.4782850728,135111126.05165738,0,0,9864888873.948343,4903382024.633278,253810000,25381,17329.786839260363,19258.740291348942,557.6985479114239,2486.652,24.861081284691323,7.0,6162.796893231661,2739.72602739726,26091380.139764667
340,1,2,1284172802.6271472,2487338000.0,0.5162839962349899,2154118899.9282007,580283.6603131219,0.0002160837580967091,2054794.5205479453,3515981.735159817,698630136.9863027,1195433789.954348,953900.9607852146,136065027.0124426,0,0,9863934972.987556,4907998899.928201,253880000,25388,17330.594686019234,19262.59203940721,555.340646612025,2487.3379999999997,24.85566773293308,7.0,6164.029452610307,2739.72602739726,26094804.44318988
341,1,2,1284429637.1876726,2488024000.0,0.5162448743210164,2158661555.330139,579062.5199737902,0.0002175388468657934,2054794.5205479453,3515981.735159817,700684931.5068507,1198949771.689508,958120.8537693392,137023147.86621192,0,0,9862976852.133787,4912611555.330139,253950000,25395,17331.420387395032,19266.44455781509,552.9998295799402,2488.024,24.850280739317725,7.0,6165.262258500829,2739.72602739726,26098229.979420986
342,1,2,1284686523.1151102,2488710000.0,0.5162057946145232,2163199984.4545865,577847.637288689,0.0002176273336609427,2054794.5205479453,3515981.735159817,702739726.0273987,1202465753.4246678,962347.1312602608,137985494.99747217,0,0,9862014505.002527,4917219984.454586,254020000,25402,17332.263780279456,19270.297846726655,550.6759335528017,2488.71,24.844920068202153,7.0,6166.4953109525295,2739.72602739726,26101656.74870454
343,1,2,1284943460.419733,2489396000.0,0.5161667570847439,2167734180.9430385,576638.967539931,0.00021939214325149408,2054794.5205479453,3515981.735159817,704794520.5479467,1205981735.1598277,966579.7672559797,138952074.76472816,0,0,9861047925.235271,4921824180.943039,254090000,25409,17333.124703511803,19274.151906295996,548.3687972158081,2489.3959999999997,24.839585486742752,7.0,6167.7286100147185,2739.72602739726,26105084.751287162
344,1,2,1285200449.111817,2490082000.0,0.5161277617009468,2172264138.463016,575436.4664347165,0.00021967274818224486,2054794.5205479453,3515981.735159817,706849315.0684947,1209497716.8949876,970818.7357300435,139922893.5004582,0,0,9860077106.499542,4926424138.4630165,254160000,25416,17334.002997851167,19278.006736677256,546.0782611739098,2490.082,24.834276764855495,7.0,6168.962155736722,2739.72602739726,26108513.987415504
345,1,2,1285457489.2016392,2490768000.0,0.516088808432435,2176789850.7080917,574240.0901002901,0.00021998923590317205,2054794.5205479453,3515981.735159817,708904109.5890427,1213013698.6301475,975064.0106319067,140897957.51109013,0,0,9859102042.48891,4931019850.708092,254230000,25423,17334.89850594905,19281.86233802459,543.8041679244602,2490.768,24.82899367517662,7.0,6170.195948167869,2739.72602739726,26111944.457336277
346,1,2,1285714580.6994796,2491454000.0,0.5160498972485462,2181311311.397912,573049.7950789694,0.0002254568621836579,2054794.5205479453,3515981.735159817,710958904.1095906,1216529680.3653073,979315.5658872956,141877273.07697743,0,0,9858122726.923023,4935611311.397912,254300000,25430,17335.81107232251,19285.718710492194,541.5463618303157,2491.4539999999997,24.823735993024048,7.0,6171.429987357502,2739.72602739726,26115376.161296237
347,1,2,1285971723.6156194,2492140000.0,0.5160110281186528,2185828514.278221,571865.538323244,0.00022252608855757695,2054794.5205479453,3515981.735159817,713013698.6301386,1220045662.1004672,983573.3753985658,142860846.452376,0,0,9857139153.547625,4940198514.278221,254370000,25437,17336.740543327676,19289.575854234292,539.3046890933848,2492.14,24.81850349635943,7.0,6172.664273354973,2739.72602739726,26118809.099542197
348,1,2,1286228917.9603424,2492826000.0,0.5159722010121615,2190341453.120884,570687.2771909434,0.00022609174152021138,2054794.5205479453,3515981.735159817,715068493.1506866,1223561643.835627,987837.4130450647,143848683.8654211,0,0,9856151316.134579,4944781453.120884,254440000,25444,17337.68676713375,19293.43376940514,537.0789977286123,2492.826,24.81329596575077,7.0,6173.898806209644,2739.72602739726,26122243.272321012
349,1,2,1286486163.7439344,2493512000.0,0.5159334158985136,2194850121.7239084,569514.9694404737,0.00022712637234884652,2054794.5205479453,3515981.735159817,717123287.6712346,1227077625.570787,992107.6526834927,144840791.51810458,0,0,9855159208.481895,4949360121.723908,254510000,25451,17338.649593697406,19297.292456159015,534.8691375383908,2493.5119999999997,24.80811318433566,7.0,6175.133585970885,2739.72602739726,26125678.679879587
350,1,2,1286743460.9766831,2494198000.0,0.5158946727471849,2199354513.911468,568348.5732261211,0.00022950500960885748,2054794.5205479453,3515981.735159817,719178082.1917826,1230593607.3059468,996384.0681482631,145837175.58625284,0,0,9854162824.413748,4953934513.9114685,254580000,25458,17339.628874737646,19301.15191465025,532.6749600873942,2494.198,24.80295493778522,7.0,6176.368612688079,2739.72602739726,26129115.32246488
351,1,2,1287000809.6688786,2494884000.0,0.5158559715276857,2203854623.533924,567188.0470934206,0.00022965217683489292,2054794.5205479453,3515981.735159817,721232876.7123306,1234109589.0411067,1000666.6332518627,146837842.2195047,0,0,9853162157.780495,4958504623.533924,254650000,25465,17340.624463711,19305.01214503318,530.4963186778228,2494.884,24.797821014268447,7.0,6177.603886410618,2739.72602739726,26132553.200323895
352,1,2,1287258209.8308122,2495570000.0,0.5158173122095602,2208350444.4678464,566033.3499745908,0.0002335420369022438,2054794.5205479453,3515981.735159817,723287671.2328786,1237625570.7762666,1004955.3217852127,147842797.54128993,0,0,9852157202.45871,4963070444.467846,254720000,25472,17341.63621578724,19308.873147462185,528.3330683250527,2495.5699999999997,24.79271120441738,7.0,6178.839407187899,2739.72602739726,26135992.313703686
353,1,2,1287515661.4727783,2496256000.0,0.5157786947623875,2212841970.616036,564884.4411840319,0.00023588882010025538,2054794.5205479453,3515981.735159817,725342465.7534266,1241141552.5114264,1009250.1075180278,148852047.64880794,0,0,9851147952.351192,4967631970.616035,254790000,25479,17342.66398782536,19312.734922091677,526.1850657336836,2496.256,24.78762530129256,7.0,6180.075175069336,2739.72602739726,26139432.66285136
354,1,2,1287773164.6050727,2496942000.0,0.5157401191557804,2217329195.9075446,563741.2804138861,0.00023407626432087012,2054794.5205479453,3515981.735159817,727397260.2739745,1244657534.2465863,1013550.9641991763,149865598.61300713,0,0,9850134401.386993,4972189195.907545,254860000,25486,17343.707638350068,19316.597469076092,524.0521692739751,2496.942,24.782563100349307,7.0,6181.311190104349,2739.72602739726,26142874.24801407
355,1,2,1288030719.2379937,2497628000.0,0.5157015853593865,2221812114.297695,562603.8277296597,0.00023762149688331334,2054794.5205479453,3515981.735159817,729452054.7945225,1248173515.9817462,1017857.8655570422,150883456.47856417,0,0,9849116543.521437,4976742114.297695,254930000,25493,17344.767027528575,19320.460788569908,521.9342389586669,2497.6279999999997,24.77752439940437,7.0,6182.54745234237,2739.72602739726,26146317.069439016
356,1,2,1288288325.3818412,2498314000.0,0.515663093342887,2226290719.768103,561472.0435659073,0.0002375405426453642,2054794.5205479453,3515981.735159817,731506849.3150705,1251689497.716906,1022170.7852998804,151905627.26386404,0,0,9848094372.736135,4981290719.768103,255000000,25500,17345.842017147792,19324.324880727618,519.8311364201733,2498.314,24.772508998603183,7.0,6183.783961832838,2739.72602739726,26149761.127373453
357,1,2,1288545983.0469174,2499000000.0,0.5156246430759974,2230765006.3266945,560345.8887219739,0.0002403535790887673,2054794.5205479453,3515981.735159817,733561643.8356185,1255205479.452066,1026489.697116181,152932116.9609802,0,0,9847067883.03902,4985835006.3266945,255070000,25507,17346.93247059191,19328.189745703763,517.7427248881461,2499.0,24.767516700387645,7.0,6185.020718625204,2739.72602739726,26153206.422064684
358,1,2,1288803692.2435267,2499686000.0,0.5155862345284674,2235234968.007727,559225.3243577969,0.00024140464215460469,2054794.5205479453,3515981.735159817,735616438.3561665,1258721461.1872258,1030814.5746750232,153962931.53565523,0,0,9846037068.464344,4990374968.007727,255140000,25514,17348.038252820304,19332.055383652903,515.6688691674018,2499.6859999999997,24.76254730946442,7.0,6186.257722768929,2739.72602739726,26156652.953760058
359,1,2,1289061452.9819753,2500372000.0,0.5155478676700809,2239700598.8718085,558110.3119897662,0.00024334069081974463,2054794.5205479453,3515981.735159817,737671232.8767145,1262237442.9223857,1035145.3916264382,154998076.92728168,0,0,9845001923.072718,4994910598.871809,255210000,25521,17349.15923034583,19335.92179472963,513.6094356161996,2500.372,24.75760063277372,7.0,6187.494974313481,2739.72602739726,26160100.722706977
360,1,2,1289319265.2725718,2501058000.0,0.5155095424706552,2244161893.0059147,557000.8134866395,0.00024322533380060602,2054794.5205479453,3515981.735159817,739726027.3972625,1265753424.6575456,1039482.1216017663,156037559.04888344,0,0,9843962440.951117,4999441893.005915,255280000,25528,17350.29527121345,19339.78897908858,511.56429212487245,2501.058,24.752676479458636,7.0,6188.732473308344,2739.72602739726,26163549.72915289
361,1,2,1289577129.1256263,2501744000.0,0.5154712589000419,2248618844.5234084,555896.7910655161,0.00024723000175743223,2054794.5205479453,3515981.735159817,741780821.9178104,1269269406.3927054,1043824.7382140156,157081383.78709745,0,0,9842918616.212902,5003968844.523409,255350000,25535,17351.446244979194,19343.656936884396,509.5333080947968,2501.7439999999997,24.747774660834896,7.0,6189.970219803006,2739.72602739726,26166999.9733453
362,1,2,1289835044.5514514,2502430000.0,0.5154330169281265,2253071447.564058,554798.2072878637,0.0002512819696588425,2054794.5205479453,3515981.735159817,743835616.4383584,1272785388.1278653,1048173.2150582187,158129557.00215566,0,0,9841870442.997845,5008491447.564058,255420000,25542,17352.612022689475,19347.525668271774,507.5163544177006,2502.43,24.74289499036115,7.0,6191.208213846968,2739.72602739726,26170451.45553175
363,1,2,1290093011.5603616,2503116000.0,0.5153948165248281,2257519696.2940536,553705.0250556007,0.00024909620104754756,2054794.5205479453,3515981.735159817,745890410.9589064,1276301369.8630252,1052527.5257117935,159182084.52786747,0,0,9840817915.472132,5013009696.294054,255490000,25549,17353.792476860726,19351.395173405428,505.5133034553,2503.116,24.73803728360974,7.0,6192.446455489737,2739.72602739726,26173904.175959844
364,1,2,1290351030.1626737,2503802000.0,0.5153566576601,2261963584.9060264,552617.2076072313,0.0002546550593820538,2054794.5205479453,3515981.735159817,747945205.4794544,1279817351.598185,1056887.6437348975,160238972.17160237,0,0,9839761027.828398,5017523584.906027,255560000,25556,17354.987481459368,19355.265452440108,503.52402901926,2503.8019999999997,24.733201358237878,7.0,6193.6849447808345,2739.72602739726,26177358.13487723
365,1,2,1290609100.3687062,2504488000.0,0.5153185403039289,2266403107.6190634,551534.7185140335,0.00025424564657647124,2054794.5205479453,3515981.735159817,750000000.0000024,1283333333.333345,1061253.5426707875,161300225.71427315,0,0,9838699774.285727,5022033107.619063,255630000,25563,17356.196911882067,19359.136505530594,501.54840635147406,2504.488,24.728387033959322,7.0,6194.92368176979,2739.72602739726,26180813.332531605
