timestep,run,subset,network_resource_demand,network_resource_provision,network_resource_demand_supply_ratio,dex_tokens,dex_usdc,dex_token_price,token_incentives_vested,token_seller_vested,token_incentives_vested_cum,token_seller_vested_cum,token_burned_supply,token_burned_supply_cum,token_minted_supply,token_minted_supply_cum,token_total_supply,token_circulating_supply,token_staked_supply,node_amount,node_profit,node_network_revenue,node_incentive_revenue,node_expenditures,node_apr,node_change_amount,foundation_revenue,foundation_expenditures,foundation_cash_reserves
1,1,0,301499999.99999994,1470000000.0,0.2051020408163265,504007604.10435885,2480121.3113069963,0.004920719582678234,500000,3515981.735159817,500000,3515981.735159817,8377.630800968798,8377.630800968798,0,0,9999991622.3692,5554007604.104359,150000000,15000,4119.30039291066,3091.7978954081627,2497.5024975024976,1470.0,9.546769350179531,0.0,989.375326530612,2739.72602739726,24998249.649299134
2,1,0,303007499.9999999,1470000000.0,0.20612755102040808,508115029.0101102,2460072.8745126883,0.004842519874473496,500000,3515981.735159817,1000000,7031963.470319634,8556.829408453803,16934.4602094226,0,0,9999983065.539791,5558015029.01011,149900000,14990,4096.267892892567,3108.305623215879,2457.9622696766883,1470.0,9.500545555693781,-10.0,994.6577994290814,2739.72602739726,24996504.58107117
3,1,0,304522537.4999998,1469020000.0,0.20729638636642103,512222268.1532675,2440346.852757237,0.00490712996573463,500000,3515981.735159817,1500000,10547945.20547945,8742.592002487916,25677.052211910515,0,0,9999974322.947788,5562022268.153268,149800000,14980,4074.4320772009764,3125.0484377129787,2418.403639487998,1469.02,9.463341825239148,-10.0,1000.0155000681531,2739.72602739726,24994764.87054384
4,1,0,306045150.18749976,1468040000.0,0.2084719423091331,516329318.63819885,2420935.544192673,0.004900319735049772,500000,3515981.735159817,2000000,14063926.940639269,8931.250228492541,34608.30244040306,0,0,9999965391.69756,5566029318.638199,149700000,14970,4053.642009927209,3141.887914434806,2379.794095492403,1468.04,9.428284102850597,-10.0,1005.404132619138,2739.72602739726,24993030.548649065
5,1,0,307575375.9384372,1467060000.0,0.209654258134253,520436177.5365872,2401831.4904945744,0.004831617541785723,500000,3515981.735159817,2500000,17579908.675799087,9122.83677149367,43731.13921189673,0,0,9999956268.860788,5570036177.536587,149600000,14960,4033.8682079027026,3158.8246769230436,2342.103530979659,1467.06,9.395320538039055,-10.0,1010.8238966153739,2739.72602739726,24991301.646518286
6,1,0,309113252.81812936,1466080000.0,0.2108433733617056,524542841.8871051,2383027.4673141604,0.0047652484571128265,500000,3515981.735159817,3000000,21095890.410958905,9317.384641874181,53048.52385377091,0,0,9999946951.476147,5574042841.887105,149500000,14950,4015.082377097475,3175.8593533639337,2305.303023733541,1466.08,9.364401220283721,-10.0,1016.2749930764587,2739.72602739726,24989578.195483968
7,1,0,310658819.08221996,1465100000.0,0.2120393277470616,528649308.69508636,2364516.475176124,0.004734272593804497,500000,3515981.735159817,3500000,24611872.146118723,9514.927178538894,62563.4510323098,0,0,9999937436.548967,5578049308.6950865,149400000,14940,3997.2573571755697,3192.992576628232,2269.364780547337,1465.1,9.335478098989332,-10.0,1021.7576245210342,2739.72602739726,24987860.227081094
8,1,0,312212113.177631,1464120000.0,0.21324216128297613,532755574.93219405,2346291.730798111,0.004732615478443102,500000,3515981.735159817,4000000,28127853.88127854,9715.498052111254,72278.94908442105,0,0,9999927721.050915,5582055574.932194,149300000,14930,3980.3670690595673,3210.224984311538,2234.262084748029,1464.12,9.308504907241497,-10.0,1027.271994979692,2739.72602739726,24986147.773048677
9,1,0,313773173.7435191,1463140000.0,0.2144519142006364,536861637.5360857,2328346.6588092363,0.004674775811461291,500000,3515981.735159817,4500000,31643835.61643836,9919.131268161973,82198.08035258303,0,0,9999917801.919647,5586061637.536086,149200000,14920,3964.386465319177,3227.557218775011,2199.9692465441667,1463.1399999999999,9.283437089160966,-10.0,1032.8183100080034,2739.72602739726,24984440.86533129
10,1,0,315342039.6122367,1462160000.0,0.21566862697121839,540967493.4100752,2310674.8838463943,0.004661909975763502,500000,3515981.735159817,5000000,35159817.35159817,10125.86117046994,92323.94152305297,0,0,9999907676.058477,5590067493.410075,149100000,14910,3949.2914832115785,3244.9899271864897,2166.461556025089,1462.1599999999999,9.260231730668917,-10.0,1038.3967766996768,2739.72602739726,24982739.53608059
11,1,0,316918749.81029785,1461180000.0,0.21689234030735285,545073139.4227908,2293270.223008416,0.004610325157608523,500000,3515981.735159817,5500000,38675799.08675799,10335.722444315676,102659.66396736864,0,0,9999897340.336033,5594073139.422791,149000000,14900,3935.0590002129197,3262.5237615619944,2133.7152386509256,1461.1799999999998,9.238847493486023,-10.0,1044.0076036998382,2739.72602739726,24981043.817656897
12,1,0,318503343.5593493,1460200000.0,0.21812309516460027,549178572.4078308,2276126.6786493016,0.004608167961167202,500000,3515981.735159817,6000000,42191780.8219178,10548.750119807837,113208.41408717648,0,0,9999886791.585913,5598078572.407831,148900000,14890,3921.6667918913017,3280.159378807635,2101.7074130836663,1460.2,9.219244552198216,-10.0,1049.6510012184433,2739.72602739726,24979353.74263072
13,1,0,320095860.277146,1459220000.0,0.21936093274293525,553283789.1634154,2259238.4314928963,0.00454578088909619,500000,3515981.735159817,6500000,45707762.55707762,10764.979575242889,123973.39366241937,0,0,9999876026.606339,5602083789.163416,148800000,14880,3909.0934919815345,3297.89744076193,2070.416051219605,1459.22,9.201384534231295,-10.0,1055.3271810438175,2739.72602739726,24977669.34378437
14,1,0,321696339.5785317,1458240000.0,0.2206058944882404,557388786.4520348,2242599.834052399,0.004587790934115843,500000,3515981.735159817,7000000,49223744.29223743,10984.44654049845,134957.8402029178,0,0,9999865042.159798,5606088786.452035,148700000,14870,3897.318554531339,3315.738614238521,2039.8199402928174,1458.24,9.185230462585539,-10.0,1061.0363565563268,2739.72602739726,24975990.65411353
15,1,0,323304821.2764243,1457260000.0,0.22185802209380912,561493561.0000943,2226205.404339074,0.004503512449203419,500000,3515981.735159817,7500000,52739726.027397245,11207.187100460578,146165.0273033784,0,0,9999853834.972696,5610093561.000094,148600000,14860,3886.3222179972263,3333.683571069315,2009.8986469279116,1457.26,9.170746701189678,-10.0,1066.7787427421806,2739.72602739726,24974317.706828877
16,1,0,324921345.38280636,1456280000.0,0.2231173575018584,565598109.4975557,2210049.819845453,0.004454040196675634,500000,3515981.735159817,8000000,56255707.76255706,11433.237698485354,157598.26500186374,0,0,9999842401.734999,5614098109.497556,148500000,14850,3876.085471176335,3351.7329881480277,1980.632483028307,1456.28,9.157898902741524,-10.0,1072.554556207369,2739.72602739726,24972650.535357688
17,1,0,326545952.10972035,1455300000.0,0.22438394290505073,569702428.5975757,2194127.9117891425,0.004452688391723749,500000,3515981.735159817,8500000,59771689.497716874,11662.635139895136,169260.90014175887,0,0,9999830739.099857,5618102428.597576,148400000,14840,3866.590020867864,3369.8875474741635,1952.0024733937003,1455.3,9.14665395890975,-10.0,1078.3640151917323,2739.72602739726,24970989.173345484
18,1,0,328178681.87026894,1454320000.0,0.22565782074802584,573806514.9161401,2178434.659604179,0.004449356429643359,500000,3515981.735159817,9000000,63287671.23287669,11895.416595509807,181156.31673726867,0,0,9999818843.683262,5622106514.91614,148300000,14830,3857.8182611646735,3388.147936197412,1923.9903249672614,1454.32,9.136979952778459,-10.0,1084.207339583172,2739.72602739726,24969333.654657673
19,1,0,329819575.27962023,1453340000.0,0.22693903372894178,577910365.0316948,2162965.1856675856,0.004385468063254748,500000,3515981.735159817,9500000,66803652.9680365,12131.61960521341,193287.93634248208,0,0,9999806712.063658,5626110365.031694,148200000,14820,3849.753244281972,3406.5148466624773,1896.578397619495,1453.34,9.12884611342241,-10.0,1090.0847509319926,2739.72602739726,24967684.01338121
20,1,0,331468673.1560183,1452360000.0,0.22822762480102612,582013975.484773,2147714.750249507,0.004383787691727229,500000,3515981.735159817,10000000,70319634.70319632,12371.282081556481,205659.21842403855,0,0,9999794340.781576,5630113975.484773,148100000,14810,3842.378652835974,3424.988976454342,1869.7496763816318,1452.36,9.12222277250719,-10.0,1095.9964724653894,2739.72602739726,24966040.28382628
21,1,0,333126016.5217984,1451380000.0,0.2295236371741366,586117342.7776195,2132678.7466759332,0.00436318110829794,500000,3515981.735159817,10500000,73835616.43835613,12614.44231339451,218273.66073743306,0,0,9999781726.339262,5634117342.777619,148000000,14800,3835.678773490913,3443.571028443972,1843.4877450469412,1451.3799999999999,9.11708132281405,-10.0,1101.942729102071,2739.72602739726,24964402.500527985
22,1,0,334791646.6044073,1450400000.0,0.23082711431633157,590220463.3738098,2117852.6966936556,0.004295744269405964,500000,3515981.735159817,11000000,77351598.17351595,12861.13896956282,231134.7997069959,0,0,9999768865.200293,5638120463.37381,147900000,14790,3829.6384718979416,3462.2617108344607,1817.7767610634805,1450.3999999999999,9.113394178594971,-10.0,1107.9237474670274,2739.72602739726,24962770.69824806
23,1,0,336465604.8374293,1449420000.0,0.23213809995545065,594323333.6978672,2103232.2460276447,0.004285500060053302,500000,3515981.735159817,11500000,80867579.90867576,13111.411102588341,244246.21080958424,0,0,9999755753.78919,5642123333.697867,147800000,14780,3824.243168854219,3481.0617372076304,1792.6014316465887,1449.4199999999998,9.11113473766815,-10.0,1113.9397559064416,2739.72602739726,24961144.91197657
24,1,0,338147932.8616164,1448440000.0,0.23345663808070502,598425950.1348746,2088813.1601216074,0.004263851435290686,500000,3515981.735159817,12000000,84383561.64383557,13365.298152438501,257611.50896202275,0,0,9999742388.491037,5646125950.134874,147700000,14770,3819.478817614936,3499.9718265710753,1767.9469910438604,1448.4399999999998,9.110277345169342,-10.0,1119.9909845027441,2739.72602739726,24959525.176933676
25,1,0,339838672.52592444,1447460000.0,0.23478277294427788,602528309.0300841,2074591.3200529646,0.004200379562409047,500000,3515981.735159817,12500000,87899543.37899539,13622.839950307794,271234.3489123305,0,0,9999728765.651087,5650128309.030085,147600000,14760,3815.331882295164,3518.9927034056714,1743.799178889493,1447.46,9.110797258878724,-10.0,1126.077665089815,2739.72602739726,24957911.52857137
26,1,0,341537865.88855404,1446480000.0,0.23611654906293486,606630406.6885216,2060562.7186139775,0.004176126083382469,500000,3515981.735159817,13000000,91415525.1141552,13884.076722442249,285118.42563477275,0,0,9999714881.574366,5654130406.688521,147500000,14750,3811.7893173023017,3538.125097713544,1720.1442195887578,1446.48,9.11267061604742,-10.0,1132.2000312683342,2739.72602739726,24956304.002575245
27,1,0,343245555.2179968,1445500000.0,0.23745801121964494,610732239.3745875,2046723.4565511877,0.0041880669170634675,500000,3515981.735159817,13500000,94931506.84931502,14149.049094002292,299267.47472877504,0,0,9999700732.52527,5658132239.374588,147400000,14740,3808.838547743454,3557.3697450665068,1696.9688026769475,1445.5,9.115874401651688,-10.0,1138.358318421282,2739.72602739726,24954702.63486627
28,1,0,344961782.99408674,1444520000.0,0.23880720446521111,614833803.3116544,2033069.7389557613,0.004111593674133516,500000,3515981.735159817,14000000,98447488.58447483,14417.798092964324,313685.2728217394,0,0,9999686314.727179,5662133803.311654,147300000,14730,3806.467450755478,3576.7273866549695,1674.2600641005079,1444.52,9.120386418006708,-10.0,1144.5527637295902,2739.72602739726,24953107.461602606
29,1,0,346686591.90905714,1443540000.0,0.24016417411991156,618935094.6816603,2019597.8717977232,0.004048435867927007,500000,3515981.735159817,14500000,101963470.31963465,14690.36515406146,328375.63797580084,0,0,9999671624.362024,5666135094.681661,147200000,14720,3804.664337708521,3596.1987693373226,1652.005568371198,1443.54,9.126185255675363,-10.0,1150.7836061879432,2739.72602739726,24951518.519181397
30,1,0,348420024.8686024,1442560000.0,0.2415289657751514,623036109.6246974,2006304.2585974268,0.004031624881007158,500000,3515981.735159817,15000000,105479452.05479446,14966.792122763794,343342.43009856466,0,0,9999656657.5699,5670136109.624698,147100000,14710,3803.4179372368703,3615.7846456898087,1630.1932915470616,1442.56,9.133250265610927,-10.0,1157.0510866207387,2739.72602739726,24949935.84424062
31,1,0,350162124.9929454,1441580000.0,0.24290162529512435,627136844.238598,1993185.3972279674,0.004050150402173607,500000,3515981.735159817,15500000,108995433.78995427,15247.121259298592,358589.55135786324,0,0,9999641410.448643,5674136844.238598,147000000,14700,3802.7173790535853,3635.485774056876,1608.811604996709,1441.58,9.141561532475567,-10.0,1163.3554476982004,2739.72602739726,24948359.473660924
32,1,0,351912935.6179101,1440600000.0,0.24428219881848542,631237294.5785152,1980237.8768425654,0.003977258632294534,500000,3515981.735159817,16000000,112511415.52511409,15531.395242710832,374120.94660057407,0,0,9999625879.0534,5678137294.578515,146900000,14690,3802.5521785080095,3655.302918602028,1587.8492599059816,1440.6,9.151099849079754,-10.0,1169.696933952649,2739.72602739726,24946789.44456748
33,1,0,353672500.2959996,1439620000.0,0.24567073276003362,635337456.6565001,1967458.37492126,0.003942739746769853,500000,3515981.735159817,16500000,116027397.2602739,15819.657174964483,389940.60377553856,0,0,9999610059.396225,5682137456.6565,146800000,14680,3802.9122218476223,3675.2368493591675,1567.2953724884549,1439.62,9.161846691890421,-10.0,1176.0757917949336,2739.72602739726,24945225.79433188
34,1,0,355440862.79747957,1438640000.0,0.24706727381240587,639437326.4410748,1954843.6544315398,0.0038860028086518694,500000,3515981.735159817,17000000,119543378.99543372,16111.950585084962,406052.55436062353,0,0,9999593947.445639,5686137326.441074,146700000,14670,3803.787752147919,3695.2883422844443,1547.1394098634744,1438.6399999999999,9.173784197558382,-10.0,1182.4922695310222,2739.72602739726,24943668.560574014
35,1,0,357218067.11146694,1437660000.0,0.2484718689477811,643536899.8568014,1942390.5610978205,0.0038879952951893226,500000,3515981.735159817,17500000,123059360.73059353,16408.31943334316,422460.8737939667,0,0,9999577539.126205,5690136899.856801,146600000,14660,3805.1693558761235,3715.4581793086154,1527.371176567508,1437.6599999999999,9.186895140418079,-10.0,1188.9466173787569,2739.72602739726,24942117.781163998
36,1,0,359004157.4470242,1436680000.0,0.24988456541959533,647636172.7838458,1930096.020774928,0.0038412927619952786,500000,3515981.735159817,18000000,126575342.46575335,16708.808115481454,439169.6819094482,0,0,9999560830.31809,5694136172.783846,146500000,14650,3807.047950056474,3735.747148389906,1507.9808016665677,1436.6799999999998,9.201162910915109,-10.0,1195.43908748477,2739.72602739726,24940573.494224086
37,1,0,360799178.2342593,1435700000.0,0.2513054107642678,651735141.0575386,1917957.0369209964,0.003795345150846738,500000,3515981.735159817,18500000,130091324.20091316,17013.461466982153,456183.1433764303,0,0,9999543816.856623,5698135141.057539,146400000,14640,3809.414770006686,3756.156043567406,1488.9587264392796,1435.7,9.21657149491925,-10.0,1201.96993394157,2739.72602739726,24939035.738130633
38,1,0,362603174.1254306,1434720000.0,0.25273445280293755,655833800.4679312,1905970.6881654186,0.0037657860460674473,500000,3515981.735159817,19000000,133607305.93607298,17322.324767378803,473505.4681438091,0,0,9999526494.531857,5702133800.467931,146300000,14630,3812.261357616886,3776.6856650149766,1470.2956926019099,1434.72,9.23310545388281,-10.0,1208.5394128047924,2739.72602739726,24937504.55151604
39,1,0,364416189.9960577,1433740000.0,0.25417173964321127,659932146.7593464,1894134.125967703,0.003686846764365031,500000,3515981.735159817,19500000,137123287.6712328,17635.443744610748,491140.9118884199,0,0,9999508859.088112,5706132146.759346,146200000,14620,3815.5795501439507,3797.336819095692,1451.982731048258,1433.74,9.250749905806117,-10.0,1215.1477821106214,2739.72602739726,24935979.973270755
40,1,0,366238270.94603795,1432760000.0,0.2556173196809221,664030175.6299268,1882444.5723633002,0.0036663181660039766,500000,3515981.735159817,20000000,140639269.4063926,17952.864579421424,509093.7764678413,0,0,9999490906.223532,5710130175.629927,146100000,14610,3819.361469495676,3818.1103184168182,1434.011151078858,1432.76,9.269490506974003,-10.0,1221.7953018933817,2739.72602739726,24934462.04254525
41,1,0,368069462.3007681,1431780000.0,0.2570712416018998,668127882.7311769,1870899.3177926475,0.0036247449764423563,500000,3515981.735159817,20500000,144155251.14155242,18274.63390980082,527368.4103776421,0,0,9999472631.589622,5714127882.731176,146000000,14600,3823.599511980653,3839.006981885327,1416.3725300953251,1431.78,9.289313434428752,-10.0,1228.4822342033046,2739.72602739726,24932950.79875206
42,1,0,369909809.6122719,1430800000.0,0.2585335543837517,672225263.6675012,1859495.7190098776,0.0035988881587919468,500000,3515981.735159817,21000000,147671232.87671223,18600.79883547253,545969.2092131147,0,0,9999454030.790787,5718125263.667501,145900000,14590,3828.286338501005,3860.027634763962,1399.0587037370428,1430.8,9.310205369146827,-10.0,1235.2088431244679,2739.72602739726,24931446.281567786
43,1,0,371759358.6603332,1429820000.0,0.2600043072976551,676322313.9957386,1848231.1970677946,0.0035450665896245353,500000,3515981.735159817,21500000,151187214.61187205,18931.40692242584,564900.6161355405,0,0,9999435099.383865,5722122313.995739,145800000,14580,3833.414865166469,3881.173108727851,1382.0617564386175,1429.82,9.332153479888245,-10.0,1241.9753947929123,2739.72602739726,24929948.530935183
44,1,0,373618155.45363486,1428840000.0,0.2614835499101613,680419029.224691,1837103.2353758942,0.0034937512530066645,500000,3515981.735159817,22000000,154703196.34703186,19266.506207493338,584167.1223430339,0,0,9999415832.877657,5726119029.224691,145700000,14570,3838.9782543093925,3902.444241921681,1365.3740123877117,1428.84,9.355145407689,-10.0,1248.782157414938,2739.72602739726,24928457.5870652
45,1,0,375486246.23090297,1427860000.0,0.2629713320850104,684515404.8146479,1826109.3778283605,0.003476456276912132,500000,3515981.735159817,22500000,158219178.08219168,19606.1452029745,603773.2675460085,0,0,9999396226.732454,5730115404.814648,145600000,14560,3844.9699058814067,3923.8418790174346,1348.9880268639718,1427.86,9.37916925096843,-10.0,1255.6294012855792,2739.72602739726,24926973.49043909
46,1,0,377363677.4620575,1426880000.0,0.26446770398495845,688611436.1769065,1815247.2269991117,0.003402916369220502,500000,3515981.735159817,23000000,161735159.8173515,19950.372901305658,623723.6404473141,0,0,9999376276.359552,5734111436.176907,145500000,14550,3851.383449213504,3945.366871272698,1332.8965779408063,1426.8799999999999,9.404213551224661,-10.0,1262.5173988072634,2739.72602739726,24925496.281810503
47,1,0,379250495.84936774,1425900000.0,0.26597271607361506,692707118.6732866,1804514.4424011102,0.003385803096705763,500000,3515981.735159817,23500000,165251141.5525113,20299.23877977685,644022.879227091,0,0,9999355977.120773,5738107118.673286,145400000,14540,3858.21273512228,3967.0200765895397,1317.0926585327395,1425.8999999999999,9.430267279292773,-10.0,1269.4464245086526,2739.72602739726,24924026.00220762
48,1,0,381146748.32861453,1424920000.0,0.267486419117294,696802447.6156411,1793908.7388072868,0.0033587205904008722,500000,3515981.735159817,24000000,168767123.28767112,20652.79280529606,664675.672032387,0,0,9999335324.327967,5742102447.615641,145300000,14530,3865.4518283459693,3988.8023595739737,1301.5694687719952,1424.9199999999998,9.45731982214127,-10.0,1276.4167550636716,2739.72602739726,24922562.692935288
49,1,0,383052482.07025754,1423940000.0,0.26900886418687414,700887418.2653618,1783453.3299137424,0.003322439000341298,500000,3515981.735159817,24500000,172283105.02283093,21011.085439201284,685686.7574715883,0,0,9999314313.242529,5746097418.265362,145210000,14521,3873.095000294844,4010.7145915960173,1286.3204086988264,1423.9399999999998,9.48536097018398,-9.0,1283.4286693107256,2739.72602739726,24921106.395577203
50,1,0,384967744.4806088,1423058000.0,0.27052147170432184,704972026.5675905,1773120.000358141,0.0032609138187473905,500000,3515981.735159817,25000000,175799086.75799075,21373.432931156243,707060.1904027446,0,0,9999292939.809597,5750092026.567591,145120000,14512,3881.050780842067,4032.7334442809297,1271.375336561137,1423.058,9.513508295221255,-9.0,1290.4747021698975,2739.72602739726,24919657.144251976
51,1,0,386892583.2030118,1422176000.0,0.2720426889520086,709056267.7009193,1762906.6365255753,0.0032291320949586607,500000,3515981.735159817,25500000,179315068.49315056,21740.60183102557,728800.7922337701,0,0,9999271199.207766,5754086267.700919,145030000,14503,3889.397968928192,4054.8834598905096,1256.6905090376822,1422.176,9.542615396930955,-9.0,1297.562707164963,2739.72602739726,24918214.980931744
52,1,0,388827046.11902684,1421294000.0,0.273572565647239,713140136.7923177,1752811.1734426655,0.0032002574685354814,500000,3515981.735159817,26000000,182831050.22831038,22112.64376135035,750913.4359951204,0,0,9999249086.564005,5758080136.792317,144940000,14494,3898.131449371167,4077.1655210375857,1242.2599283335817,1421.2939999999999,9.572673063002723,-9.0,1304.6929667320273,2739.72602739726,24916779.94787108
53,1,0,390771181.34962195,1420412000.0,0.2751111517993525,717223628.9166249,1742831.5933876103,0.003144589434325888,500000,3515981.735159817,26500000,186347031.9634702,22489.610852765287,773403.0468478857,0,0,9999226596.953152,5762073628.916625,144850000,14485,3907.2462857250475,4099.580517200682,1228.0777685243659,1420.412,9.603672436678108,-9.0,1311.8657655042184,2739.72602739726,24915352.08760919
54,1,0,392725037.25637,1419530000.0,0.27665849771147494,721306739.0960358,1732965.9245476406,0.003085702379455324,500000,3515981.735159817,27000000,189863013.69863,22871.55574895163,796274.6025968373,0,0,9999203725.397404,5766066739.096036,144760000,14476,3916.73771446524,4122.129344785016,1214.1383696802243,1419.53,9.63560500634142,-9.0,1319.081390331205,2739.72602739726,24913931.442972127
55,1,0,394688662.4426518,1418648000.0,0.2782146539822788,725389462.299584,1723212.239722003,0.0030566850704010834,500000,3515981.735159817,27500000,193378995.43378982,23258.531611639017,819533.1342084764,0,0,9999180466.865791,5770059462.299584,144670000,14467,3926.601139407353,4144.812907184069,1200.4362322232842,1418.648,9.668462595506352,-9.0,1326.340130298902,2739.72602739726,24912518.05707503
56,1,0,396662105.75486505,1417766000.0,0.2797796715077559,729471793.4426183,1713568.6550686806,0.0030069720654455783,500000,3515981.735159817,28000000,196894977.16894963,23650.592125656844,843183.7263341333,0,0,9999156816.273666,5774051793.442618,144580000,14458,3936.8321263492053,4167.6321148417865,1186.966011507418,1417.7659999999998,9.702237353182092,-9.0,1333.6422767493716,2739.72602739726,24911111.973324385
57,1,0,398645416.2836393,1416884000.0,0.28135360148300026,733553727.3862741,1704033.3288931432,0.0029505151528016714,500000,3515981.735159817,28500000,200410958.90410945,24047.791504035406,867231.5178381687,0,0,9999132768.482162,5778043727.386274,144490000,14449,3947.4263979259667,4190.587885315361,1173.7225126106061,1416.884,9.736921744603212,-9.0,1340.9881233009155,2739.72602739726,24909713.23542029
58,1,0,400638643.36505747,1416002000.0,0.2829364954040019,737635258.9369408,1694604.460477487,0.002910816010039113,500000,3515981.735159817,29000000,203926940.63926926,24450.18449315761,891681.7023313263,0,0,9999108318.297668,5782035258.936941,144400000,14440,3958.3798286690376,4213.681143338653,1160.7006853303847,1416.002,9.772508542308652,-9.0,1348.3779658683688,2739.72602739726,24908321.887358762
59,1,0,402641836.5818827,1415120000.0,0.2845284050694519,741716382.8457227,1685280.288948406,0.0028971545134201236,500000,3515981.735159817,29500000,207442922.37442908,24857.82637796142,916539.5287092878,0,0,9999083460.47129,5786026382.845722,144310000,14431,3969.688440259588,4236.912820886217,1147.8956193733713,1415.12,9.808990817555314,-9.0,1355.8121026835893,2739.72602739726,24906937.97343405
60,1,0,404655045.7647921,1414238000.0,0.2861293825825583,745797093.8078953,1676059.0921824977,0.0028339321544797237,500000,3515981.735159817,30000000,210958904.1095889,25270.77298719379,941810.3016964815,0,0,9999058189.698303,5790017093.807896,144220000,14422,3981.348396968287,4260.283857237963,1135.3025397303234,1414.2379999999998,9.846361932052996,-9.0,1363.2908343161482,2739.72602739726,24905561.53824097
61,1,0,406678320.993616,1413356000.0,0.28773948035287356,749877386.4623564,1666939.1857474763,0.0028147209846689615,500000,3515981.735159817,30500000,214474885.8447487,25689.08069871641,967499.382395198,0,0,9999032500.617605,5794007386.462357,144130000,14413,3993.3560012730413,4283.795199044455,1122.916802228586,1413.356,9.884615530007537,-9.0,1370.8144636942257,2739.72602739726,24904192.626677267
62,1,0,408711712.598584,1412474000.0,0.2893587510981328,753957255.3910714,1657918.9218779271,0.0027815635643939963,500000,3515981.735159817,31000000,217990867.57990852,26112.806444863814,993612.1888400618,0,0,9999006387.81116,5797997255.391071,144040000,14404,4005.7076896470435,4307.44780039284,1110.733889254204,1412.474,9.923745530459886,-9.0,1378.3832961257085,2739.72602739726,24902831.283945996
63,1,0,410755271.16157687,1411592000.0,0.29098724784610347,758036695.1185135,1648996.688484293,0.002720235118028854,500000,3515981.735159817,31500000,221506849.31506833,26542.007717854423,1020154.1965579162,0,0,9998979845.803442,5801986695.118513,143950000,14395,4018.4000285097754,4331.242622873436,1098.7494056363394,1411.5919999999999,9.963746119909333,-9.0,1385.9976393194993,2739.72602739726,24901477.55555792
64,1,0,412809047.5173847,1410710000.0,0.2926250239364467,762115700.111098,1640170.9081938432,0.0026633213771656166,500000,3515981.735159817,32000000,225022831.05022815,26976.74257525488,1047130.9391331711,0,0,9998952869.060867,5805975700.111098,143860000,14386,4031.4297103339586,4355.18063564697,1086.9590746869894,1410.71,10.00461174520955,-9.0,1393.6578034070303,2739.72602739726,24900131.487333935
65,1,0,414873092.75497156,1409828000.0,0.2942721330225897,766194264.7766124,1631440.0374224284,0.0026289693018794066,500000,3515981.735159817,32500000,228538812.78538796,27417.069645498348,1074548.0087786694,0,0,9998925451.99122,5809964264.776612,143770000,14377,4044.793549901829,4379.262815512475,1075.3587343893541,1409.828,10.046337106726751,-9.0,1401.3641009639919,2739.72602739726,24898793.125407502
66,1,0,416947458.21874636,1408946000.0,0.2959286290736099,770272383.4636388,1622802.5654758706,0.002601948069538005,500000,3515981.735159817,33000000,232054794.52054778,27863.04813345717,1102411.0569121265,0,0,9998897588.943089,5813952383.463638,143680000,14368,4058.488480704362,4403.490146975862,1063.944333728499,1408.946,10.088917151749662,-9.0,1409.116847032276,2739.72602739726,24897462.516227137
67,1,0,419032195.5098401,1408064000.0,0.2975945663761307,774350050.4609725,1614257.0136798965,0.0025450906656824513,500000,3515981.735159817,33500000,235570776.2557076,28314.73782607044,1130725.794738197,0,0,9998869274.205261,5817940050.460973,143590000,14359,4072.511551477441,4427.863622319158,1052.7119291582833,1408.0639999999999,10.132347068141417,-9.0,1416.9163591421307,2739.72602739726,24896139.706558883
68,1,0,421127356.4873892,1407182000.0,0.29926999953622857,778427259.9970344,1605801.934537556,0.0025166586320238085,500000,3515981.735159817,34000000,239086757.9908674,28772.19909802706,1159497.993836224,0,0,9998840502.006165,5821927259.997034,143500000,14350,4086.859922869233,4452.384241670435,1041.657681198798,1407.182,10.176622278224116,-9.0,1424.762957334539,2739.72602739726,24894824.743488822
69,1,0,423232993.2698261,1406300000.0,0.3009549834813526,782494006.2392768,1597456.3255859278,0.0024737923956250616,500000,3515981.735159817,34500000,242602739.72602722,29235.49291750476,1188733.486753729,0,0,9998811266.513247,5825914006.239277,143420000,14342,4101.53086423325,4477.053013074421,1030.7778511588294,1406.3,10.221738432886863,-8.0,1432.6569641838146,2739.72602739726,24893517.67442561
70,1,0,425349158.2361752,1405516000.0,0.3026284711352807,786560284.2487832,1589197.9610867836,0.0024253888953884926,500000,3515981.735159817,35000000,246118721.46118703,29703.725653452966,1218437.212407182,0,0,9998781562.787592,5829900284.248783,143340000,14334,4116.419521112137,4501.8406590463865,1020.0948620657498,1405.5159999999998,10.266715273984442,-8.0,1440.5890108948438,2739.72602739726,24892218.537409108
71,1,0,427475904.027356,1404732000.0,0.30431135905450724,790626088.0941104,1581025.4921049562,0.002382300277998889,500000,3515981.735159817,35500000,249634703.19634685,30177.889832746758,1248615.1022399287,0,0,9998751384.89776,5833886088.0941105,143260000,14326,4131.624113109744,4526.7778172085555,1009.5782959011887,1404.732,10.312513709115317,-8.0,1448.5689015067378,2739.72602739726,24890927.380283218
72,1,0,429613283.54749274,1403948000.0,0.3060037006694641,794691411.7814816,1572937.5974981885,0.0023190156777964208,500000,3515981.735159817,36000000,253150684.93150666,30658.047788633125,1279273.1500285617,0,0,9998720726.849972,5837871411.781482,143180000,14318,4147.142231043803,4551.8655082731375,999.224722770665,1403.9479999999999,10.359129878474727,-8.0,1456.5969626474039,2739.72602739726,24889644.251218468
73,1,0,431761349.96523017,1403164000.0,0.3077055497185148,798756249.2541779,1564932.9832062898,0.0022921319111941316,500000,3515981.735159817,36500000,256666666.66666648,31144.26246355641,1310417.412492118,0,0,9998689582.587507,5841856249.254178,143100000,14310,4162.971561740845,4577.104760984139,989.030800756706,1403.164,10.40656012757358,-8.0,1464.6735235149242,2739.72602739726,24888369.198714588
74,1,0,433920156.7150563,1402380000.0,0.30941696024975845,802820594.3919227,1557010.3815620104,0.002274777447414183,500000,3515981.735159817,37000000,260182648.4018263,31636.597415051056,1342054.009907169,0,0,9998657945.990093,5845840594.391923,143020000,14302,4179.109885414368,4602.496612189042,978.9932732253263,1402.3799999999999,10.45480100233088,-8.0,1472.7989159004935,2739.72602739726,24887102.271603093
75,1,0,436089757.49863154,1401596000.0,0.3111379866228439,806884441.0102609,1549168.5506228665,0.0022315600348843767,500000,3515981.735159817,37500000,263698630.1369861,32135.116821691296,1374189.1267288604,0,0,9998625810.873272,5849824441.010261,142940000,14294,4195.555073139414,4628.042106911183,969.1089662282322,1401.596,10.503849244342414,-8.0,1480.9734742115784,2739.72602739726,24885843.51904991
76,1,0,438270206.28612465,1400812000.0,0.3128686835107956,810947782.8599317,1541406.2735231745,0.0021569464188288816,500000,3515981.735159817,38000000,267214611.87214592,32639.885489098466,1406829.012217959,0,0,9998593170.987782,5853807782.859932,142860000,14286,4212.305084419715,4653.742298422831,959.3747859968844,1400.812,10.553701786319252,-8.0,1489.1975354953056,2739.72602739726,24884592.99055801
77,1,0,440461557.31755525,1400028000.0,0.31460910590185,815010613.6262356,1533722.357845586,0.002164798627058638,500000,3515981.735159817,38500000,270730593.60730577,33150.96885600622,1439979.981073965,0,0,9998560020.018927,5857790613.626236,142780000,14278,4229.357964843716,4679.598248318989,949.7877165247273,1400.028,10.604355747689729,-8.0,1497.4714394620764,2739.72602739726,24883350.735970076
78,1,0,442663865.10414296,1399244000.0,0.31635930910130255,819072926.9283952,1526115.635011442,0.0021073143358665875,500000,3515981.735159817,39000000,274246575.3424656,33668.43300038448,1473648.4140743497,0,0,9998526351.585926,5861772926.928395,142700000,14270,4246.711843825969,4705.611026591915,940.344817234053,1399.244,10.6558084303589,-8.0,1505.7955285094129,2739.72602739726,24882116.80547119
79,1,0,444877184.42966366,1398460000.0,0.31811934873336645,823134716.3189094,1518584.9596892924,0.00206168778593488,500000,3515981.735159817,39500000,277762557.0776254,34192.34464562237,1507840.758719972,0,0,9998492159.24128,5865754716.31891,142620000,14262,4264.364932430503,4731.781711706366,931.0432207241372,1398.46,10.708057314619712,-8.0,1514.1701477460372,2739.72602739726,24880891.24959154
80,1,0,447101570.35181195,1397676000.0,0.31988928074304196,827195975.2829025,1511129.209220954,0.0020455436536091914,500000,3515981.735159817,40000000,281278538.8127852,34722.7711667708,1542563.5298867428,0,0,9998457436.470114,5869735975.282903,142540000,14254,4282.315521272998,4758.111390675576,921.8801305974212,1397.676,10.76110005521034,-8.0,1522.5956450161843,2739.72602739726,24879674.119209163
81,1,0,449337078.20357096,1396892000.0,0.3216691613979971,831256697.2374655,1503747.2830645,0.0019982447602257154,500000,3515981.735159817,40500000,284794520.547945,35259.78059684534,1577823.3104835881,0,0,9998422176.689516,5873716697.237466,142460000,14246,4300.561978498662,4784.601159137992,912.8528193606701,1396.8919999999998,10.814934477512445,-8.0,1531.0723709241574,2739.72602739726,24878465.46555269
82,1,0,451583763.59458876,1396108000.0,0.32345904729045943,835316875.5309922,1496438.102253605,0.0019533209796802815,500000,3515981.735159817,41000000,288310502.28310484,35803.44163318967,1613626.7521167777,0,0,9998386373.247883,5877696875.5309925,142380000,14238,4319.102747832907,4811.252121434747,903.9586263981605,1396.108,10.869558573885238,-8.0,1539.600678859119,2739.72602739726,24877265.340204153
83,1,0,453841682.41256166,1395324000.0,0.32525899533911956,839376503.4425081,1489200.6088726853,0.0019253643442956176,500000,3515981.735159817,41500000,291826484.01826465,36353.82364390042,1649980.5757606782,0,0,9998350019.42424,5881676503.442508,142300000,14230,4337.9363467019875,4838.065390687895,895.1949560140922,1395.3239999999998,10.924970500130508,-8.0,1548.1809250201266,2739.72602739726,24876073.795101777
84,1,0,456110890.8246244,1394540000.0,0.32706906279104536,843435574.1809937,1482033.765547302,0.0018833948673577729,500000,3515981.735159817,42000000,295342465.75342447,36910.99667431366,1686891.5724349918,0,0,9998313108.427565,5885655574.180994,142220000,14222,4357.061364420947,4865.042088879418,886.5592755415292,1394.54,10.981168572083929,-8.0,1556.8134684414135,2739.72602739726,24874890.882542823
85,1,0,458391445.2787475,1393756000.0,0.3288893072236084,847494080.8847,1474936.5549493073,0.0018446240368466846,500000,3515981.735159817,42500000,298858447.4885843,37475.03145355402,1724366.603888546,0,0,9998275633.39611,5889634080.8847,142140000,14214,4376.4764604463035,4892.1833469309995,878.0491135153045,1393.7559999999999,11.038151262328208,-8.0,1565.4986710179198,2739.72602739726,24873716.655186445
86,1,0,460683402.5051412,1392972000.0,0.33071978654642104,851552016.6204587,1467907.9793162427,0.0018158510105759935,500000,3515981.735159817,43000000,302374429.2237441,38045.99940114647,1762412.6032896924,0,0,9998237587.39671,5893612016.620459,142060000,14206,4396.180362691016,4919.490304784593,869.6620579064228,1392.972,11.09591719702381,-8.0,1574.2368975310696,2739.72602739726,24872551.16605658
87,1,0,462986819.5176669,1392188000.0,0.3325605590032861,855609374.3829849,1460947.0599845117,0.0017678797947459567,500000,3515981.735159817,43500000,305890410.9589039,38623.97263369179,1801036.5759233842,0,0,9998198963.424076,5897589374.382985,141980000,14198,4416.171865899376,4946.964111483767,861.3957544156093,1392.1879999999999,11.154465152853017,-8.0,1583.0285156748052,2739.72602739726,24871394.46854486
88,1,0,465301753.6152552,1391404000.0,0.3344116831741573,859666147.0941732,1454052.8369358673,0.0017502553193217462,500000,3515981.735159817,44000000,309406392.6940637,39209.0239716059,1840245.59989499,0,0,9998159754.400105,5901566147.094173,141900000,14190,4436.449830079611,4974.605925255858,853.2479048237531,1391.404,11.213794054073555,-8.0,1591.8738960818746,2739.72602739726,24870246.616413545
89,1,0,467628262.3833314,1390620000.0,0.33627321797711196,863722327.6023872,1447224.3683567762,0.0017021106761067589,500000,3515981.735159817,44500000,312922374.42922354,39801.22694592401,1880046.826840914,0,0,9998119953.173159,5905542327.602387,141820000,14182,4457.0131789920115,5002.41691359493,845.2162653970814,1390.62,11.27390296967787,-8.0,1600.7734123503774,2739.72602739726,24869107.6637985
90,1,0,469966403.695248,1389836000.0,0.3381452226703352,867777908.681742,1440460.7302102314,0.0016809121726050393,500000,3515981.735159817,45000000,316438356.16438335,40400.655805169794,1920447.482646084,0,0,9998079552.517353,5909517908.681742,141740000,14174,4477.86089869055,5030.398253345543,837.2986453450075,1389.836,11.334791110654484,-8.0,1609.7274410705736,2739.72602739726,24867977.665212173
91,1,0,472316235.7137242,1389052000.0,0.34002775685411646,871832883.0313796,1433761.0158196094,0.0016341956236469869,500000,3515981.735159817,45500000,319954337.89954317,41007.38552229045,1961454.8681683743,0,0,9998038545.131832,5913492883.03138,141660000,14166,4498.992036116026,5058.55113078736,829.4929053286653,1389.052,11.396457827347954,-8.0,1618.7363618519553,2739.72602739726,24866856.67554663
92,1,0,474677816.89229274,1388268000.0,0.34192088047285735,875887243.2747378,1427124.3354641763,0.001608755063503467,500000,3515981.735159817,46000000,323470319.634703,41621.49180165795,2003076.3599700322,0,0,9997996923.64003,5917467243.274738,141580000,14158,4520.405697738811,5086.876741720569,821.7969560182418,1388.268,11.45890260691398,-8.0,1627.800557350582,2739.72602739726,24865744.750076585
93,1,0,477051205.9767541,1387484000.0,0.34382465381709204,879940981.9588115,1420549.815985863,0.0015756701319597061,500000,3515981.735159817,46500000,326986301.3698628,42243.05108613738,2045319.4110561695,0,0,9997954680.588943,5921440981.958812,141500000,14150,4542.101048249444,5115.3762915521565,814.2087566972882,1387.484,11.522125070866625,-8.0,1636.92041329669,2739.72602739726,24864641.944462486
94,1,0,479436462.0066379,1386700000.0,0.3457391375255195,883994091.5534072,1414036.6004069492,0.0015462173546952984,500000,3515981.735159817,47000000,330502283.1050226,42872.14056422263,2088191.5516203921,0,0,9997911808.44838,5925414091.553408,141420000,14142,4564.077309295303,5144.050995383033,806.7263139122701,1386.7,11.586124972714426,-8.0,1646.0963185225705,2739.72602739726,24863548.314753614
95,1,0,481833644.316671,1385916000.0,0.34766439258704784,888046564.4503899,1407583.8475582998,0.001515375533129923,500000,3515981.735159817,47500000,334018264.8401824,43508.83817724028,2131700.3897976326,0,0,9997868299.610203,5929386564.45039,141340000,14134,4586.333758261692,5172.902078096004,799.347680165689,1385.916,11.650902195682429,-8.0,1655.328664990721,2739.72602739726,24862463.91739121
96,1,0,484242812.5382543,1385132000.0,0.3496004803428513,892098392.9629232,1401190.7317178198,0.001488843658607607,500000,3515981.735159817,48000000,337534246.57534224,44153.22262662209,2175853.612424255,0,0,9997824146.387575,5933358392.962923,141260000,14126,4608.8697270958055,5201.930774444629,792.0709526511761,1385.1319999999998,11.716456750517464,-8.0,1664.617847822281,2739.72602739726,24861388.809211638
97,1,0,486664026.60094553,1384348000.0,0.351547462488439,896149569.3247018,1394856.4422588004,0.0014539013364213357,500000,3515981.735159817,48500000,341050228.31050205,44805.37338124683,2220658.9858055017,0,0,9997779341.014194,5937329569.324701,141180000,14118,4631.68460117196,5231.1383291429365,784.8942720290236,1384.348,11.782788773373683,-8.0,1673.9642653257395,2739.72602739726,24860323.047449566
98,1,0,489097346.7339502,1383564000.0,0.3535054010757364,900200085.6891768,1388580.1833078393,0.0014291175839698741,500000,3515981.735159817,49000000,344566210.04566187,45465.370684851885,2266124.3564903536,0,0,9997733875.643509,5941300085.689177,141100000,14110,4654.777818196724,5260.525996956038,777.8158212406858,1383.5639999999999,11.84989852377595,-8.0,1683.3683190259321,2739.72602739726,24859266.689741198
99,1,0,491542833.4676199,1382780000.0,0.3554743585151795,904249934.1287732,1382361.173412039,0.0013937931302573853,500000,3515981.735159817,49500000,348082191.7808217,46133.295563515465,2312257.652053869,0,0,9997687742.347946,5945269934.128773,141020000,14102,4678.148867152471,5290.095042791636,770.8338243608347,1382.78,11.917786382658454,-8.0,1692.8304136933234,2739.72602739726,24858219.794127494
100,1,0,494000547.63495797,1381996000.0,0.35745439757782077,908299106.6340998,1376198.6452151837,0.001372137033933323,500000,3515981.735159817,50000000,351598173.5159815,46809.22983320973,2359066.8818870788,0,0,9997640933.118113,5949239106.6341,140940000,14094,4701.7972872780465,5319.846741792426,763.9465454856211,1381.9959999999999,11.9864528504761,-8.0,1702.3509573735762,2739.72602739726,24857182.419057474
101,1,0,496470550.3731327,1381212000.0,0.35944558139744853,912347595.1131523,1370091.8451426192,0.0013482373767460974,500000,3515981.735159817,50500000,355114155.2511413,47493.25610742564,2406560.1379945045,0,0,9997593439.862005,5953207595.1131525,140860000,14086,4725.72266708526,5349.782379429421,757.1522876558395,1381.212,12.055898545386457,-8.0,1711.9303614174146,2739.72602739726,24856154.623391494
102,1,0,498952903.12499833,1380428000.0,0.36144797347271884,916395391.3905072,1364040.0330945603,0.0013205622273070481,500000,3515981.735159817,51000000,358630136.9863011,48185.457804870246,2454745.595799375,0,0,9997545254.404202,5957175391.390507,140780000,14078,4749.924643409951,5379.903251596201,750.4493918137501,1380.4279999999999,12.126124201499891,-8.0,1721.5690405107844,2739.72602739726,24855136.46640461
103,1,0,501447667.6406233,1379644000.0,0.3634616376692997,920442487.2065098,1358042.4821475684,0.0012880158532207523,500000,3515981.735159817,51500000,362146118.72146094,48885.919157236574,2503631.514956611,0,0,9997496368.485043,5961142487.20651,140700000,14070,4774.402900496449,5410.210664704086,743.8362357923628,1379.644,12.197130667195829,-8.0,1731.2674127053076,2739.72602739726,24854128.007789917
104,1,0,503954905.97882634,1378860000.0,0.3654866382220286,924488874.2164526,1352098.4782639416,0.001274071984705142,500000,3515981.735159817,52000000,365662100.45662075,49594.72521704735,2553226.2401736584,0,0,9997446773.759827,5965108874.216453,140620000,14062,4799.157169114295,5440.705935778264,737.3112333360315,1378.86,12.268918903503078,-8.0,1741.0258994490443,2739.72602739726,24853129.30766197
105,1,0,506474680.5087204,1378076000.0,0.367523039737083,928534543.9897469,1346207.3200087782,0.0012446802995536377,500000,3515981.735159817,52500000,369178082.19178057,50311.96186557251,2603538.202039231,0,0,9997396461.79796,5969074543.989747,140540000,14054,4824.187225706108,5471.39039255485,730.8728331512574,1378.076,12.341489982542086,-8.0,1750.844925617552,2739.72602739726,24852140.42656019
106,1,0,509007053.91126394,1377292000.0,0.3695709071941636,932579488.009086,1340368.3182744759,0.001212194806666219,500000,3515981.735159817,53000000,372694063.9269404,51037.7158208218,2654575.917860053,0,0,9997345424.08214,5973039488.009086,140460000,14046,4849.492891565575,5502.265373578935,724.5195179866398,1377.292,12.414845086027436,-8.0,1760.7249195452594,2739.72602739726,24851161.42545234
107,1,0,511552089.1808202,1376508000.0,0.3716303059486906,936623697.6696002,1334580.7960124402,0.0011965450582502742,500000,3515981.735159817,53500000,376210045.6621002,51772.07464561246,2706347.9925056654,0,0,9997293652.007494,5977003697.6696005,140380000,14038,4875.074032044539,5533.332228303583,718.2498037409562,1376.508,12.488985503828566,-8.0,1770.6663130571467,2739.72602739726,24850192.365738
108,1,0,514109849.6267243,1375724000.0,0.3737013017340137,940667164.2780044,1328844.0879717853,0.001178414354396666,500000,3515981.735159817,54000000,379726027.39726,52515.12675571312,2758863.1192613784,0,0,9997241136.88074,5980967164.278005,140300000,14030,4900.93055578822,5564.592317189826,712.062238598394,1375.724,12.563912632587005,-8.0,1780.6695415007441,2739.72602739726,24849233.309252106
109,1,0,516680398.87485784,1374940000.0,0.3757839606636347,944709879.0517362,1323157.540444811,0.0011529564532278406,500000,3515981.735159817,54500000,383242009.1324198,53266.96142806407,2812130.0806894423,0,0,9997187869.91931,5984929879.051737,140220000,14022,4927.062413997625,5596.047011807633,705.9554021899918,1374.9399999999998,12.639627974388429,-8.0,1790.7350437784423,2739.72602739726,24848284.31826849
110,1,0,519263800.86923206,1374156000.0,0.3778783492334437,948751833.118087,1317520.511019058,0.0011283659970007251,500000,3515981.735159817,55000000,386757990.86757964,54027.66880907512,2866157.7494985173,0,0,9997133842.250502,5988891833.118087,140140000,14014,4953.469599718297,5627.69769493791,699.9279047803878,1374.156,12.716133135487906,-8.0,1800.863262380131,2739.72602739726,24847345.455503475
111,1,0,521860119.8735782,1373372000.0,0.37998453432396917,952793017.5133239,1311932.368335739,0.0011035940718038366,500000,3515981.735159817,55500000,390273972.60273945,54797.33992300099,2920955.089421518,0,0,9997079044.910578,5992853017.513324,140060000,14006,4980.152147154489,5659.545760675483,693.9783864790063,1373.3719999999998,12.79342982508673,-8.0,1811.0546434161545,2739.72602739726,24846416.784119494
112,1,0,524469420.47294605,1372588000.0,0.38210258320264057,956833423.1818033,1306392.4918543566,0.0010831472933570633,500000,3515981.735159817,56000000,393789954.33789927,55576.066680395495,2976531.1561019137,0,0,9997023468.843899,5996813423.181803,139980000,13998,5007.110131007969,5691.592614533124,688.1055164748453,1372.588,12.871519854159311,-8.0,1821.3096366505997,2739.72602739726,24845498.367728747
113,1,0,527091767.5753107,1371804000.0,0.38423256352606544,960873040.9750766,1300900.271623328,0.0010679993266620317,500000,3515981.735159817,56500000,397305936.0730591,56363.94188664468,3032895.0979885585,0,0,9996967104.902012,6000773040.975077,139900000,13990,5034.343665840665,5723.839673546603,682.3079922940625,1371.8039999999999,12.950405134328744,-8.0,1831.628695534913,2739.72602739726,24844590.27039689
114,1,0,529727226.4131872,1371020000.0,0.38637454334231974,964911861.6509858,1295455.1080564314,0.0010594410728145256,500000,3515981.735159817,57000000,400821917.8082189,57161.059250579965,3090056.1572391386,0,0,9996909943.84276,6004731861.650986,139820000,13982,5061.852905460377,5756.28836638079,676.584539079588,1371.02,13.030087676789556,-8.0,1842.0122772418526,2739.72602739726,24843692.556646734
115,1,0,532375862.5452531,1370236000.0,0.3885285910932519,968949875.8727525,1290056.4117149096,0.001044367004709912,500000,3515981.735159817,57500000,404337899.5433787,57967.5133931715,3148023.67063231,0,0,9996851976.329369,6008689875.872753,139740000,13974,5089.638042328822,5788.940133436804,670.9339088920177,1370.2359999999999,13.110569591276361,-8.0,1852.4608426997772,2739.72602739726,24842805.291462038
116,1,0,535037741.8579793,1369452000.0,0.39069477561680094,972987074.2080561,1284703.60309506,0.0010102325993281193,500000,3515981.735159817,58000000,407853881.2785385,58783.399856302756,3206807.070488613,0,0,9996793192.929512,6012647074.2080555,139660000,13966,5117.699306991316,5821.796426960243,665.354880031074,1369.452,13.191853085077035,-8.0,1862.9748566272776,2739.72602739726,24841928.54029127
117,1,0,537712930.5672691,1368668000.0,0.39287316614932843,977023447.1281043,1279396.1124211526,0.000997365670840403,500000,3515981.735159817,58500000,411369863.01369834,59608.81511162679,3266415.88560024,0,0,9996733584.114399,6016603447.128104,139580000,13958,5146.036967527421,5854.858711150477,659.846256376944,1368.668,13.273940462089284,-8.0,1873.5547875681523,2739.72602739726,24841062.36905144
118,1,0,540401495.2201054,1367884000.0,0.3950638323279645,981058985.0066947,1274133.3794435207,0.0009791166345209969,500000,3515981.735159817,59000000,414885844.74885815,60443.856569504955,3326859.742169745,0,0,9996673140.25783,6020558985.006695,139500000,13950,5174.651329021874,5888.128462271041,654.4068667508329,1367.884,13.356834121919261,-8.0,1884.201107926733,2739.72602739726,24840206.844131973
119,1,0,543103502.6962059,1367100000.0,0.3972668441929675,985093678.1192665,1268914.8532416744,0.0009630044134505144,500000,3515981.735159817,59500000,418401826.48401797,61288.622588028455,3388148.3647577735,0,0,9996611851.635242,6024513678.1192665,139420000,13942,5203.542733055221,5921.607168761125,649.0355642940962,1367.1,13.44053655902119,-8.0,1894.91429400356,2739.72602739726,24839362.03239858
120,1,0,545819020.2096869,1366316000.0,0.3994822721900987,989127516.6419443,1263739.992032291,0.0009510201399683986,500000,3515981.735159817,60000000,421917808.2191778,62143.212482123825,3450291.577239897,0,0,9996549708.42276,6028467516.641945,139340000,13934,5232.711557213508,5955.296331348176,643.7312258653322,1366.316,13.525050361876826,-8.0,1905.6948260314164,2739.72602739726,24838528.00119722
121,1,0,548548115.3107352,1365532000.0,0.4017101871730104,993160490.6505715,1258608.2629819433,0.0009332152650397358,500000,3515981.735159817,60500000,425433789.9543376,63007.72653274253,3513299.3037726395,0,0,9996486700.696228,6032420490.650572,139260000,13926,5262.158214616467,5989.197463161618,638.4927514548501,1365.532,13.610378212213622,-8.0,1916.5431882117175,2739.72602739726,24837704.818358034
122,1,0,551290855.8872888,1364748000.0,0.4039506604056491,997192590.1197352,1253519.142024431,0.0009271144599499022,500000,3515981.735159817,61000000,428949771.6894974,63882.26599613559,3577181.5697687753,0,0,9996422818.430231,6036372590.119736,139180000,13918,5291.883153463657,6023.312089847721,633.3190636159362,1364.748,13.696522884260743,-8.0,1927.4598687512707,2739.72602739726,24836892.55219939
123,1,0,554047310.1667252,1363964000.0,0.40620376356467264,1001223804.9217819,1248472.1136825783,0.0009128841271380689,500000,3515981.735159817,61500000,432465753.4246572,64766.93311321402,3641948.5028819893,0,0,9996358051.497118,6040323804.921782,139100000,13910,5321.8868565979865,6057.641749685609,628.2091069123774,1363.964,13.783487244041728,-8.0,1938.445359899395,2739.72602739726,24836091.271531895
124,1,0,556817546.7175587,1363180000.0,0.408469568741882,1005254124.8258228,1243466.6708943811,0.000891867238478309,500000,3515981.735159817,62000000,435981735.15981704,65661.83111899525,3707610.3340009847,0,0,9996292389.665998,6044274124.825823,139020000,13902,5352.169841086126,6092.18799370442,623.1618473817059,1363.1799999999998,13.871274248702967,-8.0,1949.5001579854143,2739.72602739726,24835301.045662485
125,1,0,559601634.4511465,1362396000.0,0.41074814844666785,1009283539.4967306,1238502.31484337,0.000885730798346327,500000,3515981.735159817,62500000,439497716.89497685,66567.06425213683,3774177.3982531214,0,0,9996225822.601748,6048223539.496731,138940000,13894,5382.732657815314,6126.952385801652,618.1762720136621,1362.396,13.959886945877024,-8.0,1960.6247634565286,2739.72602739726,24834521.944398545
126,1,0,562399642.6234021,1361612000.0,0.41303957560847154,1013312038.4941258,1233578.5547930773,0.0008723933242228964,500000,3515981.735159817,63000000,443013698.63013667,67482.73776455742,3841660.136017679,0,0,9996158339.863983,6052172038.494125,138860000,13886,5413.575891106065,6161.9365028626835,613.2513882433811,1361.6119999999999,14.049328473079974,-8.0,1971.8196809160588,2739.72602739726,24833754.038052063
127,1,0,565211640.8365191,1360828000.0,0.41534392357926136,1017339611.2713546,1228694.9079254898,0.0008565138462544628,500000,3515981.735159817,63500000,446529680.3652965,68408.95793114637,3910069.0939488253,0,0,9996089930.906052,6056119611.271355,138780000,13878,5444.700158340322,6197.1419348814925,608.3862234588295,1360.828,14.139602057141786,-8.0,1983.0854191620774,2739.72602739726,24832997.39744383
128,1,0,568037699.0407016,1360044000.0,0.4176612661360233,1021366247.1744549,1223850.8991833795,0.0008473378439801272,500000,3515981.735159817,64000000,450045662.1004563,69345.83205956203,3979414.9260083875,0,0,9996020585.073992,6060066247.174455,138700000,13870,5476.106109604623,6232.570285082584,603.5798245220393,1360.0439999999999,14.230711013669067,-8.0,1994.4224912264265,2739.72602739726,24832252.09390766
129,1,0,570877887.5359051,1359260000.0,0.4199916774832667,1025391935.4411147,1219046.0611163978,0.0008383259173788544,500000,3515981.735159817,64500000,453561643.8356161,70293.46850011958,4049708.394508507,0,0,9995950291.605492,6064011935.441114,138620000,13862,5507.7944273478315,6268.223170044134,598.8312573036974,1359.26,14.322658746539224,-8.0,2005.831414414123,2739.72602739726,24831518.19929468
130,1,0,573732276.9735845,1358476000.0,0.4223352322555456,1029416665.1996188,1214279.933730835,0.0008343853643363329,500000,3515981.735159817,65000000,457077625.5707759,71251.97665576938,4120960.3711642763,0,0,9995879039.628836,6067956665.199619,138540000,13854,5539.765826053045,6304.10221982238,594.1396062306653,1358.4759999999999,14.415448747425469,-8.0,2017.3127103431616,2739.72602739726,24830795.785977628
131,1,0,576600938.3584524,1357692000.0,0.42469200551999453,1033440425.4677866,1209552.064342943,0.0008258401041056665,500000,3515981.735159817,65500000,460593607.30593574,72221.46699216616,4193181.8381564426,0,0,9995806818.161844,6071900425.467787,138460000,13846,5572.021051923269,6340.209078077247,589.5039738460214,1357.692,14.509084595351732,-8.0,2028.866904984719,2739.72602739726,24830084.926855218
132,1,0,579483943.0502447,1356908000.0,0.42706207277888014,1037463205.1518986,1204862.0074357179,0.0008194114685613782,500000,3515981.735159817,66000000,464109589.04109555,73202.05104782946,4266383.889204272,0,0,9995733616.110796,6075843205.151898,138380000,13838,5604.560882580467,6376.545402199232,584.923480381234,1356.908,14.60356995627691,-8.0,2040.4945287037542,2739.72602739726,24829385.695356525
133,1,0,582381362.7654959,1356124000.0,0.4294455099721677,1041484993.0456141,1200209.3245190564,0.0008049805735350031,500000,3515981.735159817,66500000,467625570.77625537,74193.84144439676,4340577.7306486685,0,0,9995659422.269352,6079784993.045614,138300000,13830,5637.386126777645,6413.1128634375655,580.3972633400789,1356.124,14.6989085827077,-8.0,2052.1961163000205,2739.72602739726,24828698.16544543
134,1,0,585293269.5793233,1355340000.0,0.43184239348010334,1045495777.828877,1195605.01965471,0.0008024872902466465,500000,3515981.735159817,67000000,471141552.5114152,75196.9518969693,4415774.682545638,0,0,9995584225.317455,6083725777.8288765,138230000,13823,5670.497624123609,6449.913147029669,575.9244770939401,1355.34,14.795104313339447,-7.0,2063.972207049494,2739.72602739726,24828022.411625084
135,1,0,588219735.9272199,1354654000.0,0.43422138489032613,1049505550.2517073,1191037.0552115883,0.0007930922666270012,500000,3515981.735159817,67500000,474657534.246575,76209.31232953696,4491983.994875175,0,0,9995508016.005125,6087665550.251707,138160000,13816,5703.746808121081,6486.88558549926,571.5152226218206,1354.654,14.890690375495296,-7.0,2075.8033873597633,2739.72602739726,24827358.488985047
136,1,0,591160834.6068559,1353968000.0,0.4366135939747881,1053514298.8184733,1186505.016022942,0.000776620026871449,500000,3515981.735159817,68000000,478173515.9817348,77233.16839387506,4569217.16326905,0,0,9995430782.836731,6091604298.818474,138090000,13809,5737.282376516351,6524.092872003126,567.1575045132251,1353.9679999999998,14.987121496674302,-7.0,2087.7097190410004,2739.72602739726,24826706.47267669
137,1,0,594116638.7798901,1353282000.0,0.4390190948966217,1057522011.9175282,1182008.4933584281,0.0007788509029386387,500000,3515981.735159817,68500000,481689497.7168946,78268.63610500692,4647485.799374057,0,0,9995352514.200626,6095542011.917528,138020000,13802,5771.10524250338,6561.536711275774,562.8505312276067,1353.282,15.084401506641493,-7.0,2099.6917476082476,2739.72602739726,24826066.438396905
138,1,0,597087221.9737895,1352596000.0,0.4414379622398628,1061528677.8200927,1177547.0848012837,0.0007776186299775713,500000,3515981.735159817,69000000,485205479.45205444,79315.83259537755,4726801.631969434,0,0,9995273198.36803,6099478677.820093,137950000,13795,5805.216348653961,6599.218822222412,558.5935264315488,1352.596,15.182534317139945,-7.0,2111.750023111172,2739.72602739726,24825438.46239262
139,1,0,600072658.0836583,1351910000.0,0.4438702710118709,1065524284.6791272,1173131.4039233157,0.0007670751414314562,500000,3515981.735159817,69500000,488721461.18721426,80374.87612536785,4807176.5080948025,0,0,9995192823.491905,6103414284.679127,137890000,13789,5839.616666700252,6637.140938050107,554.3857286501446,1351.9099999999999,15.281523921621238,-6.0,2123.885100176034,2739.72602739726,24824822.6214654
140,1,0,603073021.3740766,1351322000.0,0.4462837290994127,1069518822.8548515,1168749.883862169,0.0007620375162907251,500000,3515981.735159817,70000000,492237442.92237407,81443.55943561354,4888620.067530416,0,0,9995111379.93247,6107348822.854852,137830000,13783,5874.153642780413,6675.238926420603,550.2367163598096,1351.322,15.379853731618509,-6.0,2136.076456454593,2739.72602739726,24824218.971894458
141,1,0,606088386.4809469,1350734000.0,0.4487103948526852,1073512280.3187039,1164402.143242285,0.0007705289474720201,500000,3515981.735159817,70500000,495753424.6575339,82524.27130751581,4971144.338837932,0,0,9995028855.661161,6111282280.318704,137770000,13777,5908.980181300918,6713.578983069592,546.1351982313261,1350.734,15.479028196132003,-6.0,2148.3452745822697,2739.72602739726,24823627.591141645
142,1,0,609118828.4133515,1350146000.0,0.4511503410841135,1077494644.921512,1160098.573010602,0.0007562393931225746,500000,3515981.735159817,71000000,499269406.3926937,83617.13235180546,5054761.471189737,0,0,9994945238.52881,6115214644.921512,137720000,13772,5944.097321615607,6752.162861000781,542.0804606148258,1350.146,15.579051286821223,-5.0,2160.69211552025,2739.72602739726,24823048.55722977
143,1,0,612164422.5554183,1349656000.0,0.4535707043538637,1081475906.8078718,1155827.8757125179,0.0007573287778389259,500000,3515981.735159817,71500000,502785388.1278535,84719.848799979,5139481.319989717,0,0,9994860518.68001,6119145906.807872,137670000,13767,5979.3500672367645,6790.924278762264,538.0817884745003,1349.656,15.67837620604455,-5.0,2173.095769203924,2739.72602739726,24822481.926971577
144,1,0,615225244.6681952,1349166000.0,0.45600411266530233,1085456053.644229,1151589.689700799,0.0007636837269341425,500000,3515981.735159817,72000000,506301369.8630133,85834.8988026901,5225316.218792407,0,0,9994774683.781208,6123076053.644229,137620000,13762,6014.893880325575,6829.93159316134,534.1282871642353,1349.166,15.778537539346063,-5.0,2185.5781098116286,2739.72602739726,24821927.779053994
145,1,0,618301370.8915361,1348676000.0,0.45845063669223457,1089425072.974054,1147394.1907611869,0.0007493563258993956,500000,3515981.735159817,72500000,509817351.59817314,86962.40533479687,5312278.624127204,0,0,9994687721.375874,6127005072.974054,137580000,13758,6050.729864385607,6869.186577041373,530.2192873442337,1348.676,15.879539230782461,-4.0,2198.1397046532393,2739.72602739726,24821386.19273125
146,1,0,621392877.7459937,1348284000.0,0.46087684623268815,1093392954.723945,1143230.3405646202,0.000754446171078362,500000,3515981.735159817,73000000,513333333.33333296,88099.98526911475,5400378.609396318,0,0,9994599621.390604,6130932954.723945,137540000,13754,6086.7005518035085,6908.620758909783,526.3637928937252,1348.2839999999999,15.979804259049777,-4.0,2210.758642851131,2739.72602739726,24820857.225346707
147,1,0,624499842.1347237,1347892000.0,0.46331593490778467,1097349686.2501385,1139108.1764205082,0.0007507850662980759,500000,3515981.735159817,73500000,516849315.06849277,89250.20896632064,5489628.818362638,0,0,9994510371.181637,6134859686.250138,137510000,13751,6122.963984157803,6948.30469811669,522.5512860411127,1347.8919999999998,16.080897370497187,-3.0,2223.4575033973406,2739.72602739726,24820340.95682271
148,1,0,627622341.3453972,1347598000.0,0.465734099742948,1101305257.353439,1135016.8281262028,0.0007459801246973555,500000,3515981.735159817,74000000,520365296.8036526,90410.63185918418,5580039.450221823,0,0,9994419960.549778,6138785257.353439,137480000,13748,6159.361031380761,6988.168439787438,518.7905915933237,1347.598,16.18122149280602,-3.0,2236.21390073198,2739.72602739726,24819837.444696046
149,1,0,630760453.0521241,1347304000.0,0.4681649078842816,1105249655.201592,1130966.1976524375,0.0007493351753184669,500000,3515981.735159817,74500000,523881278.5388124,91583.8870070374,5671623.33722886,0,0,9994328376.662771,6142709655.2015915,137460000,13746,6196.051460690278,7028.284026536597,515.071434153681,1347.3039999999999,16.282361397177418,-2.0,2249.050888491711,2739.72602739726,24819346.76955714
150,1,0,633914255.3173847,1347108000.0,0.4705741895359427,1109192869.4695344,1126945.5785429075,0.0007418799214181027,500000,3515981.735159817,75000000,527397260.2739722,92767.46721753747,5764390.804446397,0,0,9994235609.195553,6146632869.469534,137440000,13744,6232.874474398137,7068.58000986549,511.40246453264695,1347.108,16.382700162024403,-2.0,2261.9456031569566,2739.72602739726,24818868.989132904
151,1,0,637083826.5939716,1346912000.0,0.47299587990453096,1113124887.1352773,1122964.7404766907,0.0007501947825830103,500000,3515981.735159817,75500000,530913242.009132,93964.06941699993,5858354.873863397,0,0,9994141645.126137,6150554887.135277,137430000,13743,6269.991568122807,7109.129926627922,507.77364149488517,1346.912,16.48384240077886,-1.0,2274.921576520935,2739.72602739726,24818404.18468203
152,1,0,640269245.7269413,1346814000.0,0.4753954486120142,1117055697.7478373,1119013.1365161217,0.0007450652853691302,500000,3515981.735159817,76000000,534429223.74429184,95171.12259990256,5953525.9964633,0,0,9994046474.003536,6154475697.747837,137420000,13742,6307.240271924009,7149.860825167696,504.1934467563129,1346.8139999999999,16.584151561114133,-1.0,2287.9554640536626,2739.72602739726,24817952.41411869
153,1,0,643470591.955576,1346716000.0,0.47780719316884623,1120975288.0942655,1115100.4070081667,0.0005541096841494882,500000,3515981.735159817,76500000,537945205.4794517,96391.38873183662,6049917.385195136,0,0,9993950082.614805,6158395288.094265,137420000,13742,6344.783812281094,7190.8477468980345,500.6520653830594,1346.716,16.6852518998177,0.0,2301.071279007371,2739.72602739726,24817513.7593703
154,1,0,646687944.9153538,1346716000.0,0.48019622913469046,1124893647.5976214,1111216.1604517673,0.0005617598860538833,500000,3515981.735159817,77000000,541461187.2146115,97622.23180382552,6147539.616998961,0,0,9993852460.383001,6162313647.597622,137420000,13742,6382.458042925706,7232.016228194421,497.15781473128504,1346.716,16.785487468966807,0.0,2314.245193022215,2739.72602739726,24817088.27853593
155,1,0,649921384.6399305,1346716000.0,0.48259721028036384,1128800762.852785,1107369.9107368817,0.0007572603904065008,500000,3515981.735159817,77500000,544977168.9497714,98866.4799962598,6246406.096995221,0,0,9993753593.903006,6166230762.852785,137430000,13743,6420.427923322939,7273.442824678975,493.7010986439639,1346.716,16.886501953642632,1.0,2327.501703897272,2739.72602739726,24816676.05421243
156,1,0,653170991.56313,1346814000.0,0.48497490489639256,1132696623.15684,1103561.1605482204,0.0007497225510629166,500000,3515981.735159817,78000000,548493150.6849313,100121.43110501752,6346527.528100239,0,0,9993653472.471899,6170146623.15684,137450000,13745,6458.52762737523,7315.05155268357,490.29007469166015,1346.8139999999999,16.986620261880038,2.0,2340.816496858742,2739.72602739726,24816277.144681893
157,1,0,656436846.5209455,1347010000.0,0.48732885911830315,1136591217.7776103,1099779.745302055,0.000756317652306997,500000,3515981.735159817,78500000,552009132.4200912,101387.11438955629,6447914.642489796,0,0,9993552085.35751,6174061217.777611,137470000,13747,6496.7558895459515,7356.841935663201,486.9239538827509,1347.01,17.08581746987455,2.0,2354.189419412224,2739.72602739726,24815891.60807391
158,1,0,659719030.7535502,1347206000.0,0.48969424924885296,1140474533.0537438,1096034.995760057,0.0007554397423924397,500000,3515981.735159817,79000000,555525114.155251,102666.45902636745,6550581.101516163,0,0,9993449418.898483,6177974533.053743,137500000,13750,6535.280265581137,7398.892808825961,483.59345675517625,1347.206,17.185765931609755,3.0,2367.6456988243076,2739.72602739726,24815519.527745336
159,1,0,663017625.9073179,1347500000.0,0.4920353439015346,1144346558.1278355,1092326.438281973,0.0007572900839543837,500000,3515981.735159817,79500000,559041095.8904109,103956.66106820336,6654537.762584366,0,0,9993345462.237415,6181886558.127835,137540000,13754,6573.932415732119,7441.125904058019,480.3065116740997,1347.5,17.28476273082359,4.0,2381.160289298566,2739.72602739726,24815160.96200724
160,1,0,666332714.0368544,1347892000.0,0.4943517092147252,1148217282.1143522,1088644.1263958649,0.0007572842315971773,500000,3515981.735159817,80000000,562557077.6255708,105257.74864304846,6759795.511227414,0,0,9993240204.488773,6185797282.114352,137580000,13758,6612.71112075003,7483.5407447805155,477.0623759695148,1347.8919999999998,17.382783747407565,4.0,2394.733038329765,2739.72602739726,24814815.969018172
161,1,0,669664377.6070386,1348284000.0,0.4966790213390047,1152076691.095264,1084997.2138674683,0.0007552520637298677,500000,3515981.735159817,80500000,566073059.3607306,106572.75424820128,6866368.265475615,0,0,9993133631.734524,6189706691.095264,137630000,13763,6651.78651790438,7526.218446839477,473.85207106490316,1348.2839999999999,17.48152902790503,5.0,2408.3899029886325,2739.72602739726,24814484.632893767
162,1,0,673012699.4950738,1348774000.0,0.4989810742904844,1155924774.0605502,1081385.249326385,0.0007613590632299018,500000,3515981.735159817,81000000,569589041.0958905,107898.76987357363,6974267.035349188,0,0,9993025732.964651,6193614774.060551,137690000,13769,6690.9877688741435,7569.078463264162,470.68330560998214,1348.774,17.579268941353583,6.0,2422.1051082445315,2739.72602739726,24814167.011974618
163,1,0,676377762.9925491,1349362000.0,0.5012574557402306,1159771519.9731724,1077798.4960597483,0.0007703566403920156,500000,3515981.735159817,81500000,573105022.8310504,109235.82253772924,7083502.857886918,0,0,9992916497.142113,6197521519.973172,137750000,13775,6730.31370211864,7612.120322130835,467.5553799878054,1349.3619999999999,17.675980260651798,6.0,2435.878503081867,2739.72602739726,24813863.164450303
164,1,0,679759651.8075117,1349950000.0,0.5035443177951122,1163606914.6579885,1074245.9367108678,0.0007663147929817385,500000,3515981.735159817,82000000,576621004.5662103,110587.05034386837,7194089.908230786,0,0,9992805910.091768,6201426914.657989,137820000,13782,6769.937018811151,7655.42741711177,464.45960169938024,1349.95,17.77338967450948,7.0,2449.7367734757668,2739.72602739726,24813573.175196383
165,1,0,683158450.0665492,1350636000.0,0.5058050059872158,1167430946.9541965,1070727.140873932,0.0007745877941398849,500000,3515981.735159817,82500000,580136986.3013701,111949.43895207174,7306039.347182858,0,0,9992693960.652817,6205330946.954197,137900000,13790,6809.684400707407,7698.91693201206,461.40346869534676,1350.636,17.86974201577063,8.0,2463.653418243859,2739.72602739726,24813297.10258723
166,1,0,686574242.3168819,1351420000.0,0.5080391309266415,1171253605.6750546,1067232.573665866,0.0007691185003668219,500000,3515981.735159817,83000000,583652968.03653,113323.01430172673,7419362.361484584,0,0,9992580637.638515,6209233605.675055,137980000,13798,6849.554725735259,7742.588404323775,458.38632141148474,1351.4199999999998,17.96501503536384,8.0,2477.628289383608,2739.72602739726,24813035.004849218
167,1,0,690007113.5284662,1352204000.0,0.5102832956628336,1175064876.3878722,1063771.0522354227,0.0007808842763714102,500000,3515981.735159817,83500000,587168949.7716899,114711.02234218677,7534073.383826771,0,0,9992465926.616173,6213134876.387873,138070000,13807,6889.723238396013,7786.527498853062,455.3997395429505,1352.204,18.06096094308903,9.0,2491.6887996329797,2739.72602739726,24812786.967621457
168,1,0,693457149.0961084,1353086000.0,0.5125004242864891,1178864747.7828379,1060342.1659278253,0.0007782409833619489,500000,3515981.735159817,84000000,590684931.5068498,116110.34019429727,7650183.724021068,0,0,9992349816.275978,6217034747.782838,138170000,13817,6930.014162727427,7830.649143816398,452.45101891102956,1353.086,18.1558002782382,10.0,2505.807726021247,2739.72602739726,24812553.049320083
169,1,0,696924434.8415889,1354066000.0,0.5146901516185982,1182653208.5252414,1056945.5111517883,0.000782635683403475,500000,3515981.735159817,84500000,594200913.2420096,117520.99275636235,7767704.71677743,0,0,9992232295.283222,6220933208.525242,138280000,13828,6970.426428164069,7874.952890916908,449.53953724716183,1354.066,18.249511849669947,11.0,2519.9849250934103,2739.72602739726,24812333.308217783
170,1,0,700409057.0157968,1355144000.0,0.5168521256898136,1186440247.255952,1053571.811046587,0.000783367594297817,500000,3515981.735159817,85000000,597716894.9771695,118943.00444938173,7886647.721226811,0,0,9992113352.278772,6224830247.255952,138390000,13839,7010.9589891896285,7919.438303865725,446.6646853239039,1355.144,18.34207507782571,11.0,2534.220257237032,2739.72602739726,24812127.802447625
171,1,0,703911102.3008757,1356222000.0,0.5190235096472965,1190215849.2230852,1050229.671211279,0.0007855205974644712,500000,3515981.735159817,85500000,601232876.7123294,120379.76802653231,8007027.489253344,0,0,9991992972.510746,6228725849.223085,138510000,13851,7051.790438784532,7964.194052188279,443.8183865962524,1356.222,18.435274293201292,12.0,2548.542096700249,2739.72602739726,24811936.61851693
172,1,0,707430657.81238,1357398000.0,0.5211667158875878,1193980002.9457319,1046918.7062731972,0.0007917554651996083,500000,3515981.735159817,86000000,604748858.4474893,121828.01251305395,8128855.501766398,0,0,9991871144.498234,6232620002.945732,138640000,13864,7092.741776701771,8009.132095525558,441.00768117621425,1357.398,18.527300023588715,13.0,2562.922270568178,2739.72602739726,24811759.814760104
173,1,0,710967811.1014417,1358672000.0,0.5232814182535901,1197732696.9195237,1043638.5373922894,0.0007988153873598198,500000,3515981.735159817,86500000,608264840.1826491,123287.76136807901,8252143.263134477,0,0,9991747856.736866,6236512696.919523,138780000,13878,7133.812012641289,8054.252018932157,438.23199370913255,1358.672,18.618132854460903,14.0,2577.36064605829,2739.72602739726,24811597.449378766
174,1,0,714522650.1569489,1360044000.0,0.5253673044084963,1201483919.6170647,1040380.1329263002,0.0008027691527194888,500000,3515981.735159817,87000000,611780821.917809,124759.03761888357,8376902.300753361,0,0,9991623097.699247,6240403919.617064,138920000,13892,7175.0001832914495,8099.553422575552,435.4907607158974,1360.0439999999999,18.707754026012065,14.0,2591.8570952241766,2739.72602739726,24811449.580446593
175,1,0,718095263.4077336,1361416000.0,0.5274620420266352,1205223655.9679856,1037151.8960902457,0.0008095493722008152,500000,3515981.735159817,87500000,615296803.6529689,126245.38423899781,8503147.684992358,0,0,9991496852.315008,6244293655.967985,139070000,13907,7216.488163788438,8145.1279361090565,432.7762276793814,1361.416,18.797977346803883,15.0,2606.440939554898,2739.72602739726,24811316.29535875
176,1,0,721685739.7247721,1362886000.0,0.5295275905136395,1208951894.324246,1033953.4648719109,0.0008092156482634019,500000,3515981.735159817,88000000,618812785.3881288,127743.37889952619,8630891.063891884,0,0,9991369108.936108,6248181894.324245,139230000,13923,7258.093802893489,8190.884610285862,430.0951926076269,1362.886,18.886966189984385,16.0,2621.083075291476,2739.72602739726,24811197.652406648
177,1,0,725294168.4233959,1364454000.0,0.5315636646038605,1212668623.0156472,1030784.4833088301,0.0008184374020439611,500000,3515981.735159817,88500000,622328767.1232886,129253.04375851684,8760144.107650401,0,0,9991239855.89235,6252068623.015647,139400000,13940,7299.816196413443,8236.823073578678,427.44712283476525,1364.454,18.97470305224078,17.0,2635.7833835451775,2739.72602739726,24811093.709762797
178,1,0,728920639.2655128,1366120000.0,0.5335699933135544,1216383830.3502147,1027636.1530061782,0.0008151837394579822,500000,3515981.735159817,89000000,625844748.8584485,130774.40059240152,8890918.508242803,0,0,9991109081.491756,6255953830.350215,139570000,13957,7341.65446909187,8282.94297256563,424.8314965262398,1366.12,19.061171120952416,17.0,2650.5417512210015,2739.72602739726,24811004.525486622
179,1,0,732565242.4618403,1367786000.0,0.5355846912176614,1220087500.9395573,1024516.6834652616,0.0008211141041949213,500000,3515981.735159817,89500000,629360730.5936084,132311.14581738063,9023229.654060183,0,0,9990976770.34594,6259837500.939557,139750000,13975,7383.793703222696,8329.338842026264,422.2408611964333,1367.7859999999998,19.14821089249587,18.0,2665.3884294484046,2739.72602739726,24810930.187888674
180,1,0,736228068.6741494,1369550000.0,0.5375693247228283,1223779622.9720023,1021425.7342873017,0.0008331785198497677,500000,3515981.735159817,90000000,632876712.3287683,133859.7027150278,9157089.356775211,0,0,9990842910.643225,6263719622.972002,139940000,13994,7426.048678981769,8375.9168934987,419.6817854830692,1369.55,19.233961554412797,19.0,2680.293405919584,2739.72602739726,24810870.7552672
181,1,0,739909209.0175201,1371412000.0,0.5395236508193891,1227460184.6148658,1018362.9706834207,0.0008277039332418661,500000,3515981.735159817,90500000,636392694.0639281,135420.0922963977,9292509.449071608,0,0,9990707490.550928,6267600184.614866,140140000,14014,7468.418584173705,8422.6768085486,417.153775625105,1371.412,19.31840762481138,20.0,2695.256578735552,2739.72602739726,24810826.28581854
182,1,0,743608755.0626076,1373372000.0,0.541447441088509,1231129174.0147808,1015328.0633612924,0.0008367205848967906,500000,3515981.735159817,91000000,639908675.799088,136992.33524498256,9429501.784316592,0,0,9990570498.215683,6271479174.014781,140350000,14035,7510.902637440657,8469.618289685042,414.6563477556145,1373.3719999999998,19.401534340758804,21.0,2710.2778526992133,2739.72602739726,24810796.837643843
183,1,0,747326798.8379205,1375430000.0,0.5433404817678257,1234796579.2980037,1012312.4901355448,0.0008370203295251569,500000,3515981.735159817,91500000,643424657.5342479,138576.4519368531,9568078.236253444,0,0,9990431921.763746,6275356579.298004,140560000,14056,7553.500088902612,8516.741061237899,412.1890276647131,1375.4299999999998,19.483327665628632,21.0,2725.357139596128,2739.72602739726,24810782.468756042
184,1,0,751063432.83211,1377488000.0,0.5452413616903451,1238452384.6986709,1009324.2303410427,0.000852768393266213,500000,3515981.735159817,92000000,646940639.2694077,140176.33449262552,9708254.57074607,0,0,9990291745.429255,6279232384.698671,140780000,14078,7596.399906465702,8564.143191269119,409.7447151965819,1377.4879999999998,19.565657279656783,22.0,2740.525821206118,2739.72602739726,24810783.268549852
185,1,0,754818749.9962705,1379644000.0,0.5471112475365171,1242096578.2244852,1006362.9688013692,0.0008495891414241595,500000,3515981.735159817,92500000,650456621.0045676,141788.20934559088,9850042.78009166,0,0,9990149957.219908,6283106578.224485,141010000,14101,7639.413175936108,8611.727466252985,407.3297096831221,1379.644,19.64663675924112,23.0,2755.752789200955,2739.72602739726,24810799.295311656
186,1,0,758592843.7462518,1381898000.0,0.548949954154541,1245729147.863383,1003428.3954453159,0.0008433802985889823,500000,3515981.735159817,93000000,653972602.7397275,143412.09626204227,9993454.876353702,0,0,9990006545.123646,6286979147.863383,141250000,14125,7682.539215669426,8659.493653761612,404.94356190781394,1381.898,19.726253468331645,24.0,2771.0379692037154,2739.72602739726,24810830.607253466
187,1,0,762385807.964983,1384250000.0,0.5507573111540423,1249350081.5837848,1000520.205205739,0.0008572714958992479,500000,3515981.735159817,93500000,657488584.4748874,145048.0147581666,10138502.891111868,0,0,9989861497.108889,6290850081.583785,141500000,14150,7725.777377249247,8707.441545756838,402.58583149241025,1384.25,19.80449551462165,25.0,2786.3812946421876,2739.72602739726,24810877.262520712
188,1,0,766197737.0048078,1386700000.0,0.552533162908205,1252969367.3348238,997630.1357301936,0.0008603275757365942,500000,3515981.735159817,94000000,661004566.2100472,146695.9841207384,10285198.875232605,0,0,9989714801.124767,6294719367.334824,141750000,14175,7769.127046058916,8755.570959369743,400.2560866891732,1386.7,19.881351753409383,25.0,2801.7827069983177,2739.72602739726,24810939.319200315
189,1,0,770028725.6898317,1389150000.0,0.5543164710001308,1256576988.973895,994765.948261355,0.0008513885695010388,500000,3515981.735159817,94500000,664520547.9452071,148360.09608860622,10433558.971321212,0,0,9989566441.028679,6298586988.973895,142010000,14201,7812.78091225895,8803.98335896078,397.9475532981688,1389.1499999999999,19.958715926789814,26.0,2817.2746748674494,2739.72602739726,24811016.867847785
190,1,0,773878869.3182808,1391698000.0,0.5560681048031116,1260172934.3322966,991927.3505602849,0.0008643101845676347,500000,3515981.735159817,95000000,668036529.680367,150036.37675826033,10583595.348079473,0,0,9989416404.65192,6302452934.332296,142280000,14228,7856.546543653198,8852.578265061406,395.66627859179306,1391.6979999999999,20.034681271212012,27.0,2832.8250448196495,2739.72602739726,24811109.966865208
191,1,0,777748263.6648722,1394344000.0,0.5577879373130821,1263757191.2224858,989114.0550431504,0.0008584388857426495,500000,3515981.735159817,95500000,671552511.4155269,151724.84497075,10735320.193050222,0,0,9989264679.80695,6306317191.222486,142560000,14256,7900.423398537599,8901.355545412644,393.4118531249542,1394.3439999999998,20.109238078731437,28.0,2848.4337745320454,2739.72602739726,24811218.674612343
192,1,0,781637004.9831965,1397088000.0,0.5594758561974597,1267329747.4382493,986325.7786907755,0.0008627653493228286,500000,3515981.735159817,96000000,675068493.1506867,153425.5193963764,10888745.712446598,0,0,9989111254.287554,6310179747.43825,142850000,14285,7944.410970537929,8950.315095172064,391.1838753658648,1397.088,20.18237739549085,29.0,2864.10083045506,2739.72602739726,24811343.049415402
193,1,0,785545190.0081124,1399930000.0,0.5611317637368386,1270900590.754854,983554.5038637328,0.0008724866919314199,500000,3515981.735159817,96500000,678584474.8858466,155138.41855536107,11043884.131001959,0,0,9988956115.868998,6314040590.754854,143140000,14314,7988.508789095384,8999.456837581893,388.9819515134919,1399.9299999999998,20.25409102212728,29.0,2879.8261880262053,2739.72602739726,24811483.149576034
194,1,0,789472915.9581529,1402772000.0,0.5627948917986336,1274459704.6527855,980807.7850060909,0.0008700771062443739,500000,3515981.735159817,97000000,682100456.6210065,156867.83722820831,11200751.968230167,0,0,9988799248.03177,6317899704.652785,143440000,14344,8032.913087840751,9048.885478411681,386.79960942907,1402.772,20.326291506746745,30.0,2895.6433530917375,2739.72602739726,24811639.066901732
195,1,0,793420280.5379436,1405712000.0,0.5644259140833567,1278007076.7897506,978085.350779053,0.0008798653513782505,500000,3515981.735159817,97500000,685616438.3561664,158609.59819480928,11359361.566424977,0,0,9988640638.433575,6321757076.789751,143750000,14375,8077.428106834554,9098.497446589381,384.6426602451714,1405.712,20.397057055250574,31.0,2911.5191829086016,2739.72602739726,24811810.860057246
196,1,0,797387381.9406332,1408750000.0,0.5660247609161548,1281542694.8052144,975386.9340966489,0.0008677961678954138,500000,3515981.735159817,98000000,689132420.0913262,160363.71969607635,11519725.286121054,0,0,9988480274.713879,6325612694.805214,144070000,14407,8122.053452408285,9148.29272230151,382.5107301067753,1408.75,20.466380907866807,32.0,2927.453671136483,2739.72602739726,24811998.587700985
197,1,0,801374318.8503363,1411886000.0,0.5675913769598511,1285066546.3204932,972712.2720446789,0.0008770812860378868,500000,3515981.735159817,98500000,692648401.8264861,162130.2198809776,11681855.506002031,0,0,9988318144.493998,6329466546.320494,144400000,14440,8166.788767966884,9198.271315707112,380.4034522597717,1411.886,20.534257055163554,33.0,2943.4468210262758,2739.72602739726,24812202.308494616
198,1,0,805381190.444588,1415120000.0,0.5691257211010995,1288588618.9388266,970053.577711567,0.0008846310419441945,500000,3515981.735159817,99000000,696164383.561646,163909.1168266284,11845764.62282866,0,0,9988154235.37717,6333318618.938827,144730000,14473,8211.633734375537,9248.433267485378,378.32046689016,1415.12,20.60068023515701,33.0,2959.498645595321,2739.72602739726,24812422.081112817
199,1,0,809408096.3968108,1418354000.0,0.5706671933782475,1292098895.762699,967418.2093176135,0.0008849965202311827,500000,3515981.735159817,99500000,699680365.2968059,165704.91128764345,12011469.534116304,0,0,9987988530.465883,6337168895.762699,145070000,14507,8256.787936523278,9298.886354300346,376.255582222932,1418.354,20.667576486099453,34.0,2975.6436333761103,2739.72602739726,24812657.9987188
200,1,0,813455136.8787948,1421686000.0,0.5721763714904661,1295597364.2776196,964805.9146037032,0.0008836158461451193,500000,3515981.735159817,100000000,703196347.0319657,167513.22023917432,12178982.754355477,0,0,9987821017.245644,6341017364.277619,145420000,14542,8302.05248835581,9349.524100393337,374.214387962473,1421.686,20.733014260143374,35.0,2991.847712125868,2739.72602739726,24812910.12040353
201,1,0,817522412.5631887,1425116000.0,0.5736532412541777,1299084011.9511375,962216.4452032624,0.0008799416382977415,500000,3515981.735159817,100500000,706712328.7671256,169334.0616419431,12348316.81599742,0,0,9987651683.184002,6344864011.951138,145780000,14578,8347.427150763315,9400.346608591717,372.1965421715977,1425.116,20.79698970607467,36.0,3008.11091474935,2739.72602739726,24813178.50529088
202,1,0,821610024.6260046,1428644000.0,0.5750978022698479,1302558826.2328568,959649.5565694744,0.0008803022859271421,500000,3515981.735159817,101000000,710228310.5022855,171167.45344066492,12519484.269438084,0,0,9987480515.730562,6348708826.232857,146150000,14615,8392.91172304777,9451.354013749025,370.20170929874456,1428.644,20.859499706050308,37.0,3024.433284399688,2739.72602739726,24813463.212547883
203,1,0,825718074.7491345,1432270000.0,0.5765100677589662,1306031794.5544336,957097.6795602948,0.0008802376282759891,500000,3515981.735159817,101500000,713744292.2374454,173013.41358305854,12692497.683021143,0,0,9987307502.316978,6352551794.554434,146520000,14652,8438.506043203653,9502.546483167665,368.2295600359891,1432.27,20.920541869672714,37.0,3040.8148746136526,2739.72602739726,24813764.3013951
204,1,0,829846665.1228801,1435896000.0,0.5779295054257969,1309492899.6383443,954567.9860847212,0.0008880123240578592,500000,3515981.735159817,102000000,717260273.9726052,174876.65124914498,12867374.334270287,0,0,9987132625.66573,6356392899.638344,146900000,14690,8484.412844008513,9554.034680781322,366.27416322719256,1435.896,20.98205042255852,38.0,3057.291097850023,2739.72602739726,24814081.866465554
205,1,0,833995898.4484944,1439620000.0,0.5793166936056003,1312942128.7979178,952060.2413333106,0.0008829256577326706,500000,3515981.735159817,102500000,720776255.7077651,176752.575586419,13044126.909856707,0,0,9986955873.090143,6360232128.797918,147290000,14729,8530.430323671026,9605.709422911848,364.3409007591771,1439.62,21.042089241038063,39.0,3073.8270153317917,2739.72602739726,24814415.96745349
206,1,0,838165877.9407368,1443442000.0,0.5806716708677846,1316379469.3284974,949574.2140658406,0.0008806618386153395,500000,3515981.735159817,103000000,724292237.442925,178641.20458024065,13222768.114436947,0,0,9986777231.885563,6364069469.328497,147690000,14769,8576.558402415634,9657.570943036008,362.4294593796267,1443.442,21.100657287876928,40.0,3090.4227017715225,2739.72602739726,24814766.664127868
207,1,0,842356707.3304404,1447362000.0,0.5819944888220365,1319814908.5073862,947102.500466277,0.0008874938261558433,500000,3515981.735159817,103500000,727808219.1780849,180542.55627095708,13403310.670707904,0,0,9986596689.329292,6367904908.507386,148090000,14809,8622.797039786898,9709.619508196338,360.53953159055897,1447.3619999999999,21.157754230328603,40.0,3107.0782426228284,2739.72602739726,24815134.016343094
208,1,0,846568490.8670925,1451282000.0,0.5833245991248376,1323238428.7343135,944652.1298475662,0.0008845307964716092,500000,3515981.735159817,104000000,731324200.9132447,182461.50823269098,13585772.178940594,0,0,9986414227.82106,6371738428.734314,148500000,14850,8669.351336608366,9761.967955204404,358.6653814039617,1451.282,21.21531710373815,41.0,3123.8297456654095,2739.72602739726,24815518.120061364
209,1,0,850801333.3214278,1455300000.0,0.5846226436620819,1326650017.1673832,942222.8800546604,0.0008843755638089217,500000,3515981.735159817,104500000,734840182.6484046,184393.30209027388,13770165.481030868,0,0,9986229834.518969,6375570017.167383,148920000,14892,8716.01730400384,9814.505070808045,356.812233195795,1455.3,21.271409532124004,42.0,3140.6416226585743,2739.72602739726,24815919.035656627
210,1,0,855055339.9880348,1459416000.0,0.5858886979367328,1330049660.9465168,939814.5322712736,0.0008837108827537921,500000,3515981.735159817,105000000,738356164.3835645,186337.9560264335,13956503.437057301,0,0,9986043496.562943,6379399660.946517,149350000,14935,8762.7949847382,9867.231190492443,354.97979424575675,1459.416,21.326032475677938,43.0,3157.5139809575817,2739.72602739726,24816336.82361019
211,1,0,859330616.6879749,1463630000.0,0.5871228498240504,1333447347.1933494,937419.8408591285,0.0008914041220081872,500000,3515981.735159817,105500000,741872146.1187243,188295.48832715052,14144798.925384453,0,0,9985855201.074615,6383227347.19335,149780000,14978,8809.684461284145,9920.146684140556,353.1677771435886,1463.6299999999999,21.37918757038217,43.0,3174.446938924978,2739.72602739726,24816771.54452172
212,1,0,863627269.7714148,1467844000.0,0.5883644786308455,1336833057.9822066,935045.6981418051,0.000887779253076981,500000,3515981.735159817,106000000,745388127.8538842,190270.9463027313,14335069.871687183,0,0,9985664930.128313,6387053057.982206,150220000,15022,8856.893075731214,9973.366445236885,351.3706304943286,1467.8439999999998,21.432811635832643,44.0,3191.477262475803,2739.72602739726,24817223.2957568
213,1,0,867945406.1202717,1472156000.0,0.5895743427464696,1340206780.3144515,932691.8937887556,0.0008883353594853023,500000,3515981.735159817,106500000,748904109.5890441,192259.40291505962,14527329.274602244,0,0,9985472670.725397,6390876780.314451,150670000,15067,8904.214780179816,10026.77735146707,349.5934287127471,1472.156,21.4849709252464,45.0,3208.568752469462,2739.72602739726,24817692.13848187
214,1,0,872285133.150873,1476566000.0,0.5907525523077688,1343568501.1729233,930358.2205959561,0.0008801118235709494,500000,3515981.735159817,107000000,752420091.324204,194260.87668797813,14721590.151290221,0,0,9985278409.84871,6394698501.172923,151130000,15113,8951.64974078982,10080.379842783099,347.8358980067217,1476.566,21.535668295308206,46.0,3225.7215496905915,2739.72602739726,24818178.134004164
215,1,0,876646558.8166273,1481074000.0,0.591899229084183,1346928207.5217907,928037.5843489744,0.0008819341577119655,500000,3515981.735159817,107500000,755936073.0593638,196275.38629248398,14917865.537582705,0,0,9985082134.462418,6398518207.5217905,151590000,15159,8999.198163581357,10134.174394091164,346.0977694901948,1481.0739999999998,21.584907244864667,46.0,3242.935806109172,2739.72602739726,24818681.34378288
216,1,0,881029791.6107103,1485582000.0,0.5930536258588959,1350275881.107019,925736.7457198515,0.0008735311901195771,500000,3515981.735159817,108000000,759452054.7945237,198308.14993160192,15116173.687514307,0,0,9984883826.312485,6402335881.107019,152060000,15206,9047.069503145876,10188.277836642399,344.3736665034772,1485.5819999999999,21.634621442006267,47.0,3260.2489077255677,2739.72602739726,24819201.86666321
217,1,0,885434940.5687637,1490188000.0,0.5941766680236076,1353611508.771251,923455.5054387149,0.0008805857553324726,500000,3515981.735159817,108500000,762968036.5296836,200354.07092794759,15316527.758442255,0,0,9984683472.241558,6406151508.771251,152540000,15254,9095.055781546283,10242.57526093235,342.6685206139343,1490.1879999999999,21.682882537931224,48.0,3277.6240834983523,2739.72602739726,24819739.76471931
218,1,0,889862115.2716074,1494892000.0,0.5952684978390461,1356945077.3381357,921186.8784343811,0.0008723986684537043,500000,3515981.735159817,109000000,766484018.2648435,202413.16827515495,15518940.92671741,0,0,9984481059.073282,6409965077.338136,153020000,15302,9143.157288450238,10297.067212950165,340.98207550007373,1494.8919999999998,21.729695169988187,48.0,3295.0615081440524,2739.72602739726,24820295.10020006
219,1,0,894311425.8479654,1499596000.0,0.5963682390777019,1360266568.284101,918937.5297055349,0.000864515455714628,500000,3515981.735159817,109500000,770000000.0000033,204490.7891946516,15723431.71591206,0,0,9984276568.284088,6413776568.2841015,153510000,15351,9191.584978335017,10351.871899163736,339.30907917128053,1499.596,21.776988783205784,49.0,3312.5990077323954,2739.72602739726,24820867.9731804
220,1,0,898782982.977205,1504398000.0,0.5974369701217398,1363575968.3101346,916707.2675452979,0.0008736619926273382,500000,3515981.735159817,110000000,773515981.7351632,206581.7091261171,15930013.425038178,0,0,9984069986.574963,6417585968.310135,154010000,15401,9240.12949956034,10406.873139465244,337.6543600950957,1504.398,21.822840605654214,50.0,3330.199404628878,2739.72602739726,24821458.44655763
221,1,0,903276897.8920909,1509298000.0,0.598474852475847,1366883264.0978618,914489.2126724609,0.0008671784426044629,500000,3515981.735159817,110500000,777031963.4703231,208685.94743269827,16138699.372470876,0,0,9983861300.62753,6421393264.097862,154510000,15451,9288.791225115303,10462.071551304603,336.01767381069953,1509.298,21.86725635350677,50.0,3347.862896417473,2739.72602739726,24822066.58342665
222,1,0,907793282.3815513,1514198000.0,0.5995208568374488,1370178436.851888,912289.9371208965,0.0008604387021830062,500000,3515981.735159817,111000000,780547945.205483,210808.9811337481,16349508.353604624,0,0,9983650491.646395,6425198436.851888,155020000,15502,9337.782547855635,10517.586659659337,334.3938881962988,1514.1979999999999,21.91215993217959,51.0,3365.627731090988,2739.72602739726,24822692.485130347
223,1,0,912332248.7934589,1519196000.0,0.6005362367946327,1373461473.1299856,910109.2563968237,0.0008603219532245704,500000,3515981.735159817,111500000,784063926.9406428,212945.45706220638,16562453.810666831,0,0,9983437546.189333,6429001473.129986,155540000,15554,9386.892803240786,10573.30107105168,332.7877321891058,1519.196,21.955635373704098,52.0,3383.4563427365374,2739.72602739726,24823336.21544569
224,1,0,916893910.0374261,1524292000.0,0.601521171821033,1376742359.4701533,907940.3937865951,0.0008571582660619779,500000,3515981.735159817,112000000,787579908.6758027,215095.39499201064,16777549.205658842,0,0,9983222450.794342,6432802359.470154,156060000,15606,9436.122447068636,10629.215474537212,331.19897253142324,1524.292,21.997689410846924,52.0,3401.3489518519077,2739.72602739726,24823997.838370144
225,1,0,921478379.5876131,1529388000.0,0.6025144564934556,1380011076.8028405,905789.83097438,0.0008630674707998251,500000,3515981.735159817,112500000,791095890.4109626,217264.40247280803,16994813.60813165,0,0,9983005186.391869,6436601076.80284,156590000,15659,9485.685249243743,10685.450656842542,329.62259240120017,1529.388,22.040239141615313,53.0,3419.344210189613,2739.72602739726,24824677.456552938
226,1,0,926085771.4855511,1534582000.0,0.6034775407801937,1383267611.540955,903657.3903494506,0.000850602416983872,500000,3515981.735159817,113000000,794611872.1461225,219446.99704537564,17214260.605177026,0,0,9982785739.394823,6440397611.540955,157130000,15713,9535.36929271185,10741.88806808633,328.0632246255209,1534.5819999999999,22.081376577565432,54.0,3437.4041817876255,2739.72602739726,24825375.134707328
227,1,0,930716200.3429788,1539874000.0,0.6044106208319504,1386521950.0771852,901536.394667558,0.000847333515990858,500000,3515981.735159817,113500000,798127853.8812823,221643.1989298987,17435903.804106925,0,0,9982564096.195892,6444191950.077185,157670000,15767,9585.175115393198,10798.528468858069,326.52064653513,1539.874,22.121109403901883,54.0,3455.5291100345817,2739.72602739726,24826090.937789965
228,1,0,935369781.3446937,1545166000.0,0.6053522931158812,1389764073.0654495,899433.2377889509,0.0008389996588818523,500000,3515981.735159817,114000000,801643835.6164422,223858.7468954968,17659762.55100242,0,0,9982340237.448997,6447984073.06545,158220000,15822,9635.317803277805,10855.493851021682,324.989952256123,1545.166,22.161346695006714,55.0,3473.758032326938,2739.72602739726,24826824.969794895
229,1,0,940046630.251417,1550556000.0,0.6062642240921431,1392993966.77207,897347.7486744564,0.0008405329205650359,500000,3515981.735159817,114500000,805159817.3516021,226088.0285394633,17885850.579541884,0,0,9982114149.420458,6451773966.77207,158780000,15878,9685.584246599907,10912.66456481603,323.47568178387655,1550.556,22.20018956413096,56.0,3492.0526607411293,2739.72602739726,24827577.29642824
230,1,0,944746863.4026741,1556044000.0,0.6071466252899494,1396221617.442672,895273.3465690962,0.0008368331203469771,500000,3515981.735159817,115000000,808675799.086762,228331.06455770164,18114181.644099586,0,0,9981885818.3559,6455561617.442672,159340000,15934,9735.975064555827,10970.041442093241,321.9776224625855,1556.0439999999999,22.237646583442586,56.0,3510.413261469837,2739.72602739726,24828347.983662315
231,1,0,949470597.7196873,1561532000.0,0.6080378741644022,1399437005.452243,893216.3399495546,0.0008232027643996062,500000,3515981.735159817,115500000,812191780.8219218,230593.7255888958,18344775.36968848,0,0,9981655224.630312,6459347005.452243,159910000,15991,9786.706598803552,11027.747623583917,320.4909752196351,1561.532,22.275617641450797,57.0,3528.879239546853,2739.72602739726,24829137.136874467
232,1,0,954217950.7082857,1567118000.0,0.608899872701536,1402640116.9187376,891176.5640540542,0.0008272341373877239,500000,3515981.735159817,116000000,815707762.5570817,232870.26866530732,18577645.638353787,0,0,9981422354.361647,6463130116.918737,160490000,16049,9837.564605926216,11085.662415563793,319.02019036242467,1567.118,22.31221402039786,58.0,3547.411972980414,2739.72602739726,24829944.822820053
233,1,0,958989040.461827,1572802000.0,0.6097328465133101,1405840937.9389155,889147.5317489514,0.0008157845311509452,500000,3515981.735159817,116500000,819223744.2922416,235160.71498193045,18812806.35333572,0,0,9981187193.646664,6466910937.938915,161070000,16107,9888.549785405121,11143.786720694741,317.5650647103786,1572.802,22.347445113195572,58.0,3566.0117506223173,2739.72602739726,24830771.10854328
234,1,0,963783985.664136,1578486000.0,0.6105749342497406,1409029448.6064131,887135.4684859979,0.0008117785683591409,500000,3515981.735159817,117000000,822739726.0274014,237471.0676622284,19050277.420997947,0,0,9980949722.579002,6470689448.606413,161660000,16166,9939.879674864173,11202.244772825987,316.120902038184,1578.4859999999999,22.383200516158038,59.0,3584.7183273043156,2739.72602739726,24831616.100843187
235,1,0,968602905.5924566,1584268000.0,0.6113882913701827,1412215634.8889956,885133.9477616472,0.0008106518993256973,500000,3515981.735159817,117500000,826255707.7625613,239795.4525773061,19290072.873575255,0,0,9980709927.126425,6474465634.888996,162250000,16225,9991.338955407844,11260.914889426853,314.69206598099083,1584.268,22.417602691833807,59.0,3603.492764616593,2739.72602739726,24832479.86758041
236,1,0,973445920.1204188,1590050000.0,0.6122108865258443,1415389476.6624753,883149.1406503528,0.0008096074704569096,500000,3515981.735159817,118000000,829771689.4977212,242139.9616801385,19532212.835255396,0,0,9980467787.164745,6478239476.662476,162850000,16285,10043.145927967525,11319.922001530376,313.2739264371477,1590.05,22.45253376939847,60.0,3622.3750404897205,2739.72602739726,24833362.516593505
237,1,0,978313149.7210208,1595930000.0,0.6130050501720131,1418550959.7646592,881180.8919486371,0.0007979604022655129,500000,3515981.735159817,118500000,833287671.2328811,244498.63297595218,19776711.468231346,0,0,9980223288.531769,6482010959.764659,163460000,16346,10095.084577013373,11379.143786529039,311.8707904843342,1595.9299999999998,22.48612400449078,61.0,3641.3260116892925,2739.72602739726,24834264.116577797
238,1,0,983204715.4696258,1601908000.0,0.6137710252209402,1421710070.0114002,879222.8643284452,0.0007904938612989282,500000,3515981.735159817,119000000,836803652.968041,246871.48841882413,20023582.95665017,0,0,9979976417.04335,6485780070.0114,164070000,16407,10147.155721903287,11438.581252656808,310.48246924647987,1601.908,22.51838382104212,61.0,3660.346000850179,2739.72602739726,24835184.73655125
239,1,0,988120739.0469738,1607886000.0,0.6145465157647829,1424856786.992728,877281.1495239749,0.0007838565034648646,500000,3515981.735159817,119500000,840319634.7032008,249264.75383219274,20272847.710482363,0,0,9979727152.289518,6489546786.992728,164690000,16469,10199.578777536946,11498.3603481465,309.10442939044776,1607.886,22.551183609612227,62.0,3679.4753114068794,2739.72602739726,24836124.48583526
240,1,0,993061342.7422086,1613962000.0,0.6152941288222452,1428001096.3932111,875349.467978154,0.0007849271325759929,500000,3515981.735159817,120000000,843835616.4383607,251672.33467678557,20524520.04515915,0,0,9979475479.954842,6493311096.393211,165310000,16531,10252.136732386562,11558.357836377325,307.7408960092357,1613.962,22.58266611342054,62.0,3698.674507640744,2739.72602739726,24837083.434315506
241,1,0,998026649.4559195,1620038000.0,0.6160513824094987,1431132977.581861,873433.8594531603,0.0007723776414454725,500000,3515981.735159817,120500000,847351598.1735206,254100.5465098934,20778620.59166904,0,0,9979221379.40833,6497072977.5818615,165940000,16594,10305.049711080825,11618.700313063315,306.3873980175105,1620.038,22.61469334801064,63.0,3717.9841001802606,2739.72602739726,24838061.692388292
242,1,0,1003016782.703199,1626212000.0,0.6167810732568687,1434252416.1110127,871534.177637576,0.000762537211358489,500000,3515981.735159817,121000000,850867579.9086804,256543.20600813164,21035163.797677174,0,0,9978964836.202322,6500832416.111012,166580000,16658,10358.100057686732,11679.263950689205,305.04810699752727,1626.212,22.645416685738788,64.0,3737.3644642205454,2739.72602739726,24839059.330825116
243,1,0,1008031866.616715,1632484000.0,0.6174834587148879,1437369397.5102847,869644.2279661613,0.0007568243995488195,500000,3515981.735159817,121500000,854383561.6438403,259000.33588787084,21294164.133565046,0,0,9978705835.866434,6504589397.510284,167220000,16722,10411.288708491687,11740.049861312269,303.7228471794195,1632.484,22.67484743127723,64.0,3756.815955619926,2739.72602739726,24840076.42075334
244,1,0,1013072025.9497985,1638756000.0,0.6181957691991965,1440473900.8585238,867769.9743501197,0.000749966121488067,500000,3515981.735159817,122000000,857899543.3790002,261478.38692077584,21555642.520485822,0,0,9978444357.479515,6508343900.858524,167870000,16787,10464.836822889823,11801.185584279703,302.407238610119,1638.7559999999999,22.70483455552395,65.0,3776.3793869695046,2739.72602739726,24841113.074112915
245,1,0,1018137386.0795474,1645126000.0,0.6188810985174068,1443575911.5518084,865905.2773028743,0.0007369006350440839,500000,3515981.735159817,122500000,861415525.1141601,263971.04187525273,21819613.562361076,0,0,9978180386.43764,6512095911.551808,168520000,16852,10518.525825450211,11862.546450178284,301.10537527192804,1645.126,22.733543090424842,65.0,3796.014864057051,2739.72602739726,24842169.362949576
246,1,0,1023228073.009945,1651496000.0,0.6195764767277335,1446665408.444829,864056.051042081,0.0007335281013324188,500000,3515981.735159817,123000000,864931506.8493199,266484.84213935473,22086098.404500432,0,0,9977913901.595499,6515845408.444829,169180000,16918,10572.577533750518,11924.260597887482,299.8129358630357,1651.4959999999999,22.76281281772445,66.0,3815.7633913239943,2739.72602739726,24843245.400313504
247,1,0,1028344213.3749946,1657964000.0,0.6202452003632133,1449752376.7992005,862216.2101639723,0.0007180306134355256,500000,3515981.735159817,123500000,868447488.5844798,269013.3807882327,22355111.785288665,0,0,9977644888.214712,6519592376.7992,169840000,16984,10626.772778105787,11986.20281439993,298.5339637058571,1657.964,22.790818144774985,66.0,3835.584900607978,2739.72602739726,24844341.259186715
248,1,0,1033485934.4418695,1664432000.0,0.6209240956926264,1452826795.2440088,860391.6200417234,0.0007183581156951299,500000,3515981.735159817,124000000,871963470.3196397,271563.290351573,22626675.07564024,0,0,9977373324.92436,6523336795.244009,170510000,17051,10681.334020408678,12048.501825583866,297.26419482481333,1664.432,22.819389466591797,67.0,3855.520584186837,2739.72602739726,24845457.053743508
249,1,0,1038653364.1140788,1670998000.0,0.6215766650313638,1455888648.905498,858582.1456467414,0.0007124624808938813,500000,3515981.735159817,124500000,875479452.0547996,274128.07367063797,22900803.149310876,0,0,9977099196.850689,6527078648.9054985,171190000,17119,10736.041510174802,12111.031887230898,296.00762294390455,1670.9979999999998,22.846710743153672,68.0,3875.530203913887,2739.72602739726,24846592.857920025
250,1,0,1043846630.934649,1677662000.0,0.6222031797433863,1458947922.8862376,856781.7811667618,0.0007051119422705555,500000,3515981.735159817,125000000,878995433.7899594,276707.75442036416,23177510.903731238,0,0,9976822489.09627,6530817922.886238,171870000,17187,10790.896335613805,12173.794246957943,294.76408865586154,1677.662,22.8727941743874,68.0,3895.614159026542,2739.72602739726,24847748.746051654
251,1,0,1049065864.0893221,1684326000.0,0.6228401533250226,1461994595.5189452,854996.3206644562,0.0006923556047715127,500000,3515981.735159817,125500000,882511415.5251193,279309.10245223955,23456820.00618348,0,0,9976543179.993816,6534554595.518946,172560000,17256,10846.121897085257,12236.918485130507,293.52941195475154,1684.326,22.89945566673329,69.0,3915.813915241762,2739.72602739726,24848924.8339395
252,1,0,1054311193.4097686,1691088000.0,0.6234514072654815,1465038651.7695801,853219.8099280024,0.0006915155431921469,500000,3515981.735159817,126000000,886027397.2602792,281925.4845248959,23738745.490708373,0,0,9976261254.50929,6538288651.76958,173250000,17325,10901.497617222378,12300.278102622273,292.3075146001046,1691.088,22.924894118030224,69.0,3936.088992839127,2739.72602739726,24850121.196904942
253,1,0,1059582749.3768173,1697850000.0,0.6240732393184424,1468070069.7422347,851457.9962927072,0.0006811447745807914,500000,3515981.735159817,126500000,889543378.995439,284563.7625051874,24023309.253213562,0,0,9975976690.746786,6542020069.742235,173950000,17395,10957.247492290098,12364.003221627987,291.09427066211225,1697.85,22.9509153570024,70.0,3956.481030920955,2739.72602739726,24851337.95190847
254,1,0,1064880663.1237013,1704710000.0,0.6246696875853965,1471098834.265394,849704.9762290219,0.0006733208992344927,500000,3515981.735159817,127000000,893059360.7305989,287217.2120007192,24310526.465214282,0,0,9975689473.534786,6545748834.265394,174650000,17465,11013.15041115514,12427.966856248986,289.8935549061531,1704.71,22.97572846390278,70.0,3976.949393999675,2739.72602739726,24852575.175275072
255,1,0,1070205066.4393197,1711570000.0,0.6252768314701238,1474114923.2131312,847966.4511335323,0.000666297310493366,500000,3515981.735159817,127500000,896575342.4657588,289892.78742273606,24600419.252637018,0,0,9975399580.747362,6549474923.213131,175360000,17536,11069.43095336855,12492.299659087766,288.70129428078315,1711.57,23.00112903601728,71.0,3997.5358909080855,2739.72602739726,24853832.985138584
256,1,0,1075556091.7715163,1718528000.0,0.6258589279729607,1477128321.2756135,846236.5672608238,0.000654086130201606,500000,3515981.735159817,128000000,900091324.2009187,292583.672677456,24893002.925314475,0,0,9975106997.074686,6553198321.275614,176070000,17607,11125.867486268637,12556.874168741942,287.5213175266953,1718.528,23.025336472007524,71.0,4018.1997339974214,2739.72602739726,24855111.458845187
257,1,0,1080933872.2303739,1725486000.0,0.6264518357322945,1480129006.0955203,844520.9808416859,0.0006535702880110395,500000,3515981.735159817,128500000,903607305.9360785,295296.9152530647,25188299.84056754,0,0,9974811700.159433,6556919006.09552,176790000,17679,11182.685160411846,12621.821557106232,286.34960330561375,1725.4859999999999,23.05013599423429,72.0,4038.982898273994,2739.72602739726,24856410.715716064
258,1,0,1086338541.5915256,1732542000.0,0.6270200327562192,1483126962.2238812,842813.8870361446,0.0006425777719242146,500000,3515981.735159817,129000000,907123287.6712384,298025.6067989683,25486325.44736651,0,0,9974513674.552633,6560636962.223881,177510000,17751,11239.661833522217,12687.013898243047,285.18993527916984,1732.542,23.073757446233184,72.0,4059.8444474377748,2739.72602739726,24857730.834136106
259,1,0,1091770234.299483,1739598000.0,0.6275991546894645,1486112167.0706244,841120.8976668145,0.0006339460620583541,500000,3515981.735159817,129500000,910639269.4063983,300776.88841672,25787102.33578323,0,0,9974212897.664217,6564352167.070624,178240000,17824,11297.0232152223,12752.582872533781,284.0383426885184,1739.598,23.09797554197494,73.0,4080.82651921081,2739.72602739726,24859071.93462792
260,1,0,1097229085.4709804,1746752000.0,0.6281539024835697,1489094605.0468462,839436.2559393562,0.0006254553584827227,500000,3515981.735159817,130000000,914155251.1415582,303543.75893808267,26090646.09472131,0,0,9973909353.90528,6568064605.046846,178970000,17897,11354.546665210113,12818.400100171377,282.8985650387373,1746.752,23.12103068701879,73.0,4101.888032054841,2739.72602739726,24860434.09663258
261,1,0,1102715230.8983352,1753906000.0,0.6287196867439505,1492064253.3283875,837765.53001093,0.0006190610020968772,500000,3515981.735159817,130500000,917671232.876718,306333.4536186171,26396979.548339926,0,0,9973603020.45166,6571774253.328387,179710000,17971,11412.45844057878,12884.597759531705,281.7666810470748,1753.906,23.144686963281888,74.0,4123.071283050145,2739.72602739726,24861817.441888236
262,1,0,1108228807.052827,1761158000.0,0.6292614331325338,1495031096.1856415,836103.0102913684,0.0006135328239678842,500000,3515981.735159817,131000000,921187214.6118779,309138.87790587376,26706118.4262458,0,0,9973293881.573753,6575481096.185641,180450000,18045,11470.53541426107,12951.047027298924,280.6463869621459,1761.158,23.16719544639953,74.0,4144.335048735656,2739.72602739726,24863222.050909575
263,1,0,1113769951.088091,1768410000.0,0.6298143253476801,1497985110.5590467,834454.2220005913,0.0005987850516684362,500000,3515981.735159817,131500000,924703196.3470378,311967.3617546076,27018085.78800041,0,0,9972981914.212,6579185110.559047,181200000,18120,11529.004379570797,13017.88056966746,279.53380990333557,1768.4099999999999,23.19030947214626,75.0,4165.721782293587,2739.72602739726,24864648.046664473
264,1,0,1119338800.8435311,1775760000.0,0.6303435153644249,1500936280.5775511,832813.5019289606,0.0005978203174817216,500000,3515981.735159817,132000000,928219178.0821977,314811.71665552346,27332897.50465593,0,0,9972667102.495344,6582886280.577551,181950000,18195,11587.641733607765,13084.969129866618,278.4326037411468,1775.76,23.21229088541167,75.0,4187.190121557318,2739.72602739726,24866095.510758635
265,1,0,1124935494.8477488,1783110000.0,0.6308839582794942,1503874582.9448984,831186.3330732408,0.0005905011961509944,500000,3515981.735159817,132500000,931735159.8173575,317679.36781262443,27650576.872468557,0,0,9972349423.127531,6586584582.944899,182710000,18271,11646.674795003586,13152.44585205204,277.3389429515469,1783.11,23.234882171080955,76.0,4208.782672656653,2739.72602739726,24867564.567403894
266,1,0,1130560172.3219874,1790558000.0,0.6314010338240857,1506810001.6478775,829567.0977979936,0.0005824639139004968,500000,3515981.735159817,133000000,935251141.5525174,320563.0321807594,27971139.904649317,0,0,9972028860.09535,6590280001.647878,183470000,18347,11705.879495628174,13220.181055743986,276.25643988418983,1790.558,23.256356033828116,76.0,4230.457937838075,2739.72602739726,24869055.299314335
267,1,0,1136212973.183597,1798006000.0,0.6319294669670719,1509732513.152269,827961.2375771542,0.0005650016559204902,500000,3515981.735159817,133500000,938767123.2876773,323470.2307684147,28294610.135417733,0,0,9971705389.864582,6593972513.152269,184240000,18424,11765.483668875993,13288.308353522461,275.1813153535316,1798.0059999999999,23.27844401200781,77.0,4252.258673127188,2739.72602739726,24870567.831960067
268,1,0,1141894038.049515,1805552000.0,0.6324348664837761,1512652101.3020198,826363.1795599785,0.0005627890718930699,500000,3515981.735159817,134000000,942283105.0228372,326393.585408888,28621003.720826622,0,0,9971378996.279173,6597662101.30202,185010000,18501,11825.262791660742,13356.697650635559,274.11714102518306,1805.552,23.29942975218986,77.0,4274.143248203379,2739.72602739726,24872102.249180876
269,1,0,1147603508.2397625,1813098000.0,0.6329517258525257,1515558742.3237038,824778.3243844968,0.0005547656016974894,500000,3515981.735159817,134500000,945799086.757997,329340.71347586764,28950344.43430249,0,0,9971049655.565697,6601348742.323704,185790000,18579,11885.445201933133,13425.483018872581,273.0601830605525,1813.098,23.321033759421976,78.0,4296.154566039226,2739.72602739726,24873658.67771952
270,1,0,1153341525.7809613,1820742000.0,0.6334458840302257,1518462419.9177752,823201.1432115042,0.000548027894673094,500000,3515981.735159817,135000000,949315068.4931569,332304.14108842367,29282648.575390913,0,0,9970717351.424608,6605032419.917775,186570000,18657,11945.805931595038,13494.533958336871,272.0139732581658,1820.742,23.341550696093858,78.0,4318.250866667799,2739.72602739726,24875237.20255879
271,1,0,1159108233.4098659,1828386000.0,0.6339516018006405,1521353110.070383,821636.9965169955,0.0005412254390612421,500000,3515981.735159817,135500000,952831050.2283168,335291.5825519439,29617940.157942858,0,0,9970382059.842056,6608713110.070383,187360000,18736,12006.573813295296,13563.984991134763,270.9748221605331,1828.386,23.362689955791318,79.0,4340.475197163124,2739.72602739726,24876837.951728556
272,1,0,1164903774.576915,1836128000.0,0.6344349492937938,1524240796.3378716,820080.3987160424,0.0005300682808325604,500000,3515981.735159817,136000000,956347031.9634767,338295.4676713253,29956235.62561418,0,0,9970043764.374386,6612390796.337872,188150000,18815,12067.52344353955,13633.705221042757,269.9462224967941,1836.128,23.382757282693486,79.0,4362.785670733682,2739.72602739726,24878461.011371896
273,1,0,1170728293.4497995,1843870000.0,0.6349299535486772,1527115454.4647753,818536.6707837561,0.0005204484478786758,500000,3515981.735159817,136500000,959863013.6986365,341323.6082562151,30297559.233870395,0,0,9969702440.76613,6616065454.464775,188950000,18895,12128.884140164708,13703.829611915146,268.9245282495604,1843.87,23.403450889144803,80.0,4385.2254758128465,2739.72602739726,24880106.510820314
274,1,0,1176581934.9170485,1851710000.0,0.6354029167186268,1529987067.8627453,817000.3696476714,0.0005173416258456515,500000,3515981.735159817,137000000,963378995.4337964,344368.33718984347,30641927.571060237,0,0,9969358072.42894,6619737067.862745,189750000,18975,12190.430073567864,13774.22687971027,267.9131938575941,1851.7099999999998,23.423087659363066,80.0,4407.752601507286,2739.72602739726,24881774.537394427
275,1,0,1182464844.5916336,1859550000.0,0.6358876311965979,1532845612.0335402,815476.777430778,0.000509889182479512,500000,3515981.735159817,137500000,966894977.1689563,347437.56436501484,30989365.13542525,0,0,9969010634.864574,6623405612.033541,190560000,19056,12252.391037611265,13845.032421784614,266.90861582665144,1859.55,23.443354562799858,81.0,4430.410374971076,2739.72602739726,24883465.221742
276,1,0,1188377168.8145916,1867488000.0,0.6363506318726502,1535701070.2435722,813960.4928462816,0.000502386694777008,500000,3515981.735159817,138000000,970410958.9041162,350523.5251279807,31339888.66055323,0,0,9968660111.339447,6627071070.243572,191370000,19137,12314.540785544434,13916.114574478448,265.91421106598517,1867.4879999999998,23.462579674474938,81.0,4453.156663833103,2739.72602739726,24885178.652378436
277,1,0,1194319054.6586645,1875426000.0,0.6368254757365337,1538543417.750692,812456.7598017388,0.0005001784872068275,500000,3515981.735159817,138500000,973926940.639276,353634.22804020473,31693522.888593435,0,0,9968306477.111406,6630733417.750692,192190000,19219,12377.109578438502,13987.609160727692,264.92641771080923,1875.426,23.482438667175252,82.0,4476.034931432861,2739.72602739726,24886914.961282473
278,1,0,1200290649.9319577,1883462000.0,0.6372789309961963,1541382637.6755643,810960.2180838401,0.00048489656495802157,500000,3515981.735159817,139000000,977442922.3744359,356761.81028756883,32050284.698881004,0,0,9967949715.301119,6634392637.675564,193010000,19301,12439.87076103109,14059.384145146963,263.94861588412573,1883.462,23.501270850234256,82.0,4499.002926447028,2739.72602739726,24888674.238181524
279,1,0,1206292103.1816175,1891498000.0,0.6377443186202775,1544218705.0310316,809470.8320314649,0.00048240419067754046,500000,3515981.735159817,139500000,980958904.1095958,359914.3796925562,32410199.07857356,0,0,9967589800.921427,6638048705.031032,193830000,19383,12503.055053130622,14131.575768651179,262.9772844794425,1891.4979999999998,23.520740553633406,82.0,4522.104245968378,2739.72602739726,24890456.616400097
280,1,0,1212323563.6975255,1899534000.0,0.6382215657616687,1547041594.6588938,807993.7891234477,0.0004728228076515365,500000,3515981.735159817,140000000,984474885.8447556,363092.1072977498,32773291.185871307,0,0,9967226708.814129,6641701594.658894,194660000,19466,12566.664722707217,14204.186348093288,262.012374613928,1899.5339999999999,23.54084395785085,83.0,4545.339631389852,2739.72602739726,24892262.23000409
281,1,0,1218385181.516013,1907668000.0,0.6386777895923258,1549861289.4122565,806523.7892831361,0.0004691996047062873,500000,3515981.735159817,140500000,987990867.5799155,366286.9817971821,33139578.167668488,0,0,9966860421.83233,6645351289.412256,195490000,19549,12630.472507293336,14277.08329503096,261.05721226237677,1907.668,23.559937180575393,83.0,4568.666654409907,2739.72602739726,24894091.170631107
282,1,0,1224477107.4235928,1915802000.0,0.6391459594590635,1552667763.885736,805065.9832543613,0.00045983286904897116,500000,3515981.735159817,141000000,991506849.3150754,369507.26168035896,33509085.429348845,0,0,9966490914.570652,6648997763.885736,196330000,19633,12694.709810737959,14350.403475090308,260.1083356476509,1915.802,23.57966765190269,84.0,4592.129112028899,2739.72602739726,24895943.57371574
283,1,0,1230599492.9607105,1924034000.0,0.6395934234845697,1555471000.7854848,803615.1103870103,0.0004497178600757438,500000,3515981.735159817,141500000,995022831.0502353,372744.8354110019,33881830.264759846,0,0,9966118169.73524,6652641000.785484,197170000,19717,12759.148968538066,14424.013932850563,259.16903568750246,1924.0339999999999,23.598402613473645,84.0,4615.68445851218,2739.72602739726,24897819.532146856
284,1,0,1236752490.425514,1932266000.0,0.640052917365163,1558270974.4579132,802171.1374267671,0.00044968451411947014,500000,3515981.735159817,142000000,998538812.7853951,376008.0627315818,34257838.327491425,0,0,9965742161.672508,6656280974.457913,198010000,19801,12824.021837545562,14498.051948193726,258.23588935183545,1932.2659999999998,23.617778261550484,84.0,4639.376623421993,2739.72602739726,24899719.182742883
285,1,0,1242936252.8776414,1940498000.0,0.6405243668778022,1561067659.0759122,800734.0314384386,0.0004407117876517537,500000,3515981.735159817,142500000,1002054794.520555,379297.1171607544,34637135.44465218,0,0,9965362864.555347,6659917659.075912,198850000,19885,12889.330747335362,14572.519896140677,257.3088511946839,1940.4979999999998,23.63779073647436,84.0,4663.206366765016,2739.72602739726,24901642.663082253
286,1,0,1249150934.1420295,1948730000.0,0.6410076994463212,1563851028.6379387,799308.870927897,0.0004395726342994671,500000,3515981.735159817,143000000,1005570776.2557149,382612.1731333545,35019747.61778553,0,0,9964980252.382214,6663551028.6379385,199700000,19970,12955.078046100683,14647.420169858327,256.3878762423552,1948.73,23.658436277748194,85.0,4687.174454354665,2739.72602739726,24903590.11150921
287,1,0,1255396688.8127396,1957060000.0,0.6414707207815497,1566631065.4567826,797890.4718294722,0.0004292129998047062,500000,3515981.735159817,143500000,1009086757.9908748,385944.916315934,35405692.534101464,0,0,9964594307.465899,6667181065.456782,200550000,20055,13021.035262059735,14722.619075355065,255.47618670466997,1957.06,23.67810415010358,85.0,4711.238104113621,2739.72602739726,24905561.62358593
288,1,0,1261673672.2568033,1965390000.0,0.6419457065807821,1569407743.2795558,796478.8024990398,0.000424571811344739,500000,3515981.735159817,144000000,1012602739.7260346,389303.91238674504,35794996.44648821,0,0,9964205003.553513,6670807743.279556,201400000,20140,13087.435165153627,14798.254730868697,254.57043428492864,1965.3899999999999,23.69840846019105,85.0,4735.441513877983,2739.72602739726,24907557.33907241
289,1,0,1267982040.618087,1973720000.0,0.6424325844689658,1572171035.6772735,795078.8887683173,0.00041504994102688615,500000,3515981.735159817,144500000,1016118721.4611945,392689.33744212065,36187685.78393033,0,0,9963812314.21607,6674431035.677274,202260000,20226,13154.28014477196,14874.32956893443,253.67057583752856,1973.7199999999998,23.719345479325284,86.0,4759.785462059017,2739.72602739726,24909577.398507074
290,1,0,1274321950.8211772,1982148000.0,0.6428994963146936,1574930924.6903758,793685.6025896918,0.0004104917703950497,500000,3515981.735159817,145000000,1019634703.1963544,396092.7220576427,36583778.50598797,0,0,9963416221.494013,6678050924.690376,203120000,20312,13221.3411121249,14950.70932832672,252.77978379817847,1982.148,23.73932061463772,86.0,4784.226985064551,2739.72602739726,24911621.89946474
291,1,0,1280693560.575283,1990576000.0,0.6433783792104814,1577687383.6365547,792298.9135647287,0.00040524538079413157,500000,3515981.735159817,145500000,1023150684.9315143,399522.7889810733,36983301.294969045,0,0,9963016698.70503,6681667383.636555,203980000,20398,13288.851534235582,15027.532770031408,251.89476420417392,1990.576,23.75993174590082,86.0,4808.8104864100505,2739.72602739726,24913690.983923756
292,1,0,1287097028.3781593,1999004000.0,0.6438691610312732,1580440385.6557705,790918.7915881815,0.00039913995641343143,500000,3515981.735159817,146000000,1026666666.6666741,402979.7159440381,37386281.01091308,0,0,9962613718.989086,6685280385.65577,204840000,20484,13356.813842443476,15104.802366784603,251.01547565887444,1999.004,23.781175178119877,86.0,4833.536757371073,2739.72602739726,24915784.794653732
293,1,0,1293532513.52005,2007432000.0,0.6443717712580301,1583179903.7093468,789550.1939301441,0.00039385215898496596,500000,3515981.735159817,146500000,1030182648.401834,406463.68158359453,37792744.69249667,0,0,9962207255.307503,6688889903.709347,205710000,20571,13425.230487319992,15182.520610129566,250.1418771904262,2007.432,23.80304731240155,87.0,4858.406595241461,2739.72602739726,24917903.475221578
294,1,0,1300000176.08765,2015958000.0,0.6448547916611607,1585915919.4384894,788188.0651293276,0.0003889923687679998,500000,3515981.735159817,147000000,1033698630.1369939,409966.006017156,38202710.69851383,0,0,9961797289.301487,6692495919.43849,206580000,20658,13493.871542274323,15260.552465486004,249.2770767883187,2015.9579999999999,23.82397463561019,87.0,4883.376788955521,2739.72602739726,24920047.125983138
295,1,0,1306500176.9680882,2024484000.0,0.6453497172455244,1588648405.5482628,786832.3762731066,0.00038595267058588663,500000,3515981.735159817,147500000,1037214611.8721538,413495.625386409,38616206.32390024,0,0,9961383793.6761,6696098405.548263,207450000,20745,13562.971421951412,15339.037571540435,248.4178504109774,2024.484,23.8455338888796,87.0,4908.4920228929395,2739.72602739726,24922215.891978636
296,1,0,1313032677.8529284,2033010000.0,0.6458564777610186,1591367334.5634933,785488.0346295988,0.00038003755221286686,500000,3515981.735159817,148000000,1040730593.6073136,417052.7199295052,39033259.04382975,0,0,9960966740.956171,6699697334.563494,208330000,20833,13632.532619909469,15417.978461166962,247.5641587425078,2033.01,23.86772150694667,88.0,4933.753107573428,2739.72602739726,24924409.919058815
297,1,0,1319597841.242193,2041634000.0,0.6463439780304369,1594082687.8498485,784150.0378415522,0.0003756228670900927,500000,3515981.735159817,148500000,1044246575.3424735,420628.4488045904,39453887.49263433,0,0,9960546112.507366,6703292687.849849,209210000,20921,13702.324568565578,15497.239505495858,246.7190630697212,2041.634,23.888979421424043,88.0,4959.116641758675,2739.72602739726,24926629.30967318
298,1,0,1326195830.4484038,2050258000.0,0.6468433877338383,1596794437.6740913,782818.3581480819,0.0003743655014175328,500000,3515981.735159817,149000000,1047762557.0776334,424231.91091692937,39878119.403551266,0,0,9960121880.596449,6706884437.674091,210090000,21009,13772.58240657773,15576.961016372225,245.8793902055051,2050.258,23.910868850538073,88.0,4984.6275252391115,2739.72602739726,24928874.211171024
299,1,0,1332826809.6006458,2058882000.0,0.647354636934339,1599492556.121177,781497.8539389479,0.00036547283104003067,500000,3515981.735159817,149500000,1051278538.8127933,427863.2880742551,40305982.69162552,0,0,9959694017.308374,6710472556.121177,210980000,21098,13843.308671286388,15657.145568866828,245.04510241955984,2058.882,23.9333862643719,89.0,5010.286582037385,2739.72602739726,24931144.771725666
300,1,0,1339490943.648649,2067604000.0,0.6478469492459141,1602187024.2802413,780183.5747368919,0.00036166896326515736,500000,3515981.735159817,150000000,1054794520.5479531,431513.5760955479,40737496.26772107,0,0,9959262503.732279,6714057024.280241,211870000,21187,13914.272148882947,15737.65693331562,244.21921556732556,2067.604,23.954988819078583,89.0,5036.050218660998,2739.72602739726,24933441.09591693
301,1,0,1346188398.366892,2076326000.0,0.6483511733547103,1604877813.9764566,778875.4938937423,0.00035925629651315004,500000,3515981.735159817,150500000,1058310502.283113,435192.03894454526,41172688.306665614,0,0,9958827311.693335,6717637813.976457,212760000,21276,13985.708708538474,15818.636102660554,243.3986058779219,2076.326,23.977222432719,89.0,5061.963552851377,2739.72602739726,24935763.333442386
302,1,0,1352919340.3587265,2085048000.0,0.6488672396792431,1607564896.851652,777573.5850217273,0.00035690533989546553,500000,3515981.735159817,151000000,1061826484.0182729,438898.85996467836,41611587.16663029,0,0,9958388412.83337,6721214896.851652,213650000,21365,14057.620932189548,15900.08569504972,242.58323713982907,2085.048,24.00008361235614,89.0,5088.02742241591,2739.72602739726,24938111.634837408
303,1,0,1359683937.06052,2093770000.0,0.6493950801953032,1610238244.3634305,776282.6428794579,0.0003532095811707852,500000,3515981.735159817,151500000,1065342465.7534328,442634.2233812921,42054221.39001158,0,0,9957945778.60999,6724788244.36343,214550000,21455,14130.011421946849,15982.00834843965,241.77307350720076,2093.77,24.02356895751216,90.0,5114.242671500688,2739.72602739726,24940486.151481513
304,1,0,1366482356.7458224,2102590000.0,0.6499043354842468,1612907837.195249,774997.7842340317,0.00034962119321305373,500000,3515981.735159817,152000000,1068858447.4885926,446388.9033413087,42500610.29335289,0,0,9957499389.706648,6728357837.19525,215450000,21545,14202.648085412005,16064.267013421892,240.9710719901133,2102.5899999999997,24.046155493823605,90.0,5140.565444295005,2739.72602739726,24942886.99089841
305,1,0,1373314768.5295515,2111410000.0,0.650425435386567,1615573646.542345,773718.9837648538,0.000345306502108924,500000,3515981.735159817,152500000,1072374429.2237525,450172.3880638749,42950782.681416765,0,0,9957049217.318583,6731923646.542345,216350000,21635,14275.767786332573,16147.003613886105,240.1741724464687,2111.41,24.06936922189335,90.0,5167.0411564435535,2739.72602739726,24945314.30602746
306,1,0,1380181342.372199,2120230000.0,0.6509583122454635,1618225643.41424,772450.9898154186,0.0003417784828382696,500000,3515981.735159817,153000000,1075890410.9589124,453984.86326503154,43404767.544681795,0,0,9956595232.455318,6735485643.41424,217260000,21726,14349.373172533502,16230.22083206274,239.38234047076284,2120.23,24.09320677796333,91.0,5193.670666260076,2739.72602739726,24947768.250666324
307,1,0,1387082249.08406,2129148000.0,0.6514729126787147,1620873808.2158554,771188.9683601803,0.0003388382938105061,500000,3515981.735159817,153500000,1079406392.6940722,457816.9335443676,43862584.47822616,0,0,9956137415.521774,6739043808.215856,218170000,21817,14423.231478435117,16313.780988024428,238.59849041068924,2129.1479999999997,24.116159735901295,91.0,5220.409916167817,2739.72602739726,24950248.934555095
308,1,0,1394017660.3294802,2138066000.0,0.6519993584526764,1623518111.6928396,769932.8951105137,0.0003380247854067064,500000,3515981.735159817,154000000,1082922374.4292321,461678.25817568257,44324262.73640185,0,0,9955675737.263597,6742598111.69284,219080000,21908,14497.580328522447,16397.826720097666,237.81960842478065,2138.066,24.13973947865199,91.0,5247.304550431253,2739.72602739726,24952756.51307813
309,1,0,1400987748.6311274,2146984000.0,0.6525375823159965,1626148524.4036736,768687.4730328898,0.0003349802495388099,500000,3515981.735159817,154500000,1086438356.164392,465569.0243258909,44789831.76072774,0,0,9955210168.239273,6746148524.403673,220000000,22000,14572.422417191527,16482.360755703197,237.04566148832944,2146.984,24.163942680662885,92.0,5274.355441825023,2739.72602739726,24955291.14249256
310,1,0,1407992687.3742828,2156000000.0,0.6530578327338974,1628775026.474311,767447.9161838606,0.0003285179756984593,500000,3515981.735159817,155000000,1089954337.8995519,469479.66452250874,45259311.42525025,0,0,9954740688.574749,6749695026.474311,220920000,22092,14647.5242990632,16567.24477662774,236.27952243545948,2156.0,24.187275248369946,92.0,5301.518328520877,2739.72602739726,24957852.934793685
311,1,0,1415032650.8111541,2165016000.0,0.6535899276546474,1631397588.1979542,766214.20127314,0.00033163069607205337,500000,3515981.735159817,155500000,1093470319.6347117,473420.0115168301,45732731.43676708,0,0,9954267268.563232,6753237588.197954,221840000,22184,14723.124367386135,16652.622144951772,235.5182224343635,2165.016,24.21123416526617,92.0,5328.839086384567,2739.72602739726,24960442.047852673
312,1,0,1422107814.0652099,2174032000.0,0.6541338002684458,1634006179.67923,764990.9869039839,0.0003334959467559455,500000,3515981.735159817,156000000,1096986301.3698716,477390.2538841809,46210121.69065126,0,0,9953789878.30935,6756776179.67923,222770000,22277,14799.225364003116,16738.495634218576,234.7617297845396,2174.0319999999997,24.235816145413448,93.0,5356.318602949945,2739.72602739726,24963058.640428226
313,1,0,1429218353.1355357,2183146000.0,0.6546599966908011,1636610780.7648776,763773.5341177633,0.00032622054328925007,500000,3515981.735159817,156500000,1100502283.1050315,481380.64951219544,46691502.340163454,0,0,9953308497.659836,6760310780.764877,223700000,22370,14875.593156657349,16824.726279736286,234.01287692106263,2183.1459999999997,24.25954121176761,93.0,5383.912409515611,2739.72602739726,24965702.826810345
314,1,0,1436364444.9012132,2192260000.0,0.6551980353157076,1639211361.2929473,762561.8205904028,0.0003253970575373028,500000,3515981.735159817,157000000,1104018264.8401914,485401.20709022455,47176903.547253676,0,0,9952823096.452745,6763841361.292948,224630000,22463,14952.466915890802,16911.458177118915,233.26873877188666,2192.2599999999998,24.28389216697948,93.0,5411.666616678053,2739.72602739726,24968374.767399628
315,1,0,1443546267.125719,2201374000.0,0.6557478498091279,1641797890.9115503,761360.4615523072,0.0003241988175941756,500000,3515981.735159817,157500000,1107534246.5753512,489452.1165568208,47666355.6638105,0,0,9952333644.33619,6767367890.9115505,225570000,22557,15029.849431887538,16998.69414698062,232.52928490692003,2201.374,24.30886576605874,94.0,5439.582127033798,2739.72602739726,24971074.623499267
316,1,0,1450763998.4613476,2210586000.0,0.65628027973639,1644380349.1881616,760164.763959356,0.0003240702678724422,500000,3515981.735159817,158000000,1111050228.310511,493523.45854845154,48159879.12235895,0,0,9951840120.877642,6770890349.188162,226510000,22651,15107.505877983618,17086.294569539863,231.79730844375544,2210.586,24.3329959322897,94.0,5467.614262252756,2739.72602739726,24973802.511734124
317,1,0,1458017818.453654,2219798000.0,0.6568245482037798,1646958705.5031304,758974.7064229877,0.00032244873090073054,500000,3515981.735159817,158500000,1114566210.045671,497625.4201910688,48657504.54255002,0,0,9951342495.45745,6774408705.50313,227450000,22745,15185.676211038885,17174.404284179298,231.0699268595855,2219.798,24.357751506242987,94.0,5495.809370937374,2739.72602739726,24976558.595077667
318,1,0,1465307907.5459223,2229010000.0,0.6573805893853873,1649522929.0455518,757794.8617684861,0.00032209739519369903,500000,3515981.735159817,159000000,1118082191.7808309,501758.19273846556,49159262.735288486,0,0,9950840737.264711,6777922929.045551,228400000,22840,15264.363270492382,17263.026159548805,230.34711094357854,2229.0099999999998,24.38312928513563,95.0,5524.168371055617,2739.72602739726,24979343.037421327
319,1,0,1472634447.0836518,2238320000.0,0.6579195320971317,1652082999.1037908,756620.5818219257,0.0003201809771186562,500000,3515981.735159817,159500000,1121598173.5159907,505911.67692077876,49665174.412209265,0,0,9950334825.587791,6781432999.10379,229350000,22935,15343.331527300117,17352.019911754378,229.63161554573944,2238.3199999999997,24.40767687647157,95.0,5552.646371761401,2739.72602739726,24982155.957765695
320,1,0,1479997619.3190699,2247630000.0,0.6584703084222358,1654638884.5981133,755451.8461009263,0.0003213889479700819,500000,3515981.735159817,160000000,1125114155.2511506,510096.2408373417,50175270.65304661,0,0,9949824729.346954,6784938884.598113,230300000,23030,15422.821734151403,17441.531134631667,228.92059951973582,2247.63,24.432849377422393,95.0,5581.289963082133,2739.72602739726,24984997.52170138
321,1,0,1487397607.4156651,2256940000.0,0.6590328530734822,1657180554.2562668,754293.1859715281,0.00032108509274635626,500000,3515981.735159817,160500000,1128630136.9863105,514312.07700631587,50689582.730052926,0,0,9949310417.269947,6788440554.256267,231260000,23126,15502.836780673277,17531.56274584793,228.21403482534902,2256.94,24.458643628600075,96.0,5610.100078671337,2739.72602739726,24987867.895752657
322,1,0,1494834595.4527433,2266348000.0,0.6595785799236231,1659717987.0878747,753139.9971107503,0.0003208876104721594,500000,3515981.735159817,161000000,1132146118.7214704,518548.9035520834,51208131.63360501,0,0,9948791868.366394,6791937987.087874,232220000,23222,15583.140427033113,17621.97378796867,227.51463906444522,2266.348,24.4836207059117,96.0,5639.031612149974,2739.72602739726,24990767.201337412
323,1,0,1502308768.4300067,2275756000.0,0.6601361342912011,1662251151.550912,751992.2599143629,0.00031881510025917343,500000,3515981.735159817,161500000,1135662100.4566302,522817.2721226093,51730948.90572762,0,0,9948269051.094273,6795431151.550912,233180000,23318,15663.974231740727,17712.910620410108,226.81961133061947,2275.756,24.50922218151347,96.0,5668.1313985312345,2739.72602739726,24993695.60670855
324,1,0,1509820312.2721567,2285164000.0,0.6607054514565067,1664770015.9096253,750854.4652139391,0.0003212793112658491,500000,3515981.735159817,162000000,1139178082.19179,527117.3764465856,52258066.2821742,0,0,9947741933.717825,6798920015.909625,234150000,23415,15745.341135563667,17804.376210855677,226.128924707991,2285.1639999999998,24.535444940529676,97.0,5697.400387473817,2739.72602739726,24996653.281068627
325,1,0,1517369413.8335173,2294670000.0,0.6612582261647719,1667284558.8954866,749722.0515423598,0.00032171877580958636,500000,3515981.735159817,162500000,1142694063.92695,531438.7492985777,52789505.03147278,0,0,9947210494.968527,6802404558.895487,235120000,23512,15827.004179043759,17896.228918503293,225.44526054046486,2294.67,24.56086331194148,97.0,5726.793253921053,2739.72602739726,24999640.348295152
326,1,0,1524956260.9026847,2304176000.0,0.6618228212179472,1669784748.5021574,748599.4833293974,0.00032134804190996107,500000,3515981.735159817,163000000,1146210045.6621099,535792.1284891326,53325297.15996191,0,0,9946674702.840038,6805884748.502157,236100000,23610,15909.205736974665,17988.615879914905,224.76585705976123,2304.176,24.586905560774756,98.0,5756.357081572769,2739.72602739726,25002656.97934933
327,1,0,1532581042.207198,2313780000.0,0.6623711166174822,1672280563.315702,747482.2272176592,0.00032447675545775086,500000,3515981.735159817,163500000,1149726027.3972697,540166.9216154016,53865464.08157731,0,0,9946134535.918423,6809360563.315702,237080000,23708,15991.708367997999,18081.394995894614,224.09337210338253,2313.7799999999997,24.61215475442835,98.0,5786.046398686277,2739.72602739726,25005703.299720623
328,1,0,1540243947.4182336,2323384000.0,0.6629312879051563,1674771971.0591981,746370.2650871741,0.000323581955699441,500000,3515981.735159817,164000000,1153242009.1324296,544573.9916636483,54410038.07324096,0,0,9945589961.92676,6812831971.059198,238060000,23806,16074.7549918385,18174.71392234342,223.4250694950799,2323.384,24.638030336430614,98.0,5815.9084551498945,2739.72602739726,25008779.482148375
329,1,0,1547945167.1553247,2332988000.0,0.6635032701219743,1677248939.2605114,745268.0223790394,0.0003211199220233343,500000,3515981.735159817,164500000,1156757990.8675895,549013.5338466138,54959051.607087575,0,0,9945040948.392912,6816298939.260511,239050000,23905,16158.348631385887,18268.575707195385,222.76092419049974,2332.988,24.664529198962544,99.0,5845.944226302523,2739.72602739726,25011885.700347282
330,1,0,1555684892.9911013,2342690000.0,0.6640592195258874,1679721446.229424,744171.0069285454,0.0003258247266052906,500000,3515981.735159817,165000000,1160273972.6027493,553474.7662471905,55512526.373334765,0,0,9944487473.626665,6819761446.2294235,240040000,24004,16242.251122181626,18362.837562781515,222.1035594001107,2342.69,24.690247441176716,99.0,5876.108020090085,2739.72602739726,25015022.082339976
331,1,0,1563463317.4560566,2352392000.0,0.664627033868529,1682189459.22264,743079.2014222125,0.0003275202983374466,500000,3515981.735159817,165500000,1163789954.3379092,557968.741943787,56070495.11527855,0,0,9943929504.884722,6823219459.22264,241030000,24103,16326.706206390085,18457.647930118903,221.45027627118307,2352.392,24.71659142533492,99.0,5906.447337638048,2739.72602739726,25018188.80365022
332,1,0,1571280634.0433366,2362094000.0,0.665206648864667,1684642945.3006022,741996.9931830136,0.0003287915576735653,500000,3515981.735159817,166000000,1167305936.073069,562495.6571976838,56632990.77247623,0,0,9943367009.227524,6826672945.300602,242030000,24203,16411.71696067449,18553.009909907378,220.8010507671143,2362.094,24.74355809286684,100.0,5936.963171170361,2739.72602739726,25021386.040793993
333,1,0,1579137037.2135532,2371894000.0,0.6657704927849023,1687091882.4980452,740919.9303058537,0.00032806867144700736,500000,3515981.735159817,166500000,1170821917.808229,567044.5377169108,57200035.310193144,0,0,9942799964.689806,6830121882.498045,243030000,24303,16497.044487353724,18648.780014966487,220.1584723872352,2371.894,24.76975635579436,100.0,5967.609604789275,2739.72602739726,25024613.924371388
334,1,0,1587032722.3996208,2381694000.0,0.6663461898966118,1689536237.603819,739847.9962601057,0.00033264977602333047,500000,3515981.735159817,167000000,1174337899.5433888,571626.6293862168,57771661.93957936,0,0,9942228338.060421,6833566237.603819,244030000,24403,16582.933362901178,18745.107484312666,219.51987858851058,2381.694,24.796579716550717,100.0,5998.434394980053,2739.72602739726,25027872.632738974
335,1,0,1594967886.0116186,2391494000.0,0.666933676610361,1691965977.2095287,738785.5411026545,0.00033230975801796847,500000,3515981.735159817,167500000,1177853881.2785487,576242.1294501466,58347904.06902951,0,0,9941652095.930971,6837005977.209529,245040000,24504,16669.386718779282,18841.995472475603,218.8852463036778,2391.4939999999997,24.82402516664351,101.0,6029.438551192192,2739.72602739726,25031162.34526277
336,1,0,1602942725.4416766,2401392000.0,0.6675056489909506,1694391079.076353,737728.1522760517,0.00033540990082826447,500000,3515981.735159817,168000000,1181369863.0137086,580879.8683353693,58928783.937364876,0,0,9941071216.062635,6840441079.076353,246050000,24605,16756.164913561843,18939.299781350317,218.2571322115246,2401.392,24.85071421338245,101.0,6060.575930032101,2739.72602739726,25034483.195165407
337,1,0,1610957439.0688848,2411290000.0,0.6680894621007365,1696801509.5240264,736680.1555655522,0.00033586520686696553,500000,3515981.735159817,168500000,1184885844.7488685,585551.2874866,59514335.224851474,0,0,9940485664.775148,6843871509.524027,247070000,24707,16843.51337034555,19037.170461250862,217.6329090946905,2411.29,24.878027719473902,102.0,6091.8945476002755,2739.72602739726,25037835.36368561
338,1,0,1619012226.264229,2421286000.0,0.6686579884673801,1699207246.17375,735637.1642215835,0.000336656712956524,500000,3515981.735159817,169000000,1188401826.4840283,590245.0854362324,60104580.31028771,0,0,9939895419.689713,6847297246.17375,248090000,24809,16931.191948500655,19135.462836149716,217.01511235093966,2421.286,24.904595487659122,102.0,6123.348107567909,2739.72602739726,25041218.985765785
339,1,0,1627107287.39555,2431282000.0,0.6692384048397306,1701608255.0737724,734599.1630405145,0.00034015182854468925,500000,3515981.735159817,169500000,1191917808.2191882,594972.8351373805,60699553.14542509,0,0,9939300446.854574,6850718255.073772,249110000,24911,17019.446637214758,19234.32749934893,216.40113786582756,2431.2819999999997,24.93179000836929,102.0,6154.984799791657,2739.72602739726,25044634.24453818
340,1,0,1635242823.8325276,2441278000.0,0.6698306476495212,1703994502.0740287,733570.4419694884,0.0003451252750428243,500000,3515981.735159817,170000000,1195433789.954348,599734.7349036286,61299287.880328715,0,0,9938700712.11967,6854134502.074029,250140000,25014,17108.28065625271,19333.767692061458,215.79096419125102,2441.278,24.95960829219027,103.0,6186.805661459666,2739.72602739726,25048081.324172243
341,1,0,1643419037.9516902,2451372000.0,0.6704078523992647,1706375964.5256321,732546.6520782365,0.0003479433172237122,500000,3515981.735159817,170500000,1198949771.689508,604519.2835564179,61903807.16388513,0,0,9938096192.836115,6857545964.525632,251170000,25117,17197.45311469874,19433.638019323284,215.18709537545587,2451.372,24.986692503685575,103.0,6218.7641661834505,2739.72602739726,25051560.36231103
342,1,0,1651636133.1414485,2461466000.0,0.6709969315608862,1708742608.007027,731532.0599735891,0.0003485806639969786,500000,3515981.735159817,171000000,1202465753.4246678,609338.2537651584,62513145.41765029,0,0,9937486854.58235,6860952608.007027,252210000,25221,17287.21085787094,19534.089896866477,214.58696100446372,2461.466,25.014402731664287,104.0,6250.908766997271,2739.72602739726,25055071.545050632
343,1,0,1659894313.8071556,2471658000.0,0.6715711938331095,1711104409.7327256,730522.3415298624,0.0003519088941162876,500000,3515981.735159817,171500000,1205981735.1598277,614180.0094612786,63127325.427111566,0,0,9936872674.57289,6864354409.732725,253250000,25325,17377.312490695334,19634.97744589681,213.9930447985245,2471.658,25.04138927727677,104.0,6283.192782686979,2739.72602739726,25058615.01180592
344,1,0,1668193785.3761911,2481850000.0,0.6721573767053574,1713461335.0102615,729517.4828047917,0.00035286071239428997,500000,3515981.735159817,172000000,1209497716.8949876,619056.4576239928,63746381.88473556,0,0,9936253618.115265,6867751335.010262,254290000,25429,17468.00543136916,19736.45263298424,213.40279838491904,2481.85,25.069004018494486,104.0,6315.664842554957,2739.72602739726,25062190.95062108
345,1,0,1676534754.303072,2492042000.0,0.6727554167638715,1715803348.948001,728521.715945145,0.00035387321643443476,500000,3515981.735159817,172500000,1213013698.6301475,623967.7974205252,64370349.682156086,0,0,9935629650.317844,6871143348.948001,255340000,25534,17559.2929909115,19838.518789080314,212.81620183118775,2492.042,25.097243991415464,105.0,6348.3260125057,2739.72602739726,25065799.55060619
346,1,0,1684917428.074587,2502332000.0,0.6733388807218974,1718140428.4946382,727530.7531731973,0.0003631868004321185,500000,3515981.735159817,173000000,1216529680.3653073,628902.1885226796,64999251.87067877,0,0,9935000748.129322,6874530428.494638,256390000,25639,17650.933015934454,19941.02930702213,212.23570891232268,2502.332,25.124771617161922,105.0,6381.129378247082,2739.72602739726,25069440.953957044
347,1,0,1693342015.2149599,2512622000.0,0.673934246860435,1720462538.4879148,726548.8041946138,0.000358979032321999,500000,3515981.735159817,173500000,1220045662.1004672,633871.7418832596,65633123.61256203,0,0,9934366876.387438,6877912538.487915,257450000,25745,17743.173791893652,20044.136988484017,211.65880340963568,2512.622,25.152926618621123,106.0,6414.123836314885,2739.72602739726,25073115.351765964
348,1,0,1701808725.2910345,2523010000.0,0.6745152517394043,1722779655.743866,725571.6050700032,0.0003652545389023148,500000,3515981.735159817,174000000,1223561643.835627,638864.4792086348,66271988.091770664,0,0,9933728011.90823,6881289655.743866,258510000,25851,17835.772655313904,20147.694735633508,211.08791968039571,2523.0099999999998,25.18037938965829,106.0,6447.2623154027215,2739.72602739726,25076822.888053972
349,1,0,1710317768.9174895,2533398000.0,0.6751082020738508,1725091744.8303952,724599.1430577044,0.0003674514665074725,500000,3515981.735159817,174500000,1227077625.570787,643892.6486305764,66915880.74040124,0,0,9933084119.2596,6884661744.830395,259570000,25957,17928.978472387407,20251.855909850852,210.5205625365562,2533.3979999999997,25.208461608952646,106.0,6480.593891152273,2739.72602739726,25080563.755917728
350,1,0,1718869357.7620769,2543786000.0,0.6757130347293667,1727388770.115616,723635.5947343345,0.00037183250585781934,500000,3515981.735159817,175000000,1230593607.3059468,648956.4499390196,67564837.19034025,0,0,9932435162.80966,6888028770.115616,260640000,26064,18022.79464843994,20356.623934973824,209.95671346611704,2543.786,25.23717034415986,107.0,6514.119659191624,2739.72602739726,25084338.149549525
351,1,0,1727463704.550887,2554272000.0,0.6763037392066652,1729680708.1548643,722676.7310907115,0.0003726059511101659,500000,3515981.735159817,175500000,1234109589.0411067,654043.6959116356,68218880.88625188,0,0,9931781119.113749,6891390708.154864,261710000,26171,18116.97775220972,20461.850973986886,209.39877822283512,2554.272,25.26518786035065,107.0,6547.792311675804,2739.72602739726,25088146.215833806
352,1,0,1736101023.0736413,2564758000.0,0.6769063681928826,1731957523.0470114,721726.7071313128,0.00037946315484548693,500000,3515981.735159817,176000000,1237625570.7762666,659166.8430128429,68878047.72926472,0,0,9931121952.270735,6894747523.047011,262790000,26279,18211.77752985494,20567.691237555147,208.8442922997921,2564.758,25.293833934576693,108.0,6581.661196017647,2739.72602739726,25091988.15100243
353,1,0,1744781528.1890094,2575342000.0,0.6774950776203741,1734229191.2192724,720781.316753869,0.00038382966500706285,500000,3515981.735159817,176500000,1241141552.5114264,664313.5628989756,69542361.2921637,0,0,9930457638.707836,6898099191.219273,263870000,26387,18306.950033150304,20673.99639024705,208.29564290325413,2575.342,25.321798636735842,108.0,6615.678844879057,2739.72602739726,25095864.103819914
354,1,0,1753505435.8299544,2585926000.0,0.6780957520942031,1736495676.5022814,719840.5483610671,0.0003814292589583169,500000,3515981.735159817,177000000,1244657534.2465863,669496.452150843,70211857.74431454,0,0,9929788142.255686,6901445676.502281,264950000,26495,18402.74559789047,20780.92121229649,207.7503855939786,2585.926,25.35039387052127,108.0,6649.894787934876,2739.72602739726,25099774.272580452
355,1,0,1762272963.009104,2596510000.0,0.6787083288757232,1738746942.5265071,718908.5251150446,0.0003877654791070428,500000,3515981.735159817,177500000,1248173515.9817462,674715.7109341414,70886573.45524868,0,0,9929113426.544752,6904786942.526507,266040000,26604,18499.167726862812,20888.469223669934,207.2085031928753,2596.5099999999998,25.37961674080403,109.0,6684.310151574378,2739.72602739726,25103718.85670463
356,1,0,1771084327.8241494,2607192000.0,0.6793072116760673,1740992965.464481,717981.0744763899,0.00038819443102556134,500000,3515981.735159817,178000000,1251689497.716906,679958.7971858911,71566532.25243458,0,0,9928433467.747566,6908122965.464481,267130000,26713,18595.971693178068,20996.49133759217,206.6723555858969,2607.192,25.408168934345348,109.0,6718.877228029494,2739.72602739726,25107698.007905263
357,1,0,1779939749.46327,2617874000.0,0.6799180363391324,1743223708.67936,717062.2988755733,0.00039336132661392184,500000,3515981.735159817,178500000,1255205479.452066,685238.5202810199,72251770.7727156,0,0,9927748229.227283,6911453708.679359,268230000,26823,18693.408726845697,21105.143199235004,206.1395276106941,2617.874,25.437350712207724,110.0,6753.6458237552015,2739.72602739726,25111711.927701622
358,1,0,1788839448.210586,2628654000.0,0.6805153695429623,1745449148.2207217,716148.047781427,0.0003956558319442107,500000,3515981.735159817,179000000,1258721461.1872258,690542.1937981495,72942312.96651375,0,0,9927057687.033485,6914779148.220722,269330000,26933,18791.233576215378,21214.27521477692,205.61236143845667,2628.654,25.465871394835908,110.0,6788.568068728614,2739.72602739726,25115760.769742955
359,1,0,1797783645.4516387,2639434000.0,0.6811246825840839,1747659247.185647,715242.4032390579,0.0003994100381111323,500000,3515981.735159817,179500000,1262237442.9223857,695882.7702346819,73638195.73674844,0,0,9926361804.263252,6918099247.185647,270440000,27044,18889.698070850325,21324.043609794273,205.0884610560525,2639.4339999999997,25.4950235441196,111.0,6823.6939551341675,2739.72602739726,25119844.737670694
360,1,0,1806772563.6788967,2650312000.0,0.6817207044600396,1749863981.5031013,714341.2363550095,0.0003998036335985813,500000,3515981.735159817,180000000,1265753424.6575456,701247.4177055641,74339443.15445401,0,0,9925660556.845547,6921413981.503101,271550000,27155,18988.556435509367,21434.29828425154,204.57015125782252,2650.312,25.52352408918538,111.0,6858.975450960493,2739.72602739726,25123963.987094257
361,1,0,1815806426.4972908,2661190000.0,0.6823287425915815,1752063314.0054219,713444.5370826118,0.000406978752072102,500000,3515981.735159817,180500000,1269269406.3927054,706649.2328394486,75046092.38729346,0,0,9924953907.612707,6924723314.005422,272660000,27266,19088.0610989501,21545.196044143275,204.05505480682328,2661.19,25.552657918734116,111.0,6894.462734125848,2739.72602739726,25128118.723800987
362,1,0,1824885458.6297772,2672068000.0,0.6829487343247915,1754247207.324959,712556.3573825735,0.0004142532969094426,500000,3515981.735159817,181000000,1272785388.1278653,712088.4156227378,75758180.8029162,0,0,9924241819.197084,6928027207.324959,273780000,27378,19188.215702567148,21656.74054627111,203.54315629603687,2672.0679999999998,25.582422162176933,112.0,6930.156974806754,2739.72602739726,25132309.1547484
363,1,0,1834009885.922926,2683044000.0,0.6835556501954221,1756425637.1462605,711672.6000600591,0.00041125130411322956,500000,3515981.735159817,181500000,1276301369.8630252,717551.913858496,76475732.7167747,0,0,9923524267.283226,6931325637.14626,274900000,27490,19288.773681688763,21768.780926762443,203.03675492632263,2683.044,25.611545066826558,112.0,6966.009896563982,2739.72602739726,25136535.43861757
364,1,0,1843179935.3525405,2694020000.0,0.6841745552566575,1758588565.8383532,710797.2974930188,0.00042104596089669055,500000,3515981.735159817,182000000,1279817351.598185,723053.0430671559,77198785.75984186,0,0,9922801214.240158,6934618565.838353,276030000,27603,19389.988374943296,21881.47487409006,202.53350085323325,2694.02,25.641300184389358,113.0,7002.071959708819,2739.72602739726,25140797.78454988
365,1,0,1852395835.029303,2705094000.0,0.6847805788003312,1760745968.971274,709926.3732691349,0.00042098751637816847,500000,3515981.735159817,182500000,1283333333.333345,728578.6022390295,77927364.36208089,0,0,9922072635.637918,6937905968.971273,277160000,27716,19491.61268491744,21994.671008233287,202.03567668415386,2705.094,25.67042319349345,113.0,7038.294722634651,2739.72602739726,25145096.35324512
