timestep,run,subset,network_resource_demand,network_resource_provision,network_resource_demand_supply_ratio,dex_tokens,dex_usdc,dex_token_price,token_incentives_vested,token_seller_vested,token_incentives_vested_cum,token_seller_vested_cum,token_burned_supply,token_burned_supply_cum,token_minted_supply,token_minted_supply_cum,token_total_supply,token_circulating_supply,token_staked_supply,node_amount,node_profit,node_network_revenue,node_incentive_revenue,node_expenditures,node_apr,node_change_amount,foundation_revenue,foundation_expenditures,foundation_cash_reserves
1,1,0,306000000.0,784000000.0,0.3903061224489796,503510874.8693074,2482568.028594126,0.004930393666747499,400000,3123287.671232877,400000,3123287.671232877,12412.801925484513,12412.801925484513,0,0,9999987587.198074,2653510874.8693075,150000000,15000,5804.401278976819,4590.000000000001,1998.4012789768185,784.0,13.451981677452101,0.0,1468.8000000000002,2739.72602739726,24998729.073972605
2,1,0,312120000.0,1470000000.0,0.2123265306122449,507611324.3142018,2462514.0144160264,0.00485682533717261,400000,3123287.671232877,800000,6246575.342465754,12838.226338532464,25251.028264016975,0,0,9999974748.971737,2657021324.314202,149410000,14941,5182.440565546831,4681.8,1970.640565546831,1470.0,12.01850170141634,-59.0,1498.1760000000002,2739.72602739726,24997487.52394521
3,1,0,318362400.0,1464218000.0,0.21742827912237112,511681304.34595734,2442926.855804863,0.004921938049136442,400000,3123287.671232877,1200000,9369863.01369863,13307.639477310118,38558.667741327095,0,0,9999961441.332258,2660531304.3459573,148850000,14885,5250.162190065321,4775.436000000001,1938.9441900653198,1464.2179999999998,12.232871595508406,-56.0,1528.1395200000002,2739.72602739726,24996275.937437814
4,1,0,324729648.0,1458730000.0,0.2226112083798921,515730801.2079971,2423745.0954492604,0.004915896156930877,400000,3123287.671232877,1600000,12493150.684931507,13790.809193126177,52349.47693445327,0,0,9999947650.523066,2664040801.2079973,148310000,14831,5320.448303278366,4870.94472,1908.2335832783651,1458.73,12.452395006133008,-54.0,1558.7023104000002,2739.72602739726,24995094.913720816
5,1,0,331224240.96,1453438000.0,0.2278901755424036,519759800.26880544,2404957.0577669432,0.004848120313503499,400000,3123287.671232877,2000000,15616438.356164385,14288.610424496914,66638.08735895019,0,0,9999933361.912642,2667549800.2688055,147790000,14779,5393.321625470464,4968.3636144,1878.3960110704638,1453.4379999999999,12.677940269125227,-52.0,1589.876356608,2739.72602739726,24993945.06405003
6,1,0,337848725.77919996,1448342000.0,0.23326584865950167,523758286.52006733,2386597.0852799253,0.004783098833332418,400000,3123287.671232877,2400000,18739726.02739726,14801.419971017867,81439.50732996805,0,0,9999918560.49267,2671058286.520067,147300000,14730,5468.78751881922,5067.730886688,1849.39863213122,1448.3419999999999,12.909506331892247,-49.0,1621.67388374016,2739.72602739726,24992827.011906374
7,1,0,344605700.29478395,1443540000.0,0.2387226542352716,527736245.1496506,2368607.4464063714,0.00475400403727239,400000,3123287.671232877,2800000,21863013.698630136,15329.041649652141,96768.54897962019,0,0,9999903231.451021,2674566245.1496506,146830000,14683,5546.825180166086,5169.08550442176,1821.2796757443266,1443.54,13.14611023906351,-47.0,1654.1073614149632,2739.72602739726,24991741.393240392
8,1,0,351497814.3006796,1438934000.0,0.24427653686734738,531683660.4023049,2351022.0326390564,0.0047547602720096815,400000,3123287.671232877,3200000,24986301.36986301,15872.418578548817,112640.96755816901,0,0,9999887359.032442,2678073660.4023046,146390000,14639,5627.469887601217,5272.467214510195,1793.9366730910222,1438.934,13.388686003678224,-44.0,1687.1895086432623,2739.72602739726,24990688.85672164
9,1,0,358527770.5866932,1434622000.0,0.24991096650315778,535610516.73530835,2333785.3924510116,0.004699450980883331,400000,3123287.671232877,3600000,28109589.041095886,16431.33822940647,129072.30578757547,0,0,9999870927.694212,2681580516.7353086,145970000,14597,5710.702361446671,5377.916558800399,1767.4078026462714,1434.6219999999998,13.636202688310508,-42.0,1720.9332988161275,2739.72602739726,24989670.06399306
10,1,0,365698325.9984271,1430506000.0,0.25564263693995487,539516797.6152457,2316888.0107629816,0.004689624806486618,400000,3123287.671232877,4000000,31232876.71232876,17006.791295571136,146079.09708314663,0,0,9999853920.902916,2685086797.615246,145570000,14557,5796.565608388168,5485.474889976407,1741.5967184117599,1430.5059999999999,13.889638595802968,-40.0,1755.3519647924502,2739.72602739726,24988685.689930458
11,1,0,373012292.51839566,1426586000.0,0.2614719985464568,543402486.090425,2300320.7235823986,0.004641111477301822,400000,3123287.671232877,4400000,34356164.38356164,17599.19605355771,163678.29313670433,0,0,9999836321.706863,2688592486.090425,145190000,14519,5885.0762013919775,5595.184387775935,1716.4778136160432,1426.586,14.148989724796815,-38.0,1790.4590040882993,2739.72602739726,24987736.42290715
12,1,0,380472538.36876357,1422862000.0,0.2673994655622004,547267564.7816556,2284074.702104291,0.004642615744622731,400000,3123287.671232877,4800000,37479452.05479452,18208.98000231334,181887.27313901766,0,0,9999818112.72686,2692097564.7816553,144830000,14483,5976.25270830407,5707.088075531454,1692.0266327726165,1422.8619999999999,14.41425157203597,-36.0,1826.2681841700653,2739.72602739726,24986822.965063926
13,1,0,388081989.13613886,1419334000.0,0.27342541581906643,551102015.8728509,2268182.5941431466,0.004583761614560162,400000,3123287.671232877,5200000,40602739.7260274,18836.58003746037,200723.85317647803,0,0,9999799276.146824,2695602015.872851,144500000,14450,6070.115647002826,5821.229837042083,1668.219809960743,1419.3339999999998,14.685419056683477,-33.0,1862.7935478534664,2739.72602739726,24985946.032584384
14,1,0,395843628.9188616,1416100000.0,0.2795308445158263,554915821.8039687,2252593.9086335506,0.004630529111084213,400000,3123287.671232877,5600000,43726027.39726028,19481.740115076693,220205.59329155472,0,0,9999779794.406708,2699105821.8039684,144190000,14419,6166.649123457515,5937.6544337829255,1645.0946896745904,1416.1,14.961336571827625,-31.0,1900.0494188105358,2739.72602739726,24985106.3559758
15,1,0,403760501.4972389,1413062000.0,0.2857344557402569,558718963.8941469,2237260.7353217057,0.004549985411675681,400000,3123287.671232877,6000000,46849315.06849316,20145.58105458376,240351.1743461385,0,0,9999759648.825653,2702608963.894147,143890000,14389,6265.913308347268,6056.407522458584,1622.5677858886838,1413.062,15.24309746806371,-30.0,1938.0504071867467,2739.72602739726,24984304.68035559
16,1,0,411835711.52718365,1410122000.0,0.29205679475051355,562501422.2567968,2222216.603444146,0.00450466214920764,400000,3123287.671232877,6400000,49972602.73972604,20829.30858285359,261180.48292899207,0,0,9999738819.51707,2706111422.256797,143610000,14361,6367.97518471172,6177.535672907756,1600.5615118039648,1410.1219999999998,15.531893818283244,-28.0,1976.8114153304816,2739.72602739726,24983541.765743524
17,1,0,420072425.7577273,1407378000.0,0.2984787496733126,566263177.2316236,2207454.1489896346,0.004508219114444665,400000,3123287.671232877,6800000,53095890.410958916,21532.696406046805,282713.1793350389,0,0,9999717286.820665,2709613177.2316236,143350000,14335,6472.824384712326,6301.086386365911,1579.1159983464147,1407.378,15.826567930270441,-26.0,2016.347643637091,2739.72602739726,24982818.387359764
18,1,0,428473874.27288187,1404830000.0,0.3050005155590939,570004208.6717712,2192966.264078578,0.004510027889670112,400000,3123287.671232877,7200000,56219178.082191795,22256.231085320636,304969.4104203595,0,0,9999695030.58958,2713114208.671771,143110000,14311,6580.490637994238,6427.108114093227,1558.2125239010104,1404.83,16.12711097342104,-24.0,2056.674596509833,2739.72602739726,24982135.33592888
19,1,0,437043351.7583395,1402478000.0,0.3116222512997277,573734495.9333274,2178708.1112606833,0.004450552976605561,400000,3123287.671232877,7600000,59342465.753424674,23000.40967657358,327969.8200969331,0,0,9999672030.179903,2716614495.9333277,142880000,14288,6691.005434503478,6555.650276375094,1537.8331581283833,1402.4779999999998,16.433513241467857,-23.0,2097.8080884400297,2739.72602739726,24981493.417989925
20,1,0,445784218.7935063,1400224000.0,0.3183663605205355,577444017.0412321,2164712.0120923244,0.00445430458859099,400000,3123287.671232877,8000000,62465753.42465755,23766.56332812027,351736.3834250534,0,0,9999648263.616575,2720114017.041232,142670000,14267,6804.447107816397,6686.763281902595,1517.9078259138014,1400.224,16.747068489455813,-21.0,2139.7642502088306,2739.72602739726,24980893.456212737
21,1,0,454699903.16937643,1398166000.0,0.3252116724118427,581142750.2815633,2150934.5154772657,0.004438969083626198,400000,3123287.671232877,8400000,65589041.09589043,24554.430901645504,376290.8143266989,0,0,9999623709.185673,2723612750.2815633,142470000,14247,6920.807532659587,6820.4985475406465,1498.4749851189417,1398.166,17.066514300749034,-20.0,2182.559535213007,2739.72602739726,24980336.289720554
22,1,0,463793901.23276395,1396206000.0,0.33218157007831506,584820672.5415016,2137407.343293416,0.0043760433519454125,400000,3123287.671232877,8800000,68712328.76712331,25365.41129446446,401656.2256211634,0,0,9999598343.77438,2727110672.5415015,142290000,14229,7040.170374937685,6956.90851849146,1479.4678564462242,1396.206,17.393197351553532,-18.0,2226.210725917267,2739.72602739726,24979822.774419077
23,1,0,473069779.2574192,1394442000.0,0.33925382286062755,588487760.9875885,2124088.354704734,0.004371440722355053,400000,3123287.671232877,9200000,71835616.43835619,26199.22514598779,427855.4507671512,0,0,9999572144.549232,2730607760.9875884,142120000,14212,7162.528708521132,7096.04668886129,1460.9240196598414,1394.442,17.725801243929464,-17.0,2270.7349404356128,2739.72602739726,24979353.783332117
24,1,0,482531174.8425676,1392776000.0,0.34645282144621076,592143991.316629,2110973.0375218894,0.004355249425711705,400000,3123287.671232877,9600000,74958904.10958907,27057.342192276174,454912.79295942734,0,0,9999545087.20704,2734103991.316629,141960000,14196,7287.971381648993,7237.9676226385145,1442.779759010479,1392.7759999999998,18.065726774784252,-16.0,2316.1496392443246,2739.72602739726,24978930.206943966
25,1,0,492181798.339419,1391208000.0,0.3537801668330106,595789338.5859905,2098057.0128473127,0.0042963065829359215,400000,3123287.671232877,10000000,78082191.78082195,27940.401871319038,482853.1948307464,0,0,9999517146.80517,2737599338.5859904,141810000,14181,7416.542648240899,7382.726975091286,1425.023673149614,1391.2079999999999,18.413044310372605,-15.0,2362.472632029211,2739.72602739726,24978552.9535486
26,1,0,502025434.3062074,1389738000.0,0.36123746656291145,599423777.1982147,2085336.0302833891,0.004277439422548125,400000,3123287.671232877,10400000,81205479.45205483,28849.059008772987,511702.2538395194,0,0,9999488297.74616,2741093777.1982145,141670000,14167,7548.288285848746,7530.381514593111,1407.644771255635,1389.7379999999998,18.767825133122773,-14.0,2409.7220846697955,2739.72602739726,24978222.949605875
27,1,0,512065942.99233156,1388366000.0,0.36882633469296394,603047280.8852931,2072805.9633482776,0.004295711365549851,400000,3123287.671232877,10800000,84328767.12328771,29783.984154325957,541486.2379938454,0,0,9999458513.762007,2744587280.885293,141540000,14154,7683.255600319817,7680.989144884974,1390.6324554348435,1388.366,19.130141417999464,-13.0,2457.916526363191,2739.72602739726,24977941.14010484
28,1,0,522307261.8521782,1387092000.0,0.3765483917809188,606659822.6926016,2060462.8050890102,0.00422328575161245,400000,3123287.671232877,11200000,87452054.79452059,30745.863924394955,572232.1019182403,0,0,9999427767.89808,2748079822.6926017,141420000,14142,7821.493431783055,7834.608927782674,1373.976504000381,1387.0919999999999,19.500066210534026,-12.0,2507.0748568904555,2739.72602739726,24977708.488934338
29,1,0,532753407.0892218,1385916000.0,0.38440526488562204,610261374.9624832,2048302.6638820868,0.004164413349877542,400000,3123287.671232877,11600000,90575342.46575347,31735.4013512374,603967.5032694777,0,0,9999396032.49673,2751571374.9624834,141310000,14131,7963.052161917706,7991.301106338327,1357.6670555793787,1385.916,19.877673406504616,-11.0,2557.216354028265,2739.72602739726,24977525.97926097
30,1,0,543408475.2310063,1384838000.0,0.39239858758281204,613861909.3174775,2036288.5871022884,0.004153108708690444,400000,3123287.671232877,12000000,93698630.13698635,32753.3162385544,636720.8195080322,0,0,9999363279.180492,2755061909.317477,141200000,14120,8107.983722466837,8151.127128465094,1341.6945940017426,1384.838,20.263037733250993,-11.0,2608.3606811088302,2739.72602739726,24977394.613914683
31,1,0,554276644.7356265,1383760000.0,0.40055836614414814,617451395.5482384,2024450.8458679852,0.004178220128641037,400000,3123287.671232877,12400000,96821917.80821922,33801.44047189449,670522.2599799266,0,0,9999329477.74002,2758551395.5482383,141100000,14110,8256.396415854282,8314.149671034398,1326.0067448198845,1383.76,20.65785636695585,-10.0,2660.527894731007,2739.72602739726,24977315.41578202
32,1,0,565362177.630339,1382780000.0,0.40885909373171364,621039803.7292895,2012753.437853514,0.0041089550548840505,400000,3123287.671232877,12800000,99945205.4794521,34879.49018167667,705401.7501616033,0,0,9999294598.249838,2762039803.7292895,141000000,14100,8408.291993235189,8480.432664455086,1310.6393287801045,1382.78,21.060647088365354,-10.0,2713.7384526256274,2739.72602739726,24977289.42820725
33,1,0,576669421.1829458,1381800000.0,0.4173320460145794,624627102.0083989,2001193.9859490618,0.00407912069570356,400000,3123287.671232877,13200000,103068493.15068498,35989.39212350981,741391.1422851131,0,0,9999258608.857716,2765527102.008399,140900000,14090,8563.783332127488,8650.041317744188,1295.542014383299,1381.8,21.473174002761503,-10.0,2768.0132216781403,2739.72602739726,24977317.71540153
34,1,0,588202809.6066048,1380820000.0,0.4259808009781179,628213257.6514829,1989770.169246361,0.0040261142729852315,400000,3123287.671232877,13600000,106191780.82191786,37132.028148798585,778523.1704339117,0,0,9999221476.829567,2769013257.651483,140800000,14080,8722.930759465431,8823.042144099072,1280.7086153663593,1380.82,21.895614801942607,-10.0,2823.373486111703,2739.72602739726,24977401.362860247
35,1,0,599966865.7987369,1379840000.0,0.43480901104384345,631798237.0196112,1978479.7214639876,0.004033825187613597,400000,3123287.671232877,14000000,109315068.49315074,38308.30310448173,816831.4735383935,0,0,9999183168.526463,2772498237.0196114,140700000,14070,8885.796110981777,8999.502986981053,1266.1331240007244,1379.84,22.32815148845227,-10.0,2879.840955833937,2739.72602739726,24977541.477788687
36,1,0,611966203.1147116,1378860000.0,0.44382040462027444,635382005.5454509,1967320.4294272105,0.003990902101188659,400000,3123287.671232877,14400000,112438356.16438362,39519.14539312433,856350.6189315178,0,0,9999143649.38107,2775982005.545451,140600000,14060,9052.442751721554,9179.493046720676,1251.8097050008787,1378.86,22.770970447424215,-10.0,2937.437774950616,2739.72602739726,24977739.18953624
37,1,0,624205527.1770059,1377880000.0,0.45301878768615983,638964527.7091385,1956290.131600245,0.003948584062391181,400000,3123287.671232877,14800000,115561643.8356165,40765.50754526738,897116.1264767852,0,0,9999102883.873524,2779464527.7091384,140500000,14050,9222.93559733032,9363.082907655089,1237.7326896752318,1377.8799999999999,23.224262520543196,-10.0,2996.186530449628,2739.72602739726,24977995.650039293
38,1,0,636689637.720546,1376900000.0,0.46240804540674413,642545767.0135671,1945386.716668862,0.003923164051913315,400000,3123287.671232877,15200000,118684931.50684938,42048.36680424267,939164.4932810279,0,0,9999060835.50672,2782945767.013567,140400000,14040,9397.341136116644,9550.344565808191,1223.896570308452,1376.8999999999999,23.6882230821421,-10.0,3056.110261058621,2739.72602739726,24978312.034272958
39,1,0,649423430.474957,1375920000.0,0.4719921437837643,646125685.9590763,1934608.1221714036,0.0038461042350614242,400000,3123287.671232877,15600000,121808219.17808226,43368.725723661715,982533.2190046896,0,0,9999017466.780994,2786425685.9590764,140300000,14030,9575.72745188922,9741.351457124356,1210.2959947648658,1375.9199999999998,24.1630521174565,-10.0,3117.2324662797937,2739.72602739726,24978689.540711842
40,1,0,662411899.0844561,1374940000.0,0.4817751313398811,649704246.0175313,1923952.3331763311,0.00382979752404843,400000,3123287.671232877,16000000,124931506.84931514,44727.612777787544,1027260.8317824771,0,0,9998972739.168217,2789904246.0175314,140200000,14020,9758.16424756992,9936.178486266843,1196.9257613030768,1374.9399999999998,24.6489543030596,-10.0,3179.5771156053893,2739.72602739726,24979129.391800053
41,1,0,675660137.0661452,1373960000.0,0.4917611408382669,653281407.605779,1913417.381004523,0.0037913818802233056,400000,3123287.671232877,16400000,128054794.52054802,46126.082984998466,1073386.9147674756,0,0,9998926613.085232,2793381407.605779,140100000,14010,9944.722869584617,10134.902055992177,1183.7808135924392,1373.96,25.14613908950184,-10.0,3243.168657917497,2739.72602739726,24979632.834430575
42,1,0,689173339.807468,1372980000.0,0.5019543910380836,656857130.0584673,1903001.34199462,0.0037692737991018507,400000,3123287.671232877,16800000,131178082.1917809,47565.21854455228,1120952.133312028,0,0,9998879047.866688,2796857130.0584674,140000000,14000,10135.4763330345,10337.600097112021,1170.8562359224775,1372.98,25.65482078618086,-10.0,3308.0320310758466,2739.72602739726,24980201.140434254
43,1,0,702956806.6036174,1372000000.0,0.5123591884866017,660431371.6002132,1892702.3363097825,0.0037177311970026296,400000,3123287.671232877,17200000,134301369.86301377,49046.12948685931,1169998.2627988872,0,0,9998830001.737202,2800331371.600213,139900000,13990,10330.49934765107,10544.352099054262,1158.1472485968077,1372.0,26.175218648468835,-10.0,3374.192671697364,2739.72602739726,24980835.607078556
44,1,0,717015942.7356898,1371020000.0,0.5229799293487256,663984089.3171085,1882575.2305082974,0.0036687492883143357,400000,3123287.671232877,17600000,137424657.53424665,50569.95433747163,1220568.2171363588,0,0,9998779431.782864,2803804089.3171086,139820000,13982,10529.86834453885,10755.239141035347,1145.649203503505,1371.02,26.70755696712584,-8.0,3441.676525131311,2739.72602739726,24981537.55757629
45,1,0,731356261.5904036,1370236000.0,0.5337447429423863,667525242.2516155,1872588.3620275515,0.0036555264660222604,400000,3123287.671232877,18000000,140547945.20547953,52134.73672575011,1272702.953862109,0,0,9998727297.046139,2807275242.2516155,139750000,13975,10733.53376037379,10970.343923856053,1133.4258365177375,1370.2359999999999,27.24779749537152,-7.0,3510.510055633937,2739.72602739726,24982308.34160453
46,1,0,745983386.8222116,1369550000.0,0.5446923345786657,671044786.8847178,1862766.8740309295,0.003583158441059157,400000,3123287.671232877,18400000,143671232.8767124,53743.038130514695,1326445.9919926238,0,0,9998673554.008007,2810744786.884718,139700000,13970,10941.636701785004,11189.750802333176,1121.4358994518282,1369.55,27.798096532659542,-5.0,3580.7202567466156,2739.72602739726,24983149.33583388
47,1,0,760903054.5586559,1369060000.0,0.5557850310129986,674542680.2389481,1853107.3520169256,0.0035702509812209756,400000,3123287.671232877,18800000,146794520.5479453,55394.31700249218,1381840.308995116,0,0,9998618159.691006,2814212680.238948,139670000,13967,11154.192475079672,11413.545818379838,1109.7066566998326,1369.06,28.356342034793208,-3.0,3652.334661881548,2739.72602739726,24984061.944468368
48,1,0,776121115.649829,1368766000.0,0.5670224973807276,678008878.3351038,1843633.6749298263,0.004626413210399297,400000,3123287.671232877,19200000,149917808.21917817,57089.5750771814,1438929.8840722975,0,0,9998561070.115929,2817678878.335104,139670000,13967,11371.28168458802,11641.816734747435,1098.230949840585,1368.7659999999998,28.922512147223795,0.0,3725.3813551191793,2739.72602739726,24985047.59979609
49,1,0,791643537.9628257,1368766000.0,0.5783629473283423,681443337.8983886,1834341.8014109149,0.0035141407669639596,400000,3123287.671232877,19600000,153041095.89041105,58828.107948000375,1497757.9920202978,0,0,9998502242.00798,2821143337.898389,139700000,13970,11592.921000634044,11874.653069442385,1087.0339311916573,1368.7659999999998,29.494280642948766,3.0,3799.8889822215633,2739.72602739726,24986107.762750916
50,1,0,807476408.7220821,1369060000.0,0.5898035211912422,684836014.7416128,1825254.4741993735,0.003454697860423158,400000,3123287.671232877,20000000,156164383.56164393,60610.82800859615,1558368.8200288939,0,0,9998441631.179972,2824606014.741613,139770000,13977,11819.193617377814,12112.146130831234,1076.1074865465807,1369.06,30.0714946995339,7.0,3875.8867618659947,2739.72602739726,24987243.923485387
51,1,0,823625936.8965238,1369746000.0,0.601298296834978,688186865.5642123,1816367.1272266728,0.003426966919480366,400000,3123287.671232877,20400000,159287671.2328768,62436.84863325388,1620805.6686621478,0,0,9998379194.331337,2828066865.5642123,139880000,13988,12050.117975916804,12354.389053447858,1065.474922468946,1369.7459999999999,30.65161342700166,11.0,3953.4044971033145,2739.72602739726,24988457.601955093
52,1,0,840098455.6344544,1370824000.0,0.612841951727176,691495846.2587084,1807675.3559157837,0.00340256569059247,400000,3123287.671232877,20800000,162410958.9041097,64306.97673674896,1685112.645398897,0,0,9998314887.3546,2831525846.2587085,140030000,14003,12285.78020801871,12601.476834516818,1055.127373501894,1370.8239999999998,31.234356998025458,15.0,4032.4725870453817,2739.72602739726,24989750.348514743
53,1,0,856900424.7471435,1372294000.0,0.6244291855441644,694752911.9013165,1799200.8073476744,0.0033499079516628207,400000,3123287.671232877,21200000,165534246.57534257,66222.02862460591,1751334.6740235027,0,0,9998248665.325977,2834982911.9013166,140230000,14023,12526.268713539854,12853.506371207153,1045.0563423326994,1372.2939999999999,31.81944752235803,20.0,4113.122038786289,2739.72602739726,24991123.744526133
54,1,0,874038433.2420864,1374254000.0,0.6360093790828234,697958018.6953719,1790938.6618073466,0.003294015889308638,400000,3123287.671232877,21600000,168657534.24657544,68180.87717751822,1819515.551201021,0,0,9998180484.4488,2838438018.6953716,140480000,14048,12771.605974565631,13110.576498631297,1035.2834759343352,1374.254,32.40410234610419,25.0,4195.384479562015,2739.72602739726,24992579.4029783
55,1,0,891519201.9069282,1376704000.0,0.6475750792522781,701111122.1535844,1782884.2825377018,0.0032702412235104104,400000,3123287.671232877,22000000,171780821.91780832,70184.21302030071,1889699.7642213218,0,0,9998110300.235779,2841891122.1535845,140780000,14078,13021.88375531319,13372.788028603922,1025.7997267092683,1376.704,32.987933905043846,30.0,4279.292169153255,2739.72602739726,24994118.96912006
56,1,0,909349585.9450668,1379644000.0,0.6591190089219152,704202177.0948579,1775058.4145547417,0.00322460205872353,400000,3123287.671232877,22400000,174904109.5890412,72232.72995922246,1961932.4941805443,0,0,9998038067.50582,2845342177.094858,141140000,14114,13277.196234326802,13640.243789176006,1016.5964451507974,1379.644,33.57056489404478,36.0,4364.878012536321,2739.72602739726,24995744.1211052
57,1,0,927536577.6639682,1383172000.0,0.6705865775651677,707221139.7416686,1767481.1028083686,0.003172005812353238,400000,3123287.671232877,22800000,178027397.26027408,74325.02442215814,2036257.5186027023,0,0,9997963742.481398,2848791139.7416687,141570000,14157,13537.570635973623,13913.048664959524,1007.6939710140989,1383.172,34.14901100615997,43.0,4452.175572787048,2739.72602739726,24997456.570650592
58,1,0,946087309.2172476,1387386000.0,0.6819207554474729,710177967.9216973,1760122.189735148,0.0031376981570910636,400000,3123287.671232877,23200000,181150684.93150696,76459.49120415143,2112717.0098068537,0,0,9997887282.990192,2852237967.921697,142060000,14206,13803.03517042895,14191.309638258714,999.1115321702364,1387.386,34.7201643940865,49.0,4541.219084242788,2739.72602739726,24999258.06370744
59,1,0,965009055.4015926,1392188000.0,0.6931600153151677,713062616.8725781,1753001.7286313106,0.003131831777780584,400000,3123287.671232877,23600000,184273972.60273984,78638.72035193795,2191355.730158792,0,0,9997808644.269842,2855682616.872578,142620000,14262,14073.759406498522,14475.13583102389,990.8115754746318,1392.1879999999999,35.286180462049636,56.0,4632.043465927645,2739.72602739726,25001150.381145973
60,1,0,984309236.5096245,1397676000.0,0.7042470762248364,715875043.5534585,1746114.7881273371,0.0030727125603739786,400000,3123287.671232877,24000000,187397260.27397272,80860.99035249386,2272216.7205112856,0,0,9997727783.27949,2859125043.553458,143250000,14325,14349.776047426876,14764.638547644368,982.8134997825068,1397.676,35.843942929823925,63.0,4724.684335246197,2739.72602739726,25003135.339453824
61,1,0,1003995421.239817,1403850000.0,0.7151728612314827,718605204.5550877,1739480.8610854857,0.003061640114425118,400000,3123287.671232877,24400000,190520547.9452056,83126.66960360577,2355343.3901148913,0,0,9997644656.609884,2862565204.5550876,143960000,14396,14631.189863194772,15059.931318597257,975.1085445975153,1403.85,36.39299170460359,71.0,4819.178021951122,2739.72602739726,25005214.79144838
62,1,0,1024075329.6646134,1410808000.0,0.7258785955740351,721263058.4772991,1733070.875193503,0.0030358045485894413,400000,3123287.671232877,24800000,193643835.61643848,85433.7490213887,2440777.13913628,0,0,9997559222.860865,2866003058.477299,144740000,14474,14918.037254992225,15361.129944969201,967.7153100230237,1410.808,36.93014053423144,78.0,4915.561582390144,2739.72602739726,25007390.627003375
63,1,0,1044556836.2579056,1418452000.0,0.7364061922841982,723838561.3208761,1726904.4049255522,0.002979450820825813,400000,3123287.671232877,25200000,196767123.28767136,87784.82765579491,2528561.966792075,0,0,9997471438.033209,2869438561.320876,145600000,14560,15210.498903357993,15668.352543868587,960.5983594894067,1418.452,37.45772995438666,86.0,5013.872814037947,2739.72602739726,25009664.773790017
64,1,0,1065447972.9830637,1426880000.0,0.7466976711307635,726331671.2370725,1720976.8615363038,0.002928076702751352,400000,3123287.671232877,25600000,199890410.95890424,90177.75503650121,2618739.721828576,0,0,9997381260.278172,2872871671.2370725,146540000,14654,15508.616152445951,15981.719594745959,953.7765576999934,1426.8799999999999,37.97262071512903,94.0,5114.150270318706,2739.72602739726,25012039.19803294
65,1,0,1086756932.442725,1436092000.0,0.7567460388629175,728742346.2359103,1715283.8811364232,0.00290172889263045,400000,3123287.671232877,26000000,203013698.63013712,92612.67239501845,2711352.3942235946,0,0,9997288647.605776,2876302346.2359104,147560000,14756,15812.503963095147,16301.353986640876,947.2419764542731,1436.0919999999999,38.474471331328395,102.0,5216.4332757250795,2739.72602739726,25014515.90528127
66,1,0,1108492071.0915794,1446088000.0,0.766545376969852,731060544.2067105,1709844.7042527746,0.002883838492488723,400000,3123287.671232877,26400000,206136986.30137,95089.70043260517,2806442.0946561997,0,0,9997193557.905344,2879730544.2067103,148670000,14867,16122.280180887796,16627.381066373695,940.987114514099,1446.088,38.96299779533124,111.0,5320.761941239582,2739.72602739726,25017096.941195115
67,1,0,1130661912.513411,1456966000.0,0.7760386395519258,733296225.5967824,1704631.7113969882,0.0028331158613116203,400000,3123287.671232877,26800000,209260273.97260287,97606.28116080987,2904048.3758170097,0,0,9997095951.624184,2883156225.5967827,149860000,14986,16437.993137556616,16959.92868770117,935.030449855446,1456.966,39.435122240260625,119.0,5427.177180064374,2739.72602739726,25019784.392347783
68,1,0,1153275150.7636793,1468628000.0,0.785273841138586,735449348.2411728,1699641.1826176343,0.0028142023710806302,400000,3123287.671232877,27200000,212383561.64383575,100165.02684247878,3004213.4026594884,0,0,9996995786.59734,2886579348.241173,151130000,15113,16759.838490376784,17299.127261455193,929.3392289215907,1468.628,39.89350763382798,127.0,5535.720723665661,2739.72602739726,25022580.387044054
69,1,0,1176340653.7789528,1481074000.0,0.7942483993230269,737519869.9242111,1694869.5906029588,0.002779324166744005,400000,3123287.671232877,27600000,215506849.31506863,102765.98819448905,3106979.3908539773,0,0,9996893020.609146,2889999869.924211,152480000,15248,17087.942955167942,17645.109806684293,923.9071484836492,1481.0739999999998,40.338047063849785,135.0,5646.435138138974,2739.72602739726,25025487.096154798
70,1,0,1199867466.854532,1494304000.0,0.8029607542069968,739497748.4036305,1690336.451596231,0.0027383103090676737,400000,3123287.671232877,28000000,218630136.9863015,105409.19181342395,3212388.582667401,0,0,9996787611.417332,2893417748.4036303,153920000,15392,17422.4362602788,17998.01200281798,918.7282574608173,1494.3039999999999,40.76868742948465,144.0,5759.363840901754,2739.72602739726,25028506.733968303
71,1,0,1223864816.1916227,1508416000.0,0.8113576203060845,741392944.3449458,1686015.505724062,0.0027033884989376713,400000,3123287.671232877,28400000,221753424.6575344,108091.72991756078,3320480.3125849618,0,0,9996679519.687414,2896832944.344946,155440000,15544,17763.37789201071,18357.97224287434,913.8216491363697,1508.416,41.182557015102326,152.0,5874.5511177197895,2739.72602739726,25031641.559058625
72,1,0,1248342112.5154552,1523312000.0,0.8194920755009185,743255415.6594514,1681790.6384051514,0.0026453070783888106,400000,3123287.671232877,28800000,224876712.32876727,110816.35672719436,3431296.6693121563,0,0,9996568703.330688,2900245415.6594515,156990000,15699,18110.976626242715,18725.13168773183,909.156938510883,1523.312,41.582577793678375,155.0,5992.042140074185,2739.72602739726,25034893.875171304
73,1,0,1273308954.7657645,1538502000.0,0.827629053953628,745105105.1030456,1677615.6698418055,0.0026283382288819507,400000,3123287.671232877,29200000,228000000.00000015,113598.22763854958,3544894.896950706,0,0,9996455105.10305,2903655105.1030455,158550000,15855,18465.7398066152,19099.63432148647,904.6074851287352,1538.502,41.983181698607474,156.0,6111.88298287567,2739.72602739726,25038266.032126784
74,1,0,1298775133.8610797,1553790000.0,0.8358755905631261,746931948.2745707,1673512.5641466028,0.002622121861036521,400000,3123287.671232877,29600000,231123287.67123303,116444.49970773139,3661339.3966584373,0,0,9996338660.603342,2907061948.2745705,160130000,16013,18827.959976013066,19481.6270079162,900.1229680968696,1553.79,42.3901801373471,158.0,6234.120642533183,2739.72602739726,25041760.42674192
75,1,0,1324750636.5383012,1569274000.0,0.8441805806623326,748735882.5919307,1669480.5592498337,0.002585853006066936,400000,3123287.671232877,30000000,234246575.3424659,119353.3538727557,3780692.750531193,0,0,9996219307.24947,2910465882.591931,161730000,16173,19197.712041775416,19871.25954807452,895.7264937008968,1569.274,42.800781378204235,160.0,6358.803055383846,2739.72602739726,25045379.503769908
76,1,0,1351245649.2690673,1584954000.0,0.8525456570153249,750526844.299562,1665496.7233937802,0.0025125759538102066,400000,3123287.671232877,30400000,237369863.0136988,122325.96360153721,3903018.71413273,0,0,9996096981.285868,2913866844.299562,163340000,16334,19575.147422200942,20268.68473903601,891.4166831649328,1584.954,43.21506332635811,161.0,6485.979116491523,2739.72602739726,25049125.756859004
77,1,0,1378270562.2544487,1600732000.0,0.8610251823880879,752294765.1268853,1661582.7438187262,0.0025350431259646366,400000,3123287.671232877,30800000,240493150.68493167,125366.84390950922,4028385.558042239,0,0,9995971614.441957,2917264765.1268854,164970000,16497,19960.494996792953,20674.058433816732,887.1685629762227,1600.732,43.63596401277732,163.0,6615.698698821354,2739.72602739726,25053001.72953043
78,1,0,1405835973.4995377,1616706000.0,0.8695681054561174,754049578.7735933,1657715.9316672888,0.0024807826114803333,400000,3123287.671232877,31200000,243616438.35616454,128474.02452480259,4156859.5825670417,0,0,9995843140.417433,2920659578.7735934,166610000,16661,20353.838411773828,21087.539602493067,883.0048092807583,1616.706,44.0607003226573,164.0,6748.012672797781,2739.72602739726,25057010.016175833
79,1,0,1433952692.9695284,1632778000.0,0.87822881798354,755781214.2358673,1653917.7958581657,0.0024399307443310776,400000,3123287.671232877,31600000,246739726.02739742,131652.20895889995,4288511.791525941,0,0,9995711488.208473,2924051214.2358675,168270000,16827,20755.41324003721,21509.290394542928,878.9008454942813,1632.778,44.492208735795636,166.0,6882.972926253737,2739.72602739726,25061153.263074692
80,1,0,1462631746.828919,1649046000.0,0.886956304935653,757489602.5861311,1650187.6669097398,0.0024337058576799873,400000,3123287.671232877,32000000,249863013.6986303,134899.32096903154,4423411.112494973,0,0,9995576588.887505,2927439602.586131,169950000,16995,21165.30927359901,21939.476202433787,874.8790711652232,1649.0459999999998,44.9277116873074,168.0,7020.632384778812,2739.72602739726,25065434.169432074
81,1,0,1491884381.7654974,1665510000.0,0.8957522811424113,759184673.6299682,1646503.2072147075,0.0023901031188419673,400000,3123287.671232877,32400000,252986301.36986318,138216.62739575785,4561627.73989073,0,0,9995438372.260109,2930824673.629968,171640000,17164,21583.694006294638,22378.265726482463,870.9382798121724,1665.51,45.367291736287335,169.0,7161.045032474388,2739.72602739726,25069855.488437153
82,1,0,1521722069.4008074,1682072000.0,0.9046711849438118,760856352.1760129,1642885.6727357972,0.0023488442551230747,400000,3123287.671232877,32800000,256109589.04109606,141609.12518806264,4703236.865078793,0,0,9995296763.134922,2934206352.176013,173350000,17335,22010.813506103546,22825.831041012112,867.0544650914334,1682.072,45.81388353019545,171.0,7304.2659331238765,2739.72602739726,25074420.02834288
83,1,0,1552156510.7888236,1698830000.0,0.9136620561143985,762504565.2810693,1639334.4471835745,0.0023276411264337355,400000,3123287.671232877,33200000,259232876.71232894,145074.5661764709,4848311.431255264,0,0,9995151688.568745,2937584565.2810693,175080000,17508,22446.76729806314,23282.347661832355,863.2496362307868,1698.83,46.264717360382434,173.0,7450.351251786353,2739.72602739726,25079130.65356727
84,1,0,1583199641.0046,1715784000.0,0.9227266608177953,764129238.6786413,1635848.9333054924,0.0022891639719609894,400000,3123287.671232877,33600000,262356164.38356182,148614.27366076273,4996925.704916027,0,0,9995003074.295084,2940959238.6786413,176830000,17683,22891.733298134666,23747.994615069,859.5226830656654,1715.7839999999999,46.719878684072484,175.0,7599.35827682208,2739.72602739726,25083990.285816696
85,1,0,1614863633.824692,1732934000.0,0.9318667842079917,765740296.7616122,1632407.2342625314,0.002254136227964207,400000,3123287.671232877,34000000,265479452.0547947,152229.58826201552,5149155.293178043,0,0,9994850844.706821,2944330296.761612,178590000,17859,23345.89303678876,24222.95450737038,855.8725294183797,1732.934,47.17945398315429,176.0,7751.345442358522,2739.72602739726,25089001.90523166
86,1,0,1647160906.501186,1750182000.0,0.941136925474714,767327658.5114594,1629030.2925152872,0.0022309702794282757,400000,3123287.671232877,34400000,268602739.72602755,155925.92138560783,5305081.214563651,0,0,9994694918.785437,2947697658.5114594,180370000,18037,23809.50747501048,24707.413597517792,852.2758774926896,1750.182,47.64637605141972,178.0,7906.372351205693,2739.72602739726,25094168.55155547
87,1,0,1680104124.6312096,1767626000.0,0.9504862027551131,768891245.4104612,1625717.5607880657,0.0021838250847248,400000,3123287.671232877,34800000,271726027.3972604,159700.77223103077,5464781.986794682,0,0,9994535218.013205,2951061245.4104614,182170000,18217,24282.69012468089,25201.561869468147,848.7542552127405,1767.626,48.11788520223788,180.0,8064.499798229807,2739.72602739726,25099493.325326305
88,1,0,1713671838.931025,1785266000.0,0.9598972023950633,770430980.8224517,1622468.502844461,0.002173844285839689,400000,3123287.671232877,35200000,274849315.0684933,163552.2592422714,5628334.246036953,0,0,9994371665.753963,2954420980.8224516,183990000,18399,24765.118258381335,25705.07758396538,845.3066744159564,1785.2659999999998,48.593059345677844,182.0,8225.624826868921,2739.72602739726,25104979.224125776
89,1,0,1747242153.7726529,1803102000.0,0.9690201407200774,771956847.5733862,1619261.4961954353,0.002125599767603179,400000,3123287.671232877,35600000,277972602.7397262,167420.92029835875,5795755.166335312,0,0,9994204244.833664,2957776847.573386,185820000,18582,25247.46247756369,26208.632306589796,841.9321709738961,1803.1019999999999,49.053510397998785,183.0,8386.762338108734,2739.72602739726,25110626.26043649
90,1,0,1780828649.793071,1821036000.0,0.9779206176006795,773458823.3491166,1616117.0604886606,0.0021106209193821656,400000,3123287.671232877,36000000,281095890.41095906,171311.89550239246,5967067.061837704,0,0,9994032932.938162,2961128823.3491163,187670000,18767,25730.001704491257,26712.42974689607,838.6079575951863,1821.0359999999998,49.50274534620041,185.0,8547.977519006741,2739.72602739726,25116434.5119281
91,1,0,1814440478.0012188,1839166000.0,0.9865561227215046,774936889.761047,1613034.5793519157,0.002063247258028412,400000,3123287.671232877,36400000,284219178.08219194,175221.25930237642,6142288.321140081,0,0,9993857711.67886,2964476889.761047,189540000,18954,26212.796152982435,27216.60717001828,835.3549829641574,1839.166,49.93844519156759,187.0,8709.314294405849,2739.72602739726,25122404.10019511
92,1,0,1848089801.6792505,1857492000.0,0.994938229440154,776391027.8096088,1610013.453564181,0.002042347833441466,400000,3123287.671232877,36800000,287342465.7534248,179149.6226709814,6321437.943811062,0,0,9993678562.056189,2967821027.809609,191430000,19143,26696.027259299302,27721.347025188763,832.1722341105379,1857.492,50.36120720399613,189.0,8870.831048060403,2739.72602739726,25128535.205215774
93,1,0,1881788105.3607423,1876014000.0,1.0,777821779.6256579,1607051.9401006997,0.002011442266805405,400000,3123287.671232877,37200000,290465753.4246577,182535.85518367752,6503973.79899474,0,0,9993496026.201006,2971161779.625658,193340000,19334,27093.254727984593,28140.210000000006,829.0587279845846,1876.014,50.60980556563849,191.0,9004.8672,2739.72602739726,25134800.346388377
94,1,0,1915754380.6625035,1894732000.0,1.0,779230033.6694881,1604147.6149393162,0.001984834338266389,400000,3123287.671232877,37600000,293589041.0958906,185033.62740267062,6689007.42639741,0,0,9993310992.573603,2974500033.669488,195270000,19527,27352.260317914686,28420.980000000003,826.0123179146838,1894.732,50.592646781489115,193.0,9094.713600000001,2739.72602739726,25141155.33396098
95,1,0,1950333747.2334614,1913646000.0,1.0,780615766.9007794,1601299.964722432,0.001956115334957584,400000,3123287.671232877,38000000,296712328.76712346,187554.43994157648,6876561.866338987,0,0,9993123438.133661,2977835766.9007792,197220000,19722,27614.074178757517,28704.690000000002,823.0301787575153,1913.646,50.57577875119216,195.0,9185.500800000002,2739.72602739726,25147601.108733583
96,1,0,1985537271.371025,1932756000.0,1.0,781978956.424879,1598508.4889174686,0.0019326482130738944,400000,3123287.671232877,38400000,299835616.43835634,190098.1471332702,7066660.013472257,0,0,9992933339.986528,2981168956.424879,199190000,19919,27878.69546641851,28991.340000000004,820.1114664185067,1932.7559999999999,50.55919643981207,197.0,9277.2288,2739.72602739726,25154138.611506186
97,1,0,2021376219.119272,1952062000.0,1.0,783319579.5005101,1595772.6995628842,0.0018979173140894962,400000,3123287.671232877,38800000,302958904.1095892,192664.59560166008,7259324.609073917,0,0,9992740675.390926,2984499579.50051,201180000,20118,28146.123359843492,29280.930000000004,817.2553598434885,1952.062,50.542894841281225,199.0,9369.8976,2739.72602739726,25160768.78307879
98,1,0,2057862059.8743746,1971564000.0,1.0,784637613.5474972,1593092.1210219609,0.0018761091989363773,400000,3123287.671232877,39200000,306082191.7808221,195253.62424571987,7454578.233319637,0,0,9992545421.76668,2987827613.5474973,203190000,20319,28416.357060462436,29573.460000000006,814.4610604624281,1971.5639999999999,50.52686898136797,201.0,9463.507200000002,2739.72602739726,25167492.564251393
99,1,0,2095006470.0551069,1991262000.0,1.0,785933036.1545045,1590466.2897441273,0.001840117169693462,400000,3123287.671232877,39600000,309205479.452055,197865.06422542452,7652443.297545061,0,0,9992347556.702456,2991153036.154505,205220000,20522,28689.395791652154,29868.930000000004,811.7277916521506,1991.262,50.51111392043231,203.0,9558.0576,2739.72602739726,25174310.895823997
100,1,0,2132821336.8396013,2011156000.0,1.0,787205825.0867877,1587894.754033587,0.0018218428489555167,400000,3123287.671232877,40000000,312328767.12328786,200498.7389496044,7852942.036494666,0,0,9992147057.963505,2994475825.0867877,207270000,20727,28965.238798217397,30167.340000000004,809.0547982173907,2011.156,50.49562475597818,205.0,9653.5488,2739.72602739726,25181224.7185966
101,1,0,2171318761.969556,2031246000.0,1.0,788455958.2939548,1585377.0738250446,0.0018003434710680939,400000,3123287.671232877,40400000,315452054.79452074,203154.46406573,8056096.500560395,0,0,9991943903.49944,2997795958.293955,209340000,20934,29243.88534588955,30468.690000000002,806.4413458895452,2031.2459999999999,50.48039662500958,207.0,9749.980800000001,2739.72602739726,25188234.973369204
102,1,0,2210511065.623106,2051532000.0,1.0,789683413.917736,1582912.8204663142,0.0017735066338584364,400000,3123287.671232877,40800000,318575342.4657536,205832.04745164176,8261928.548012037,0,0,9991738071.451988,3001113413.917736,211430000,21143,29525.334720842533,30772.980000000003,803.8867208425286,2051.5319999999997,50.46542470619918,209.0,9847.3536,2739.72602739726,25195342.600941807
103,1,0,2250410790.357603,2072014000.0,1.0,790888170.2997596,1580501.5765076126,0.001739760674868771,400000,3123287.671232877,41200000,321698630.1369865,208531.2892092383,8470459.837221276,0,0,9991529540.162779,3004428170.29976,213540000,21354,29809.58622922516,31080.210000000006,801.3902292251527,2072.014,50.45070422187696,211.0,9945.667200000002,2739.72602739726,25202548.54211441
104,1,0,2291030705.1235576,2092692000.0,1.0,792070205.9893323,1578142.9354973445,0.0017308765271475681,400000,3123287.671232877,41600000,324821917.8082194,211251.9816601356,8681711.818881411,0,0,9991318288.181118,3007740205.989332,215670000,21567,30096.639196709482,31390.380000000005,798.9511967094766,2092.692,50.436230439846796,213.0,10044.9216,2739.72602739726,25209853.737687014
105,1,0,2332383809.3510375,2113566000.0,1.0,793229499.7512218,1575836.5017841933,0.0017007609543576642,400000,3123287.671232877,42000000,327945205.47945225,213993.90934330988,8895705.72822472,0,0,9991104294.271776,3011049499.7512217,217820000,21782,30386.492968054605,31703.490000000005,796.5689680545987,2113.566,50.42199867503848,215.0,10145.116800000002,2739.72602739726,25217259.128459617
106,1,0,2374483337.1098237,2134636000.0,1.0,794366030.5734398,1573581.8903253407,0.0016660222238977919,400000,3123287.671232877,42400000,331068493.15068513,216756.8490147366,9112462.577239458,0,0,9990887537.42276,3014356030.5734396,219990000,21999,30679.146906685382,32019.54,794.2429066853837,2134.636,50.40800429100298,217.0,10246.2528,2739.72602739726,25224765.65523222
107,1,0,2417342761.344656,2155902000.0,1.0,795479777.6750237,1571378.72650064,0.0016541312387895475,400000,3123287.671232877,42800000,334191780.821918,219540.5696490378,9332003.146888494,0,0,9990667996.853111,3017659777.6750236,222180000,22218,30974.600394285633,32338.53,791.9723942856336,2155.902,50.39424270125789,219.0,10348.3296,2739.72602739726,25232374.258804824
108,1,0,2460975798.186927,2177364000.0,1.0,796560720.5138134,1569246.3459580222,0.0016386514826284182,400000,3123287.671232877,43200000,337315068.4931509,222344.83244314906,9554347.979331644,0,0,9990445652.020668,3020960720.5138135,224400000,22440,31272.852830405245,32660.460000000006,789.7568304052428,2177.364,50.38070937049024,222.0,10451.347200000002,2739.72602739726,25240085.879977427
109,1,0,2505396411.3442006,2199120000.0,1.0,797618834.3903115,1567164.598057007,0.0016127397608203503,400000,3123287.671232877,43600000,340438356.16438377,225173.79473471298,9779521.774066357,0,0,9990220478.225933,3024258834.3903112,226640000,22664,31575.295402147454,32986.8,787.6154021474503,2199.12,50.36735094955424,224.0,10555.776,2739.72602739726,25247901.929950032
110,1,0,2550618816.568963,2221072000.0,1.0,798654099.3397119,1565133.1421618313,0.0015877201639152253,400000,3123287.671232877,44000000,343561643.83561665,228022.7218323531,10007544.49589871,0,0,9989992455.5041,3027554099.339712,228900000,22890,31880.535624422213,33316.08,785.5276244222105,2221.072,50.35421369905391,226.0,10661.1456,2739.72602739726,25255823.349522635
111,1,0,2596657486.2080326,2243220000.0,1.0,799666495.6624241,1563151.6473183255,0.0015621248087364682,400000,3123287.671232877,44400000,346684931.5068495,230891.34852068665,10238435.844419397,0,0,9989761564.15558,3030846495.662424,231180000,23118,32188.572954209318,33648.3,783.4929542093128,2243.22,50.34129316617159,228.0,10767.456,2739.72602739726,25263851.07949524
112,1,0,2643527153.8340874,2265564000.0,1.0,800646003.9318113,1561239.291598899,0.0015423807299358857,400000,3123287.671232877,44800000,349808219.1780824,233779.40184553099,10472215.246264929,0,0,9989527784.753735,3034136003.9318113,233490000,23349,32499.40686480586,33983.46000000001,781.5108648058541,2265.564,50.32858495550477,231.0,10874.7072,2739.72602739726,25271986.060667843
113,1,0,2691242818.9607925,2288202000.0,1.0,801602600.7533226,1559376.1782026119,0.001529988189667174,400000,3123287.671232877,45200000,352931506.8493153,236690.84972150563,10708906.095986435,0,0,9989291093.904013,3037422600.7533226,235820000,23582,32814.428314556615,34323.03,779.600314556615,2288.2019999999998,50.316039362483814,233.0,10983.3696,2739.72602739726,25280229.70424045
114,1,0,2739819751.8430347,2311036000.0,1.0,802536267.3549188,1557562.0079075908,0.00152692217544248,400000,3123287.671232877,45600000,356054794.52054816,239621.06963661863,10948527.165623054,0,0,9989051472.834377,3040706267.354919,238170000,23817,33132.245207690794,34665.54,777.7412076907915,2311.036,50.30369910643325,235.0,11092.9728,2739.72602739726,25288582.951013055
115,1,0,2789273498.3638015,2334066000.0,1.0,803436985.2637408,1555815.854792468,0.001514368855897814,400000,3123287.671232877,46000000,359178082.19178104,242569.7624108682,11191096.928033922,0,0,9988808903.071966,3043986985.2637405,240550000,24055,33452.85707027399,35010.990000000005,775.9330702739861,2334.066,50.29155989728,238.0,11203.516800000001,2739.72602739726,25297046.74178566
116,1,0,2839619885.009268,2357390000.0,1.0,804314732.1938343,1554117.9963103659,0.0014738517424719788,400000,3123287.671232877,46400000,362301369.8630139,245540.74113933282,11436637.669173256,0,0,9988563362.330826,3047264732.1938343,242950000,24295,33777.65471027799,35360.850000000006,774.1947102779807,2357.39,50.279574518822855,240.0,11315.472,2739.72602739726,25305622.487758264
117,1,0,2890875023.933685,2380910000.0,1.0,805169490.3861983,1552468.1634427428,0.0014640329712430052,400000,3123287.671232877,46800000,365424657.5342468,248529.478868885,11685167.14804214,0,0,9988314832.851957,3050539490.386198,245370000,24537,34105.246297765174,35713.65,772.5062977651664,2380.91,50.267783290678246,242.0,11428.368,2739.72602739726,25314311.12973087
118,1,0,2943055318.1156874,2404626000.0,1.0,805991242.4070066,1550885.337496967,0.0014461404323731469,400000,3123287.671232877,47200000,368547945.2054797,251535.65042445477,11936702.798466595,0,0,9988063297.201534,3053811242.4070067,247820000,24782,34435.63140844591,36069.39,770.8674084459052,2404.6259999999997,50.256182042371776,245.0,11542.204800000001,2739.72602739726,25323113.608503472
119,1,0,2996177466.607675,2428636000.0,1.0,806789967.1743919,1549349.9558228843,0.0014311973544103597,400000,3123287.671232877,47600000,371671232.87671256,254562.90384760383,12191265.702314198,0,0,9987808734.297686,3057079967.1743917,250290000,25029,34770.2007165009,36429.54,769.2967165008943,2428.636,50.24472586625851,247.0,11657.4528,2739.72602739726,25332031.335276075
120,1,0,3050258469.8799434,2452842000.0,1.0,807555648.0270758,1547880.9454851095,0.001422236569681129,400000,3123287.671232877,48000000,374794520.54794544,257606.81854890467,12448872.520863103,0,0,9987551127.479137,3060345648.027076,252790000,25279,35107.56263488377,36792.630000000005,767.7746348837609,2452.842,50.23345289649863,250.0,11773.6416,2739.72602739726,25341065.25084868
121,1,0,3105315635.2612762,2477342000.0,1.0,808298264.7727077,1546458.8438173726,0.0014043991209999127,400000,3123287.671232877,48400000,377917808.2191783,260670.925600876,12709543.446463978,0,0,9987290456.553535,3063608264.772708,255310000,25531,35449.107759885264,37160.130000000005,766.3197598852544,2477.342,50.22231965044238,252.0,11891.241600000001,2739.72602739726,25350216.766421285
122,1,0,3161366582.477742,2502038000.0,1.0,809007801.5636107,1545102.5287816152,0.0014040560029640735,400000,3123287.671232877,48800000,381041095.8904112,263750.8803298385,12973294.326793816,0,0,9987026705.673206,3066867801.5636106,257860000,25786,35793.444655897445,37530.57,764.9126558974474,2502.038,50.21136289598469,255.0,12009.7824,2739.72602739726,25359486.82279389
123,1,0,3218429249.2914653,2527028000.0,1.0,809694239.1427268,1543792.6313066548,0.0013913131957761055,400000,3123287.671232877,49200000,384164383.5616441,266850.0921167664,13240144.418910582,0,0,9986759855.581089,3070124239.142727,260430000,26043,36141.9638488489,37905.420000000006,763.5718488488955,2527.028,50.20054050607394,257.0,12129.734400000001,2739.72602739726,25368876.831166495
124,1,0,3276521897.241176,2552214000.0,1.0,810347562.5166224,1542547.9853582568,0.0013679918559458622,400000,3123287.671232877,49600000,387287671.23287696,269964.2973372087,13510108.71624779,0,0,9986489891.283752,3073377562.5166225,263030000,26303,36493.27404455954,38283.21000000001,762.2780445595347,2552.214,50.1898879661321,260.0,12250.6272,2739.72602739726,25378387.7323391
125,1,0,3335663117.486379,2577694000.0,1.0,810967753.4088478,1541368.3155041614,0.0013673521413586531,400000,3123287.671232877,50000000,390410958.90410984,273096.7790074554,13783205.495255245,0,0,9986216794.504745,3076627753.408848,265660000,26566,36848.76570606144,38665.41,761.0497060614379,2577.694,50.17936443776642,263.0,12372.9312,2739.72602739726,25388020.937511705
126,1,0,3395871836.757008,2603468000.0,1.0,811564794.1073363,1540234.383102955,0.0013555085506601683,400000,3123287.671232877,50400000,393534246.5753427,276246.9727443833,14059452.467999628,0,0,9985940547.532,3079874794.107336,268310000,26831,37208.43840614731,39052.020000000004,759.886406147308,2603.468,50.168967836645436,265.0,12496.646400000001,2739.72602739726,25397777.85788431
127,1,0,3457167323.410472,2629438000.0,1.0,812128671.0340341,1539164.968044338,0.0013395275790733156,400000,3123287.671232877,50800000,396657534.2465756,279410.7445349828,14338863.21253461,0,0,9985661136.787466,3083118671.0340343,270990000,27099,37570.90104726948,39441.57,758.7690472694787,2629.438,50.15873184584733,268.0,12621.3024,2739.72602739726,25407659.434256915
128,1,0,3519569193.5980306,2655702000.0,1.0,812669367.5282998,1538140.9093858341,0.0013338816785967522,400000,3123287.671232877,51200000,399780821.9178085,282591.17696714355,14621454.389501754,0,0,9985378545.610498,3086359367.5283,273690000,27369,37937.54401565054,39835.53,757.7160156505382,2655.7019999999998,50.14861741629569,270.0,12747.3696,2739.72602739726,25417667.07782952
129,1,0,3583097417.5424747,2682162000.0,1.0,813176870.9691454,1537180.9561064346,0.0013284132391977144,400000,3123287.671232877,51600000,402904109.58904135,285784.2303872402,14907238.619888995,0,0,9985092761.380112,3089596870.9691453,276420000,27642,38306.976330587706,40232.43000000001,756.7083305876961,2682.162,50.138657139227185,273.0,12874.377600000002,2739.72602739726,25427801.729402125
130,1,0,3647772325.9291162,2708916000.0,1.0,813651165.7912067,1536284.9001567774,0.0013309695762186277,400000,3123287.671232877,52000000,406027397.26027423,288992.8491715034,15196231.469060497,0,0,9984803768.53094,3092831165.791207,279180000,27918,38680.5883344877,40633.740000000005,755.7643344876906,2708.9159999999997,50.12881309971462,276.0,13002.796800000002,2739.72602739726,25438064.800174728
131,1,0,3713614616.4121366,2735964000.0,1.0,814092237.0564367,1535452.5483742373,0.0013261729779190335,400000,3123287.671232877,52400000,409150684.9315071,292216.4060028321,15488447.87506333,0,0,9984511552.124937,3096062237.0564365,281970000,28197,39058.37970496398,41039.46000000001,754.8837049639772,2735.964,50.119083160104836,279.0,13132.6272,2739.72602739726,25448457.701347332
132,1,0,3780645360.238375,2763306000.0,1.0,814510070.4680855,1534664.8805479282,0.0013247237777645059,400000,3123287.671232877,52800000,412273972.60274,295454.2595839674,15783902.134647297,0,0,9984216097.865353,3099290070.4680853,284780000,28478,39440.350142569194,41449.590000000004,754.0661425691869,2763.306,50.10946516003505,281.0,13263.8688,2739.72602739726,25458981.844119936
133,1,0,3848886008.9906774,2790844000.0,1.0,814894655.5677929,1533940.6038060568,0.0013102199224126183,400000,3123287.671232877,53200000,415397260.27397287,298702.57152548997,16082604.706172787,0,0,9983917395.293827,3102514655.567793,287620000,28762,39825.108877908075,41862.66,753.2928779080688,2790.844,50.099989664956254,284.0,13396.0512,2739.72602739726,25469638.16929254
134,1,0,3918358401.4529586,2818676000.0,1.0,815245979.2471486,1533279.564474909,0.0013150737526814308,400000,3123287.671232877,53600000,418520547.94520575,301963.9918771267,16384568.698049914,0,0,9983615431.30195,3105735979.2471485,290490000,29049,40214.04619507782,42280.14,752.5821950778175,2818.676,50.09062081294759,287.0,13529.6448,2739.72602739726,25480428.088065144
135,1,0,3989084770.599184,2846802000.0,1.0,815564029.0760866,1532681.6233129527,0.0013085989483575756,400000,3123287.671232877,54000000,421643835.6164386,305237.8422948405,16689806.540344754,0,0,9983310193.459656,3108954029.0760865,293390000,29339,40607.161855367085,42702.030000000006,751.9338553670773,2846.8019999999997,50.081356430573734,290.0,13664.6496,2739.72602739726,25491353.011637747
136,1,0,4061087750.708499,2875222000.0,1.0,815848793.3163639,1532146.6554100455,0.0012902811002661878,400000,3123287.671232877,54400000,424767123.2876715,308523.43095553067,16998329.971300285,0,0,9983001670.0287,3112168793.316364,296320000,29632,41004.45564214957,43128.33,751.3476421495702,2875.2219999999998,50.0721943295256,293.0,13801.0656,2739.72602739726,25502414.351210352
137,1,0,4134390384.608787,2903936000.0,1.0,816100260.934893,1531674.5500951519,0.00130300187082883,400000,3123287.671232877,54800000,427890410.9589044,311820.05270376476,17310150.02400405,0,0,9982689849.975996,3115380260.934893,299280000,29928,41405.92736069866,43559.04,750.8233606986598,2903.9359999999997,50.06313230856209,296.0,13938.8928,2739.72602739726,25513613.517982956
138,1,0,4209016131.0509753,2932944000.0,1.0,816318421.6169214,1531265.210852467,0.0013100698861672857,400000,3123287.671232877,55200000,431013698.63013726,315126.9892044463,17625277.013208497,0,0,9982374722.986792,3118588421.6169214,302270000,30227,41811.576838019275,43994.16,750.3608380192723,2932.944,50.0541681553319,299.0,14078.1312,2739.72602739726,25524951.92315556
139,1,0,4284988872.216445,2962246000.0,1.0,816503265.7790529,1530918.5552458528,0.0013014303901870373,400000,3123287.671232877,55600000,434136986.30137014,318443.50910140923,17943720.522309907,0,0,9982056279.47769,3121793265.7790527,305290000,30529,42221.40392269693,44433.69,749.9599226969322,2962.2459999999996,50.04529964807903,302.0,14218.7808,2739.72602739726,25536430.977928165
140,1,0,4362332921.359951,2991842000.0,1.0,816654784.5821037,1530634.5148515042,0.0013020656202375077,400000,3123287.671232877,56000000,437260273.972603,321768.8681819258,18265489.390491832,0,0,9981734510.609509,3124994784.5821037,308340000,30834,42635.408484763706,44877.630000000005,749.6204847636973,2991.8419999999996,50.03652455723506,305.0,14360.8416,2739.72602739726,25548052.09350077
141,1,0,4441073030.590498,3021732000.0,1.0,816772969.9437895,1530413.0351987693,0.0013259934771443212,400000,3123287.671232877,56400000,440383561.6438359,325102.3095471114,18590591.700038943,0,0,9981409408.299961,3128192969.9437895,311420000,31142,43053.590415580795,45325.98,749.3424155807974,3021.732,50.02784064690188,308.0,14504.313600000001,2739.72602739726,25559816.681073375
142,1,0,4521234398.792656,3051916000.0,1.0,816857814.5512341,1530254.0757190576,0.001310768843744239,400000,3123287.671232877,56800000,443506849.3150688,328443.0637882092,18919034.763827153,0,0,9981080965.236174,3131387814.5512342,314530000,31453,43475.94962773781,45778.740000000005,749.125627737805,3051.9159999999997,50.01924567622813,311.0,14649.196800000002,2739.72602739726,25571726.15184598
143,1,0,4602842679.690863,3082394000.0,1.0,816909311.8732982,1530157.6097027787,0.0013221607574785384,400000,3123287.671232877,57200000,446630136.98630166,331790.34916873614,19250825.11299589,0,0,9980749174.887005,3134579311.873298,317670000,31767,43902.4860549682,46235.91,748.9700549681929,3082.394,50.010737400682515,314.0,14795.4912,2739.72602739726,25583781.917018585
144,1,0,4685923990.059282,3113166000.0,1.0,816927456.1727185,1530123.6242642663,0.0013429785112809899,400000,3123287.671232877,57600000,449753424.65753454,335143.3718124654,19585968.484808356,0,0,9980414031.515192,3137767456.1727185,320840000,32084,44333.19965208116,46697.490000000005,748.8756520811492,3113.1659999999997,50.002313573227816,317.0,14943.196800000002,2739.72602739726,25595985.38779119
145,1,0,4770504918.079852,3144232000.0,1.0,816912242.5180541,1530152.1203146395,0.001327450895172217,400000,3123287.671232877,58000000,452876712.3287674,338501.32589722454,19924469.81070558,0,0,9980075530.189295,3140952242.518054,324040000,32404,44768.09039490955,47163.48,748.8423949095472,3144.232,49.9939719453983,320.0,15092.313600000001,2739.72602739726,25608337.975363795
146,1,0,4856612531.851193,3175592000.0,1.0,816853666.7954324,1530261.845923781,0.001346347573466485,400000,3123287.671232877,58400000,456000000.0000003,341863.39385448006,20266333.20456006,0,0,9979733666.79544,3144133666.7954326,327280000,32728,45207.158280273994,47633.880000000005,748.8702802739867,3175.5919999999996,49.98571026828442,324.0,15242.8416,2739.72602739726,25620841.0909364
147,1,0,4944274388.051107,3207344000.0,1.0,816761723.5904623,1530434.108132567,0.0013497949822211116,400000,3123287.671232877,58800000,459123287.6712332,345230.87620294694,20611564.08076301,0,0,9979388435.919237,3147311723.590462,330550000,33055,45651.7936592495,48110.16,748.9776592494982,3207.344,49.97749882507149,327.0,15395.2512,2739.72602739726,25633496.616109006
148,1,0,5033518540.755429,3239390000.0,1.0,816636410.6312599,1530668.9534375984,0.0013512071637099392,400000,3123287.671232877,59200000,462246575.34246606,348600.630435249,20960164.71119826,0,0,9979039835.288801,3150486410.63126,333850000,33385,46100.6062529146,48590.850000000006,749.146252914595,3239.39,49.969363420265545,330.0,15549.072,2739.72602739726,25646305.96208161
149,1,0,5124373550.416064,3271730000.0,1.0,816477726.5011812,1530966.4421056057,0.0013675168564376554,400000,3123287.671232877,59600000,465369863.01369894,351971.80131143885,21312136.512509696,0,0,9978687863.48749,3153657726.501181,337180000,33718,46553.59612743842,49075.950000000004,749.376127438419,3271.73,49.96130177806793,333.0,15704.304,2739.72602739726,25659270.540054217
150,1,0,5216868493.001074,3304364000.0,1.0,816275670.6496605,1531345.4081084304,0.0013641964741751755,400000,3123287.671232877,60000000,468493150.6849318,355343.5227535731,21667480.03526327,0,0,9978332519.964737,3156825670.6496606,340550000,34055,47010.76337000554,49565.46,749.6673700055363,3304.364,49.95331162614844,337.0,15860.947199999999,2739.72602739726,25672391.76122682
151,1,0,5311032969.299743,3337390000.0,1.0,816040241.6231903,1531787.203917303,0.0013900456398469243,400000,3123287.671232877,60400000,471616438.3561647,358716.6977029689,22026196.73296624,0,0,9977973803.267035,3159990241.6231904,343950000,34395,47473.498461114075,50060.850000000006,750.0384611140697,3337.39,49.94536433584142,340.0,16019.472,2739.72602739726,25685671.507199425
152,1,0,5406897114.395602,3370710000.0,1.0,815771440.8179067,1532291.9355287983,0.0013911722068541803,400000,3123287.671232877,60800000,474739726.0273976,362088.476516355,22388285.209482595,0,0,9977611714.790518,3163151440.817907,347380000,34738,47940.41119229299,50560.65000000001,750.4711922929762,3370.71,49.937484508087955,343.0,16179.408000000003,2739.72602739726,25699111.18917203
153,1,0,5504491607.310442,3404324000.0,1.0,815459270.530655,1532878.5203294791,0.0013970724171253883,400000,3123287.671232877,61200000,477863013.69863045,365457.95848453033,22753743.167967126,0,0,9977246256.832033,3166309270.530655,350850000,35085,48411.5017206301,51064.86000000001,750.9657206300914,3404.324,49.92966985560071,347.0,16340.755200000001,2739.72602739726,25712712.218344633
154,1,0,5603847680.822395,3438330000.0,1.0,815113732.4658982,1533528.328885421,0.0014127439011421621,400000,3123287.671232877,61600000,480986301.36986333,368825.7359897442,23122568.90395687,0,0,9976877431.096043,3169463732.465898,354350000,35435,48888.160652020764,51574.950000000004,751.5406520207619,3438.33,49.921892466341625,350.0,16503.984,2739.72602739726,25726476.476317238
155,1,0,5704997131.461239,3472630000.0,1.0,814724830.9418727,1534260.344753343,0.0014473675732970832,400000,3123287.671232877,62000000,484109589.0410962,372189.19525822287,23494758.099215094,0,0,9976505241.900785,3172614830.9418726,357890000,35789,49368.99780784559,52089.450000000004,752.1778078455827,3472.6299999999997,49.91417614485304,354.0,16668.624,2739.72602739726,25740405.374289844
156,1,0,5807972329.6841135,3507322000.0,1.0,814302569.8980507,1535055.943832382,0.0014443219310691334,400000,3123287.671232877,62400000,487232876.7123291,375548.7150548825,23870306.814269975,0,0,9976129693.18573,3175762569.898051,361460000,36146,49855.40389349426,52609.83,752.8958934942578,3507.3219999999997,49.906493405550044,357.0,16835.1456,2739.72602739726,25754500.793862447
157,1,0,5912806230.234911,3542308000.0,1.0,813836955.7233049,1535934.1833881673,0.001468667495273556,400000,3123287.671232877,62800000,490356164.38356197,378901.8459785822,24249208.660248555,0,0,9975750791.339752,3178906955.7233047,365070000,36507,50345.988740715075,53134.62,753.6767407150683,3542.308,49.898867563617664,361.0,17003.0784,2739.72602739726,25768764.146235052
158,1,0,6019532382.690651,3577686000.0,1.0,813327994.645489,1536895.3340218326,0.0014787894935647933,400000,3123287.671232877,63200000,493479452.05479485,382248.7490487327,24631457.409297287,0,0,9975368542.590702,3182047994.6454887,368720000,36872,50842.1431658249,53665.29,754.5391658248981,3577.6859999999997,49.891271527423896,365.0,17172.8928,2739.72602739726,25783197.313007656
159,1,0,6128184942.198216,3613456000.0,1.0,812785694.1564882,1537920.769259159,0.0014944403787183489,400000,3123287.671232877,63600000,496602739.7260277,385588.1602336344,25017045.569530923,0,0,9974982954.43047,3185185694.1564884,372400000,37240,51343.867573938696,54201.84000000001,755.4835739386849,3613.4559999999997,49.88370356680934,368.0,17344.5888,2739.72602739726,25797802.17578026
160,1,0,6238798680.404894,3649520000.0,1.0,812200063.9398518,1539029.6744578388,0.0015066472018710076,400000,3123287.671232877,64000000,499726027.3972606,388917.88786924677,25405963.45740017,0,0,9974594036.5426,3188320063.9398518,376120000,37612,51849.77179778276,54742.8,756.4917977827603,3649.52,49.876186322386495,372.0,17517.696,2739.72602739726,25812580.145752862
161,1,0,6351408996.586202,3685976000.0,1.0,811571113.8542895,1540222.3892167907,0.0015150011135335228,400000,3123287.671232877,64400000,502849315.0684935,392237.7567950534,25798201.21419522,0,0,9974201798.785805,3191451113.8542895,379880000,37988,52361.246846841495,55289.64,757.5828468414971,3685.9759999999997,49.86869322093676,376.0,17692.6848,2739.72602739726,25827533.104525466
162,1,0,6466051928.974582,3722824000.0,1.0,810908855.0639126,1541480.2689526258,0.001539933825699459,400000,3123287.671232877,64800000,505972602.73972636,395546.46160976915,26193747.67580499,0,0,9973806252.324196,3194578855.0639124,383670000,38367,52878.29323307724,55842.36000000001,758.7572330772289,3722.8239999999996,49.86122243245518,379.0,17869.555200000003,2739.72602739726,25842662.93369807
163,1,0,6582764166.292572,3759966000.0,1.0,810203300.6507283,1542822.645866818,0.0015711693477256023,400000,3123287.671232877,65200000,509095890.41095924,398842.08441716066,26592589.760222152,0,0,9973407410.239779,3197703300.650728,387500000,38750,53399.52076785542,56399.490000000005,759.9967678554142,3759.966,49.85379600561614,383.0,18047.8368,2739.72602739726,25857971.044470675
164,1,0,6701583059.494152,3797500000.0,1.0,809454464.2166466,1544249.9303647417,0.0015761213900926001,400000,3123287.671232877,65600000,512219178.0821921,402124.105314624,26994713.865536775,0,0,9973005286.134462,3200824464.2166467,391370000,39137,53926.32068281897,56962.5,761.3206828189748,3797.5,49.84638781555708,387.0,18228.0,2739.72602739726,25873459.31844328
165,1,0,6822546633.71802,3835426000.0,1.0,808662360.7063155,1545762.5589352148,0.0016066953506558863,400000,3123287.671232877,66000000,515342465.753425,405391.181563869,27400105.047100645,0,0,9972599894.9529,3203942360.7063155,395280000,39528,54458.69360073559,57531.39,762.7296007355884,3835.426,49.838995938500624,391.0,18410.0448,2739.72602739726,25889129.637215883
166,1,0,6945693600.45663,3873744000.0,1.0,807827006.419952,1547360.9944530232,0.001609050551585861,400000,3123287.671232877,66400000,518465753.4246579,408641.9575963042,27808747.00469695,0,0,9972191252.995302,3207057006.419952,399230000,39923,54996.640185431526,58106.16,764.2241854315192,3873.7439999999997,49.83161841248029,395.0,18593.9712,2739.72602739726,25904983.882388487
167,1,0,7071063369.944871,3912454000.0,1.0,806948419.0256308,1549045.7265029752,0.0016478207946096749,400000,3123287.671232877,66800000,521589041.09589076,411875.0655539816,28220622.070250932,0,0,9971779377.929749,3210168419.025631,403220000,40322,55540.16114244733,58686.81,765.8051424473284,3912.4539999999997,49.82425323784984,399.0,18779.7792,2739.72602739726,25921023.93556109
168,1,0,7198696063.772375,3951556000.0,1.0,806026617.5710224,1550817.271725946,0.0016565865845895595,400000,3123287.671232877,67200000,524712328.76712364,415089.12584122684,28635711.19609216,0,0,9971364288.803907,3213276617.5710225,407250000,40725,56089.257219739506,59273.34000000001,767.4732197394928,3951.556,49.81689837768957,403.0,18967.468800000002,2739.72602739726,25937251.678333696
169,1,0,7328632527.723466,3991050000.0,1.0,805101622.4945683,1552599.032314605,0.0016805250474795745,400000,3123287.671232877,67600000,527835616.4383565,418282.7476868057,29053993.943778966,0,0,9970946006.056221,3216381622.4945683,411280000,41128,56643.929208429174,59865.75,769.2292084291797,3991.0499999999997,49.80955175810984,403.0,19157.04,2739.72602739726,25953668.9923063
170,1,0,7460914344.848874,4030544000.0,1.0,804173454.9161872,1554391.0239243887,0.001696786385888431,400000,3123287.671232877,68000000,530958904.1095894,421455.2496140338,29475449.193393,0,0,9970524550.806606,3219483454.9161873,415310000,41531,57198.61334573164,60458.16,770.9973457316404,4030.544,49.80230342953241,403.0,19346.6112,2739.72602739726,25970275.877478905
171,1,0,7595583848.773396,4070038000.0,1.0,803242135.9872794,1556193.262276496,0.0017162730185260912,400000,3123287.671232877,68400000,534082191.7808223,424606.60014051537,29900055.793533515,0,0,9970099944.206467,3222582135.9872794,419340000,41934,57753.309682100546,61050.57000000001,772.7776821005413,4070.038,49.79515009277499,403.0,19536.1824,2739.72602739726,25987072.33385151
172,1,0,7732684137.243754,4109532000.0,1.0,802307686.8894494,1558005.7631583225,0.0017449160917255469,400000,3123287.671232877,68800000,537205479.4520551,427736.7690628768,30327792.562596392,0,0,9969672207.437403,3225677686.889449,423370000,42337,58308.01826832707,61642.98000000001,774.5702683270597,4109.532,49.788088573179174,403.0,19725.753600000004,2739.72602739726,26004058.361424115
173,1,0,7872259085.921003,4149026000.0,1.0,801370128.8332293,1559828.5424238949,0.0017757104434385172,400000,3123287.671232877,69200000,540328767.1232879,430845.7274528337,30758638.290049225,0,0,9969241361.709951,3228770128.833229,427400000,42740,58862.73915554172,62235.39,776.3751555417181,4149.026,49.78111581466607,403.0,19915.3248,2739.72602739726,26021233.96019672
174,1,0,8014353362.421877,4188520000.0,1.0,800429483.056809,1561661.6159943077,0.001799906522587364,400000,3123287.671232877,69600000,543452054.7945207,433933.44765313575,31192571.737702362,0,0,9968807428.262299,3231859483.056809,431430000,43143,59417.47239521624,62827.8,778.1923952162324,4188.5199999999995,49.7742288741283,403.0,20104.896,2739.72602739726,26038599.130169325
175,1,0,8159012440.613591,4228014000.0,1.0,799485770.8247684,1563504.999858165,0.001830743662400798,400000,3123287.671232877,70000000,546575342.4657536,436999.9032733924,31629571.640975755,0,0,9968370428.359024,3234945770.8247685,435460000,43546,59972.218039165375,63420.21000000001,780.0220391653722,4228.014,49.767424916136,403.0,20294.467200000003,2739.72602739726,26056153.87134193
176,1,0,8306282615.166666,4267508000.0,1.0,798539013.4268155,1565358.7100720215,0.0018457006241913685,400000,3123287.671232877,70400000,549698630.1369864,440045.06918577926,32069616.710161533,0,0,9967930383.289839,3238029013.4268155,439490000,43949,60526.97613954884,64012.62,781.8641395488372,4267.508,49.76070120793691,403.0,20484.0384,2739.72602739726,26073898.183714535
177,1,0,8456211016.370423,4307002000.0,1.0,797589232.1765277,1567222.762760827,0.0018827090801617743,400000,3123287.671232877,70800000,552821917.8082192,443068.9215206283,32512685.63168216,0,0,9967487314.368319,3241109232.176528,443520000,44352,61081.74674887315,64605.030000000006,783.7187488731449,4307.0019999999995,49.75405511473132,403.0,20673.6096,2739.72602739726,26091832.06728714
178,1,0,8608845625.215908,4346496000.0,1.0,796636448.4100987,1569097.1741183752,0.0018912357740221808,400000,3123287.671232877,71200000,555945205.479452,446071.4376619013,32958757.069344062,0,0,9967041242.930656,3244186448.4100986,447550000,44755,61636.52991999354,65197.44000000001,785.5859199935334,4346.496,49.747484095204484,403.0,20863.180800000002,2739.72602739726,26109955.522059742
179,1,0,8764235288.751055,4385990000.0,1.0,795690683.485089,1570962.216781327,0.0019211990540284444,400000,3123287.671232877,71600000,559068493.1506848,449052.59624254983,33407809.665586613,0,0,9966592190.334414,3247260683.485089,451570000,45157,62191.32570611589,65789.85,787.4657061158782,4385.99,49.740985697300424,402.0,21052.752,2739.72602739726,26128268.548032347
180,1,0,8922429735.71301,4425386000.0,1.0,794741957.4749092,1572837.5584592791,0.001965931618313829,400000,3123287.671232877,72000000,562191780.8219177,452013.68141260877,33859823.34699922,0,0,9966140176.653,3250331957.4749093,455590000,45559,62744.742325078274,66380.79000000001,789.3383250782643,4425.3859999999995,49.73457987264796,402.0,21241.8528,2739.72602739726,26146770.674804952
181,1,0,9083479592.442629,4464782000.0,1.0,793790291.5555054,1574723.2150578385,0.001969496378116227,400000,3123287.671232877,72400000,565315068.4931505,454953.5906365524,34314776.93763577,0,0,9965685223.062365,3253400291.5555053,459610000,45961,63298.17152615077,66971.73000000001,791.2235261507554,4464.782,49.728241925807694,402.0,21430.953600000004,2739.72602739726,26165461.902377557
182,1,0,9247436399.086218,4504178000.0,1.0,792835706.9214789,1576619.202550349,0.0020077003020302978,400000,3123287.671232877,72800000,568438356.1643833,457872.3052593374,34772649.24289511,0,0,9965227350.757105,3256465706.9214787,463630000,46363,63851.613362374555,67562.67000000001,793.1213623745398,4504.178,49.72196966184827,402.0,21620.0544,2739.72602739726,26184342.230750162
183,1,0,9414352626.089724,4543574000.0,1.0,791878224.7848691,1578525.5369783326,0.0020252785280105512,400000,3123287.671232877,73200000,571561643.8356161,460769.8078426421,35233419.05073775,0,0,9964766580.949263,3259528224.784869,467650000,46765,64405.06788713941,68153.61000000002,795.0318871394004,4543.574,49.715760959758164,402.0,21809.1552,2739.72602739726,26203411.659922767
184,1,0,9584281690.990643,4582970000.0,1.0,790917866.373942,1580442.2344519277,0.002080665632044659,400000,3123287.671232877,73600000,574684931.5068489,463646.08215986163,35697065.132897615,0,0,9964302934.867102,3262587866.373942,471670000,47167,64958.53515418562,68744.55,796.955154185618,4582.969999999999,49.70961376925199,402.0,21998.256,2739.72602739726,26222670.189895373
185,1,0,9757277975.513023,4622366000.0,1.0,789954652.9319838,1582369.3111503334,0.002090216614169787,400000,3123287.671232877,74000000,577808219.1780818,466501.11319099856,36163566.24608862,0,0,9963836433.753912,3265644652.931984,475690000,47569,65512.015217605884,69335.49,798.8912176058869,4622.366,49.703526107740124,402.0,22187.3568,2739.72602739726,26242117.82066798
186,1,0,9933396842.971033,4661762000.0,1.0,788988605.7160991,1584306.7833222547,0.0020922122229251063,400000,3123287.671232877,74400000,580931506.8493146,469334.88711745065,36632901.13320607,0,0,9963367098.866795,3268698605.7160993,479710000,47971,66065.50813184725,69926.43000000001,800.8401318472447,4661.762,49.69749605745184,402.0,22376.4576,2739.72602739726,26261754.552240584
187,1,0,10112694655.98666,4701158000.0,1.0,788019745.9960153,1586254.6672863506,0.00214431953591378,400000,3123287.671232877,74800000,584054794.5205474,472147.3913166971,37105048.52452277,0,0,9962894951.475477,3271749745.9960155,483730000,48373,66619.01395171302,70517.37,802.8019517130173,4701.157999999999,49.691521762702976,402.0,22565.5584,2739.72602739726,26281580.38461319
188,1,0,10295228794.527218,4740554000.0,1.0,787048095.0528913,1588212.9794316841,0.002169782756583734,400000,3123287.671232877,75200000,587178082.1917802,474938.6143568846,37579987.13887965,0,0,9962420012.86112,3274798095.0528913,487750000,48775,67172.53273236477,71108.31,804.7767323647765,4740.554,49.68560142729987,402.0,22754.6592,2739.72602739726,26301595.317785796
189,1,0,10481057674.268433,4779950000.0,1.0,786073674.1781328,1590181.7362181756,0.0021649807275948806,400000,3123287.671232877,75600000,590301369.863013,477708.5459913145,38057695.684870966,0,0,9961942304.315128,3277843674.178133,491770000,49177,67726.06452932433,71699.25000000001,806.7645293243143,4779.95,49.679733312071505,402.0,22943.760000000002,2739.72602739726,26321799.3517584
190,1,0,10670240765.288977,4819346000.0,1.0,785096504.6722127,1592160.9541770585,0.002215944074487607,400000,3123287.671232877,76000000,593424657.5342458,480457.17715283384,38538152.8620238,0,0,9961461847.137976,3280886504.6722126,495790000,49579,68279.60939847563,72290.19,808.7653984756299,4819.346,49.67391573252247,402.0,23132.860800000002,2739.72602739726,26342192.486531008
191,1,0,10862838611.102442,4858742000.0,1.0,784116607.8434974,1594150.649911336,0.0022189663762002616,400000,3123287.671232877,76400000,596547945.2054787,483184.4999481306,39021337.36197193,0,0,9960978662.638027,3283926607.8434973,499810000,49981,68833.16739606694,72881.13,810.7793960669329,4858.742,49.66814705660034,402.0,23321.961600000002,2739.72602739726,26362774.72210361
192,1,0,11058912848.032839,4898138000.0,1.0,783134005.0070783,1596150.840096243,0.002248410102573778,400000,3123287.671232877,76800000,599671232.8767115,485890.50765193446,39507227.86962386,0,0,9960492772.130377,3286964005.007078,503830000,50383,69386.73857871265,73472.07,812.8065787126595,4898.138,49.66242570257036,402.0,23511.062400000003,2739.72602739726,26383546.058476213
193,1,0,11258526224.93983,4937534000.0,1.0,782148717.48361,1598161.5414797086,0.002292323814682496,400000,3123287.671232877,77200000,602794520.5479443,488575.1947011261,39995803.06432499,0,0,9960004196.935675,3289998717.48361,507850000,50785,69940.32300339552,74063.01000000001,814.847003395506,4937.534,49.65675013699209,402.0,23700.163200000003,2739.72602739726,26404506.495648816
194,1,0,11461742623.299994,4976930000.0,1.0,781170766.5981541,1600162.2864658502,0.0023046052228668868,400000,3123287.671232877,77600000,605917808.2191771,491238.5566887555,40487041.621013746,0,0,9959512958.378986,3293030766.598154,511860000,51186,70493.92072746849,74653.95000000001,816.9007274684753,4976.929999999999,49.65111887279171,401.0,23889.264,2739.72602739726,26425656.03362142
195,1,0,11668627077.650557,5016228000.0,1.0,780190170.7376269,1602173.4788303943,0.002349419981210138,400000,3123287.671232877,78000000,609041095.89041,493883.5317599766,40980925.15277372,0,0,9959019074.847227,3296060170.737627,515870000,51587,71046.1388464542,75243.42000000001,818.9468464541875,5016.228,49.64555249462726,401.0,24077.8944,2739.72602739726,26446994.201994024
196,1,0,11879245796.402147,5055526000.0,1.0,779206951.0222137,1604195.135015355,0.0023359170668845997,400000,3123287.671232877,78400000,612164383.5616428,496507.3866460301,41477432.539419755,0,0,9958522567.46058,3299086951.022214,519880000,51988,71598.37022779629,75832.89,821.0062277962858,5055.526,49.64002758447027,401.0,24266.5248,2739.72602739726,26468521.000766627
197,1,0,12093666183.027205,5094824000.0,1.0,778221128.5741903,1606227.2715341942,0.0023799316200374546,400000,3123287.671232877,78800000,615287671.2328756,499110.1192562173,41976542.658675976,0,0,9958023457.341324,3302111128.57419,523890000,52389,72150.61492863807,76422.36000000002,823.078928638052,5094.824,49.634542791483625,401.0,24455.1552,2739.72602739726,26490236.429939233
198,1,0,12311956857.630844,5134122000.0,1.0,777232724.5168024,1608269.9049722785,0.0024197188050083963,400000,3123287.671232877,79200000,618410958.9041084,501691.72862067557,42478234.387296654,0,0,9957521765.612703,3305132724.5168023,527900000,52790,72702.87300649064,77011.83,825.1650064906485,5134.121999999999,49.62909680406205,401.0,24643.7856,2739.72602739726,26512140.489511836
199,1,0,12534187678.91108,5173420000.0,1.0,776241759.9731511,1610323.0519873323,0.0024401446848951497,400000,3123287.671232877,79600000,621534246.5753412,504252.214884153,42982486.60218081,0,0,9957017513.39782,3308151759.973151,531910000,53191,73255.14451923515,77601.3,827.2645192351487,5173.42,49.623688348326795,401.0,24832.416,2739.72602739726,26534233.179484442
200,1,0,12760429766.515423,5212718000.0,1.0,775248256.0650842,1612386.729309897,0.0024558322826101916,400000,3123287.671232877,80000000,624657534.246574,506791.57929969934,43489278.181480505,0,0,9956510721.81852,3311168256.0650845,535920000,53592,73807.42952512461,78190.77000000002,829.3775251245835,5212.718,49.61831618668806,401.0,25021.046400000003,2739.72602739726,26556514.499857046
201,1,0,12990755523.801025,5252016000.0,1.0,774252233.9120947,1614460.9537437928,0.0024651324316422446,400000,3123287.671232877,80400000,627780821.9178069,509309.8242222799,43998588.005702786,0,0,9956001411.994297,3314182233.9120946,539930000,53993,74359.72808278601,78780.24,831.5040827860006,5252.016,49.612979116472,401.0,25209.6768,2739.72602739726,26578984.45062965
202,1,0,13225238661.005632,5291314000.0,1.0,773253714.6302252,1616545.7421665802,0.002485761512464,400000,3123287.671232877,80800000,630904109.5890397,511806.9531023094,44510394.9588051,0,0,9955489605.041195,3317193714.630225,543940000,54394,74912.04025122256,79369.71,833.6442512225412,5291.313999999999,49.60767596860894,401.0,25398.307200000003,2739.72602739726,26601643.031802256
203,1,0,13463954218.836782,5330612000.0,1.0,772252719.3309789,1618641.1115300278,0.0025053146168278057,400000,3123287.671232877,81200000,634027397.2602725,514282.97047910915,45024677.92928421,0,0,9954975322.070715,3320202719.330979,547950000,54795,75464.36608981555,79959.18000000001,835.798089815531,5330.612,49.602405606379286,401.0,25586.9376,2739.72602739726,26624490.24337486
204,1,0,13706978592.486786,5369910000.0,1.0,771249269.1202374,1620747.07886058,0.0025474728553182766,400000,3123287.671232877,81600000,637150684.9315053,516737.8819742908,45541415.811258495,0,0,9954458584.188742,3323209269.1202374,551960000,55196,76016.7056583266,80548.65000000001,837.9656583265867,5369.91,49.597166924214555,401.0,25775.568000000003,2739.72602739726,26647526.085347466
205,1,0,13954389556.081171,5409208000.0,1.0,770243385.0971851,1622863.6612598286,0.0025528964545758837,400000,3123287.671232877,82000000,640273972.6027381,519171.69428506383,46060587.50554356,0,0,9953939412.494457,3326213385.097185,555970000,55597,76569.05901689973,81138.12,840.14701689974,5409.208,49.59195884655065,401.0,25964.1984,2739.72602739726,26670750.55772007
206,1,0,14206266287.568436,5448506000.0,1.0,769235088.3532405,1624990.8759049866,0.0025664160832834177,400000,3123287.671232877,82400000,643397260.273971,521584.4151774742,46582171.92072103,0,0,9953417828.079279,3329215088.3532405,559980000,55998,77121.42622606359,81727.59000000001,842.3422260635745,5448.505999999999,49.58678032673051,401.0,26152.828800000003,2739.72602739726,26694163.660492674
207,1,0,14462689394.059044,5487804000.0,1.0,768224399.9709938,1627128.7400493643,0.002606668251411357,400000,3123287.671232877,82800000,646520547.9452038,523976.0534795688,47106147.9742006,0,0,9952893852.025799,3332214399.970994,563990000,56399,77673.80734673337,82317.06,844.5513467333819,5487.804,49.581630345953876,401.0,26341.4592,2739.72602739726,26717765.393665276
208,1,0,14723740937.621809,5527102000.0,1.0,767221341.0231521,1629256.0349442381,0.0026183276874566226,400000,3123287.671232877,83200000,649643835.6164366,526346.6190744953,47632494.59327509,0,0,9952367505.406725,3335211341.0231524,567990000,56799,78226.20244021332,82906.53,846.7744402133311,5527.102,49.57650791227193,400.0,26530.0896,2739.72602739726,26741555.75723788
209,1,0,14989504461.545881,5566302000.0,1.0,766215928.1587169,1631393.9113793157,0.0026382944670851898,400000,3123287.671232877,83600000,652767123.2876694,528700.5356680352,48161195.12894313,0,0,9951838804.871058,3338205928.158717,571990000,57199,78777.2174419937,83494.53,848.9894419936918,5566.302,49.57143439305335,400.0,26718.2496,2739.72602739726,26765534.280810487
210,1,0,15260065017.076782,5605502000.0,1.0,765208182.2276562,1633542.3862837052,0.002656824084159614,400000,3123287.671232877,84000000,655890410.9589022,531033.6022934667,48692228.7312366,0,0,9951307771.268763,3341198182.2276564,575990000,57599,79328.24637491567,84082.53,851.2183749156638,5605.5019999999995,49.56638658462764,400.0,26906.409600000003,2739.72602739726,26789700.96438309
211,1,0,15535509190.635017,5644702000.0,1.0,764198124.0681309,1635701.4766612279,0.002700767490436704,400000,3123287.671232877,84400000,659013698.630135,533345.830758183,49225574.56199478,0,0,9950774425.438005,3344188124.068131,579990000,57999,79879.28930002458,84670.53,853.4613000245944,5644.701999999999,49.56136357547278,400.0,27094.569600000003,2739.72602739726,26814055.807955697
212,1,0,15815925131.525978,5683902000.0,1.0,763185774.5054759,1637871.199590884,0.0027106375797626035,400000,3123287.671232877,84800000,662136986.3013679,535637.2338877976,49761211.79588258,0,0,9950238788.204117,3347175774.505476,583990000,58399,80430.34627875187,85258.53,855.718278751872,5683.902,49.556364477143106,400.0,27282.729600000002,2739.72602739726,26838598.811528303
213,1,0,16101402580.15002,5723102000.0,1.0,762171154.3511896,1640051.5722273223,0.0027333047974082746,400000,3123287.671232877,85200000,665260273.9726007,537907.8255191041,50299119.62140169,0,0,9949700880.3786,3350161154.3511896,587990000,58799,80981.41737291707,85846.53,857.9893729170766,5723.102,49.55138842346422,400.0,27470.889600000002,2739.72602739726,26863329.97510091
214,1,0,16392032896.721727,5762302000.0,1.0,761154284.4019295,1642242.6118013097,0.0027288799896394936,400000,3123287.671232877,85600000,668383561.6438335,540157.6204929767,50839277.24189467,0,0,9949160722.758106,3353144284.4019294,591990000,59199,81532.50264473015,86434.53,860.2746447301486,5762.302,49.54643456976105,400.0,27659.049600000002,2739.72602739726,26888249.298673514
215,1,0,16687909090.507553,5801502000.0,1.0,760135185.4385151,1644444.3356202065,0.0027555755329610665,400000,3123287.671232877,86000000,671506849.3150663,542386.6346472111,51381663.87654188,0,0,9948618336.123459,3356125185.438515,595990000,59599,82083.60215679357,87022.53,862.5741567935687,5801.5019999999995,49.54150209211687,400.0,27847.209600000002,2739.72602739726,26913356.78224612
216,1,0,16989125849.591213,5840702000.0,1.0,759113878.2249386,1646656.7610684424,0.002750288769429974,400000,3123287.671232877,86400000,674630136.9862992,544594.8848093083,51926258.76135119,0,0,9948073741.23865,3359103878.2249384,599990000,59999,82634.71597210456,87610.53,864.8879721045598,5840.701999999999,49.536590186662224,400.0,28035.3696,2739.72602739726,26938652.425818726
217,1,0,17295779571.176334,5879902000.0,1.0,758090383.5073823,1648879.9056079953,0.002793741632564063,400000,3123287.671232877,86800000,677753424.657532,546782.388789205,52473041.1501404,0,0,9947526958.84986,3362080383.5073824,603990000,60399,83185.8441540573,88198.53,867.2161540573015,5879.902,49.53169806889216,400.0,28223.5296,2739.72602739726,26964136.22939133
218,1,0,17607968392.436066,5919102000.0,1.0,757064722.0132432,1651113.786778874,0.002788935892106545,400000,3123287.671232877,87200000,680876712.3287648,548949.1653719469,53021990.315512344,0,0,9946978009.684488,3365054722.013243,607990000,60799,83736.98676644516,88786.53,869.5587664451632,5919.102,49.52682497301048,400.0,28411.6896,2739.72602739726,26989808.19296393
219,1,0,17925792221.919537,5958302000.0,1.0,756036914.4501657,1653358.4221996018,0.0027848354484564866,400000,3123287.671232877,87600000,683999999.9999976,551095.2343103127,53573085.54982266,0,0,9946426914.450178,3368026914.4501657,611990000,61199,84288.14387346295,89374.53,871.9158734629526,5958.302,49.52197015129982,400.0,28599.8496,2739.72602739726,27015668.316536535
220,1,0,18249352771.52518,5997502000.0,1.0,755016981.5050812,1655591.901400921,0.0028356906344250287,400000,3123287.671232877,88000000,687123287.6712304,553220.6163173837,54126306.16614004,0,0,9945873693.83386,3370996981.505081,615980000,61598,84839.31553970919,89962.53,874.2875397091824,5997.5019999999995,49.5171328735164,399.0,28788.0096,2739.72602739726,27041716.600109138
221,1,0,18578753589.05121,6036604000.0,1.0,753994938.2151834,1657836.0631424324,0.0028359668698337984,400000,3123287.671232877,88400000,690246575.3424633,555330.9611306018,54681637.12727065,0,0,9945318362.87273,3373964938.2151833,619970000,61997,85389.10661386486,90549.06000000001,876.6506138648592,6036.603999999999,49.51233533781371,399.0,28975.699200000003,2739.72602739726,27067952.573281743
222,1,0,18914100091.33358,6075706000.0,1.0,752970805.0327178,1660090.9247014783,0.0028352038109729118,400000,3123287.671232877,88800000,693369863.0136961,557420.8536983404,55239057.98096899,0,0,9944760942.019032,3376930805.0327177,623960000,62396,85938.91220083322,91135.59000000001,879.0282008332096,6075.706,49.50755404571062,399.0,29163.3888,2739.72602739726,27094376.236054346
223,1,0,19255499597.98215,6114808000.0,1.0,751944602.3876364,1662356.5034324047,0.0028561978759190656,400000,3123287.671232877,89200000,696493150.6849289,559490.3163142679,55798548.297283255,0,0,9944201451.702717,3379894602.387636,627950000,62795,86488.73236490483,91722.12,881.4203649048401,6114.808,49.502788320297306,399.0,29351.0784,2739.72602739726,27120987.58842695
224,1,0,19603061365.725727,6153910000.0,1.0,750916350.6866741,1664632.816767035,0.0028671190820921946,400000,3123287.671232877,89600000,699616438.3561617,561539.3721951569,56360087.66947841,0,0,9943639912.330523,3382856350.686674,631940000,63194,87038.56717077082,92308.65000000001,883.8271707708196,6153.91,49.498037499843846,399.0,29538.768,2739.72602739726,27147786.630399555
225,1,0,19956896623.377075,6193012000.0,1.0,749886070.3124335,1666919.8822151467,0.0029085826515604955,400000,3123287.671232877,90000000,702739726.0273945,563568.0454734004,56923655.714951806,0,0,9943076344.285048,3385816070.3124332,635930000,63593,87588.41668352493,92895.18000000001,886.2486835249225,6193.012,49.49330093730692,399.0,29726.4576,2739.72602739726,27174773.36197216
226,1,0,20317118607.429028,6232114000.0,1.0,748853781.6224768,1669217.7173649492,0.0028880628557933505,400000,3123287.671232877,90400000,705863013.6986274,565576.361189488,57489232.07614129,0,0,9942510767.923859,3388773781.6224766,639920000,63992,88138.2809686659,93481.71,888.68496866589,6232.114,49.48857799985527,399.0,29914.147200000003,2739.72602739726,27201947.783144765
227,1,0,20683842598.29312,6271216000.0,1.0,747819504.9484252,1671526.3398835652,0.0028984939100231795,400000,3123287.671232877,90800000,708986301.3698602,567564.3452844383,58056796.42142573,0,0,9941943203.578575,3391729504.9484253,643910000,64391,88688.16009209972,94068.24,891.1360920997048,6271.215999999999,49.48386806841264,399.0,30101.8368,2739.72602739726,27229309.89391737
228,1,0,21057185957.19231,6310318000.0,1.0,746783260.5950658,1673845.7675175155,0.0028914282013314647,400000,3123287.671232877,91200000,712109589.041093,569532.0245921934,58626328.44601792,0,0,9941373671.553982,3394683260.595066,647900000,64790,89238.05412014191,94654.77000000002,893.6021201418872,6310.317999999999,49.47917053721778,399.0,30289.526400000002,2739.72602739726,27256859.694289975
229,1,0,21437268163.71963,6349420000.0,1.0,745745068.8394667,1676176.0180932058,0.0029182973405909095,400000,3123287.671232877,91600000,715232876.7123258,571479.4268319731,59197807.8728499,0,0,9940802192.12715,3397635068.8394666,651890000,65189,89787.96311951982,95241.3,896.0831195198053,6349.42,49.47448481340048,399.0,30477.216,2739.72602739726,27284597.184262577
230,1,0,21824210854.074768,6388522000.0,1.0,744704949.9300989,1678517.1095174148,0.002927066469773949,400000,3123287.671232877,92000000,718356164.3835586,573406.5806005942,59771214.45345049,0,0,9940228785.546549,3400584949.930099,655880000,65588,90337.88715737502,95827.83000000002,898.579157375004,6388.522,49.4698103165733,399.0,30664.905600000002,2739.72602739726,27312522.363835182
231,1,0,22218137859.990814,6427624000.0,1.0,743662924.085967,1680869.0597777893,0.002900776154563304,400000,3123287.671232877,92400000,721479452.0547915,575313.5153647517,60346527.968815245,0,0,9939653472.031185,3403532924.085967,659870000,65987,90887.82630126557,96414.36000000002,901.0903012655508,6427.624,49.46514647843782,399.0,30852.5952,2739.72602739726,27340635.233007785
232,1,0,22619175248.363647,6466726000.0,1.0,742619011.4957465,1683231.8869433366,0.002936575800576338,400000,3123287.671232877,92800000,724602739.7260243,577200.261453268,60923728.230268516,0,0,9939076271.769732,3406479011.4957466,663860000,66386,91437.7806191684,97000.89,903.6166191684006,6466.726,49.46049274240548,399.0,31040.2848,2739.72602739726,27368935.79178039
233,1,0,23027451361.596607,6505828000.0,1.0,741583232.31693,1685582.8793412752,0.0029173100691659943,400000,3123287.671232877,93200000,727726027.3972571,579066.850049308,61502795.080317825,0,0,9938497204.919682,3409423232.31693,667840000,66784,91987.7501794818,97587.42000000001,906.1581794817762,6505.8279999999995,49.455848563231676,398.0,31227.974400000003,2739.72602739726,27397424.040152993
234,1,0,23443096858.673424,6544832000.0,1.0,740545599.7796981,1687944.6726465432,0.0029243415406823327,400000,3123287.671232877,93600000,730849315.0684899,580920.2084646949,62083715.28878252,0,0,9937916284.711218,3412365599.7796984,671820000,67182,92536.33855036614,98172.48000000001,908.6905503661285,6544.831999999999,49.45123720175587,398.0,31415.193600000002,2739.72602739726,27426099.507725596
235,1,0,23866244756.972477,6583836000.0,1.0,739506133.7967403,1690317.2845670455,0.002941732540101945,400000,3123287.671232877,94000000,733972602.7397227,582753.6541906318,62666468.94297315,0,0,9937333531.057026,3415306133.7967405,675800000,67580,93084.94211148804,98757.54000000001,911.2381114880293,6583.835999999999,49.44663448345416,398.0,31602.4128,2739.72602739726,27454962.1944982
236,1,0,24297030474.835827,6622840000.0,1.0,738464854.2483505,1692700.7328903934,0.0029594871772929622,400000,3123287.671232877,94400000,737095890.4109555,584567.2196226232,63251036.16259578,0,0,9936748963.837404,3418244854.2483506,679780000,67978,93633.56093087938,99342.6,913.8009308793717,6622.84,49.44203989858458,398.0,31789.632,2739.72602739726,27484012.100470804
237,1,0,24735591874.906612,6661844000.0,1.0,737421780.9816096,1695095.0354843857,0.0029382473421976033,400000,3123287.671232877,94800000,740219178.0821884,586360.937973742,63837397.100569524,0,0,9936162602.899431,3421181780.9816093,683760000,68376,94182.1950769896,99927.66,916.379076989598,6661.844,49.43745294735363,398.0,31976.8512,2739.72602739726,27513249.225643408
238,1,0,25182069308.248672,6700848000.0,1.0,736376933.8095756,1697500.2102974965,0.002932010729065898,400000,3123287.671232877,95200000,743342465.7534212,588134.8432668737,64425531.9438364,0,0,9935574468.056164,3424116933.8095756,687740000,68774,94730.84461868808,100512.72000000002,918.9726186880549,6700.848,49.43287313961336,398.0,32164.070400000004,2739.72602739726,27542673.57001601
239,1,0,25636605659.262558,6739852000.0,1.0,735330332.5104815,1699916.2753593638,0.002928590666007378,400000,3123287.671232877,95600000,746465753.424654,589888.9703269319,65015420.91416333,0,0,9934984579.085836,3427050332.5104814,691720000,69172,95279.50962526636,101097.78,921.5816252663664,6739.852,49.42829999456895,398.0,32351.2896,2739.72602739726,27572285.133588616
240,1,0,26099346391.412243,6778856000.0,1.0,734281996.8269413,1702343.2487812792,0.002953939173535288,400000,3123287.671232877,96000000,749589041.0958868,591623.3547730524,65607044.26893638,0,0,9934392955.731064,3429981996.8269415,695700000,69570,95828.19016644085,101682.84000000003,924.2061664408249,6778.856,49.42373304049626,398.0,32538.508800000003,2739.72602739726,27602083.91636122
241,1,0,26570439593.777233,6817860000.0,1.0,733231946.4651634,1704781.1487566833,0.0029278381680133705,400000,3123287.671232877,96400000,752712328.7671196,593338.0330107623,66200382.30194715,0,0,9933799617.698053,3432911946.465163,699680000,69968,96376.8863123548,102267.90000000001,926.8463123548005,6817.86,49.41917181446896,398.0,32725.728000000003,2739.72602739726,27632069.918333825
242,1,0,27050036028.44491,6856864000.0,1.0,732180201.094172,1707229.9935616625,0.0029114923727323,400000,3123287.671232877,96800000,755835616.4383525,595033.0422241298,66795415.34417128,0,0,9933204584.655828,3435840201.094172,703660000,70366,96925.59813358115,102852.95999999999,929.5021335811664,6856.864,49.414615862095054,398.0,32912.947199999995,2739.72602739726,27662243.13950643
243,1,0,27538289178.758335,6895868000.0,1.0,731126780.345037,1709689.8015554482,0.0029105973056655883,400000,3123287.671232877,97200000,758958904.1095853,596708.4203678904,67392123.76453917,0,0,9932607876.23546,3438766780.345037,707640000,70764,97474.32570112476,103438.02000000002,932.173701124746,6895.8679999999995,49.41006473726215,398.0,33100.1664,2739.72602739726,27692603.579879034
244,1,0,28035355298.43492,6934872000.0,1.0,730081703.8101102,1712137.139551024,0.00290502747497952,400000,3123287.671232877,97600000,762082191.7808181,598364.2061595573,67990487.97069873,0,0,9932009512.0293,3441691703.81011,711610000,71161,98023.06908642477,104023.08,934.8610864247754,6934.871999999999,49.40551800189116,397.0,33287.3856,2739.72602739726,27723151.23945164
245,1,0,28541393461.57167,6973778000.0,1.0,729034983.1158439,1714595.3609215957,0.002874937410356366,400000,3123287.671232877,98000000,765205479.4520509,600008.3654991636,68590496.3361979,0,0,9931409503.663801,3444614983.115844,715580000,71558,98570.43068474498,104606.67,937.5386847449893,6973.777999999999,49.40099994524409,397.0,33474.134399999995,2739.72602739726,27753885.647824243
246,1,0,29056565613.553036,7012684000.0,1.0,727986637.6041625,1717064.4836473744,0.0028823205523198767,400000,3123287.671232877,98400000,768328767.1232837,601633.1829142028,69192129.5191121,0,0,9930807870.480888,3447536637.604162,719550000,71955,99117.80804294239,105190.26000000001,940.2320429423635,7012.683999999999,49.39648559356969,397.0,33660.883200000004,2739.72602739726,27784806.804996848
247,1,0,29581036622.877666,7051590000.0,1.0,726936686.5773644,1719544.5257899333,0.0028416446317544274,400000,3123287.671232877,98800000,771452054.7945166,603238.6980308373,69795368.21714294,0,0,9930204631.782858,3450456686.5773644,723520000,72352,99665.20123203316,105773.85,942.9412320331463,7051.589999999999,49.391974534616054,397.0,33847.632000000005,2739.72602739726,27815914.71096945
248,1,0,30114974333.920605,7090496000.0,1.0,725885149.297395,1722035.5054926942,0.002863283394000128,400000,3123287.671232877,99200000,774575342.4657494,604824.9512022889,70400193.16834523,0,0,9929599806.831656,3453375149.2973948,727490000,72749,100212.61032346383,106357.44,945.6663234638204,7090.496,49.387466363222664,397.0,34034.3808,2739.72602739726,27847209.365742058
249,1,0,30658549620.64787,7129402000.0,1.0,724832044.9851267,1724537.440981419,0.002860053445963534,400000,3123287.671232877,99600000,777698630.1369822,606391.9835010325,71006585.15184626,0,0,9928993414.848154,3456292044.9851265,731460000,73146,100760.03538911353,106941.03,948.4073891135367,7129.402,49.38296068111393,397.0,34221.1296,2739.72602739726,27878690.76931466
250,1,0,31211936441.30056,7168308000.0,1.0,723777392.8196486,1727050.3505647008,0.0028507186116358777,400000,3123287.671232877,100000000,780821917.808215,607939.8367109788,71614524.98855723,0,0,9928385475.011442,3459207392.8196487,735430000,73543,101307.47650129655,107524.62,951.1645012965672,7168.308,49.37845709669951,397.0,34407.8784,2739.72602739726,27910358.921687268
251,1,0,31775311894.066032,7207214000.0,1.0,722721211.9375618,1729574.2526344594,0.0028190641412960318,400000,3123287.671232877,100400000,783945205.4794478,609468.553319646,72223993.54187688,0,0,9927776006.458122,3462121211.937562,739400000,73940,101854.93373276477,108108.20999999999,953.9377327647735,7207.214,49.37395522488102,397.0,34594.627199999995,2739.72602739726,27942213.822859872
252,1,0,32348856273.75392,7246120000.0,1.0,721663521.4322842,1732109.16566644,0.002835649284671045,400000,3123287.671232877,100800000,787068493.1506807,610978.1765103207,72834971.7183872,0,0,9927165028.281612,3465033521.4322844,743370000,74337,102402.40715671012,108691.80000000002,956.7271567100983,7246.12,49.36945468686482,397.0,34781.376000000004,2739.72602739726,27974255.472832475
253,1,0,32932753129.49518,7285026000.0,1.0,720604340.3533628,1734655.1082207141,0.0028129382856320016,400000,3123287.671232877,101200000,790191780.8219135,612468.7501542091,73447440.46854141,0,0,9926552559.531458,3467944340.353363,747340000,74734,102949.8968467671,109275.39000000001,959.5328467670715,7285.026,49.364955109980826,397.0,34968.124800000005,2739.72602739726,28006483.87160508
254,1,0,33527189323.482563,7323932000.0,1.0,719543687.705793,1737212.0989421823,0.002800325282401306,400000,3123287.671232877,101600000,793315068.4931463,613940.3188025818,74061380.787344,0,0,9925938619.212656,3470853687.705793,751310000,75131,103497.40287701535,109858.98000000001,962.3548770153384,7323.932,49.360456127506986,397.0,35154.8736,2739.72602739726,28038899.019177683
255,1,0,34132355090.77142,7362838000.0,1.0,718491582.4493469,1739755.9422181575,0.0027906761453655375,400000,3123287.671232877,102000000,796438356.1643791,615392.9276789107,74676773.7150229,0,0,9925323226.284977,3473761582.449347,755270000,75527,104044.92532198221,110442.57,965.1933219822041,7362.838,49.355957378499255,396.0,35341.6224,2739.72602739726,28071500.915550288
256,1,0,34748444100.15984,7401646000.0,1.0,717438034.5787035,1742310.749853132,0.0027588033038681865,400000,3123287.671232877,102400000,799561643.8356119,616835.5418761529,75293609.25689906,0,0,9924706390.743101,3476668034.5787034,759230000,75923,104591.06531764605,111024.69,968.021317646039,7401.646,49.35148429579844,396.0,35527.9008,2739.72602739726,28104289.090322893
257,1,0,35375653516.167725,7440454000.0,1.0,716383062.7997558,1744876.540093996,0.0027759904054569253,400000,3123287.671232877,102800000,802684931.5068448,618259.450180481,75911868.70707954,0,0,9924088131.292921,3479573062.799756,763190000,76319,105137.22166379877,111606.81000000001,970.8656637987635,7440.454,49.34701093173145,396.0,35714.179200000006,2739.72602739726,28137263.5434955
258,1,0,36014184062.13455,7479262000.0,1.0,715326685.7725554,1747453.3312705553,0.0027484427304816953,400000,3123287.671232877,103200000,805808219.1780776,619664.6984332468,76531533.4055128,0,0,9923468466.594488,3482476685.7725554,767150000,76715,105683.39443448272,112188.93000000002,973.7264344827041,7479.262,49.342536944579706,396.0,35900.4576,2739.72602739726,28170424.275068104
259,1,0,36664240084.45608,7518070000.0,1.0,714268922.1106744,1750041.1417960208,0.002730512214294563,400000,3123287.671232877,103600000,808931506.8493104,621051.3331137868,77152584.73862658,0,0,9922847415.261374,3485378922.1106744,771110000,77111,106229.5837041832,112771.05000000002,976.603704183171,7518.07,49.33806199775205,396.0,36086.736000000004,2739.72602739726,28203771.28504071
260,1,0,37326029617.98051,7556878000.0,1.0,713209790.3805755,1752639.9901675014,0.002712779324730228,400000,3123287.671232877,104000000,812054794.5205432,622419.401331696,77775004.13995828,0,0,9922224995.860043,3488279790.3805757,775070000,77507,106775.78954783098,113353.17000000001,979.4975478309703,7556.878,49.33358575964069,396.0,36273.01440000001,2739.72602739726,28237304.573413316
261,1,0,37999764452.58505,7595686000.0,1.0,712149309.1009892,1755249.8949665006,0.0027037931238246093,400000,3123287.671232877,104400000,815178082.191776,623768.9508190993,78398773.09077738,0,0,9921601226.909224,3491179309.1009893,779030000,77903,107322.01204080494,113935.29000000001,982.4080408049336,7595.686,49.32910790348149,396.0,36459.292799999996,2739.72602739726,28271024.140185922
262,1,0,38685660200.95421,7634494000.0,1.0,711087496.7422991,1757870.8748594157,0.0026983310581345887,400000,3123287.671232877,104800000,818301369.8630089,625100.0299229248,79023873.1207003,0,0,9920976126.8793,3494077496.742299,782990000,78299,107868.25125893447,114517.41,985.335258934469,7634.494,49.324628107218416,396.0,36645.5712,2739.72602739726,28304929.985358525
263,1,0,39383936367.58143,7673302000.0,1.0,710024371.7259347,1760502.9485980375,0.0026518036630890905,400000,3123287.671232877,105200000,821424657.5342417,626412.6875971762,79650285.80829747,0,0,9920349714.191702,3496974371.725935,786950000,78695,108414.50727850213,115099.53,988.2792785021304,7673.302,49.320146053372035,396.0,36831.8496,2739.72602739726,28339022.108931128
264,1,0,40094816419.016266,7712110000.0,1.0,708959952.4237723,1763146.135020056,0.002665935675507306,400000,3123287.671232877,105600000,824547945.2054745,627706.9733952073,80277992.78169268,0,0,9919722007.218307,3499869952.4237723,790910000,79091,108960.78017624622,115681.65000000001,991.2401762462049,7712.11,49.31566142891198,396.0,37018.128000000004,2739.72602739726,28373300.51090373
265,1,0,40818527855.37951,7750918000.0,1.0,707904257.1575432,1765775.5089920177,0.002651537843590927,400000,3123287.671232877,106000000,827671232.8767073,628982.9374620002,80906975.71915469,0,0,9919093024.280846,3502764257.157543,794860000,79486,109507.07002936334,116263.77000000002,994.2180293633215,7750.918,49.31117392513302,395.0,37204.4064,2739.72602739726,28407765.191276334
266,1,0,41555302283.169106,7789628000.0,1.0,706847294.4101408,1768415.9080542189,0.0026335019205774184,400000,3123287.671232877,106400000,830794520.5479401,630250.4186352509,81537226.13778993,0,0,9918462773.86221,3505657294.410141,798810000,79881,110051.97674999892,116844.42000000001,997.1847499989083,7789.628,49.306710113560925,395.0,37390.214400000004,2739.72602739726,28442415.67964894
267,1,0,42305375489.3803,7828338000.0,1.0,705789082.2483546,1771067.350628306,0.0025721572994179156,400000,3123287.671232877,106800000,833917808.219173,631499.8330190284,82168725.97080897,0,0,9917831274.029192,3508549082.2483544,802760000,80276,110596.9003552733,117425.07,1000.168355273308,7828.338,49.30224302644876,395.0,37576.0224,2739.72602739726,28477251.976021543
268,1,0,43068987516.963615,7867048000.0,1.0,704729638.688461,1773729.8552197868,0.0025797183371708584,400000,3123287.671232877,107200000,837041095.8904058,632731.2311264037,82801457.20193537,0,0,9917198542.798065,3511439638.688461,806710000,80671,111141.84092183586,118005.72000000002,1003.1689218358389,7867.048,49.29777237006635,395.0,37761.830400000006,2739.72602739726,28512274.08039415
269,1,0,43846382741.644806,7905758000.0,1.0,703668981.6956642,1776403.4404185226,0.00256041668434893,400000,3123287.671232877,107600000,840164383.5616386,633944.6640295942,83435401.86596496,0,0,9916564598.134035,3514328981.6956644,810660000,81066,111686.79852678897,118586.37,1006.1865267889854,7905.758,49.2932978545365,395.0,37947.638399999996,2739.72602739726,28547481.992766753
270,1,0,44637809950.13149,7944468000.0,1.0,702607129.1835445,1779088.1248992197,0.002546677527614659,400000,3123287.671232877,108000000,843287671.2328714,635140.1833524167,84070542.04931737,0,0,9915929457.950682,3517217129.1835446,814610000,81461,112231.773247691,119167.02000000002,1009.2212476909702,7944.468,49.288819193729275,395.0,38133.4464,2739.72602739726,28582875.71313936
271,1,0,45443522419.73136,7983178000.0,1.0,701544099.0135146,1781783.9274219251,0.002532301153427919,400000,3123287.671232877,108400000,846410958.9041042,636317.8412627452,84706859.89058012,0,0,9915293140.10942,3520104099.0135145,818560000,81856,112776.76516255835,119747.67000000001,1012.2731625583425,7983.178,49.28433610515896,395.0,38319.254400000005,2739.72602739726,28618455.241511963
272,1,0,46263777999.40751,8021888000.0,1.0,700479908.9942825,1784490.866832526,0.0024970689908641462,400000,3123287.671232877,108800000,849534246.575337,637477.6904649786,85344337.58104509,0,0,9914655662.418955,3522989908.9942827,822510000,82251,113321.77434986859,120328.32,1015.3423498685869,8021.888,49.2798483098843,395.0,38505.0624,2739.72602739726,28654220.577884566
273,1,0,47098839192.29681,8060598000.0,1.0,699414576.8813227,1787208.9620632497,0.0024685034684204816,400000,3123287.671232877,109200000,852657534.2465699,638619.7841925182,85982957.36523761,0,0,9914017042.634762,3525874576.881323,826460000,82646,113866.80088856276,120908.97000000002,1018.4288885627527,8060.598,49.27535553241131,395.0,38690.87040000001,2739.72602739726,28690171.72225717
274,1,0,47948973239.71776,8099308000.0,1.0,698348120.3763553,1789938.23213317,0.002470509302747105,400000,3123287.671232877,109600000,855780821.9178027,639744.1762002541,86622701.54143786,0,0,9913377298.458563,3528758120.376355,830410000,83041,114411.84485804809,121489.62,1021.5328580481007,8099.308,49.270857500598794,395.0,38876.6784,2739.72602739726,28726308.674629774
275,1,0,48814452206.69466,8138018000.0,1.0,697290557.126831,1792652.9869421583,0.002451474864495007,400000,3123287.671232877,110000000,858904109.5890355,640850.9207570644,87263552.46219493,0,0,9912736447.537806,3531640557.126831,834350000,83435,114956.90633820079,122070.27000000002,1024.6543382007724,8138.018,49.26635394556671,394.0,39062.4864,2739.72602739726,28762631.43500238
276,1,0,49695553069.02549,8176630000.0,1.0,696231894.1005524,1795378.8250606132,0.0024317667821435857,400000,3123287.671232877,110400000,862027397.2602683,641950.6975113802,87905503.15970631,0,0,9912094496.840294,3534521894.1005526,838290000,83829,115500.58393839958,122649.45000000001,1027.7639383995718,8176.629999999999,49.26187267153757,394.0,39247.824,2739.72602739726,28799139.532974984
277,1,0,50592557801.921394,8215242000.0,1.0,695172148.690564,1798115.7650727124,0.0024374556000720782,400000,3123287.671232877,110800000,865150684.9315012,643033.0812212077,88548536.24092752,0,0,9911451463.759073,3537402148.690564,842230000,84223,116044.27897140964,123228.63000000002,1030.8909714096246,8215.242,49.25738557213838,394.0,39433.16160000001,2739.72602739726,28835832.96854759
278,1,0,51505753470.24607,8253854000.0,1.0,694111338.2355072,1800863.8256473178,0.002378945590190136,400000,3123287.671232877,111200000,868273972.602734,644098.1262896078,89192634.36721712,0,0,9910807365.632782,3540281338.235507,846170000,84617,116587.99151649256,123807.81000000001,1034.0355164925568,8253.854,49.25289239036196,394.0,39618.499200000006,2739.72602739726,28872711.741720196
279,1,0,52435432320.38401,8292466000.0,1.0,693049480.0191369,1803623.0255384636,0.002382696785710179,400000,3123287.671232877,111600000,871397260.2739668,645145.887603118,89837780.25482024,0,0,9910162219.74518,3543159480.019137,850110000,85011,117131.72165337317,124386.99,1037.1976533731686,8292.466,49.248392872114756,394.0,39803.8368,2739.72602739726,28909775.8524928
280,1,0,53381891873.76694,8331078000.0,1.0,691986591.2698452,1806393.3835858502,0.0023511169271869486,400000,3123287.671232877,112000000,874520547.9451996,646176.420524453,90483956.67534469,0,0,9909516043.324656,3546036591.269845,854050000,85405,117675.46946224208,124966.17000000001,1040.3774622420597,8331.078,49.24388676613775,394.0,39989.1744,2739.72602739726,28947025.300865408
281,1,0,54345435022.088425,8369690000.0,1.0,690922689.1601928,1809174.918715338,0.00234880719505501,400000,3123287.671232877,112400000,877643835.6164324,647189.7808852235,91131146.45622991,0,0,9908868853.54377,3548912689.160193,857990000,85799,118219.23502375827,125545.35,1043.5750237582754,8369.69,49.239373823929384,394.0,40174.512,2739.72602739726,28984460.08683801
282,1,0,55326370124.237114,8408302000.0,1.0,689857790.806447,1811967.6499394444,0.002317391929152774,400000,3123287.671232877,112800000,880767123.2876652,648186.0249786677,91779332.48120858,0,0,9908220667.518791,3551787790.806447,861930000,86193,118763.01841905198,126124.53,1046.7904190519732,8408.302,49.234853799670795,394.0,40359.8496,2739.72602739726,29022080.210410614
283,1,0,56325011104.97959,8446914000.0,1.0,688791913.2681274,1814771.5963578457,0.0022816299362852844,400000,3123287.671232877,113200000,883890410.9588981,649165.209552402,92428497.69076099,0,0,9907571502.309238,3554661913.2681274,865870000,86587,119306.81972972713,126703.71000000002,1050.0237297271055,8446.913999999999,49.230326450152724,394.0,40545.18720000001,2739.72602739726,29059885.671583217
284,1,0,57341677555.42447,8485526000.0,1.0,687725073.547559,1817586.7771578808,0.0022967685742123997,400000,3123287.671232877,113600000,887013698.6301309,650127.3918011875,93078625.08256218,0,0,9906921374.917439,3557535073.547559,869810000,86981,119850.63903786415,127282.89000000001,1053.2750378641288,8485.526,49.22579153470457,394.0,40730.52480000001,2739.72602739726,29097876.47035582
285,1,0,58376694835.29987,8524138000.0,1.0,686667288.5894321,1820386.700767053,0.002266003205021321,400000,3123287.671232877,114000000,890136986.3013637,651072.6293597163,93729697.7119219,0,0,9906270302.288078,3560407288.5894322,873740000,87374,120394.47642602274,127862.07,1056.5444260227266,8524.137999999999,49.22124881512523,393.0,40915.8624,2739.72602739726,29136052.606728423
286,1,0,59430394177.077034,8562652000.0,1.0,685608563.8507891,1823197.7631364814,0.002275215836790904,400000,3123287.671232877,114400000,893260273.9725965,652012.4098758637,94381710.12179777,0,0,9905618289.878202,3563278563.850789,877670000,87767,120936.9291175903,128439.78,1059.8011175903055,8562.652,49.216727423435394,393.0,41100.7296,2739.72602739726,29174413.61030103
287,1,0,60503112791.97327,8601166000.0,1.0,684548916.0239332,1826019.9829989525,0.0022363860403086275,400000,3123287.671232877,114800000,896383561.6438293,652935.4980887026,95034645.61988647,0,0,9904965354.380114,3566148916.0239334,881600000,88160,121479.39980354525,129017.49,1063.0758035452384,8601.166,49.21219800155679,393.0,41285.5968,2739.72602739726,29212959.481073633
288,1,0,61595193977.86838,8639680000.0,1.0,683488361.7436155,1828853.3791726264,0.002226925246918922,400000,3123287.671232877,115200000,899506849.3150622,653841.9515504846,95688487.57143696,0,0,9904311512.428562,3569018361.7436156,885530000,88553,122021.8885657604,129595.20000000001,1066.3685657603983,8639.68,49.20766032086969,393.0,41470.464,2739.72602739726,29251690.21904624
289,1,0,62706987229.16889,8678194000.0,1.0,682426917.5866233,1831697.970561523,0.002191448529152425,400000,3123287.671232877,115600000,902630136.986295,654731.8282250258,96343219.39966199,0,0,9903656780.600338,3571886917.586623,889460000,88946,122564.39548658162,130172.91,1069.6794865816123,8678.194,49.203114154965235,393.0,41655.3312,2739.72602739726,29290605.824218843
290,1,0,63838848348.65539,8716708000.0,1.0,681364600.0713754,1834553.7761560131,0.0021817635627696657,400000,3123287.671232877,116000000,905753424.6575278,655605.1864807182,96998824.5861427,0,0,9903001175.413857,3574754600.0713754,893390000,89339,123106.92064883035,130750.62,1073.008648830341,8716.707999999999,49.19855927958531,393.0,41840.1984,2739.72602739726,29329706.296591446
291,1,0,64991139561.34861,8755222000.0,1.0,680301425.6575246,1837420.8150333127,0.0021681646069623447,400000,3123287.671232877,116400000,908876712.3287606,656462.085083563,97655286.67122626,0,0,9902344713.328773,3577621425.6575246,897320000,89732,123649.46413580641,131328.33000000002,1076.3561358063764,8755.222,49.19399547256413,393.0,42025.0656,2739.72602739726,29368991.63616405
292,1,0,66164229630.43095,8793736000.0,1.0,679237410.7455672,1840299.1063579768,0.002149655976773333,400000,3123287.671232877,116800000,911999999.9999934,657302.5831902266,98312589.2544165,0,0,9901687410.745583,3580487410.7455673,901250000,90125,124192.02603129056,131906.04,1079.7220312905638,8793.735999999999,49.18942251377108,393.0,42209.9328,2739.72602739726,29408461.842936654
293,1,0,67358493975.260216,8832250000.0,1.0,678172571.676459,1843188.669382401,0.0021352191236659606,400000,3123287.671232877,117200000,915123287.6712263,658126.7403411174,98970715.99475761,0,0,9901029284.005243,3583352571.676459,905180000,90518,124734.60641954755,132483.75,1083.1064195475378,8832.25,49.184840185055215,393.0,42394.799999999996,2739.72602739726,29448116.91690926
294,1,0,68574314791.51366,8870764000.0,1.0,677116924.7312382,1846062.2594777471,0.0021227812820995063,400000,3123287.671232877,117600000,918246575.3424591,658934.6164534889,99629650.61121109,0,0,9900370349.388788,3586216924.7312384,909100000,90910,125277.2053853285,133061.46000000002,1086.5093853284875,8870.764,49.18024827019085,392.0,42579.6672,2739.72602739726,29487956.858081862
295,1,0,69812081173.50047,8909180000.0,1.0,676060474.0041776,1848947.0218491857,0.00212004663962136,400000,3123287.671232877,118000000,921369863.0136919,659738.3982934736,100289389.00950457,0,0,9899710610.990496,3589080474.0041776,913020000,91302,125818.4188303267,133637.7,1089.8988303266697,8909.18,49.17567717854078,392.0,42764.064,2739.72602739726,29527981.196054466
296,1,0,71072189238.68214,8947596000.0,1.0,675003235.5272111,1851842.9752764974,0.0021012656213056182,400000,3123287.671232877,118400000,924493150.6849247,660526.148199289,100949915.15770386,0,0,9899050084.842297,3591943235.527211,916940000,91694,126359.65075946502,134213.94,1093.3067594650133,8947.596,49.1710963319387,392.0,42948.4608,2739.72602739726,29568189.93082707
297,1,0,72355042254.44035,8986012000.0,1.0,673945225.2726161,1854750.138624898,0.0020904772251789873,400000,3123287.671232877,118800000,927616438.3561575,661297.9258277934,101611213.08353165,0,0,9898388786.916468,3594805225.2726164,920860000,92086,126900.90125673723,134790.18000000002,1096.733256737198,8986.011999999999,49.16650552217733,392.0,43132.8576,2739.72602739726,29608583.062399674
298,1,0,73661050767.133,9024428000.0,1.0,672886459.1526625,1857668.5308455229,0.0020971371558464427,400000,3123287.671232877,119200000,930739726.0273904,662053.7911864005,102273266.87471806,0,0,9897726733.125282,3597666459.1526623,924780000,92478,127442.17040661666,135366.42,1100.17840661663,9024.428,49.16190454277495,392.0,43317.254400000005,2739.72602739726,29649160.59077228
299,1,0,74990632733.47974,9062844000.0,1.0,671826953.0192689,1860598.1709759133,0.0020607229614757567,400000,3123287.671232877,119600000,933863013.6986232,662793.8046264196,102936060.67934448,0,0,9897063939.320656,3600526953.019269,928700000,92870,127983.45829405916,135942.66,1103.6422940591538,9062.844,49.157293188928065,392.0,43501.6512,2739.72602739726,29689922.515944883
300,1,0,76344213654.31903,9101260000.0,1.0,670766722.6636653,1863539.0781405019,0.0020526039899710726,400000,3123287.671232877,120000000,936986301.369856,663518.026836426,103599578.7061809,0,0,9896400421.29382,3603386722.6636653,932620000,93262,128524.7650045058,136518.90000000002,1107.125004505781,9101.26,49.1526712574651,392.0,43686.048,2739.72602739726,29730868.837917488
301,1,0,77722226710.77948,9139676000.0,1.0,669705783.8160625,1866491.2715511057,0.0020522315452496374,400000,3123287.671232877,120400000,940109589.0410888,664226.5188356539,104263805.22501655,0,0,9895736194.774984,3606245783.8160625,936540000,93654,129066.09062388545,137095.14,1110.6266238854382,9139.676,49.148038546801246,392.0,43870.444800000005,2739.72602739726,29771999.556690093
302,1,0,79125112902.90904,9178092000.0,1.0,668654152.1453278,1869426.812036445,0.002052084244234568,400000,3123287.671232877,120800000,943232876.7123216,664919.3419674182,104928724.56698397,0,0,9895071275.433016,3609104152.1453276,940450000,94045,129607.43523861773,137671.38,1114.14723861774,9178.091999999999,49.14339485689438,391.0,44054.84160000001,2739.72602739726,29813314.6722627
303,1,0,80553321190.80655,9216410000.0,1.0,667601830.5343928,1872373.5358834905,0.0020440157252196935,400000,3123287.671232877,121200000,946356164.3835545,665609.2821677632,105594333.84915173,0,0,9894405666.150848,3611961830.534393,944360000,94436,130147.39351491633,138246.15000000002,1117.653514916311,9216.41,49.138771798221704,391.0,44238.768000000004,2739.72602739726,29854813.714235302
304,1,0,82007308638.3006,9254728000.0,1.0,666548834.4070997,1875331.4618153316,0.00203636222441041,400000,3123287.671232877,121600000,949479452.0547873,666283.7985259559,106260617.64767769,0,0,9893739382.352322,3614818834.4070997,948270000,94827,130687.37068562463,138820.92,1121.1786856246283,9254.728,49.13413763562324,391.0,44422.69440000001,2739.72602739726,29896496.682607908
305,1,0,83487540559.22191,9293046000.0,1.0,665495179.1263509,1878300.608639941,0.002024259393278609,400000,3123287.671232877,122000000,952602739.7260201,666942.9519816322,106927560.59965932,0,0,9893072439.400341,3617675179.126351,952180000,95218,131227.3668363372,139395.69,1124.7228363371848,9293.046,49.12949217598459,391.0,44606.620800000004,2739.72602739726,29938363.577380512
306,1,0,84994490666.31586,9331364000.0,1.0,664440879.9938096,1881280.9952506493,0.002016536842371383,400000,3123287.671232877,122400000,955726027.3972529,667586.8037741508,107595147.40343347,0,0,9892404852.596567,3620530879.9938097,956090000,95609,131767.38205313185,139970.46000000002,1128.2860531318195,9331.364,49.124835227574536,391.0,44790.54720000001,2739.72602739726,29980414.398553118
307,1,0,86528641222.84285,9369682000.0,1.0,663385952.2496061,1884272.6406266214,0.0020121015225223406,400000,3123287.671232877,122800000,958849315.0684857,668215.4154362634,108263362.81886974,0,0,9891736637.18113,3623385952.249606,960000000,96000,132307.41642257245,140545.23,1131.8684225724305,9369.681999999999,49.120166600006414,391.0,44974.473600000005,2739.72602739726,30022649.146125723
308,1,0,88090483196.91516,9408000000.0,1.0,662330411.0720512,1887275.5638333368,0.002020228588463189,400000,3123287.671232877,123200000,961972602.7397186,668828.8487878147,108932191.66765755,0,0,9891067808.332342,3626240411.072051,963910000,96391,132847.47003171174,141120.00000000003,1135.470031711711,9408.0,49.11548610420026,391.0,45158.40000000001,2739.72602739726,30065067.820098326
309,1,0,89680516418.61948,9446318000.0,1.0,661274271.5773546,1890289.784023071,0.002014937861054675,400000,3123287.671232877,123600000,965095890.4109514,669427.1659294702,109601618.83358702,0,0,9890398381.166412,3629094271.5773544,967820000,96782,133387.5429680939,141694.77000000002,1139.0909680939055,9446.318,49.11079355234575,391.0,45342.326400000005,2739.72602739726,30107670.42047093
310,1,0,91299249739.97556,9484636000.0,1.0,660217548.8193508,1893315.3204353806,0.001988785846160357,400000,3123287.671232877,124000000,968219178.0821842,670010.4292364746,110271629.26282349,0,0,9889728370.737177,3631947548.8193507,971730000,97173,133927.6353197576,142269.54,1142.731319757584,9484.636,49.10608875786621,391.0,45526.2528,2739.72602739726,30150456.947243534
311,1,0,92947201197.7821,9522954000.0,1.0,659170257.7892312,1896323.4236209372,0.002020514852187264,400000,3123287.671232877,124400000,971342465.753417,670578.70135244,110942207.96417594,0,0,9889057792.035824,3634800257.7892313,975630000,97563,134467.74717523844,142844.31,1146.3911752384386,9522.954,49.10137153538321,390.0,45710.1792,2739.72602739726,30193427.40041614
312,1,0,94624898179.40207,9561174000.0,1.0,658122400.0425375,1899342.736122,0.002044869992471077,400000,3123287.671232877,124800000,974465753.4246498,671145.4179265964,111613353.38210253,0,0,9888386646.617897,3637652400.0425377,979530000,97953,135006.4717399238,143417.61000000002,1150.0357399238073,9561.173999999999,49.096674921762784,390.0,45893.635200000004,2739.72602739726,30236581.309588745
313,1,0,96332877591.54027,9599394000.0,1.0,657073990.3305005,1902373.2766704634,0.002013029744884688,400000,3123287.671232877,125200000,977589041.0958827,671697.3832698327,112285050.76537237,0,0,9887714949.234627,3640503990.3305006,983430000,98343,135545.21569859755,143990.91,1153.6996985975338,9599.394,49.09196579861014,390.0,46077.0912,2739.72602739726,30279918.67476135
314,1,0,98071686032.06757,9637614000.0,1.0,656025043.3422593,1905415.0640828884,0.002020760432193154,400000,3123287.671232877,125600000,980712328.7671155,672234.6594740382,112957285.42484641,0,0,9887042714.575153,3643355043.3422594,987330000,98733,136083.97913889145,144564.21000000002,1157.3831388914255,9637.614,49.08724398651224,390.0,46260.54720000001,2739.72602739726,30323439.495933957
315,1,0,99841879964.94638,9675834000.0,1.0,654975573.7046149,1908468.1172609709,0.0020261466843805556,400000,3123287.671232877,126000000,983835616.4383483,672757.3088772547,113630042.73372367,0,0,9886369957.266275,3646205573.7046146,991230000,99123,136622.76214892647,145137.51,1161.0861489264705,9675.833999999999,49.082509307129904,390.0,46444.00320000001,2739.72602739726,30367143.77310656
316,1,0,101644025898.31366,9714054000.0,1.0,653925595.98179,1911532.4551920118,0.0020382283156155836,400000,3123287.671232877,126400000,986958904.1095811,673265.3940577204,114303308.12778139,0,0,9885696691.87222,3649055595.98179,995130000,99513,137161.56481731558,145710.81,1164.808817315574,9714.054,49.07776158316665,390.0,46627.459200000005,2739.72602739726,30411031.506279163
317,1,0,103478700565.77821,9752274000.0,1.0,652875124.6751949,1914608.0969493897,0.0020409251497253856,400000,3123287.671232877,126800000,990082191.7808139,673758.9778279443,114977067.10560934,0,0,9885022932.89439,3651905124.6751947,999030000,99903,137700.38723316632,146284.11000000002,1168.5512331663151,9752.274,49.07300063833818,390.0,46810.9152,2739.72602739726,30455102.695451766
318,1,0,105346491110.9905,9790494000.0,1.0,651824174.2231989,1917695.0616930372,0.002051645476235664,400000,3123287.671232877,127200000,993205479.4520468,674238.1232288127,115651305.22883816,0,0,9884348694.771162,3654754174.223199,1002930000,100293,138239.22948608373,146857.41,1172.3134860837222,9790.493999999999,49.06822629734251,390.0,46994.3712,2739.72602739726,30499357.34062437
319,1,0,107247995275.54387,9828714000.0,1.0,650782759.000908,1920763.8535461358,0.0020523366564173576,400000,3123287.671232877,127600000,996328767.1232796,674702.8935237286,116326008.12236188,0,0,9883673991.877638,3657602759.000908,1006820000,100682,138778.09166617307,147430.71000000002,1176.095666173072,9828.714,49.06343838583077,389.0,47177.82720000001,2739.72602739726,30543795.441796973
320,1,0,109183821590.26743,9866836000.0,1.0,649740879.3919073,1923843.8578312101,0.0020730697424949304,400000,3123287.671232877,128000000,999452054.7945124,675167.2802334534,117001175.40259534,0,0,9882998824.597404,3660450879.391907,1010710000,101071,139315.5656145754,148002.54000000004,1179.8616145753683,9866.836,49.05867127711282,389.0,47360.81280000001,2739.72602739726,30588416.52856958
321,1,0,111154589569.97174,9904958000.0,1.0,648698549.5368364,1926935.093183816,0.0020841498256588134,400000,3123287.671232877,128400000,1002575342.4657452,675617.526303797,117676792.92889914,0,0,9882323207.0711,3663298549.5368366,1014600000,101460,139853.05937170848,148574.37,1183.6473717085,9904.957999999999,49.05389055063431,389.0,47543.7984,2739.72602739726,30633220.600942183
322,1,0,113160929911.70972,9943080000.0,1.0,647655783.5137391,1930037.5783233517,0.002095962422729716,400000,3123287.671232877,128800000,1005698630.136978,676053.6943300947,118352846.62322924,0,0,9881647153.37677,3666145783.513739,1018490000,101849,140390.57302669916,149146.2,1187.4530266991221,9943.08,49.04909603733589,389.0,47726.784,2739.72602739726,30678207.65891479
323,1,0,115203484696.61606,9981202000.0,1.0,646612595.337862,1933151.332053517,0.0020955099152350594,400000,3123287.671232877,129200000,1008821917.8082108,676475.8471099157,119029322.47033915,0,0,9880970677.529661,3668992595.337862,1022380000,102238,140928.10666916563,149718.03,1191.278669165636,9981.202,49.044287569011374,389.0,47909.7696,2739.72602739726,30723377.702487394
324,1,0,117282907595.38997,10019324000.0,1.0,645568998.9614574,1936276.373262773,0.0021249553968546177,400000,3123287.671232877,129600000,1011945205.4794437,676884.047637459,119706206.51797661,0,0,9880293793.482023,3671838998.9614573,1026270000,102627,141465.66038922095,150289.86000000002,1195.1243892209234,10019.323999999999,49.03946497828201,389.0,48092.7552,2739.72602739726,30768730.731659997
325,1,0,119399864077.48674,10057446000.0,1.0,644525008.2735922,1939412.7209248042,0.0021411920600669316,400000,3123287.671232877,130000000,1015068493.1506765,677278.359097982,120383484.8770746,0,0,9879616515.122925,3674685008.273592,1030160000,103016,142003.2342774751,150861.69,1198.9902774750983,10057.446,49.034628098570884,389.0,48275.7408,2739.72602739726,30814266.746432602
326,1,0,121555031624.08536,10095568000.0,1.0,643480637.0999628,1942560.3940989845,0.0021521025948522537,400000,3123287.671232877,130400000,1018191780.8219093,677658.8448622602,121061143.72193687,0,0,9878938856.278063,3677530637.0999627,1034050000,103405,142540.8284250383,151433.52000000002,1202.8764250382799,10095.568,49.02977676407823,389.0,48458.7264,2739.72602739726,30859985.746805206
327,1,0,123749099944.90009,10133690000.0,1.0,642445899.2027146,1945689.1258100313,0.002186594179637997,400000,3123287.671232877,130800000,1021315068.4931421,678025.5684810854,121739169.29041795,0,0,9878260830.709581,3680375899.2027144,1037930000,103793,143078.4429235234,152005.35,1206.7829235233867,10133.689999999999,49.024910809756925,388.0,48641.712,2739.72602739726,30905887.73277781
328,1,0,125982771198.90552,10171714000.0,1.0,641410793.8165293,1948829.0687504741,0.0021941079199734597,400000,3123287.671232877,131200000,1024438356.164375,678393.0574180976,122417562.34783605,0,0,9877582437.652164,3683220793.8165293,1041810000,104181,143614.668186428,152575.71000000002,1210.672186427982,10171.714,49.020066010552306,388.0,48824.22720000001,2739.72602739726,30951972.233950417
329,1,0,128256760219.04575,10209738000.0,1.0,640375334.4751298,1951980.2414384137,0.0021909171261111637,400000,3123287.671232877,131600000,1027561643.8356078,678747.0126322279,123096309.36046827,0,0,9876903690.639532,3686065334.47513,1045690000,104569,144150.9136726838,153146.07,1214.5816726837877,10209.738,49.01520657533119,388.0,49006.7424,2739.72602739726,30998239.250323024
330,1,0,130571794740.99951,10247762000.0,1.0,639339534.6494603,1955142.6624748362,0.0022367820988569284,400000,3123287.671232877,132000000,1030684931.5068406,679087.4969023478,123775396.85737062,0,0,9876224603.14263,3688909534.6494603,1049570000,104957,144687.1794728471,153716.43000000002,1218.5114728470717,10247.761999999999,49.01033234379571,388.0,49189.257600000004,2739.72602739726,31044688.781895626
331,1,0,132928615636.07454,10285786000.0,1.0,638303407.7475241,1958316.3505440599,0.0022623370469629276,400000,3123287.671232877,132400000,1033808219.1780734,679414.5731689638,124454811.43053958,0,0,9875545188.56946,3691753407.7475243,1053450000,105345,145223.46567796788,154286.79000000004,1222.4616779678245,10285.786,49.005443156320524,388.0,49371.772800000006,2739.72602739726,31091320.82866823
332,1,0,135327977148.30566,10323810000.0,1.0,637266967.114228,1961501.3244141839,0.002285152105553765,400000,3123287.671232877,132800000,1036931506.8493062,679728.3045289662,125134539.73506854,0,0,9874865460.26493,3694596967.1142282,1057330000,105733,145759.7723795925,154857.15000000002,1226.432379592483,10323.81,49.0005388539311,388.0,49554.288,2739.72602739726,31138135.390640832
333,1,0,137770647135.83258,10361834000.0,1.0,636230226.0312304,1964697.602937541,0.0022941959786447,400000,3123287.671232877,133200000,1040054794.520539,680028.7542304152,125814568.48929895,0,0,9874185431.5107,3697440226.0312304,1061210000,106121,146296.09966976667,155427.51,1230.4236697666743,10361.833999999999,48.995619278282504,388.0,49736.8032,2739.72602739726,31185132.467813436
334,1,0,140257407316.63434,10399858000.0,1.0,635193197.7167959,1967905.205051152,0.0023405762207835703,400000,3123287.671232877,133600000,1043178082.1917719,680315.9856673573,126494884.47496632,0,0,9873505115.525034,3700283197.716796,1065090000,106509,146832.44764103796,155997.87,1234.4356410379805,10399.858,48.9906842716385,388.0,49919.3184,2739.72602739726,31232312.06018604
335,1,0,142789053518.6996,10437882000.0,1.0,634165895.325654,1971093.0676240064,0.00235254273178786,400000,3123287.671232877,134000000,1046301369.8630047,680590.0623746803,127175474.537341,0,0,9872824525.46266,3703125895.325654,1068960000,106896,147368.81638645873,156568.23,1238.4683864587237,10437.882,48.98573367685111,387.0,50101.8336,2739.72602739726,31279674.167758644
336,1,0,145366395934.7121,10475808000.0,1.0,633138316.9686898,1974292.1356973934,0.002389011771063219,400000,3123287.671232877,134400000,1049424657.5342375,680866.0281970854,127856340.56553808,0,0,9872143659.434462,3705968316.96869,1072830000,107283,147903.79482622404,157137.12,1242.482826224033,10475.807999999999,48.98080473718143,387.0,50283.8784,2739.72602739726,31327218.32013125
337,1,0,147990259381.33365,10513734000.0,1.0,632110475.5787368,1977502.4276500314,0.0024068627127664644,400000,3123287.671232877,134800000,1052547945.2054703,681129.061185826,128537469.6267239,0,0,9871462530.373276,3708810475.578737,1076700000,107670,148438.79390290688,157706.01,1246.5179029068672,10513.734,48.97586022166826,387.0,50465.923200000005,2739.72602739726,31374944.517303854
338,1,0,150661483563.16672,10551660000.0,1.0,631082384.0259575,1980723.961942429,0.0024272437194155245,400000,3123287.671232877,135200000,1055671232.8767031,681379.2240121727,129218848.85073607,0,0,9870781151.149263,3711652384.0259576,1080570000,108057,148973.81370842163,158274.90000000002,1250.573708421603,10551.66,48.97089997748147,387.0,50647.968,2739.72602739726,31422852.759276457
339,1,0,153380923341.48187,10589586000.0,1.0,630054055.1177186,1983956.7571173226,0.0024673865151444486,400000,3123287.671232877,135600000,1058794520.547936,681616.5794717128,129900465.43020777,0,0,9870099534.569792,3714494055.1177187,1084440000,108444,149508.85433517772,158843.79000000004,1254.6503351776857,10589.586,48.96592385231486,387.0,50830.012800000004,2739.72602739726,31470943.046049062
340,1,0,156149449007.7956,10627512000.0,1.0,629025501.598472,1987200.8318001146,0.002518693478906064,400000,3123287.671232877,136000000,1061917808.2191688,681841.190479453,130582306.62068723,0,0,9869417693.379313,3717335501.598472,1088310000,108831,150043.91587608238,159412.68000000002,1258.7478760823437,10627.511999999999,48.96093169436787,387.0,51012.0576,2739.72602739726,31519215.377621666
341,1,0,158967946562.3863,10665438000.0,1.0,627996736.1496398,1990456.2046993126,0.002554683713587813,400000,3123287.671232877,136400000,1065041095.8904016,682053.1200649592,131264359.74075219,0,0,9868735640.259249,3720176736.14964,1092180000,109218,150578.99842454333,159981.57,1262.8664245433165,10665.438,48.95592335232771,387.0,51194.1024,2739.72602739726,31567669.75399427
342,1,0,161837317997.83734,10703364000.0,1.0,626977771.3895051,1993691.095666316,0.002574844487552968,400000,3123287.671232877,136800000,1068164383.5616344,682252.4313675285,131946612.17211972,0,0,9868053387.82788,3723017771.3895054,1096040000,109604,151114.10207447162,160550.46000000002,1267.0060744716063,10703.364,48.95089867535169,386.0,51376.14720000001,2739.72602739726,31616306.175166875
343,1,0,164758481587.6983,10741192000.0,1.0,625958604.4565972,1996937.1634169142,0.0026150864298385037,400000,3123287.671232877,137200000,1071287671.2328672,682454.6041407938,132629066.77626051,0,0,9867370933.22374,3725858604.4565973,1099900000,109990,151647.8143845072,161117.88,1271.1263845072003,10741.192,48.94589624675354,386.0,51557.721600000004,2739.72602739726,31665124.17073948
344,1,0,167732372180.35623,10779020000.0,1.0,624939247.7536778,2000194.4260870928,0.0026379443488792256,400000,3123287.671232877,137600000,1074410958.9041002,682644.3741521325,133311711.15041265,0,0,9866688288.849586,3728699247.753678,1103760000,110376,152181.5476496873,161685.30000000002,1275.267649687274,10779.019999999999,48.94087751898411,386.0,51739.296,2739.72602739726,31714123.740712084
345,1,0,170759941498.21164,10816848000.0,1.0,623919713.6213013,2003462.9018929764,0.0026614138892042797,400000,3123287.671232877,138000000,1077534246.575333,682821.8036093514,133994532.954022,0,0,9866005467.045979,3731539713.621301,1107620000,110762,152715.30196271042,162252.72000000003,1279.4299627103992,10816.848,48.9358423452123,386.0,51920.8704,2739.72602739726,31763304.88508469
346,1,0,173842158442.25433,10854676000.0,1.0,622900014.3377191,2006742.6091312494,0.002747850338459569,400000,3123287.671232877,138400000,1080657534.246566,682986.9548150641,134677519.90883708,0,0,9865322480.091164,3734380014.337719,1111480000,111148,153249.0774167682,162820.14,1283.6134167682126,10854.676,48.93079057902433,386.0,52102.444800000005,2739.72602739726,31812667.603857294
347,1,0,176980009402.137,10892504000.0,1.0,621880162.1187898,2010033.5661795808,0.002732286791765488,400000,3123287.671232877,138800000,1083780821.917799,683139.8901621099,135360659.7989992,0,0,9864639340.201,3737220162.1187897,1115340000,111534,153782.8741055481,163387.56,1287.8181055480916,10892.503999999999,48.925722074408,386.0,52284.0192,2739.72602739726,31862211.8970299
348,1,0,180174498571.84555,10930332000.0,1.0,620860169.1178936,2013335.79149705,0.0027966807745551706,400000,3123287.671232877,139200000,1086904109.589032,683280.672129005,136043940.4711282,0,0,9863956059.528872,3740060169.1178937,1119200000,111920,154316.69212323587,163954.98,1292.0441232358467,10930.332,48.92063668573704,386.0,52465.5936,2739.72602739726,31911937.764602505
349,1,0,183426648271.06735,10968160000.0,1.0,619840047.425851,2016649.3036245762,0.002830321328958641,400000,3123287.671232877,139600000,1090027397.2602649,683409.3632754327,136727349.83440363,0,0,9863272650.165596,3742900047.425851,1123060000,112306,154850.53156451846,164522.40000000002,1296.2915645184323,10968.16,48.915534267755916,386.0,52647.168,2739.72602739726,31961845.20657511
350,1,0,186737499272.3601,11005988000.0,1.0,618829809.0708461,2019941.4793492306,0.0028811141190832282,400000,3123287.671232877,140000000,1093150684.9314978,683526.0262377666,137410875.8606414,0,0,9862589124.139359,3745739809.070846,1126910000,112691,155384.39252458667,165089.82,1300.5605245866775,11005.988,48.91041467556491,385.0,52828.7424,2739.72602739726,32011934.222947717
351,1,0,190108111134.2262,11043718000.0,1.0,617819450.120563,2023244.8165172497,0.002904217540076008,400000,3123287.671232877,140400000,1096273972.6027308,683646.6215159205,138094522.48215732,0,0,9861905477.517843,3748579450.120563,1130760000,113076,155916.86094153346,165655.77000000002,1304.808941533452,11043.717999999999,48.905318088203984,385.0,53009.8464,2739.72602739726,32062204.34332032
352,1,0,193539562540.19897,11081448000.0,1.0,616808982.394904,2026559.333079994,0.0029751651693909,400000,3123287.671232877,140800000,1099397260.2739637,683755.3968917921,138778277.87904912,0,0,9861221722.12095,3751418982.394904,1134610000,113461,156449.35072026527,166221.72000000003,1309.0787202652284,11081.448,48.90020438738981,385.0,53190.9504,2739.72602739726,32112655.567692924
353,1,0,197032951644.04956,11119178000.0,1.0,615798417.6521366,2029885.0470676091,0.0030271781678588984,400000,3123287.671232877,141200000,1102520547.9451966,683852.4140002708,139462130.2930494,0,0,9860537869.706951,3754258417.652137,1138460000,113846,156981.86195467337,166787.67,1313.3699546733792,11119.178,48.895073431954486,385.0,53372.0544,2739.72602739726,32163287.89606553
354,1,0,200589396421.22464,11156908000.0,1.0,614787767.5888296,2033221.9765894348,0.0030260060447597284,400000,3123287.671232877,141600000,1105643835.6164296,683937.7345397406,140146068.02758914,0,0,9859853931.97241,3757097767.5888295,1142310000,114231,157514.39473914236,167353.62000000002,1317.6827391423412,11156.908,48.88992508104415,385.0,53553.15840000001,2739.72602739726,32214101.328438133
355,1,0,204210035026.62772,11194638000.0,1.0,613777043.8397946,2036570.1398344177,0.0030944047962776005,400000,3123287.671232877,142000000,1108767123.2876625,684011.4202678417,140830079.447857,0,0,9859169920.552143,3759937043.8397946,1146160000,114616,158046.94916855227,167919.57,1322.0171685522657,11194.637999999999,48.88475919410518,385.0,53734.2624,2739.72602739726,32265095.86481074
356,1,0,207896026158.85834,11232368000.0,1.0,612766257.9780302,2039929.555071524,0.003116056596370779,400000,3123287.671232877,142400000,1111890410.9588954,684073.5329972658,141514152.98085427,0,0,9858485847.019146,3762776257.97803,1150010000,115001,158579.52533828173,168485.52000000002,1326.3733382816881,11232.368,48.879575630871216,385.0,53915.3664,2739.72602739726,32316271.505183343
357,1,0,211648549431.0257,11270098000.0,1.0,611765421.5146714,2043266.8405891391,0.003176029339424407,400000,3123287.671232877,142800000,1115013698.6301284,684124.1345915861,142198277.11544585,0,0,9857801722.884554,3765615421.5146713,1153850000,115385,159112.12334421024,169051.47000000003,1330.7513442102124,11270.098,48.87437425134994,384.0,54096.470400000006,2739.72602739726,32367628.24955595
358,1,0,215468805748.25568,11307730000.0,1.0,610764529.5949364,2046615.249299063,0.003213187135701891,400000,3123287.671232877,143200000,1118136986.3013613,684179.5909679015,142882456.70641375,0,0,9857117543.293587,3768454529.5949364,1157690000,115769,159643.3276482128,169615.95,1335.1076482128085,11307.73,48.869196688408095,384.0,54277.104,2739.72602739726,32419165.627528552
359,1,0,219358017692.01166,11345362000.0,1.0,609763593.5285611,2049974.7988667283,0.003262562626752851,400000,3123287.671232877,143600000,1121260273.9725943,684223.7376080505,143566680.4440218,0,0,9856433319.555979,3771293593.528561,1161530000,116153,160174.5536214287,170180.43000000002,1339.4856214286556,11345.362,48.86400139092205,384.0,54457.7376,2739.72602739726,32470883.639101155
360,1,0,223317429911.35245,11382994000.0,1.0,608762624.5644693,2053345.5070344706,0.0032847618469973605,400000,3123287.671232877,144000000,1124383561.6438272,684256.6353245877,144250937.0793464,0,0,9855749062.920654,3774132624.5644693,1165370000,116537,160705.8013583589,170744.91,1343.885358358911,11382.993999999999,48.85878822243469,384.0,54638.3712,2739.72602739726,32522782.28427376
361,1,0,227348309521.25235,11420626000.0,1.0,607761633.8907329,2056727.3916219226,0.0033631362752158892,400000,3123287.671232877,144400000,1127506849.3150601,684278.3449692231,144935215.4243156,0,0,9855064784.575684,3776971633.890733,1169210000,116921,161237.0709539945,171309.39,1348.3069539944563,11420.626,48.85355704672917,384.0,54819.0048,2739.72602739726,32574861.563046362
362,1,0,231451946508.11093,11458258000.0,1.0,606760632.6345369,2060120.470526411,0.003443103698061204,400000,3123287.671232877,144800000,1130630136.986293,684288.927428881,145619504.35174447,0,0,9854380495.648256,3779810632.6345367,1173050000,117305,161768.36250381853,171873.87000000002,1352.7505038184968,11458.258,48.84830772781697,384.0,54999.6384,2739.72602739726,32627121.475418966
363,1,0,235629654142.5823,11495890000.0,1.0,605759631.8621479,2063524.761723353,0.003437942764279223,400000,3123287.671232877,145200000,1133753424.657526,684288.4436217935,146303792.79536626,0,0,9853696207.204634,3782649631.862148,1176890000,117689,162299.6761038092,172438.35,1357.2161038091822,11495.89,48.84304012992652,384.0,55180.272000000004,2739.72602739726,32679562.02139157
364,1,0,239882769399.8559,11533522000.0,1.0,604768642.5788871,2066906.105894722,0.003540109720172999,400000,3123287.671232877,145600000,1136876712.328759,684276.9544936293,146988069.7498599,0,0,9853011930.25014,3785488642.578887,1180720000,118072,162831.01185044227,173002.83000000002,1361.703850442246,11533.521999999999,48.837754117491684,383.0,55360.905600000006,2739.72602739726,32732183.200964175
365,1,0,244212653387.5233,11571056000.0,1.0,603777659.0324888,2070298.5300963297,0.0035599260280840287,400000,3123287.671232877,146000000,1139999999.999992,684271.2176311588,147672340.96749106,0,0,9852327659.032509,3788327659.032489,1184550000,118455,163360.95267462713,173565.84000000003,1366.1686746271155,11571.055999999999,48.83249283095027,383.0,55541.0688,2739.72602739726,32784984.54373678
