timestep,run,subset,network_resource_demand,network_resource_provision,network_resource_demand_supply_ratio,dex_tokens,dex_usdc,dex_token_price,token_incentives_vested,token_seller_vested,token_incentives_vested_cum,token_seller_vested_cum,token_burned_supply,token_burned_supply_cum,token_minted_supply,token_minted_supply_cum,token_total_supply,token_circulating_supply,token_staked_supply,node_amount,node_profit,node_network_revenue,node_incentive_revenue,node_expenditures,node_apr,node_change_amount,foundation_revenue,foundation_expenditures,foundation_cash_reserves
1,1,0,1224000000.0,1470000000.0,0.8326530612244898,503842973.6576711,2480931.6897396976,0.004923531773661618,376712.3287671233,3515981.735159817,376712.3287671233,3515981.735159817,49720.406255841604,49720.406255841604,0,0,9999950279.593744,5603842973.657671,150000000,15000,18772.143590445557,18360.000000000004,1882.1435904455548,1470.0,43.50525752341222,0.0,5875.200000000001,2739.72602739726,25003135.473972604
2,1,0,1248480000.0,1470000000.0,0.8493061224489796,506624176.5382342,2467312.1771275443,0.004859935154866361,376712.3287671233,3515981.735159817,753424.6575342466,7031963.470319634,51491.18336385211,101211.58961969372,0,0,9999898788.41038,5607684176.538235,151060000,15106,19110.752291449273,18727.2,1853.5522914492733,1470.0,44.32203622603518,106.0,5992.704000000001,2739.72602739726,25006388.451945208
3,1,0,1273449600.0,1480388000.0,0.860213403513133,509323772.7726931,2454234.549459886,0.004951089787068069,376712.3287671233,3515981.735159817,1130136.98630137,10547945.20547945,53097.82946801856,154309.41908771227,0,0,9999845690.580912,5611523772.772694,152200000,15220,19454.620864916287,19101.744000000002,1833.2648649162825,1480.388,44.825944063295346,114.0,6112.558080000001,2739.72602739726,25009761.28399781
4,1,0,1298918592.0,1491560000.0,0.8708456863954518,511941732.89038,2441684.120852201,0.004971862081353172,376712.3287671233,3515981.735159817,1506849.3150684931,14063926.940639269,54733.94623998752,209043.3653276998,0,0,9999790956.634672,5615361732.89038,153420000,15342,19806.10848672409,19483.77888,1813.8896067240892,1491.56,45.31622346455174,122.0,6234.809241600001,2739.72602739726,25013256.367212016
5,1,0,1324896963.84,1503516000.0,0.8811991118418426,514488027.4550459,2429599.7832704093,0.0049306700368607,376712.3287671233,3515981.735159817,1883561.6438356163,17579908.675799087,56399.49926109809,265442.8645887979,0,0,9999734557.13541,5619198027.455046,154710000,15471,20165.330600638074,19873.4544576,1795.3921430380738,1503.5159999999998,45.792681647249175,129.0,6359.505426432,2739.72602739726,25016876.146611053
6,1,0,1351394903.1167998,1516158000.0,0.8913285443316592,516952624.84532505,2418016.545276284,0.004892307714396035,376712.3287671233,3515981.735159817,2260273.9726027395,21095890.410958905,58096.67364774706,323539.538236545,0,0,9999676460.461763,5623032624.845325,156080000,15608,20532.436693376265,20270.923546752,1777.6711466242634,1516.158,46.258320674657575,137.0,6486.69553496064,2739.72602739726,25020623.116118617
7,1,0,1378422801.1791358,1529584000.0,0.9011749607600078,519335495.64913535,2406921.9425057434,0.004891021266258751,376712.3287671233,3515981.735159817,2636986.3013698626,24611872.146118723,59823.26011665277,383362.79835319775,0,0,9999616637.201647,5626865495.649136,157530000,15753,20907.52544051334,20676.34201768704,1760.7674228262981,1529.5839999999998,46.70993546326766,145.0,6616.429445659853,2739.72602739726,25024499.819536883
8,1,0,1405991257.2027185,1543794000.0,0.9107376095532943,521636610.55372167,2396304.1985743954,0.004921161487212238,376712.3287671233,3515981.735159817,3013698.630136986,28127853.88127854,61579.159340621125,444941.9576938189,0,0,9999555058.042307,5630696610.553721,159060000,15906,21290.72729491519,21089.86885804078,1744.6524368744078,1543.7939999999999,47.14749648455957,153.0,6748.758034573049,2739.72602739726,25028508.85154406
9,1,0,1434111082.346773,1558788000.0,0.9200167581138505,523865940.36981046,2386106.6423169114,0.004893728761686448,376712.3287671233,3515981.735159817,3390410.958904109,31643835.61643836,63364.24783813374,508306.20553195267,0,0,9999491693.794468,5634525940.36981,160660000,16066,21682.177652493687,21511.666235201596,1729.29941729209,1558.788,47.57102722157692,160.0,6883.73319526451,2739.72602739726,25032652.858711928
10,1,0,1462793303.9937084,1574468000.0,0.9290714730268944,526013453.5866639,2376365.0748412935,0.004914138294340381,376712.3287671233,3515981.735159817,3767123.287671232,35159817.35159817,65180.84707352405,573487.0526054767,0,0,9999426512.947395,5638353453.586664,162340000,16234,22082.049371498935,21941.89955990563,1714.6178115933064,1574.4679999999998,47.98373853414489,168.0,7021.407859169801,2739.72602739726,25036934.5405437
11,1,0,1492049170.0735826,1590932000.0,0.93784597334995,528079121.21913886,2367069.5351753603,0.004894613639154344,376712.3287671233,3515981.735159817,4143835.6164383553,38675799.08675799,67026.43145199954,640513.4840574763,0,0,9999359486.515942,5642179121.219139,164100000,16410,22490.456663738973,22380.73755110374,1700.6511126352334,1590.932,48.382603412346306,176.0,7161.836016353197,2739.72602739726,25041356.65053266
12,1,0,1521890153.4750543,1608180000.0,0.9463431664832632,530072914.4801105,2358166.1425315146,0.0049284277751400745,376712.3287671233,3515981.735159817,4520547.945205479,42191780.8219178,68900.80295524215,709414.2870127184,0,0,9999290585.712988,5646002914.48011,165930000,16593,22907.549411699885,22828.352302125815,1687.3771095740713,1608.1799999999998,48.76778120908741,183.0,7305.072736680261,2739.72602739726,25045921.997241944
13,1,0,1552327956.5445554,1626114000.0,0.9546243108075789,531994802.1560692,2349647.01710242,0.004898496559882039,376712.3287671233,3515981.735159817,4897260.273972603,45707762.55707762,70806.38796825561,780220.674980974,0,0,9999219779.32502,5649824802.156069,167830000,16783,23333.51716673825,23284.919348168332,1674.7118185699198,1626.114,49.142586945018664,190.0,7451.174191413866,2739.72602739726,25050633.445405964
14,1,0,1583074457.935422,1644734000.0,0.9625109336436298,533834766.8832936,2341548.5044144266,0.004982193808011207,376712.3287671233,3515981.735159817,5273972.602739726,49223744.29223743,72729.33670253519,852950.0116835092,0,0,9999147049.988316,5653644766.883293,169810000,16981,23764.020661456998,23746.11686903133,1662.6377924256672,1644.734,49.49785047712867,198.0,7598.757398090026,2739.72602739726,25055492.47677666
15,1,0,1613918210.107272,1664138000.0,0.9698223405193992,535612804.78925264,2333775.4228856377,0.0049295889585446945,376712.3287671233,3515981.735159817,5650684.93150685,52739726.027397245,74656.15796795556,927606.1696514648,0,0,9999072393.830349,5657462804.789252,171850000,17185,24195.835517651718,24208.77315160908,1651.2003660426371,1664.138,49.82412447774987,204.0,7746.807408514906,2739.72602739726,25060499.55815778
16,1,0,1644890574.4723916,1684130000.0,0.9767004770845431,537318906.2050159,2326365.1912576826,0.004915038245083967,376712.3287671233,3515981.735159817,6027397.260273973,56255707.76255706,76592.64816367526,1004198.81781514,0,0,9998995801.182184,5661278906.205016,173960000,17396,24629.48826078548,24673.358617085876,1640.2596436996052,1684.1299999999999,50.128997244614624,211.0,7895.47475746748,2739.72602739726,25065655.30688785
17,1,0,1676014288.6644232,1704808000.0,0.9831102908154017,538963064.2528291,2319268.3931558295,0.004954263848796911,376712.3287671233,3515981.735159817,6404109.589041097,59771689.497716874,78536.01611392175,1082734.8339290617,0,0,9998917265.16607,5665093064.252829,176130000,17613,25065.269803935487,25140.21432996635,1629.8634739691374,1704.808,50.41050141306182,217.0,8044.868585589232,2739.72602739726,25070960.449446045
18,1,0,1707314728.3887165,1726074000.0,0.9891318265547806,540555269.0317132,2312436.9913905445,0.004992203701540351,376712.3287671233,3515981.735159817,6780821.917808221,63287671.23287669,80489.28504289343,1163224.118971955,0,0,9998836775.881027,5668905269.0317135,178350000,17835,25503.58492291177,25609.72092583075,1619.9379970810212,1726.0739999999998,50.67288413855249,222.0,8195.11069626584,2739.72602739726,25076415.834114917
19,1,0,1738812689.392072,1747830000.0,0.9948408537398213,542085507.5708201,2305909.2754600104,0.004962532550766169,376712.3287671233,3515981.735159817,7157534.246575344,66803652.9680365,82455.52482021203,1245679.643792167,0,0,9998754320.356207,5672715507.57082,180630000,18063,25944.772655499713,26082.190340881083,1610.4123146186287,1747.83,50.92016302204887,228.0,8346.300909081947,2739.72602739726,25082022.408996604
20,1,0,1770524627.4185445,1770174000.0,1.0,543573786.6793764,2299595.80581708,0.0050035132856677675,376712.3287671233,3515981.735159817,7534246.575342468,70319634.70319632,84414.95537077678,1330094.599162944,0,0,9998669905.400837,5676523786.679377,182950000,18295,26383.772316554998,26552.61,1601.3363165549945,1770.174,51.139961082374285,232.0,8496.835200000001,2739.72602739726,25087779.51816921
21,1,0,1802482596.943449,1792910000.0,1.0,545070515.0163246,2293281.2646498876,0.005022919953843502,376712.3287671233,3515981.735159817,7910958.904109592,73835616.43835613,85965.72697877408,1416060.326141718,0,0,9998583939.673859,5680330515.016325,185260000,18526,26693.322583915404,26893.65,1592.5825839154022,1792.9099999999999,51.095237165647625,231.0,8605.968,2739.72602739726,25093645.760141812
22,1,0,1835017407.818278,1815548000.0,1.0,546575681.4950497,2286965.999989013,0.004987340992104722,376712.3287671233,3515981.735159817,8287671.232876715,77351598.17351595,87527.58520195933,1503587.9113436774,0,0,9998496412.088655,5684135681.495049,187560000,18756,27001.52334695662,27233.220000000005,1583.8513469566115,1815.548,51.05207415912084,230.0,8714.630400000002,2739.72602739726,25099620.664514415
23,1,0,1868139472.0293977,1838088000.0,1.0,548079274.9385867,2280691.967672136,0.005017282290286411,376712.3287671233,3515981.735159817,8664383.561643839,80867579.90867576,89100.62039007054,1592688.531733748,0,0,9998407311.468266,5687939274.938587,189860000,18986,27308.37509727038,27571.32,1575.143097270377,1838.088,51.01040523062449,230.0,8822.822400000001,2739.72602739726,25105703.76088702
24,1,0,1901859389.4995282,1860628000.0,1.0,549591282.5897286,2274417.4436499053,0.005033439129310374,376712.3287671233,3515981.735159817,9041095.890410962,84383561.64383557,90686.41278516913,1683374.9445189172,0,0,9998316625.055481,5691741282.589728,192150000,19215,27615.30745846546,27909.420000000006,1566.5154584654558,1860.628,50.97004618670318,229.0,8931.0144,2739.72602739726,25111895.049259625
25,1,0,1936187951.4799945,1883070000.0,1.0,551111693.137083,2268142.7659149296,0.004999183791511683,376712.3287671233,3515981.735159817,9417808.219178084,87899543.37899539,92283.51657260973,1775658.461091527,0,0,9998224341.538908,5695541693.137083,194430000,19443,27920.89082336146,28246.050000000003,1557.9108233614568,1883.07,50.93106427247055,228.0,9038.736,2739.72602739726,25118194.05923223
26,1,0,1971136144.0042083,1905414000.0,1.0,552640495.17952,2261868.2686181962,0.005010542050542692,376712.3287671233,3515981.735159817,9794520.547945207,91415525.1141552,93892.02149011013,1869550.482581637,0,0,9998130449.517418,5699340495.17952,196700000,19670,28225.125659256144,28581.210000000006,1549.3296592561392,1905.414,50.89340260451112,227.0,9145.987200000001,2739.72602739726,25124600.320404835
27,1,0,2006715151.403484,1927660000.0,1.0,554177677.226509,2255594.2820646884,0.005064990454424203,376712.3287671233,3515981.735159817,10171232.87671233,94931506.84931502,95512.0169381498,1965062.4995197868,0,0,9998034937.50048,5703137677.226509,198960000,19896,28528.01242311281,28914.9,1540.7724231128072,1927.6599999999999,50.85700731982481,226.0,9252.768,2739.72602739726,25131113.36237744
28,1,0,2042936359.8863168,1949808000.0,1.0,555723227.6984637,2249321.1327100703,0.005011677426591561,376712.3287671233,3515981.735159817,10547945.205479452,98447488.58447483,97143.59197237717,2062206.091492164,0,0,9997937793.908508,5706933227.698463,201210000,20121,28829.551561626806,29247.120000000003,1532.239561626804,1949.808,50.82182737668111,225.0,9359.0784,2739.72602739726,25137732.714750044
29,1,0,2079811361.1822646,1971858000.0,1.0,557267134.9270948,2243089.394036377,0.0049731377092708685,376712.3287671233,3515981.735159817,10924657.534246575,101963470.31963465,98786.83529590987,2160992.926788074,0,0,9997839007.073212,5710727134.927094,203460000,20346,29129.743511294215,29577.870000000003,1523.731511294214,1971.858,50.78781437107528,225.0,9464.9184,2739.72602739726,25144457.90712265
30,1,0,2117351956.2516043,1993908000.0,1.0,558819385.7992784,2236858.691314247,0.004990643473916635,376712.3287671233,3515981.735159817,11301369.863013698,105479452.05479446,100443.19174351016,2261436.1185315843,0,0,9997738563.881468,5714519385.799278,205700000,20570,29430.01506201437,29908.620000000003,1515.3030620143657,1993.908,50.75481726625175,224.0,9570.7584,2739.72602739726,25151288.939495254
31,1,0,2155570159.0619454,2015860000.0,1.0,560379968.5147833,2230629.3412181977,0.005051687794638357,376712.3287671233,3515981.735159817,11678082.19178082,108995433.78995427,102111.34842214889,2363547.466953733,0,0,9997636452.533047,5718309968.514783,207930000,20793,29728.939367768868,30237.9,1506.899367768868,2015.86,50.72290212722326,223.0,9676.128,2739.72602739726,25158225.341467857
32,1,0,2194478200.4330134,2037714000.0,1.0,561938871.1854005,2224441.241025295,0.004998067676263602,376712.3287671233,3515981.735159817,12054794.520547943,112511415.52511409,103791.3933098601,2467338.860263593,0,0,9997532661.139736,5722098871.1854,210160000,21016,30026.516842377674,30565.710000000006,1498.5208423776662,2037.714,50.69202722719772,223.0,9781.0272,2739.72602739726,25165266.64264046
33,1,0,2234088531.950829,2059568000.0,1.0,563506080.5449944,2218254.679330292,0.0049915320283766395,376712.3287671233,3515981.735159817,12431506.849315066,116027397.2602739,105484.70433323008,2572823.564596823,0,0,9997427176.435404,5725886080.544994,212380000,21238,30324.17290918303,30893.52,1490.2209091830296,2059.5679999999998,50.662054413519606,222.0,9885.9264,2739.72602739726,25172412.843013063
34,1,0,2274413829.9525414,2081324000.0,1.0,565081584.5747278,2212069.9632084784,0.004955798723116444,376712.3287671233,3515981.735159817,12808219.178082189,119543378.99543372,107190.03419361738,2680013.5987904402,0,0,9997319986.401209,5729671584.574728,214590000,21459,30620.482065050724,31219.86,1481.9460650507228,2081.324,50.63304850124531,221.0,9990.3552,2739.72602739726,25179663.472185668
35,1,0,2315466999.5831847,2102982000.0,1.0,566655371.1685647,2205926.3241822617,0.00499432316692102,376712.3287671233,3515981.735159817,13184931.506849311,123059360.73059353,108907.47009015264,2788921.068880593,0,0,9997211078.93112,5733455371.168565,216800000,21680,30915.44470194846,31544.730000000003,1473.6967019484548,2102.982,50.60497332444454,221.0,10094.313600000001,2739.72602739726,25187018.059758272
36,1,0,2357261178.925661,2124640000.0,1.0,568237426.9092131,2199784.7040788443,0.004969751715896863,376712.3287671233,3515981.735159817,13561643.835616434,126575342.46575335,110638.32327865827,2899559.392159251,0,0,9997100440.607841,5737237426.909213,219000000,21900,31210.484909183222,31869.600000000002,1465.524909183221,2124.64,50.57770186026104,220.0,10198.272,2739.72602739726,25194476.605730876
37,1,0,2399809743.205269,2146200000.0,1.0,569817739.5614202,2193683.8978760345,0.004945172541618656,376712.3287671233,3515981.735159817,13938356.164383557,130091324.20091316,112381.41171996642,3011940.8038792172,0,0,9996988059.196121,5741017739.56142,221200000,22120,31504.17849531914,32193.0,1457.3784953191453,2146.2,50.55129750634711,220.0,10301.76,2739.72602739726,25202038.639703482
38,1,0,2443126309.0701237,2167760000.0,1.0,571406295.6230487,2187585.27789239,0.0049411228175844975,376712.3287671233,3515981.735159817,14315068.49315068,133607305.93607298,114138.00229863229,3126078.8061778494,0,0,9996873921.193823,5744796295.623049,223390000,22339,31797.948682342238,32516.4,1449.3086823422364,2167.7599999999998,50.525639772458966,219.0,10405.248000000001,2739.72602739726,25209704.161676086
39,1,0,2487224738.948839,2189222000.0,1.0,572993082.7305558,2181527.2080480037,0.004871159597985177,376712.3287671233,3515981.735159817,14691780.821917802,137123287.6712328,115906.95641989697,3241985.762597746,0,0,9996758014.237402,5748573082.730556,225580000,22558,32090.37213858203,32838.33,1441.2641385820316,2189.2219999999998,50.50079098884661,219.0,10508.2656,2739.72602739726,25217472.70124869
40,1,0,2532119145.4868655,2210684000.0,1.0,574588087.2979608,2175471.4858051054,0.004877334408971693,376712.3287671233,3515981.735159817,15068493.150684925,140639269.4063926,117689.49652201505,3359675.259119761,0,0,9996640324.740881,5752348087.29796,227760000,22776,32382.871234409024,33160.26,1433.2952344090202,2210.6839999999997,50.47663664459638,218.0,10611.2832,2739.72602739726,25225344.258421294
41,1,0,2577823896.0629034,2232048000.0,1.0,576181296.8343959,2169456.0494546555,0.004854821462756315,376712.3287671233,3515981.735159817,15445205.479452047,144155251.14155242,119484.5274919586,3479159.78661172,0,0,9996520840.213388,5756121296.834396,229940000,22994,32674.02348258843,33480.72,1425.3514825884279,2232.048,50.45323798424447,218.0,10713.8304,2739.72602739726,25233318.3627939
42,1,0,2624353617.3868384,2253412000.0,1.0,577782697.6710731,2163443.1163108717,0.004852620128075801,376712.3287671233,3515981.735159817,15821917.80821917,147671232.87671223,121293.22724989714,3600453.013861617,0,0,9996399546.98614,5759892697.671073,232110000,23211,32965.250417309915,33801.18000000001,1417.482417309905,2253.412,50.430485983549836,217.0,10816.377600000002,2739.72602739726,25241395.014366504
43,1,0,2671723200.1806707,2274678000.0,1.0,579382277.1908016,2157470.2044059243,0.004811867324070337,376712.3287671233,3515981.735159817,16198630.136986293,151187214.61187205,123114.54419846086,3723567.558060078,0,0,9996276432.44194,5763662277.190802,234280000,23428,33255.130380703515,34120.170000000006,1409.6383807035086,2274.678,50.40844079270085,217.0,10918.4544,2739.72602739726,25249573.742739107
44,1,0,2719947803.9439316,2295944000.0,1.0,580990021.6430573,2151499.9456702736,0.004773446738590772,376712.3287671233,3515981.735159817,16575342.465753416,154703196.34703186,124949.61167127747,3848517.1697313553,0,0,9996151482.830269,5767430021.643057,236440000,23644,33545.084085945404,34439.16,1401.8680859454003,2295.944,50.3869984342421,216.0,11020.531200000001,2739.72602739726,25257854.54791171
45,1,0,2769042861.805119,2317112000.0,1.0,582595918.2853673,2145569.4431894976,0.004780768457422532,376712.3287671233,3515981.735159817,16952054.79452054,158219178.08219168,126797.42161710541,3975314.591348461,0,0,9996024685.408651,5771195918.285367,238600000,23860,33833.69068971529,34756.68000000001,1394.1226897152806,2317.112,50.366217963022144,216.0,11122.1376,2739.72602739726,25266236.959484316
46,1,0,2819024085.460701,2338280000.0,1.0,584209953.2865763,2139641.738330396,0.004709810263824703,376712.3287671233,3515981.735159817,17328767.123287663,161735159.8173515,128659.06271797969,4103973.6540664406,0,0,9995896026.345934,5774959953.286576,240750000,24075,34122.37009907932,35074.200000000004,1386.4500990793151,2338.2799999999997,50.34600005456178,215.0,11223.744,2739.72602739726,25274720.97745692
47,1,0,2869907470.203266,2359350000.0,1.0,585822113.7800076,2133753.524486137,0.004716021855525857,376712.3287671233,3515981.735159817,17705479.452054787,165251141.5525113,130533.57049573817,4234507.224562178,0,0,9995765492.775438,5778722113.780007,242900000,24290,34409.70227070412,35390.25000000001,1378.802270704109,2359.35,50.3264026733808,215.0,11324.880000000001,2739.72602739726,25283306.131429523
48,1,0,2921709300.040435,2380420000.0,1.0,587442385.8550154,2127868.2473356943,0.00470783356805522,376712.3287671233,3515981.735159817,18082191.780821912,168767123.28767112,132421.98891925477,4366929.213481433,0,0,9995633070.786518,5782482385.855016,245040000,24504,34697.10632018898,35706.3,1371.226320188971,2380.42,50.307330794521896,214.0,11426.016,2739.72602739726,25291992.421402127
49,1,0,2974446152.906164,2401392000.0,1.0,589060756.5218357,2122022.1957761245,0.004686004500174962,376712.3287671233,3515981.735159817,18458904.109589037,172283105.02283093,134323.39710681885,4501252.610588252,0,0,9995498747.389412,5786240756.521835,247180000,24718,34983.16298987389,36020.880000000005,1363.6749898738858,2401.392,50.288841301870015,214.0,11526.6816,2739.72602739726,25300779.37697473
50,1,0,3028134905.9661202,2422364000.0,1.0,590677211.7915066,2116215.041052283,0.004627608625281102,376712.3287671233,3515981.735159817,18835616.43835616,175799086.75799075,136238.79425613466,4637491.4048443865,0,0,9995362508.595156,5789997211.791507,249320000,24932,35269.29061827759,36335.46000000001,1356.1946182775832,2422.364,50.27084315197964,214.0,11627.3472,2739.72602739726,25309666.998147335
51,1,0,3082792741.0188084,2443336000.0,1.0,592301737.6587996,2110410.826989814,0.004610490036638674,376712.3287671233,3515981.735159817,19212328.767123286,179315068.49315056,138168.19663406807,4775659.601478455,0,0,9995224340.398521,5793751737.6588,251450000,25145,35555.48837271756,36650.04,1348.784372717565,2443.336,50.25332142834274,213.0,11728.0128,2739.72602739726,25318655.28491994
52,1,0,3138437149.9941974,2464210000.0,1.0,593924320.9737986,2104645.248321387,0.004596877354206194,376712.3287671233,3515981.735159817,19589041.09589041,182831050.22831038,140110.74892802286,4915770.350406477,0,0,9995084229.649593,5797504320.973799,253580000,25358,35840.338151573356,36963.15,1341.3981515733553,2464.21,50.23633136786707,213.0,11828.208,2739.72602739726,25327743.766892545
53,1,0,3195085940.5515924,2485084000.0,1.0,595544947.6549499,2098917.9824664444,0.004544007417062439,376712.3287671233,3515981.735159817,19965753.424657535,186347031.9634702,142067.38277575796,5057837.733182236,0,0,9994942162.266817,5801254947.65495,255710000,25571,36125.25716139042,37276.26000000001,1334.081161390414,2485.084,50.21978732339266,213.0,11928.4032,2739.72602739726,25336932.44406515
54,1,0,3252757241.7785482,2505958000.0,1.0,597173603.6056083,2093193.6583478833,0.004485383467981296,376712.3287671233,3515981.735159817,20342465.75342466,189863013.69863,144038.11326863416,5201875.84645087,0,0,9994798124.15355,5805003603.605608,257830000,25783,36410.24459253865,37589.37,1326.8325925386418,2505.958,50.20367602367274,212.0,12028.5984,2739.72602739726,25346221.316437755
55,1,0,3311469509.9926505,2526734000.0,1.0,598800275.5183892,2087507.3895346336,0.004469309641590245,376712.3287671233,3515981.735159817,20719178.082191784,193378995.43378982,146022.15114612592,5347897.997596996,0,0,9994652102.002403,5808750275.518389,259950000,25995,36693.883464961014,37901.01000000001,1319.6074649609989,2526.734,50.18805110966175,212.0,12128.3232,2739.72602739726,25355609.913610358
56,1,0,3371241534.6480174,2547510000.0,1.0,600424949.2223793,2081858.8594942782,0.004422263691833301,376712.3287671233,3515981.735159817,21095890.41095891,196894977.16894963,148020.35993695867,5495918.357533955,0,0,9994504081.642466,5812494949.22238,262070000,26207,36977.58988706204,38212.65,1312.4498870620341,2547.5099999999998,50.172831789110596,212.0,12228.048,2739.72602739726,25365098.235582963
57,1,0,3432092444.348414,2568286000.0,1.0,602057610.5327786,2076213.2695139437,0.004364283247666658,376712.3287671233,3515981.735159817,21472602.739726033,200410958.90410945,150032.75352781187,5645951.111061767,0,0,9994354048.888939,5816237610.532779,264180000,26418,37261.36307157739,38524.29,1305.3590715773882,2568.286,50.1580062223097,211.0,12327.7728,2739.72602739726,25374686.282355566
58,1,0,3494041712.9689026,2588964000.0,1.0,603688245.9875201,2070605.1646827227,0.00433016421632073,376712.3287671233,3515981.735159817,21849315.068493158,203926940.63926926,152058.6091855224,5798009.720247289,0,0,9994201990.279753,5819978245.98752,266290000,26629,37543.78712667533,38834.46000000001,1298.2911266753215,2588.964,50.14362650848272,211.0,12427.0272,2739.72602739726,25384373.58352817
59,1,0,3557109165.887991,2609642000.0,1.0,605316841.3296583,2065034.2343923943,0.0043342899892053095,376712.3287671233,3515981.735159817,22226027.397260282,207442922.37442908,154098.7217888951,5952108.4420361845,0,0,9994047891.557964,5823716841.3296585,268400000,26840,37826.277095330115,39144.630000000005,1291.2890953301132,2609.642,50.12961624036528,211.0,12526.2816,2739.72602739726,25394160.13910077
60,1,0,3621314986.3322687,2630320000.0,1.0,606953382.2895942,2059466.23986948,0.004263514210017627,376712.3287671233,3515981.735159817,22602739.726027407,210958904.1095889,156153.1039911032,6108261.546027288,0,0,9993891738.453972,5827453382.289595,270500000,27050,38108.832211977635,39454.8,1284.3522119776337,2630.3199999999997,50.11596482830901,210.0,12625.536,2739.72602739726,25404045.949073374
61,1,0,3686679721.8355656,2650900000.0,1.0,608587855.2534673,2053935.1700986677,0.004258152130233236,376712.3287671233,3515981.735159817,22979452.05479453,214474885.8447487,158221.1000538864,6266482.646081174,0,0,9993733517.353918,5831187855.253468,272600000,27260,38390.037640771,39763.50000000001,1277.4376407709917,2650.9,50.102722885481334,210.0,12724.320000000002,2739.72602739726,25414030.54304598
62,1,0,3753224290.8146973,2671480000.0,1.0,610220245.8817208,2048440.7202744663,0.004231217612796336,376712.3287671233,3515981.735159817,23356164.383561656,217990867.57990852,160303.43567359887,6426786.081754773,0,0,9993573213.918245,5834920245.881721,274700000,27470,38671.3073908831,40072.200000000004,1270.5873908831002,2671.48,50.08981797995289,210.0,12823.104000000001,2739.72602739726,25424113.92101858
63,1,0,3820969989.263902,2692060000.0,1.0,611850539.8234063,2042982.589115296,0.004160606115358681,376712.3287671233,3515981.735159817,23732876.71232878,221506849.31506833,162400.12224146698,6589186.20399624,0,0,9993410813.796003,5838650539.823406,276800000,27680,38952.64071780506,40380.9,1263.8007178050545,2692.06,50.07724061737826,210.0,12921.888,2739.72602739726,25434296.082991187
64,1,0,3889938497.570115,2712640000.0,1.0,613488722.7167605,2037527.2661321969,0.004095660202076376,376712.3287671233,3515981.735159817,24109589.041095905,225022831.05022815,164511.170572935,6753697.374569175,0,0,9993246302.625431,5842378722.716761,278890000,27889,39234.036887823706,40689.600000000006,1257.0768878237004,2712.64,50.06498161704508,209.0,13020.672,2739.72602739726,25444577.02896379
65,1,0,3960151887.4512553,2733122000.0,1.0,615124780.7655665,2032108.0195213414,0.004064552623410083,376712.3287671233,3515981.735159817,24486301.36986303,228538812.78538796,166636.01512108173,6920333.389690257,0,0,9993079666.61031,5846104780.765567,280980000,28098,39514.082426594396,40996.83,1250.3744265943942,2733.122,50.053089677034,209.0,13118.9856,2739.72602739726,25454956.288536392
66,1,0,4031632629.01975,2753604000.0,1.0,616758699.5412155,2026724.553589345,0.004044238562535705,376712.3287671233,3515981.735159817,24863013.698630154,232054794.52054778,168775.2882780403,7089108.677968297,0,0,9992910891.322031,5849828699.541216,283070000,28307,39794.19001677988,41304.06,1243.7340167798834,2753.604,50.04149709694492,209.0,13217.2992,2739.72602739726,25465433.861708995
67,1,0,4104403597.973556,2774086000.0,1.0,618390464.6055809,2021376.5760396784,0.003976825581468714,376712.3287671233,3515981.735159817,25239726.02739728,235570776.2557076,170928.999561629,7260037.677529926,0,0,9992739962.32247,5853550464.605581,285160000,28516,40074.35894471253,41611.29,1237.1549447125262,2774.086,50.03019562181649,209.0,13315.612799999999,2739.72602739726,25476009.748481598
68,1,0,4178488082.9169784,2794568000.0,1.0,620030061.5116044,2016031.2823423005,0.003953030781614922,376712.3287671233,3515981.735159817,25616438.356164403,239086757.9908674,173097.15790354644,7433134.835433473,0,0,9992566865.164566,5857270061.511604,287240000,28724,40354.588507010485,41918.520000000004,1230.6365070104791,2794.5679999999998,50.01917726208504,208.0,13413.926400000002,2739.72602739726,25486683.9488542
69,1,0,4253909792.8136296,2814952000.0,1.0,621667476.2863767,2010721.2419524936,0.0039058354030140326,376712.3287671233,3515981.735159817,25993150.684931528,242602739.72602722,175279.28915474348,7608414.124588217,0,0,9992391585.875412,5860987476.286377,289320000,28932,40633.46653500889,42224.280000000006,1224.1385350088797,2814.9519999999998,50.00848890436057,208.0,13511.769600000001,2739.72602739726,25497455.992426805
70,1,0,4330692864.5739155,2835336000.0,1.0,623302694.4192097,2005446.1679565809,0.003849075014678188,376712.3287671233,3515981.735159817,26369863.013698652,246118721.46118703,177475.93109401257,7785890.055682229,0,0,9992214109.944317,5864702694.4192095,291400000,29140,40912.40443900544,42530.04,1217.7004390054444,2835.336,49.99806704829029,208.0,13609.612799999999,2739.72602739726,25508325.879199408
71,1,0,4408861870.779474,2855720000.0,1.0,624935701.3918161,2000205.7767160647,0.0037999780133984064,376712.3287671233,3515981.735159817,26746575.342465777,249634703.19634685,179687.09132066954,7965577.147002898,0,0,9992034422.852997,5868415701.391816,293480000,29348,41191.40153470847,42835.8,1211.3215347084692,2855.72,49.98790449073713,208.0,13707.456,2739.72602739726,25519293.609172013
72,1,0,4488441827.547044,2876104000.0,1.0,626566482.6789052,1994999.787820761,0.003717777143088908,376712.3287671233,3515981.735159817,27123287.6712329,253150684.93150666,181912.77683793087,8147489.923840829,0,0,9991852510.076159,5872126482.6789055,295560000,29556,41470.45714762931,43141.56,1205.0011476293173,2876.104,49.97799425423332,208.0,13805.2992,2739.72602739726,25530359.182344615
73,1,0,4569458202.534267,2896488000.0,1.0,628205023.7487816,1989796.2492256192,0.003693117655304575,376712.3287671233,3515981.735159817,27500000.000000026,256666666.66666648,184152.9940507342,8331642.917891564,0,0,9991668357.082108,5875835023.748781,297630000,29763,41749.57061291481,43447.32,1198.7386129148088,2896.488,49.96832957868183,207.0,13903.1424,2739.72602739726,25541522.59871722
74,1,0,4651936923.090011,2916774000.0,1.0,629841310.427818,1984626.8882410363,0.003683370228838648,376712.3287671233,3515981.735159817,27876712.32876715,260182648.4018263,186407.38489067924,8518050.302782243,0,0,9991481949.697218,5879541310.427818,299700000,29970,42027.331320489866,43751.61,1192.4953204898618,2916.774,49.95895521387909,207.0,14000.5152,2739.72602739726,25552783.387889825
75,1,0,4735904384.5517845,2937060000.0,1.0,631475328.1249146,1979491.4295570857,0.003631232997904449,376712.3287671233,3515981.735159817,28253424.657534275,263698630.1369861,188676.36683029315,8706726.669612536,0,0,9991293273.330387,5883245328.124914,301770000,30177,42305.14916572803,44055.9,1186.3091657280252,2937.06,49.94981227169936,207.0,14097.888,2739.72602739726,25564141.54986243
76,1,0,4821387458.692944,2957346000.0,1.0,633107062.2439404,1974389.600977763,0.0035270395432466686,376712.3287671233,3515981.735159817,28630136.9863014,267214611.87214592,190959.94490136727,8897686.614513904,0,0,9991102313.385487,5886947062.24394,303840000,30384,42583.02350162445,44360.19,1180.17950162444,2957.346,49.94089463911521,207.0,14195.2608,2739.72602739726,25575597.084635034
77,1,0,4908413502.3223505,2977632000.0,1.0,634736498.1843395,1969321.1333768202,0.0035571357805113776,376712.3287671233,3515981.735159817,29006849.315068524,270730593.60730577,193258.12352793498,9090944.738041839,0,0,9990909055.26196,5890646498.18434,305910000,30591,42860.95369036218,44664.48,1174.1056903621738,2977.632,49.93219638894231,207.0,14292.633600000001,2739.72602739726,25587149.99220764
78,1,0,4997010366.0392685,2997918000.0,1.0,636373621.3417424,1964254.8937909994,0.0034793981239597854,376712.3287671233,3515981.735159817,29383561.64383565,274246575.3424656,195570.9065242383,9286515.644566078,0,0,9990713484.355434,5894343621.3417425,307970000,30797,43138.939103156525,44968.770000000004,1168.087103156521,2997.9179999999997,49.92371177323236,206.0,14390.006400000002,2739.72602739726,25598800.272580244
79,1,0,5087206403.146276,3018106000.0,1.0,638008417.351539,1959221.800221603,0.0034203434520912925,376712.3287671233,3515981.735159817,29760273.972602773,277762557.0776254,197898.05413042274,9484413.6986965,0,0,9990515586.301304,5898038417.351539,310030000,31003,43415.57060789666,45271.590000000004,1162.086607896655,3018.1059999999998,49.915483553261126,206.0,14486.9088,2739.72602739726,25610547.455352847
80,1,0,5179030478.723066,3038294000.0,1.0,639640871.5543234,1954221.5883774373,0.003409688763522269,376712.3287671233,3515981.735159817,30136986.301369898,281278538.8127852,200239.86114261215,9684653.559839113,0,0,9990315346.44016,5901730871.554323,312090000,31209,43692.256662772656,45574.41,1156.1406627726537,3038.294,49.907456874724765,206.0,14583.8112,2739.72602739726,25622391.54052545
81,1,0,5272511978.8640175,3058482000.0,1.0,641270969.2882875,1949253.9969294525,0.003346579613227475,376712.3287671233,3515981.735159817,30513698.630137023,284794520.547945,202596.32996294435,9887249.889802057,0,0,9990112750.110197,5905420969.288287,314150000,31415,43968.996655698065,45877.23,1150.248655698069,3058.482,49.8996265256166,206.0,14680.713600000001,2739.72602739726,25634332.528098054
82,1,0,5367680820.082513,3078670000.0,1.0,642898695.8898398,1944318.7674690902,0.0032867001347514934,376712.3287671233,3515981.735159817,30890410.958904147,288310502.28310484,204967.46237482497,10092217.352176882,0,0,9989907782.647823,5909108695.88984,316210000,31621,44245.789983203475,46180.05,1144.4099832034667,3078.67,49.89198744793951,206.0,14777.616,2739.72602739726,25646370.41807066
83,1,0,5464567458.885002,3098858000.0,1.0,644524036.6942258,1939415.644467333,0.003254775587499309,376712.3287671233,3515981.735159817,31267123.28767127,291826484.01826465,207353.25954104957,10299570.611717932,0,0,9989700429.388283,5912794036.694225,318270000,31827,44522.63605029168,46482.87,1138.6240502916796,3098.8579999999997,49.884534732404056,206.0,14874.5184,2739.72602739726,25658505.210443262
84,1,0,5563202901.517876,3119046000.0,1.0,646156977.0361509,1934514.436002267,0.0031985436182940677,376712.3287671233,3515981.735159817,31643835.616438396,295342465.75342447,209753.7220019635,10509324.333719896,0,0,9989490675.66628,5916476977.036151,320320000,32032,44799.53427029589,46785.69,1132.8902702958899,3119.046,49.87726361333793,205.0,14971.4208,2739.72602739726,25670736.905215867
85,1,0,5663618713.890273,3139136000.0,1.0,647787502.3450335,1929645.1312736613,0.0031470444513587493,376712.3287671233,3515981.735159817,32020547.94520552,298858447.4885843,212168.75504440098,10721493.088764297,0,0,9989278506.911236,5920157502.345034,322370000,32237,45075.0771855704,47087.04000000001,1127.1731855703906,3139.136,49.87021463906136,205.0,15067.8528,2739.72602739726,25683065.03198847
86,1,0,5765847031.675992,3159226000.0,1.0,649415597.9060096,1924807.479263738,0.0031120572028101204,376712.3287671233,3515981.735159817,32397260.273972645,302374429.2237441,214598.50295098065,10936091.591715278,0,0,9989063908.408285,5923835597.90601,324420000,32442,45350.67162822054,47388.39,1121.5076282205387,3159.2259999999997,49.86333716196026,205.0,15164.284800000001,2739.72602739726,25695489.590761077
87,1,0,5869920570.597743,3179316000.0,1.0,651041249.0051297,1920001.2317348125,0.0030435526697150596,376712.3287671233,3515981.735159817,32773972.60273977,305890410.9589039,217042.96480687562,11153134.556522153,0,0,9988846865.443478,5927511249.00513,326470000,32647,45626.31702692708,47689.740000000005,1115.8930269270707,3179.316,49.85662684802044,205.0,15260.716800000002,2739.72602739726,25708010.58153368
88,1,0,5975872636.897032,3199406000.0,1.0,652664440.9299902,1915226.1431906393,0.003026765444503664,376712.3287671233,3515981.735159817,33150684.931506895,309406392.6940637,219502.1390665779,11372636.69558873,0,0,9988627363.30441,5931184440.92999,328520000,32852,45902.0128183235,47991.090000000004,1110.3288183234956,3199.406,49.85007948730039,205.0,15357.1488,2739.72602739726,25720628.004306287
89,1,0,6083737137.993023,3219496000.0,1.0,654285158.970365,1910481.9708384022,0.002956671823366666,376712.3287671233,3515981.735159817,33527397.26027402,312922374.42922354,221976.023552225,11594612.719140956,0,0,9988405387.280859,5934855158.970366,330570000,33057,46177.758446864034,48292.44,1104.814446864029,3219.4959999999996,49.84369098981141,205.0,15453.580800000002,2739.72602739726,25733341.85907889
90,1,0,6193548593.3337965,3239586000.0,1.0,655903388.4188402,1905768.4745513287,0.002932831826656886,376712.3287671233,3515981.735159817,33904109.58904114,316438356.16438335,224464.6154519661,11819077.334592922,0,0,9988180922.665407,5938523388.41884,332620000,33262,46453.55336469408,48593.79000000001,1099.3493646940788,3239.586,49.837457381555325,205.0,15550.012800000002,2739.72602739726,25746152.145851497
91,1,0,6305342145.443471,3259676000.0,1.0,657519114.5714488,1901085.4168319248,0.00286392728662494,376712.3287671233,3515981.735159817,34280821.917808264,319954337.89954317,226967.91131836866,12046045.24591129,0,0,9987953954.75409,5942189114.571449,334670000,33467,46729.39703152323,48895.14,1093.9330315232273,3259.676,49.831374800713455,205.0,15646.444800000001,2739.72602739726,25759058.8646241
92,1,0,6419153571.168725,3279766000.0,1.0,659142322.728309,1896403.791560593,0.002831693401443902,376712.3287671233,3515981.735159817,34657534.246575385,323470319.634703,229485.90706686597,12275531.152978158,0,0,9987724468.847021,5945852322.728309,336710000,33671,47005.288914500656,49196.490000000005,1088.5649145006555,3279.766,49.82543949397983,204.0,15742.876800000002,2739.72602739726,25772062.015396707
93,1,0,6535019293.12832,3299758000.0,1.0,660762998.0849915,1891752.4189803964,0.0027854972067587725,376712.3287671233,3515981.735159817,35034246.575342506,326986301.3698628,232018.70724460125,12507549.860222759,0,0,9987492450.139778,5949512998.084991,338750000,33875,47279.82362942593,49496.37,1083.211629425931,3299.758,49.8196893283818,204.0,15838.8384,2739.72602739726,25785161.12776931
94,1,0,6652976391.369286,3319750000.0,1.0,662381125.8996738,1887131.065671926,0.0027452290218627344,376712.3287671233,3515981.735159817,35410958.90410963,330502283.1050226,234566.24924464134,12742116.1094674,0,0,9987257883.890533,5953171125.899673,340790000,34079,47554.40599774887,49796.25,1077.9059977488737,3319.75,49.81407840387488,204.0,15934.8,2739.72602739726,25798356.201741915
95,1,0,6773062615.2335005,3339742000.0,1.0,663996691.4361242,1882539.5007563387,0.0027020199573236092,376712.3287671233,3515981.735159817,35787671.23287675,334018264.8401824,237128.52747668882,12979244.63694409,0,0,9987020755.363056,5956826691.436124,342830000,34283,47829.035500236765,50096.130000000005,1072.6475002367572,3339.7419999999997,49.808603295469325,204.0,16030.761600000002,2739.72602739726,25811647.23731452
96,1,0,6895316395.438464,3359734000.0,1.0,665609679.9643451,1877977.495860609,0.0026660444592405625,376712.3287671233,3515981.735159817,36164383.56164387,337534246.57534224,239705.53570613248,13218950.172650222,0,0,9986781049.82735,5960479679.964345,344870000,34487,48103.7116247665,50396.01000000001,1067.4356247664923,3359.734,49.80326067251616,204.0,16126.7232,2739.72602739726,25825034.234487124
97,1,0,7019776856.376128,3379726000.0,1.0,667220076.7612195,1873444.82508335,0.002614527055382421,376712.3287671233,3515981.735159817,36541095.89041099,341050228.31050205,242297.26705267545,13461247.439702896,0,0,9986538752.560297,5964130076.761219,346910000,34691,48378.43386620852,50695.89,1062.269866208522,3379.7259999999997,49.7980472957098,204.0,16222.6848,2739.72602739726,25838517.193259727
98,1,0,7146483828.633717,3399718000.0,1.0,668827867.1111575,1868941.2649611917,0.0025808104879424033,376712.3287671233,3515981.735159817,36917808.21917811,344566210.04566187,244903.71398900615,13706151.153691903,0,0,9986293848.846308,5967777867.111157,348950000,34895,48653.201726312924,50995.770000000004,1057.1497263129218,3399.718,49.79296001420004,204.0,16318.6464,2739.72602739726,25852096.113632333
99,1,0,7275477861.740555,3419710000.0,1.0,670433036.306745,1864466.5944356997,0.0025275897476561802,376712.3287671233,3515981.735159817,37294520.54794523,348082191.7808217,247524.868339512,13953676.022031415,0,0,9986046323.977968,5971423036.306746,350990000,35099,48928.01471359767,51295.65000000001,1052.0747135976635,3419.71,49.78799576280911,204.0,16414.608000000004,2739.72602739726,25865770.995604936
100,1,0,7406800237.144971,3439702000.0,1.0,672035569.6493931,1860020.5948208354,0.002498711754009309,376712.3287671233,3515981.735159817,37671232.87671235,351598173.5159815,250160.72127903704,14203836.743310452,0,0,9985796163.25669,5975065569.649393,353030000,35303,49202.872343238996,51595.530000000006,1047.0443432389873,3439.7019999999998,49.783151559349285,204.0,16510.569600000003,2739.72602739726,25879541.83917754
101,1,0,7540492981.425437,3459694000.0,1.0,673645452.4499885,1855575.504078421,0.0024653547434275495,376712.3287671233,3515981.735159817,38047945.20547947,355114155.2511413,252811.26333168332,14456648.006642135,0,0,9985543351.993359,5978705452.449988,355060000,35506,49477.77413696384,51895.41,1042.0581369638412,3459.694,49.77842450203715,203.0,16606.5312,2739.72602739726,25893408.644350145
102,1,0,7676598879.740166,3479588000.0,1.0,675252669.6820854,1851158.915948506,0.002424657922519073,376712.3287671233,3515981.735159817,38424657.53424659,358630136.9863011,255476.83183019218,14712124.838472327,0,0,9985287875.161528,5982342669.682085,357090000,35709,49751.31684063586,52193.82000000001,1037.0848406358564,3479.5879999999997,49.773849774749316,203.0,16702.0224,2739.72602739726,25907370.94072275
103,1,0,7815161489.519475,3499482000.0,1.0,676857206.6235466,1846770.6153792157,0.0023745542325778212,376712.3287671233,3515981.735159817,38801369.863013715,362146118.72146094,258157.12246588262,14970281.96093821,0,0,9985029718.039062,5985977206.623547,359120000,35912,50024.903209220574,52492.229999999996,1032.1552092205836,3499.482,49.769385909292886,203.0,16797.5136,2739.72602739726,25921428.728295352
104,1,0,7956225154.405301,3519376000.0,1.0,678459048.563265,1842410.3896131676,0.0023583865095134415,376712.3287671233,3515981.735159817,39178082.191780835,365662100.45662075,260852.12420863865,15231134.085146848,0,0,9984768865.914854,5989609048.563265,361150000,36115,50298.532776340166,52790.64,1027.2687763401648,3519.3759999999997,49.76503024896702,203.0,16893.0048,2739.72602739726,25935582.007067956
105,1,0,8099835018.442316,3539270000.0,1.0,680058180.8018203,1838078.028156673,0.0023132892175765866,376712.3287671233,3515981.735159817,39554794.520547956,369178082.19178057,263561.8253717177,15494695.910518566,0,0,9984505304.089481,5993238180.801821,363180000,36318,50572.205081884145,53089.05,1022.4250818841413,3539.27,49.76078020741091,203.0,16988.496000000003,2739.72602739726,25949830.77704056
106,1,0,8246037040.525199,3559164000.0,1.0,681654588.6521366,1833773.3227494296,0.002261969408764666,376712.3287671233,3515981.735159817,39931506.84931508,372694063.9269404,266286.2136107482,15760982.124129314,0,0,9984239017.87587,5996864588.652137,365210000,36521,50845.91967190904,53387.46,1017.623671909038,3559.1639999999998,49.756633266468995,203.0,17083.9872,2739.72602739726,25964175.038213164
107,1,0,8394878009.106678,3579058000.0,1.0,683248257.4401408,1829496.0673346997,0.0022416962197339754,376712.3287671233,3515981.735159817,40308219.1780822,376210045.6621002,269025.2759227718,16030007.400052086,0,0,9983969992.599947,6000488257.440141,367240000,36724,51119.67609853982,53685.87,1012.8640985398193,3579.058,49.75258697413011,203.0,17179.4784,2739.72602739726,25978614.790585767
108,1,0,8546405557.171053,3598952000.0,1.0,684839172.5054226,1825246.058029963,0.002216513788692666,376712.3287671233,3515981.735159817,40684931.50684932,379726027.39726,271778.998645332,16301786.398697417,0,0,9983698213.601303,6004109172.505423,369270000,36927,51393.473919873184,53984.280000000006,1008.1459198731768,3598.9519999999998,49.74863894253818,203.0,17274.9696,2739.72602739726,25993150.03415837
109,1,0,8700668177.47799,3618846000.0,1.0,686427319.201894,1821023.093098034,0.0021772157061216136,376712.3287671233,3515981.735159817,41061643.83561644,383242009.1324198,274547.3674556087,16576333.766153026,0,0,9983423666.233847,6007727319.201894,371300000,37130,51667.31269988263,54282.69000000001,1003.4686998826137,3618.846,49.74478684607123,203.0,17370.4608,2739.72602739726,26007780.768930975
110,1,0,8857715238.081467,3638740000.0,1.0,688012682.8984514,1816826.9729186385,0.002139174561164498,376712.3287671233,3515981.735159817,41438356.16438356,386757990.86757964,277330.36736959976,16853664.133522626,0,0,9983146335.866478,6011342682.898452,373330000,37333,51941.19200832529,54581.100000000006,998.8320083252814,3638.74,49.74102841948636,203.0,17465.952,2739.72602739726,26022506.99490358
111,1,0,9017596998.128836,3658634000.0,1.0,689595248.9796371,1812657.499960438,0.002100414093582247,376712.3287671233,3515981.735159817,41815068.49315068,390273972.60273945,280127.9827413497,17133792.116263974,0,0,9982866207.883736,6014955248.979637,375360000,37536,52215.11142065055,54879.51000000001,994.2354206505385,3658.634,49.73736145612797,203.0,17561.4432,2739.72602739726,26037328.712076183
112,1,0,9180364623.94506,3678528000.0,1.0,691175002.846302,1808514.4787534948,0.002069541642400471,376712.3287671233,3515981.735159817,42191780.8219178,393789954.33789927,282940.1972622249,17416732.3135262,0,0,9982583267.686474,6018565002.846302,377390000,37739,52489.0705179102,55177.92000000001,989.6785179101897,3678.528,49.73378380619676,203.0,17656.934400000002,2739.72602739726,26052245.920448788
113,1,0,9346070205.407269,3698422000.0,1.0,692761929.9162688,1804371.6694292184,0.002048492169858375,376712.3287671233,3515981.735159817,42568493.15068492,397305936.0730591,285766.9939602367,17702499.307486434,0,0,9982297500.692514,6022171929.916269,379410000,37941,52763.06888667038,55476.33,985.1608866703741,3698.422,49.73029337507725,202.0,17752.4256,2739.72602739726,26067258.62002139
114,1,0,9514766772.614868,3718218000.0,1.0,694346014.9446176,1800255.1654303481,0.002039870383550409,376712.3287671233,3515981.735159817,42945205.479452044,400821917.8082189,288609.0355782655,17991108.3430647,0,0,9982008891.656935,6025776014.944618,381430000,38143,53035.70581458246,55773.270000000004,980.6538145824617,3718.218,49.7269222320115,202.0,17847.4464,2739.72602739726,26082366.340393998
115,1,0,9686508312.860565,3738014000.0,1.0,695927243.3284961,1796164.774382877,0.0020185219320594076,376712.3287671233,3515981.735159817,43321917.808219165,404337899.5433787,291465.6800486186,18282574.023113318,0,0,9981717425.976887,6029377243.328496,383450000,38345,53308.381590481535,56070.21000000001,976.1855904815317,3738.0139999999997,49.72363369434412,202.0,17942.467200000003,2739.72602739726,26097569.081566602
116,1,0,9861349787.907698,3757810000.0,1.0,697505600.4836266,1792100.3059091116,0.0019599658249007668,376712.3287671233,3515981.735159817,43698630.136986285,407853881.2785385,294336.908796537,18576910.931909855,0,0,9981423089.06809,6032975600.483626,385470000,38547,53581.095810820516,56367.15000000001,971.755810820504,3757.81,49.720425837347754,202.0,18037.488,2739.72602739726,26112866.84353921
117,1,0,10039347151.579432,3777606000.0,1.0,699081071.8449737,1788061.571601559,0.0019423194171128597,376712.3287671233,3515981.735159817,44075342.46575341,411369863.01369834,297222.7025799287,18874133.634489786,0,0,9981125866.36551,6036571071.844974,387490000,38749,53853.84807733662,56664.09000000001,967.3640773366023,3777.6059999999998,49.717296784913344,202.0,18132.508800000003,2739.72602739726,26128259.626311813
118,1,0,10220557367.66544,3797402000.0,1.0,700653642.8674119,1784048.3849972219,0.001913957123668776,376712.3287671233,3515981.735159817,44452054.79452053,414885844.74885815,300123.0414889038,19174256.67597869,0,0,9980825743.32402,6040163642.867412,389510000,38951,54126.6379969689,56961.030000000006,963.0099969688971,3797.402,49.71424470815359,202.0,18227.5296,2739.72602739726,26143747.429884415
119,1,0,10405038428.1518,3817198000.0,1.0,702223299.0263935,1780060.561552294,0.001889513993617495,376712.3287671233,3515981.735159817,44828767.12328765,418401826.48401797,303037.9049453604,19477294.58092405,0,0,9980522705.419075,6043753299.026394,391530000,39153,54399.46518177735,57257.97,958.6931817773473,3817.198,49.711267824052044,202.0,18322.5504,2739.72602739726,26159330.25425702
120,1,0,10592849371.77994,3836994000.0,1.0,703790025.8186179,1776097.9186172483,0.00187295879907157,376712.3287671233,3515981.735159817,45205479.45205477,421917808.2191778,305967.2717026181,19783261.852626666,0,0,9980216738.147373,6047340025.818618,393550000,39355,54672.329248863316,57554.91,954.4132488633107,3836.9939999999997,49.708364394156234,202.0,18417.571200000002,2739.72602739726,26175008.099429622
121,1,0,10784050302.940567,3856790000.0,1.0,705353808.7626998,1772160.2754123085,0.0018447169033742048,376712.3287671233,3515981.735159817,45582191.78082189,425433789.9543376,308911.1198451025,20092172.97247177,0,0,9979907827.027529,6050923808.7627,395570000,39557,54945.22982029149,57851.850000000006,950.1698202914881,3856.79,49.70553272331336,202.0,18512.592,2739.72602739726,26190780.965402227
122,1,0,10978702410.908644,3876586000.0,1.0,706914633.3998388,1768247.4530033008,0.0018394307069346271,376712.3287671233,3515981.735159817,45958904.10958901,428949771.6894974,311869.4267880785,20404042.399259847,0,0,9979595957.60074,6054504633.399839,397590000,39759,55218.16652301327,58148.79,945.9625230132749,3876.586,49.70277115844665,202.0,18607.6128,2739.72602739726,26206648.85217483
123,1,0,11176867989.425543,3896382000.0,1.0,708472485.2944884,1764359.2742778766,0.0018178615741114316,376712.3287671233,3515981.735159817,46335616.43835613,432465753.4246572,314842.1692774344,20718884.56853728,0,0,9979281115.431463,6058082485.294489,399610000,39961,55491.13898879149,58445.729999999996,941.7909887914906,3896.3819999999996,49.70007808737128,202.0,18702.633599999997,2739.72602739726,26222611.759747434
124,1,0,11378610456.634672,3916178000.0,1.0,710027350.035026,1760495.5639221,0.0017825159426989965,376712.3287671233,3515981.735159817,46712328.76712325,435981735.15981704,317829.3233895159,21036713.891926795,0,0,9978963286.108072,6061657350.035027,401630000,40163,55764.14685412647,58742.67000000001,937.6548541264578,3916.178,49.69745193764799,202.0,18797.654400000003,2739.72602739726,26238669.688120037
125,1,0,11583994375.376926,3935974000.0,1.0,711579213.234422,1756656.1483973938,0.0017767081151570314,376712.3287671233,3515981.735159817,47089041.09589037,439497716.89497685,320830.8645310102,21357544.756457806,0,0,9978642455.243542,6065229213.234422,403650000,40365,56037.189760183406,59039.61000000001,933.5537601834035,3935.9739999999997,49.69489117547345,202.0,18892.6752,2739.72602739726,26254822.637292642
126,1,0,11793085473.852478,3955770000.0,1.0,713128060.5309101,1752840.8559178372,0.0017563091293013562,376712.3287671233,3515981.735159817,47465753.424657494,443013698.63013667,323846.76743888186,21681391.523896687,0,0,9978318608.476103,6068798060.5309105,405670000,40567,56310.26735272116,59336.55,929.4873527211539,3955.77,49.692394304605855,202.0,18987.696,2739.72602739726,26271070.607265245
127,1,0,12005950666.655514,3975566000.0,1.0,714673877.5886568,1749049.5164278098,0.0017305754629031208,376712.3287671233,3515981.735159817,47842465.753424615,446529680.3652965,326877.0061803587,22008268.530077044,0,0,9977991731.469923,6072363877.588657,407690000,40769,56583.379282022106,59633.490000000005,925.4552820220986,3975.566,49.68995986532433,202.0,19082.716800000002,2739.72602739726,26287413.59803785
128,1,0,12222658076.188644,3995362000.0,1.0,716216650.0984309,1745281.961579975,0.0017181995989914937,376712.3287671233,3515981.735159817,48219178.082191736,450045662.1004563,329921.55415296904,22338190.084230013,0,0,9977661809.91577,6075926650.098431,409710000,40971,56856.5252028234,59930.43000000001,921.4572028233994,3995.3619999999996,49.68758643342125,202.0,19177.7376,2739.72602739726,26303851.609610453
129,1,0,12443277054.463848,4015158000.0,1.0,717756363.7782733,1741538.0247135973,0.001706020205330249,376712.3287671233,3515981.735159817,48595890.41095886,453561643.8356161,332980.38408463047,22671170.468314644,0,0,9977328829.531685,6079486363.778274,411730000,41173,57129.70477424941,60227.37,917.4927742494135,4015.158,49.6852726192261,202.0,19272.7584,2739.72602739726,26320384.64198306
130,1,0,12667878205.296919,4034954000.0,1.0,719293004.3741666,1737817.5408331861,0.0017040632738667082,376712.3287671233,3515981.735159817,48972602.73972598,457077625.5707759,336053.4680337899,23007223.936348435,0,0,9976992776.063652,6083043004.3741665,413750000,41375,57402.91765974531,60524.31,913.561659745313,4034.9539999999997,49.683017066659744,202.0,19367.7792,2739.72602739726,26337012.69515566
131,1,0,12896533406.902527,4054750000.0,1.0,720826557.660704,1734120.3465874637,0.0016926078244662095,376712.3287671233,3515981.735159817,49349315.0684931,460593607.30593574,339140.7773896153,23346364.71373805,0,0,9976653635.286263,6086596557.660704,415770000,41577,57676.16352701187,60821.25,909.6635270118711,4054.75,49.680818452318235,202.0,19462.8,2739.72602739726,26353735.769128267
132,1,0,13129315834.897116,4074546000.0,1.0,722367009.4417589,1730422.3250256428,0.0016853549932724537,376712.3287671233,3515981.735159817,49726027.39726022,464109589.04109555,342242.28287223977,23688606.99661029,0,0,9976311393.00339,6090147009.441759,417780000,41778,57949.442047941404,61118.19000000001,905.7980479413958,4074.546,49.678675484584836,201.0,19557.8208,2739.72602739726,26370553.86390087
133,1,0,13366299985.717007,4094244000.0,1.0,723904344.3052282,1726747.4768364932,0.0016614661998129194,376712.3287671233,3515981.735159817,50102739.72602734,467625570.77625537,345359.20045766013,24033966.19706795,0,0,9975966033.802933,6093694344.305228,419790000,41979,58221.35593275254,61413.66,901.9399327525414,4094.2439999999997,49.67661617380752,201.0,19652.3712,2739.72602739726,26387466.509073474
134,1,0,13607561700.459198,4113942000.0,1.0,725438548.0544987,1723095.641046804,0.0016620754705539576,376712.3287671233,3515981.735159817,50479452.05479446,471141552.5114152,348490.3146565765,24382456.511724528,0,0,9975617543.488276,6097238548.054499,421800000,42180,58493.30214675801,61709.130000000005,898.1141467580085,4113.942,49.674609578765065,201.0,19746.9216,2739.72602739726,26404473.704646077
135,1,0,13853178189.152485,4133640000.0,1.0,726969606.5238755,1719466.6582790294,0.0016482860911201105,376712.3287671233,3515981.735159817,50856164.38356158,474657534.246575,351635.5945502046,24734092.10627473,0,0,9975265907.893724,6100779606.523875,423810000,42381,58765.28036918659,62004.600000000006,894.3203691865865,4133.639999999999,49.67265450732092,201.0,19841.472,2739.72602739726,26421575.45061868
136,1,0,14103228055.466686,4153338000.0,1.0,728497505.5792525,1715860.3707312807,0.001619600289217009,376712.3287671233,3515981.735159817,51232876.7123287,478173515.9817348,354795.0085500952,25088887.114824828,0,0,9974911112.885176,6104317505.579252,425820000,42582,59037.29028329415,62300.07000000001,890.558283294133,4153.338,49.67074979559569,201.0,19936.0224,2739.72602739726,26438771.746991284
137,1,0,14357791321.867859,4173036000.0,1.0,730022231.118781,1712276.622157612,0.001629814293755625,376712.3287671233,3515981.735159817,51609589.04109582,481689497.7168946,357968.5243986109,25446855.639223438,0,0,9974553144.360777,6107852231.118781,427830000,42783,59309.3315763034,62595.54,886.8275763033931,4173.036,49.668894307215034,201.0,20030.572799999998,2739.72602739726,26456062.593763888
138,1,0,14616949455.227571,4192734000.0,1.0,731543769.0735385,1708715.2578486023,0.0016327857881539638,376712.3287671233,3515981.735159817,51986301.369862944,485205479.45205444,361156.10916945525,25808011.748392895,0,0,9974191988.251608,6111383769.073539,429840000,42984,59581.40393934488,62891.01000000001,883.1279393448619,4192.7339999999995,49.667086932579984,201.0,20125.1232,2739.72602739726,26473447.99093649
139,1,0,14880785392.894428,4212432000.0,1.0,733062105.4081973,1705176.1246122273,0.0016161045210093333,376712.3287671233,3515981.735159817,52363013.698630065,488721461.18721426,364357.7292682556,26172369.47766115,0,0,9973827630.522339,6114912105.408197,431850000,43185,59853.507067398685,63186.48000000001,879.459067398677,4212.432,49.665326588159104,201.0,20219.673600000002,2739.72602739726,26490927.938509095
140,1,0,15149383569.236172,4232130000.0,1.0,734577226.1216911,1701659.0707550105,0.0016108949121736824,376712.3287671233,3515981.735159817,52739726.027397186,492237442.92237407,367573.35043319914,26539942.828094352,0,0,9973460057.171906,6118437226.121691,433860000,43386,60125.64065923752,63481.950000000004,875.8206592375132,4232.13,49.66361221580201,201.0,20314.224000000002,2739.72602739726,26508502.4364817
141,1,0,15422829942.660883,4251828000.0,1.0,736089117.2478825,1698163.9460634564,0.0016343069816421821,376712.3287671233,3515981.735159817,53116438.35616431,495753424.6575339,370802.9377357214,26910745.765830074,0,0,9973089254.234169,6121959117.247883,435870000,43587,60397.80441737048,63777.42000000001,872.2124173704661,4251.8279999999995,49.661942782073154,201.0,20408.774400000002,2739.72602739726,26526171.484854303
142,1,0,15701212023.12591,4271526000.0,1.0,737597764.8562282,1694690.6017857566,0.0016093419417413817,376712.3287671233,3515981.735159817,53493150.68493143,499269406.3926937,374046.4555812487,27284792.22141132,0,0,9972715207.77859,6125477764.856228,437880000,43788,60669.9980479879,64072.89,868.6340479879001,4271.526,49.66031727760544,201.0,20503.3248,2739.72602739726,26543935.083626907
143,1,0,15984618900.143332,4291224000.0,1.0,739103155.0524453,1691238.8906137643,0.0016169943393727125,376712.3287671233,3515981.735159817,53869863.01369855,502785388.1278535,377303.8677099935,27662096.089121316,0,0,9972337903.91088,6128993155.052445,439890000,43989,60942.22126090725,64368.36000000001,865.0852609072457,4291.224,49.6587347164729,201.0,20597.875200000002,2739.72602739726,26561793.23279951
144,1,0,16273141271.290916,4310922000.0,1.0,740605273.9791745,1687808.666665234,0.001635939893502112,376712.3287671233,3515981.735159817,54246575.34246567,506301369.8630133,380575.1371978042,28042671.22631912,0,0,9971957328.773682,6132505273.979175,441900000,44190,61214.473769519725,64663.83,861.5657695197232,4310.922,49.6571941355819,201.0,20692.4256,2739.72602739726,26579745.932372116
145,1,0,16566871471.237717,4330620000.0,1.0,742104107.8166444,1684399.7854663203,0.001610507643224292,376712.3287671233,3515981.735159817,54623287.67123279,509817351.59817314,383860.22645706753,28426531.452776186,0,0,9971573468.547224,6136014107.816645,443910000,44391,61486.75529073798,64959.3,858.0752907379808,4330.62,49.65569459408008,201.0,20786.976000000002,2739.72602739726,26597793.18234472
146,1,0,16865903501.293556,4350318000.0,1.0,743599642.7833338,1681012.103934334,0.0016267253121686484,376712.3287671233,3515981.735159817,54999999.99999991,513333333.33333296,387159.0972376656,28813690.55001385,0,0,9971186309.449986,6139519642.783334,445920000,44592,61759.06554494462,65254.770000000004,854.6135449446217,4350.318,49.65423517278268,201.0,20881.5264,2739.72602739726,26615934.982717324
147,1,0,17170333059.491903,4370016000.0,1.0,745091865.1366328,1677645.4803607466,0.0016240679562988082,376712.3287671233,3515981.735159817,55376712.32876703,516849315.06849277,390471.7106279861,29204162.260641836,0,0,9970795837.739359,6143021865.136633,447930000,44793,62031.40425594161,65550.24,851.1802559416103,4370.016,49.65281497361542,201.0,20976.076800000003,2739.72602739726,26634171.33348993
148,1,0,17480257571.21573,4389714000.0,1.0,746580761.1735039,1674299.774394446,0.001618861123726232,376712.3287671233,3515981.735159817,55753424.65753415,520365296.8036526,393798.02705598634,29597960.28769782,0,0,9970402039.712301,6146520761.173504,449940000,44994,62303.77115090054,65845.71,847.7751509005342,4389.714,49.651433119073694,201.0,21070.627200000003,2739.72602739726,26652502.234662533
149,1,0,17795776220.37617,4409412000.0,1.0,748066317.2311406,1670974.8470252291,0.0016313362369924959,376712.3287671233,3515981.735159817,56130136.98630127,523881278.5388124,397138.00629031187,29995098.293988135,0,0,9970004901.706013,6150016317.23114,451950000,45195,62576.16596031372,66141.18000000001,844.3979603137115,4409.411999999999,49.650088751697204,201.0,21165.1776,2739.72602739726,26670927.686235137
150,1,0,18116989981.153957,4429110000.0,1.0,749548519.6876262,1667670.560567538,0.0016202326191525297,376712.3287671233,3515981.735159817,56506849.315068394,527397260.2739722,400491.607441469,30395589.901429605,0,0,9969604410.09857,6153508519.687626,453960000,45396,62848.58841794613,66436.65000000001,841.04841794612,4429.11,49.64878103355982,201.0,21259.728000000003,2739.72602739726,26689447.68820774
151,1,0,18444001650.313786,4448808000.0,1.0,751027354.9625902,1664386.77864443,0.0016435603188505162,376712.3287671233,3515981.735159817,56883561.643835515,530913242.009132,403858.78896305,30799448.690392654,0,0,9969200551.309607,6156997354.96259,455970000,45597,63121.03826078814,66732.12,837.7262607881394,4448.808,49.64750914577408,201.0,21354.2784,2739.72602739726,26708062.240580346
152,1,0,18776915880.101948,4468506000.0,1.0,752502809.5178642,1661123.366171775,0.001637439845161501,376712.3287671233,3515981.735159817,57260273.972602636,534429223.74429184,407239.50865301496,31206688.19904567,0,0,9968793311.800955,6160482809.517864,457980000,45798,63393.5152290091,67027.59000000001,834.4312290090866,4468.505999999999,49.646272288009754,201.0,21448.828800000003,2739.72602739726,26726771.34335295
153,1,0,19115839211.737785,4488204000.0,1.0,753974869.8581363,1657880.1893426843,0.0016368075217672445,376712.3287671233,3515981.735159817,57636986.30136976,537945205.4794517,410633.723655025,31617321.922700696,0,0,9968382678.0773,6163964869.858136,459990000,45999,63666.01906591153,67323.06,831.1630659115291,4488.204,49.645069678026125,201.0,21543.3792,2739.72602739726,26745574.996525556
154,1,0,19460880109.50965,4507902000.0,1.0,755443522.5316036,1654657.1156121602,0.0016474137460531725,376712.3287671233,3515981.735159817,58013698.63013688,541461187.2146115,414041.3904598319,32031363.313160527,0,0,9967968636.68684,6167443522.531604,462000000,46200,63938.549517886364,67618.53,827.9215178863647,4507.902,49.643900551217634,201.0,21637.9296,2739.72602739726,26764473.20009816
155,1,0,19812148995.486298,4527600000.0,1.0,756908754.1306239,1651454.0136819636,0.0016797508272543876,376712.3287671233,3515981.735159817,58390410.958904,544977168.9497714,417462.46490672015,32448825.778067246,0,0,9967551174.221933,6170918754.130624,464010000,46401,64211.10633436866,67914.00000000001,824.7063343686493,4527.599999999999,49.642764160172234,201.0,21732.480000000003,2739.72602739726,26783465.954070766
156,1,0,20169758284.854824,4547298000.0,1.0,758370551.292366,1648270.7534856999,0.0016681035001593425,376712.3287671233,3515981.735159817,58767123.28767112,548493150.6849313,420896.90218500455,32869722.68025225,0,0,9967130277.319748,6174390551.292366,466020000,46602,64483.68926779416,68209.47,821.5172677941603,4547.298,49.64165977424217,201.0,21827.0304,2739.72602739726,26802553.25844337
157,1,0,20533822421.89645,4566996000.0,1.0,759828900.6994575,1645107.2061741157,0.0016878798086664727,376712.3287671233,3515981.735159817,59143835.61643824,552009132.4200912,424344.6568355814,33294067.337087832,0,0,9966705932.662912,6177858900.699457,468030000,46803,64756.29807355668,68504.94,818.3540735566806,4566.996,49.640586679127026,201.0,21921.580800000003,2739.72602739726,26821735.113215975
158,1,0,20904457916.61168,4586694000.0,1.0,761283789.0806321,1641963.2441006037,0.0016910020174302966,376712.3287671233,3515981.735159817,59520547.94520536,555525114.155251,427805.6827525339,33721873.01984037,0,0,9966278126.98016,6181323789.080632,470040000,47004,65028.93250996599,68800.41,815.2165099659924,4586.6939999999995,49.63954417646805,201.0,22016.1312,2739.72602739726,26841011.51838858
159,1,0,21281783382.00652,4606392000.0,1.0,762735203.2113744,1638838.7408069142,0.0017002079126239326,376712.3287671233,3515981.735159817,59897260.27397248,559041095.8904109,431279.9331847913,34153152.953025155,0,0,9965846847.046974,6184785203.211374,472050000,47205,65301.592338206574,69095.88,812.1043382065627,4606.392,49.63853158345411,201.0,22110.681600000004,2739.72602739726,26860382.473961186
160,1,0,21665919572.051735,4626090000.0,1.0,764183129.9145637,1635733.571009067,0.001705243889486174,376712.3287671233,3515981.735159817,60273972.6027396,562557077.6255708,434767.3607378433,34587920.313763,0,0,9965412079.686237,6188243129.914564,474060000,47406,65574.27732229693,69391.35,809.017322296912,4626.09,49.63754823243842,201.0,22205.232,2739.72602739726,26879847.97993379
161,1,0,22056989420.327267,4645788000.0,1.0,765627556.0611151,1632647.6105834618,0.0017056887247139177,376712.3287671233,3515981.735159817,60650684.93150672,566073059.3607306,438267.9173755078,35026188.231138505,0,0,9964973811.768862,6191697556.061115,476070000,47607,65846.98722904966,69686.82,805.9552290496503,4645.788,49.636593470565884,201.0,22299.7824,2739.72602739726,26899408.036306396
162,1,0,22455118079.36417,4665486000.0,1.0,767068468.5706204,1629580.736553185,0.0017245128065822635,376712.3287671233,3515981.735159817,61027397.260273844,569589041.0958905,441781.5544217526,35467969.78556026,0,0,9964532030.21444,6195148468.570621,478080000,47808,66119.72182803217,69982.29000000001,802.9178280321695,4665.486,49.6356666594108,201.0,22394.3328,2739.72602739726,26919062.643079
163,1,0,22860432960.69669,4685184000.0,1.0,768505854.4119849,1626532.8270745073,0.0017499692511867638,376712.3287671233,3515981.735159817,61404109.589040965,573105022.8310504,445308.22256257175,35913278.00812283,0,0,9964086721.991877,6198595854.411985,480090000,48009,66392.480891528,70277.76000000001,799.9048915279782,4685.184,49.63476717462441,201.0,22488.8832,2739.72602739726,26938811.800251607
164,1,0,23273063775.637264,4704882000.0,1.0,769939700.6040641,1623503.7614235703,0.0017458229747097348,376712.3287671233,3515981.735159817,61780821.917808086,576621004.5662103,448847.87184791587,36362125.879970744,0,0,9963637874.12003,6202039700.604064,482100000,48210,66665.26419449868,70573.23000000001,796.9161944986706,4704.882,49.63389440559203,201.0,22583.433600000004,2739.72602739726,26958655.507824212
165,1,0,23693142576.787514,4724580000.0,1.0,771369994.2162975,1620493.4199832606,0.0017697305073416847,376712.3287671233,3515981.735159817,62157534.24657521,580136986.3013701,452400.4516936756,36814526.33166442,0,0,9963185473.668335,6205479994.216297,484110000,48411,66938.07151454652,70868.70000000001,793.9515145465114,4724.58,49.63304775509986,201.0,22677.984,2739.72602739726,26978593.765796818
166,1,0,24120803800.298527,4744278000.0,1.0,772796722.3693409,1617501.684230263,0.001762244446973929,376712.3287671233,3515981.735159817,62534246.57534233,583652968.03653,455965.91088372015,37270492.24254814,0,0,9962729507.757452,6208916722.369341,486120000,48612,67210.90263187765,71164.17000000001,791.0106318776334,4744.277999999999,49.63222663901047,201.0,22772.5344,2739.72602739726,26998626.574169423
167,1,0,24556184308.893913,4763976000.0,1.0,774219872.235696,1614528.4367222989,0.0017942748256775712,376712.3287671233,3515981.735159817,62910958.90410945,587168949.7716899,459544.19757198874,37730036.44012012,0,0,9962269963.55988,6212349872.235696,488130000,48813,67483.75732926583,71459.64,788.093329265827,4763.976,49.63143048594725,201.0,22867.0848,2739.72602739726,27018753.93294203
168,1,0,24999423435.669445,4783674000.0,1.0,775639431.0403384,1611573.5610855347,0.0017932265504315736,376712.3287671233,3515981.735159817,63287671.23287657,590684931.5068498,463135.2592846364,38193171.69940476,0,0,9961806828.300594,6215779431.0403385,490140000,49014,67756.63539201693,71755.11000000002,785.1993920169214,4783.674,49.63065873698746,201.0,22961.6352,2739.72602739726,27038975.842114635
169,1,0,25450663028.683277,4803372000.0,1.0,777055386.0613432,1608636.9420021719,0.0018083770308940069,376712.3287671233,3515981.735159817,63664383.56164369,594200913.2420096,466739.04292223253,38659910.742327,0,0,9961340089.257673,6219205386.061343,492150000,49215,68029.53660793374,72050.58,782.3286079337344,4803.371999999999,49.6299108453634,201.0,23056.1856,2739.72602739726,27059292.30168724
170,1,0,25910047496.35101,4823070000.0,1.0,778467724.6305082,1605718.4651982023,0.001815082974167684,376712.3287671233,3515981.735159817,64041095.89041081,597716894.9771695,470355.4947620148,39130266.237089016,0,0,9960869733.76291,6222627724.630508,494160000,49416,68302.46076728159,72346.05,779.4807672815929,4823.07,49.629186276171644,201.0,23150.736,2739.72602739726,27079703.311659846
171,1,0,26377723853.66014,4842768000.0,1.0,779886434.133975,1602797.4654900867,0.0018250626434698507,376712.3287671233,3515981.735159817,64417808.21917793,601232876.7123294,473984.56046019413,39604250.79754921,0,0,9960395749.202452,6226046434.133975,496160000,49616,68575.40766275443,72641.52000000002,776.6556627544029,4842.768,49.62848450609014,200.0,23245.286400000005,2739.72602739726,27100208.872032452
172,1,0,26853841769.218704,4862368000.0,1.0,781301499.4491934,1599894.5360802063,0.00184452626506497,376712.3287671233,3515981.735159817,64794520.54794505,604748858.4474893,477628.74870877044,40081879.54625798,0,0,9959918120.453741,6229461499.449194,498160000,49816,68846.98524908279,72935.52000000002,773.8332490827756,4862.3679999999995,49.62782757541026,200.0,23339.366400000003,2739.72602739726,27120808.512405057
173,1,0,27338553613.1531,4881968000.0,1.0,782712908.0027854,1597009.5640681433,0.0018659658926215685,376712.3287671233,3515981.735159817,65171232.87671217,608264840.1826491,481285.5103349545,40563165.056592934,0,0,9959436834.943407,6232872908.002786,500160000,50016,69118.58538354248,73229.52000000002,771.0333835424476,4881.968,49.62719216177019,200.0,23433.446400000004,2739.72602739726,27141502.232777663
174,1,0,27832014505.87051,4901568000.0,1.0,784120647.2772653,1594142.4375706266,0.0018802045988777147,376712.3287671233,3515981.735159817,65547945.205479294,611780821.917809,484954.78944723215,41048119.84604017,0,0,9958951880.15396,6236280647.277266,502160000,50216,69390.20786283314,73523.52000000002,768.2558628331217,4901.568,49.626577779546,200.0,23527.526400000002,2739.72602739726,27162290.033150267
175,1,0,28334382367.70147,4921168000.0,1.0,785524704.8116525,1591293.0457098144,0.001901116137921011,376712.3287671233,3515981.735159817,65924657.534246415,615296803.6529689,488636.5295398746,41536756.37558004,0,0,9958463243.62442,6239684704.811653,504160000,50416,69661.8524859995,73817.52000000002,765.5004859994832,4921.168,49.62598395354076,200.0,23621.606400000004,2739.72602739726,27183171.913522873
176,1,0,28845817969.438477,4940768000.0,1.0,786925068.2020841,1588461.278601732,0.0019053319474577573,376712.3287671233,3515981.735159817,66301369.863013536,618812785.3881288,492330.6734954833,42029087.04907553,0,0,9957970912.950924,6243085068.202084,506160000,50616,69933.51905439912,74111.52000000002,762.7670543990953,4940.768,49.62541021873953,200.0,23715.686400000002,2739.72602739726,27204147.873895478
177,1,0,29366484983.78684,4960368000.0,1.0,788321725.1024235,1585647.0273448704,0.0019320715776834697,376712.3287671233,3515981.735159817,66678082.19178066,622328767.1232886,496037.16358758806,42525124.212663114,0,0,9957474875.787336,6246481725.102424,508160000,50816,70205.20737167083,74405.52000000002,760.0553716708025,4960.3679999999995,49.6248561200708,200.0,23809.766400000004,2739.72602739726,27225217.91426808
178,1,0,29896550037.744186,4979968000.0,1.0,789714663.2248673,1582850.1840089385,0.001929383617090187,376712.3287671233,3515981.735159817,67054794.52054778,625844748.8584485,499755.94148329773,43024880.15414641,0,0,9956975119.845854,6249874663.224867,510160000,51016,70476.91724370366,74699.52000000002,757.3652437036384,4979.968,49.62432121217425,200.0,23903.846400000002,2739.72602739726,27246382.034640685
179,1,0,30436182765.925465,4999568000.0,1.0,791103870.3405484,1580070.6416237706,0.0019484351540575392,376712.3287671233,3515981.735159817,67431506.8493149,629360730.5936084,503486.94824600325,43528367.10239241,0,0,9956471632.897608,6253263870.3405485,512160000,51216,70748.64847860625,74993.52000000002,754.6964786062255,4999.568,49.62380505917449,200.0,23997.926400000004,2739.72602739726,27267640.235013288
180,1,0,30985555864.850418,5019168000.0,1.0,792489334.2801373,1577308.2941683803,0.0019821221946172258,376712.3287671233,3515981.735159817,67808219.17808202,632876712.3287683,507230.12433813297,44035597.22673055,0,0,9955964402.77327,6256649334.280137,514160000,51416,71020.40088667667,75287.52000000002,752.0488866766605,5019.168,49.62330723446058,200.0,24092.006400000002,2739.72602739726,27288992.515385892
181,1,0,31544845148.210964,5038768000.0,1.0,793871042.9344404,1574563.0365601666,0.001974094502967371,376712.3287671233,3515981.735159817,68184931.50684914,636392694.0639281,510985.4096239607,44546582.636354506,0,0,9955453417.363646,6260031042.934441,516160000,51616,71292.1742803729,75581.52000000002,749.4222803728724,5038.768,49.62282732047153,200.0,24186.086400000004,2739.72602739726,27310438.875758495
182,1,0,32114229603.13617,5058368000.0,1.0,795248984.254995,1571834.7646442628,0.0020006203183739976,376712.3287671233,3515981.735159817,68561643.83561626,639908675.799088,514752.74337246525,45061335.37972697,0,0,9954938664.620274,6263408984.254995,518160000,51816,71563.96847428347,75875.52000000002,746.8164742834505,5058.3679999999995,49.62236490848687,200.0,24280.166400000002,2739.72602739726,27331979.3161311
183,1,0,32693891447.472775,5077968000.0,1.0,796623146.2546618,1569123.3751830298,0.002006346234669474,376712.3287671233,3515981.735159817,68938356.16438338,643424657.5342479,518532.06426024204,45579867.44398721,0,0,9954420132.556013,6266783146.254662,520160000,52016,71835.78328509895,76169.52000000002,744.2312850989284,5077.968,49.62191959842313,200.0,24374.246400000004,2739.72602739726,27353613.836503703
184,1,0,33284016188.099655,5097568000.0,1.0,797993517.0082144,1566428.7658456906,0.0020491843664541495,376712.3287671233,3515981.735159817,69315068.4931505,646940639.2694077,522323.31037446583,46102190.75436168,0,0,9953897809.245638,6270153517.008215,522160000,52216,72107.61853158355,76463.52000000002,741.6665315835199,5097.568,49.621490998635096,200.0,24468.3264,2739.72602739726,27375342.43687631
185,1,0,33884792680.29485,5117168000.0,1.0,799360084.6529255,1563750.8351981041,0.002046585675243326,376712.3287671233,3515981.735159817,69691780.82191762,650456621.0045676,526126.4192159054,46628317.173577584,0,0,9953371682.826422,6273520084.6529255,524160000,52416,72379.47403454731,76757.52000000002,739.1220345472959,5117.168,49.62107872572239,200.0,24562.406400000003,2739.72602739726,27397165.11724891
186,1,0,34496413188.17417,5136768000.0,1.0,800722837.3891505,1561089.4826926747,0.002036603719627768,376712.3287671233,3515981.735159817,70068493.15068474,653972602.7397275,529941.3277019896,47158258.50127958,0,0,9952841741.49872,6276882837.389151,526160000,52616,72651.34961681881,77051.52000000002,736.5976168187957,5136.768,49.62068240434094,200.0,24656.4864,2739.72602739726,27419081.877621517
187,1,0,35119073446.22071,5156368000.0,1.0,802081763.4809077,1558444.6086583966,0.0020751749848130665,376712.3287671233,3515981.735159817,70445205.47945186,657488584.4748874,533767.9721699232,47692026.4734495,0,0,9952307973.52655,6280241763.480907,528160000,52816,72923.24510321808,77345.52000000002,734.0931032180656,5156.3679999999995,49.62030166701912,200.0,24750.566400000003,2739.72602739726,27441092.71799412
188,1,0,35752972721.92499,5175968000.0,1.0,803436851.2564548,1555816.1142910328,0.0020876041476099293,376712.3287671233,3515981.735159817,70821917.80821899,661004566.2100472,537606.2883798552,48229632.761829354,0,0,9951770367.23817,6283596851.256454,530160000,53016,73195.16032053014,77639.52000000002,731.6083205301157,5175.968,49.619936153978664,200.0,24844.6464,2739.72602739726,27463197.638366725
189,1,0,36398313879.55573,5195568000.0,1.0,804788089.1088638,1553203.9016434206,0.002070879614946224,376712.3287671233,3515981.735159817,71198630.1369861,664520547.9452071,541456.2115180959,48771088.97334745,0,0,9951228911.026653,6286948089.108864,532160000,53216,73467.09509747881,77933.52000000002,729.1430974787884,5195.568,49.61958551296008,200.0,24938.726400000003,2739.72602739726,27485396.63873933
190,1,0,37055303445.08171,5215168000.0,1.0,806135465.4965905,1550607.8736159103,0.0021073213722103555,376712.3287671233,3515981.735159817,71575342.46575323,668036529.680367,545317.6762003853,49316406.64954783,0,0,9950683593.350452,6290295465.496591,534160000,53416,73739.04926470104,78227.52000000002,726.6972647010306,5215.168,49.6192493990524,200.0,25032.8064,2739.72602739726,27507689.719111934
191,1,0,37724151672.265434,5234768000.0,1.0,807478968.9440423,1548027.9339469264,0.0020979545943641087,376712.3287671233,3515981.735159817,71952054.79452035,671552511.4155269,549190.6164752109,49865597.26602304,0,0,9950134402.733976,6293638968.944042,536160000,53616,74011.02265472159,78521.52000000002,724.2706547215646,5234.768,49.61892747452731,200.0,25126.886400000003,2739.72602739726,27530076.879484538
192,1,0,38405072609.94982,5254368000.0,1.0,808818588.0421422,1545463.987203656,0.002113472006042213,376712.3287671233,3515981.735159817,72328767.12328747,675068493.1506867,553074.9658271755,50418672.231850214,0,0,9949581327.76815,6296978588.042142,538160000,53816,74283.01510192796,78815.52000000002,721.8631019279469,5254.3679999999995,49.618619408677276,200.0,25220.9664,2739.72602739726,27552558.119857144
193,1,0,39098284170.55941,5273968000.0,1.0,810154311.4488888,1542915.938772858,0.0021422727365573587,376712.3287671233,3515981.735159817,72705479.45205459,678584474.8858466,556970.6571804157,50975642.88903063,0,0,9949024357.11097,6300314311.448889,540160000,54016,74555.02644254603,79109.52000000002,719.4744425460121,5273.968,49.61832487765784,200.0,25315.046400000003,2739.72602739726,27575133.440229747
194,1,0,39804008199.838005,5293568000.0,1.0,811486127.8899138,1540383.6948517938,0.002141316805959593,376712.3287671233,3515981.735159817,73082191.78082171,682100456.6210065,560877.6229020666,51536520.51193269,0,0,9948463479.488068,6303646127.889914,542160000,54216,74827.05651461572,79403.52000000002,717.1045146156915,5293.568,49.61804356433378,200.0,25409.1264,2739.72602739726,27597802.840602353
195,1,0,40522470547.84508,5313168000.0,1.0,812814026.1590351,1537867.1624392788,0.0021703929967812345,376712.3287671233,3515981.735159817,73458904.10958883,685616438.3561664,564795.794805778,52101316.30673847,0,0,9947898683.693262,6306974026.159035,544160000,54416,75099.10515796722,79697.52000000002,714.753157967203,5313.168,49.617775158129106,200.0,25503.206400000003,2739.72602739726,27620566.320974957
196,1,0,41253901141.23368,5332768000.0,1.0,814137995.1188068,1535366.2493268468,0.00214551075505673,376712.3287671233,3515981.735159817,73835616.43835595,689132420.0913262,568725.1041552785,52670041.41089375,0,0,9947329958.589106,6310297995.118807,546160000,54616,75371.17221419762,79991.52000000002,712.4202141976048,5332.768,49.61751935488076,200.0,25597.2864,2739.72602739726,27643423.881347563
197,1,0,41998534056.83295,5352368000.0,1.0,815458023.7010659,1532880.8640900338,0.002173379268167522,376712.3287671233,3515981.735159817,74212328.76712307,692648401.8264861,572665.4816679875,53242706.89256174,0,0,9946757293.107439,6313618023.701066,548160000,54816,75643.25752664772,80285.52000000002,710.105526647704,5352.3679999999995,49.61727585669593,200.0,25691.366400000003,2739.72602739726,27666375.521720167
198,1,0,42756607596.55878,5371968000.0,1.0,816774100.9074743,1530410.9160797738,0.0021970296010638047,376712.3287671233,3515981.735159817,74589041.0958902,696164383.561646,576616.8575186756,53819323.750080414,0,0,9946180676.24992,6316934100.9074745,550160000,55016,75915.36094037934,80579.52000000002,707.8089403793182,5371.968,49.61704437181281,200.0,25785.446400000004,2739.72602739726,27689421.242092773
199,1,0,43528364363.67666,5391568000.0,1.0,818086215.8100581,1527956.3154139053,0.002202869401931998,376712.3287671233,3515981.735159817,74965753.42465732,699680365.2968059,580579.1613431723,54399902.91142359,0,0,9945600097.088577,6320246215.810059,552160000,55216,76187.4823021529,80873.52000000002,705.5303021528813,5391.567999999999,49.616824614464925,200.0,25879.526400000002,2739.72602739726,27712561.042465378
200,1,0,44314051340.44102,5411168000.0,1.0,819394357.551743,1525516.97296879,0.002204328064593575,376712.3287671233,3515981.735159817,75342465.75342444,703196347.0319657,584552.3222421219,54984455.233665705,0,0,9945015544.766335,6323554357.551743,554160000,55416,76459.6214604054,81167.52000000002,703.2694604053878,5411.168,49.616616304748575,200.0,25973.606400000004,2739.72602739726,27735794.922837984
201,1,0,45113919967.13597,5430768000.0,1.0,820698515.3468853,1523092.800371039,0.0022000082904541926,376712.3287671233,3515981.735159817,75719178.08219156,706712328.7671256,588536.2687847853,55572991.50245049,0,0,9944427008.49755,6326858515.346886,556160000,55616,76731.7782652287,81461.52000000002,701.0262652286706,5430.768,49.61641916849373,200.0,26067.686400000002,2739.72602739726,27759122.88321059
202,1,0,45928226222.54277,5450368000.0,1.0,821998678.4817995,1520683.7099893452,0.0022057294093413347,376712.3287671233,3515981.735159817,76095890.41095868,710228310.5022855,592530.9290128902,56165522.431463376,0,0,9943834477.568537,6330158678.4818,558160000,55816,77003.95256834802,81755.52000000002,698.8005683480046,5450.3679999999995,49.61623293713783,200.0,26161.766400000004,2739.72602739726,27782544.92358319
203,1,0,46757230705.859665,5469968000.0,1.0,823294836.315282,1518289.6149264227,0.0022103748395990294,376712.3287671233,3515981.735159817,76472602.7397258,713744292.2374454,596536.230444525,56762058.661907904,0,0,9943237941.338093,6333454836.315282,560160000,56016,77276.14422310106,82049.52000000002,696.5922231010348,5469.968,49.61605734760289,200.0,26255.846400000002,2739.72602739726,27806061.043955795
204,1,0,47601198720.100426,5489568000.0,1.0,824586978.2791309,1515910.429011049,0.0022347362121578774,376712.3287671233,3515981.735159817,76849315.06849292,717260273.9726052,600552.1000780816,57362610.76198599,0,0,9942637389.238014,6336746978.279131,562160000,56216,77548.35308441703,82343.52000000002,694.401084417017,5489.567999999999,49.615892142175355,200.0,26349.926400000004,2739.72602739726,27829671.2443284
205,1,0,48460400356.99823,5509168000.0,1.0,825875093.8786618,1513546.066790208,0.0022267174049328026,376712.3287671233,3515981.735159817,77226027.39726004,720776255.7077651,604578.4643962419,57967189.226382226,0,0,9942032810.773619,6340035093.878662,564160000,56416,77820.57900879638,82637.52000000002,692.2270087963723,5509.168,49.61573706838902,200.0,26444.006400000002,2739.72602739726,27853375.524701003
206,1,0,49335110583.44204,5528768000.0,1.0,827159172.6932188,1511196.4435213355,0.0022257497065171477,376712.3287671233,3515981.735159817,77602739.72602716,724292237.442925,608615.2493700112,58575804.475752234,0,0,9941424195.524248,6343319172.693218,566160000,56616,78092.82185429057,82931.52000000002,690.0698542905438,5528.768,49.615591878910685,200.0,26538.086400000004,2739.72602739726,27877173.885073606
207,1,0,50225609329.47316,5548368000.0,1.0,828439204.3766831,1508861.475164664,0.002247783694446066,376712.3287671233,3515981.735159817,77979452.05479428,727808219.1780849,612662.3804627939,59188466.85621503,0,0,9940811533.143785,6346599204.376683,568160000,56816,78365.08148048217,83225.52000000002,687.929480482157,5548.3679999999995,49.615456331428526,200.0,26632.166400000002,2739.72602739726,27901066.32544621
208,1,0,51132181577.87015,5567968000.0,1.0,829715178.6579757,1506541.0783756634,0.0022450191463042808,376712.3287671233,3515981.735159817,78356164.3835614,731324200.9132447,616719.7826345176,59805186.63884955,0,0,9940194813.36115,6349875178.657976,570160000,57016,78637.3577484655,83519.52000000002,685.8057484654718,5567.968,49.61533018854327,200.0,26726.246400000004,2739.72602739726,27925052.845818814
209,1,0,52055117455.3507,5587568000.0,1.0,830987085.3415569,1504235.1704975788,0.0022493363194870135,376712.3287671233,3515981.735159817,78732876.71232852,734840182.6484046,620787.3803457977,60425974.01919535,0,0,9939574025.980804,6353147085.341557,572160000,57216,78909.65052082714,83813.52000000002,683.6985208271276,5587.567999999999,49.61521321766179,200.0,26820.3264,2739.72602739726,27949133.44619142
210,1,0,52994712325.41978,5607168000.0,1.0,832254914.3079218,1501943.6695540638,0.002252325522403728,376712.3287671233,3515981.735159817,79109589.04109564,738356164.3835645,624865.0975621477,61050839.1167575,0,0,9938949160.883242,6356414914.307922,574160000,57416,79181.95966162719,84107.52000000002,681.6076616271705,5607.168,49.6151051908934,200.0,26914.406400000003,2739.72602739726,27973308.126564022
211,1,0,53951266882.8936,5626768000.0,1.0,833518655.5140905,1499666.494241906,0.0022766429829900953,376712.3287671233,3515981.735159817,79486301.36986277,741872146.1187243,628952.8577582327,61679791.97451573,0,0,9938320208.025484,6359678655.514091,576160000,57616,79454.28503638039,84401.52000000002,679.5330363803632,5626.768,49.61500588494845,200.0,27008.4864,2739.72602739726,27997576.886936627
212,1,0,54925087250.12982,5646368000.0,1.0,834778298.9940954,1497403.5639238446,0.0022720647496855943,376712.3287671233,3515981.735159817,79863013.69862989,745388127.8538842,633050.5839221664,62312842.5584379,0,0,9937687157.441563,6362938298.994095,578160000,57816,79726.62651203778,84695.52000000002,677.4745120377693,5646.3679999999995,49.6149150810395,200.0,27102.566400000003,2739.72602739726,28021939.72730923
213,1,0,55916485074.99466,5665968000.0,1.0,836033834.8594626,1495154.79862148,0.00227814289642203,376712.3287671233,3515981.735159817,80239726.027397,748904109.5890441,637158.1985598484,62950000.75699775,0,0,9937049999.243002,6366193834.859463,580160000,58016,79998.98395696863,84989.52000000002,675.4319569686083,5665.968,49.61483256478469,200.0,27196.6464,2739.72602739726,28046396.647681836
214,1,0,56925777630.598305,5685568000.0,1.0,837285253.2996904,1492920.1190082703,0.0022616381052516484,376712.3287671233,3515981.735159817,80616438.35616413,752420091.324204,641275.6236993464,63591276.380697094,0,0,9936408723.619303,6369445253.29969,582160000,58216,80271.3572409424,85283.52000000002,673.405240942379,5685.567999999999,49.614758126113365,200.0,27290.726400000003,2739.72602739726,28070947.64805444
215,1,0,57953287916.8306,5705168000.0,1.0,838532544.5827221,1490699.4464026194,0.0022709046368593203,376712.3287671233,3515981.735159817,80993150.68493125,755936073.0593638,645402.7808953191,64236679.16159242,0,0,9935763320.838408,6372692544.582722,584160000,58416,80543.74623511125,85577.52000000002,671.3942351112404,5705.168,49.614691559174126,200.0,27384.8064,2739.72602739726,28095592.728427045
216,1,0,58999344763.729385,5724768000.0,1.0,839775699.0554156,1488492.7027610473,0.0022537974925677983,376712.3287671233,3515981.735159817,81369863.01369837,759452054.7945237,649539.5912334791,64886218.75282589,0,0,9935113781.247173,6375935699.055416,586160000,58616,80816.15081199267,85871.52000000002,669.3988119926554,5724.768,49.61463266224479,200.0,27478.886400000003,2739.72602739726,28120331.88879965
217,1,0,60064282936.71469,5744368000.0,1.0,841014707.1440076,1486299.8106714503,0.002276538330079707,376712.3287671233,3515981.735159817,81746575.34246549,762968036.5296836,653685.9753350988,65539904.72816099,0,0,9934460095.27184,6379174707.144008,588160000,58816,81088.5708454523,86165.52000000002,667.4188454522839,5744.3679999999995,49.614581237644565,200.0,27572.9664,2739.72602739726,28145165.129172254
218,1,0,61148443243.72238,5763968000.0,1.0,842249559.354573,1484120.6933464413,0.0022598598015918796,376712.3287671233,3515981.735159817,82123287.67123261,766484018.2648435,657841.8533615562,66197746.58152255,0,0,9933802253.418478,6382409559.354573,590160000,59016,81361.00621068715,86459.52000000002,665.4542106871268,5763.968,49.61453709164834,200.0,27667.046400000003,2739.72602739726,28170092.44954486
219,1,0,62252172644.27156,5783568000.0,1.0,843480246.2734811,1481955.2746167772,0.002243875952329623,376712.3287671233,3515981.735159817,82499999.99999973,770000000.0000033,662007.145018919,66859753.72654147,0,0,9933140246.273458,6385640246.273481,592160000,59216,81633.45678420893,86753.52000000002,663.504784208913,5783.567999999999,49.61450003440279,200.0,27761.1264,2739.72602739726,28195113.849917464
220,1,0,63375824360.500656,5803168000.0,1.0,844706758.5678456,1479803.478924865,0.002272073329239176,376712.3287671233,3515981.735159817,82876712.32876685,773515981.7351632,666181.7695625697,67525935.49610403,0,0,9932474064.503897,6388866758.567845,594160000,59416,81905.92244382775,87047.52000000002,661.57044382773,5803.168,49.61446987984463,200.0,27855.206400000003,2739.72602739726,28220229.330290068
221,1,0,64519757990.20769,5822768000.0,1.0,845929086.9859707,1477665.2313183486,0.0022596265433737685,376712.3287671233,3515981.735159817,83253424.65753397,777031963.4703231,670365.645801871,68196301.1419059,0,0,9931803698.858093,6392089086.9859705,596160000,59616,82178.4030686359,87341.52000000002,659.6510686358886,5822.768,49.61444644562062,200.0,27949.2864,2739.72602739726,28245438.890662674
222,1,0,65684339621.93093,5842368000.0,1.0,847147222.357793,1475540.4574437782,0.002246435376119944,376712.3287671233,3515981.735159817,83630136.9863011,780547945.205483,674558.6921048663,68870859.83401076,0,0,9931129140.165989,6395307222.357793,598160000,59816,82450.89853899204,87635.52000000002,657.7465389920213,5842.3679999999995,49.614429553009465,200.0,28043.366400000003,2739.72602739726,28270742.531035278
223,1,0,66869941952.10678,5861968000.0,1.0,848361155.595317,1473429.0835403546,0.002250474907360639,376712.3287671233,3515981.735159817,84006849.31506822,784063926.9406428,678760.8264030215,69549620.66041379,0,0,9930450379.339586,6398521155.595317,600160000,60016,82723.40873650543,87929.52000000002,655.8567365054106,5861.968,49.614419026845475,200.0,28137.446400000004,2739.72602739726,28296140.251407884
224,1,0,68076944404.3423,5881568000.0,1.0,849570877.693048,1471331.0364337515,0.002246518261491182,376712.3287671233,3515981.735159817,84383561.64383534,787579908.6758027,682971.9661960033,70232592.62660979,0,0,9929767407.37339,6401730877.6930485,602160000,60216,82995.93354402056,88223.52000000002,653.9815440205417,5881.567999999999,49.61441469544409,200.0,28231.526400000002,2739.72602739726,28321632.05178049
225,1,0,69305733250.84067,5901168000.0,1.0,850776379.7284186,1469246.2435300148,0.002266345234714105,376712.3287671233,3515981.735159817,84760273.97260246,791095890.4109626,687192.0285564937,70919784.65516628,0,0,9929080215.344833,6404936379.728418,604160000,60416,83268.4728456019,88517.52000000002,652.120845601877,5901.168,49.61441639052898,200.0,28325.606400000004,2739.72602739726,28347217.932153095
226,1,0,70556701736.01834,5920768000.0,1.0,851977652.8622106,1467174.6328095365,0.002237864702155872,376712.3287671233,3515981.735159817,85136986.30136958,794611872.1461225,691420.9301350431,71611205.58530132,0,0,9928388794.4147,6408137652.862211,606160000,60616,83541.02652651886,88811.52000000002,650.2745265188479,5920.768,49.614423947160894,200.0,28419.686400000002,2739.72602739726,28372897.8925257
227,1,0,71830250202.35347,5940368000.0,1.0,853174688.3389727,1465116.132821102,0.0022334909249871805,376712.3287671233,3515981.735159817,85513698.6301367,798127853.8812823,695658.5871649589,72306864.17246628,0,0,9927693135.827534,6411334688.338972,608160000,60816,83813.59447323107,89105.52000000002,648.442473231062,5940.3679999999995,49.614437203668096,200.0,28513.766400000004,2739.72602739726,28398671.9328983
228,1,0,73126786218.50594,5959968000.0,1.0,854367477.4874325,1463070.6726760112,0.0022156997560811827,376712.3287671233,3515981.735159817,85890410.95890382,801643835.6164422,699904.9154672277,73006769.08793351,0,0,9926993230.912067,6414527477.4874325,610160000,61016,84086.17657337374,89399.52000000002,646.6245733737209,5959.968,49.614456001578354,200.0,28607.846400000002,2739.72602739726,28424540.053270906
229,1,0,74446724709.74995,5979568000.0,1.0,855556011.7209041,1461038.1820422702,0.002223907973898784,376712.3287671233,3515981.735159817,86267123.28767094,805159817.3516021,704159.8304554758,73710928.91838899,0,0,9926289071.081612,6417716011.720904,612160000,61216,84358.77271574327,89693.52000000002,644.8207157432448,5979.567999999999,49.6144801855526,200.0,28701.926400000004,2739.72602739726,28450502.25364351
230,1,0,75790488090.76094,5999168000.0,1.0,856740282.5376902,1459018.5911388549,0.0022182511035033162,376712.3287671233,3515981.735159817,86643835.61643806,808675799.086762,708423.2471409634,74419352.16552995,0,0,9925580647.83447,6420900282.53769,614160000,61416,84631.38279028311,89987.52000000002,643.0307902831013,5999.168,49.6145096033199,200.0,28796.006400000002,2739.72602739726,28476558.534016114
231,1,0,77158506400.79916,6018768000.0,1.0,857920281.5214796,1457011.8307300436,0.002186176672884174,376712.3287671233,3515981.735159817,87020547.94520518,812191780.8219218,712695.0801376109,75132047.24566756,0,0,9924867952.754332,6424080281.52148,616160000,61616,84904.00668806986,90281.52000000002,641.254688069836,6018.768,49.61454410561413,200.0,28890.086400000004,2739.72602739726,28502708.894388717
232,1,0,78551217441.33359,6038368000.0,1.0,859096000.3417397,1455017.8321198195,0.002200935103608255,376712.3287671233,3515981.735159817,87397260.2739723,815707762.5570817,716975.2436670613,75849022.48933463,0,0,9924150977.510666,6427256000.34174,618160000,61816,85176.64430129931,90575.52000000002,639.4923012992987,6038.3679999999995,49.61458354611176,200.0,28984.166400000002,2739.72602739726,28528953.33476132
233,1,0,79969066916.14966,6057968000.0,1.0,860267430.754103,1453036.5271463394,0.002174460443259511,376712.3287671233,3515981.735159817,87773972.60273942,819223744.2922416,721263.651563776,76570286.1408984,0,0,9923429713.859102,6430427430.754103,620160000,62016,85449.29552327309,90869.52000000002,637.7435232730659,6057.968,49.614627781371425,200.0,29078.246400000004,2739.72602739726,28555291.855133925
234,1,0,81412508573.98615,6077568000.0,1.0,861434564.6007499,1451067.848176472,0.00216774309072651,376712.3287671233,3515981.735159817,88150684.93150654,822739726.0274014,725560.2172801592,77295846.35817857,0,0,9922704153.64182,6433594564.60075,622160000,62216,85721.96024838508,91163.52000000002,636.0082483850526,6077.567999999999,49.61467667077449,200.0,29172.3264,2739.72602739726,28581724.45550653
235,1,0,82882004353.74658,6097168000.0,1.0,862597393.8107852,1449111.7281003976,0.0021686814991419205,376712.3287671233,3515981.735159817,88527397.26027367,826255707.7625613,729864.8538917194,78025711.21207029,0,0,9921974288.78793,6436757393.810785,624160000,62416,85994.63837210833,91457.52000000002,634.2863721083144,6097.168,49.614730076467204,200.0,29266.406400000003,2739.72602739726,28608251.135879133
236,1,0,84378024532.3317,6116768000.0,1.0,863755910.40061,1447168.100326279,0.002169821447952103,376712.3287671233,3515981.735159817,88904109.58904079,829771689.4977212,734177.4741022593,78759888.68617254,0,0,9921240111.313828,6439915910.40061,626160000,62616,86267.32979098205,91751.52000000002,632.5777909820315,6116.768,49.61478786330401,200.0,29360.4864,2739.72602739726,28634871.896251738
237,1,0,85901047875.14027,6136368000.0,1.0,864910106.474288,1445236.89877499,0.002142460877080257,376712.3287671233,3515981.735159817,89280821.9178079,833287671.2328811,738497.9902490971,79498386.67642164,0,0,9920501613.323578,6443070106.474288,628160000,62816,86540.0344025987,92045.52000000002,630.882402598678,6136.3679999999995,49.614849898792144,200.0,29454.566400000003,2739.72602739726,28661586.73662434
238,1,0,87451561789.28654,6155968000.0,1.0,866059974.2239068,1443318.0578749133,0.0021262248040366223,376712.3287671233,3515981.735159817,89657534.24657503,836803652.968041,742826.3143083192,80241212.99072996,0,0,9919758787.00927,6446219974.2239065,630160000,63016,86812.7521055914,92339.52000000002,629.2001055913686,6155.968,49.61491605303751,200.0,29548.6464,2739.72602739726,28688395.656996947
239,1,0,89030062479.58316,6175568000.0,1.0,867205505.9299338,1441411.5125567953,0.0021121435707859085,376712.3287671233,3515981.735159817,90034246.57534215,840319634.7032008,747162.357900061,80988375.34863003,0,0,9919011624.65137,6449365505.929934,632160000,63216,87085.4827996214,92633.52000000002,627.530799621382,6175.567999999999,49.61498619869166,200.0,29642.726400000003,2739.72602739726,28715298.65736955
240,1,0,90637055107.33963,6195168000.0,1.0,868346693.961567,1439517.198248666,0.0021187977467346606,376712.3287671233,3515981.735159817,90410958.90410927,843835616.4383607,751506.0322938183,81739881.38092384,0,0,9918260118.619076,6452506693.961567,634160000,63416,87358.22638536587,92927.52000000002,625.8743853658577,6195.168,49.61506021090008,200.0,29736.8064,2739.72602739726,28742295.737742156
241,1,0,92273053952.0271,6214768000.0,1.0,869483530.7770803,1437635.0508708188,0.002088624011443832,376712.3287671233,3515981.735159817,90787671.23287639,847351598.1735206,755857.248413788,82495738.62933762,0,0,9917504261.370663,6455643530.777081,636160000,63616,87630.98276450568,93221.52000000002,624.2307645056637,6214.768,49.61513796725156,200.0,29830.886400000003,2739.72602739726,28769386.89811476
242,1,0,93938582575.86118,6234368000.0,1.0,870616008.9241631,1435765.0068308485,0.002065647193279072,376712.3287671233,3515981.735159817,91164383.56164351,850867579.9086804,760215.916844234,83255954.54618186,0,0,9916744045.453817,6458776008.924163,638160000,63816,87903.75183971346,93515.52000000002,622.5998397134323,6234.3679999999995,49.61521934772855,200.0,29924.9664,2739.72602739726,28796572.138487365
243,1,0,95634173991.35545,6253968000.0,1.0,871744121.0402553,1433907.0030187503,0.002053770680407145,376712.3287671233,3515981.735159817,91541095.89041063,854383561.6438403,764581.947834885,84020536.49401674,0,0,9915979463.505983,6461904121.040256,640160000,64016,88176.5335146418,93809.52000000002,620.9815146417608,6253.968,49.61530423465882,200.0,30019.046400000003,2739.72602739726,28823851.45885997
244,1,0,97360370831.89941,6273568000.0,1.0,872867859.8528761,1432060.9768020762,0.0020387191184479724,376712.3287671233,3515981.735159817,91917808.21917775,857899543.3790002,768955.2513063548,84789491.74532309,0,0,9915210508.254677,6465027859.852877,642160000,64216,88449.32769391159,94103.52000000002,619.3756939115756,6273.567999999999,49.61539251266806,200.0,30113.1264,2739.72602739726,28851224.859232575
245,1,0,99117725525.41519,6293168000.0,1.0,873987218.1799475,1430226.866021148,0.0020066925549996366,376712.3287671233,3515981.735159817,92294520.54794487,861415525.1141601,773335.7368555915,85562827.48217869,0,0,9914437172.517822,6468147218.179947,644160000,64416,88722.13428310068,94397.52000000002,617.7822831006564,6293.168,49.61548406863357,200.0,30207.206400000003,2739.72602739726,28878692.33960518
246,1,0,100906800471.14893,6312768000.0,1.0,875102188.9301132,1428404.6089843276,0.0020009768985944885,376712.3287671233,3515981.735159817,92671232.876712,864931506.8493199,777723.313761354,86340550.79594004,0,0,9913659449.20406,6471262188.930113,646160000,64616,88994.95318873234,94691.52000000002,616.2011887323171,6312.768,49.61557879163887,200.0,30301.2864,2739.72602739726,28906253.899977785
247,1,0,102728168219.65315,6332368000.0,1.0,876212765.1030506,1426594.1444633442,0.001962090188461093,376712.3287671233,3515981.735159817,93047945.20547912,868447488.5844798,782117.8909897092,87122668.68692975,0,0,9912877331.31307,6474372765.10305,648160000,64816,89267.78431826425,94985.52000000002,614.6323182642433,6332.3679999999995,49.615676572929395,200.0,30395.366400000003,2739.72602739726,28933909.54035039
248,1,0,104582411656.01788,6351968000.0,1.0,877318939.7897781,1424795.411688674,0.001966368867315516,376712.3287671233,3515981.735159817,93424657.53424624,871963470.3196397,786519.3771995574,87909188.06412931,0,0,9912090811.935871,6477478939.789778,650160000,65016,89540.6275800775,95279.52000000002,613.0755800774817,6351.968,49.61577730586915,200.0,30489.4464,2739.72602739726,28961659.260722995
249,1,0,106470124186.409,6371568000.0,1.0,878420706.172957,1423008.3503449755,0.001953566972733221,376712.3287671233,3515981.735159817,93801369.86301336,875479452.0547996,790927.6807481819,88700115.74487749,0,0,9911299884.255123,6480580706.172956,652160000,65216,89813.4828834656,95573.52000000002,611.5308834655801,6371.567999999999,49.61588088589819,200.0,30583.526400000002,2739.72602739726,28989503.0610956
250,1,0,108391909927.97366,6391168000.0,1.0,879518057.5271872,1421232.9005665795,0.001936707568107573,376712.3287671233,3515981.735159817,94178082.19178048,878995433.7899594,795342.7096968194,89495458.4545743,0,0,9910504541.545425,6483678057.527187,654160000,65416,90086.3501386239,95867.52000000002,609.9981386238749,6391.168,49.61598721049123,200.0,30677.606400000004,2739.72602739726,29017440.941468205
251,1,0,110348383902.17358,6410768000.0,1.0,880610987.219298,1419469.00293303,0.0019049002455586634,376712.3287671233,3515981.735159817,94554794.5205476,882511415.5251193,799764.3718162555,90295222.82639056,0,0,9909704777.173609,6486770987.219297,656160000,65616,90359.22925663895,96161.52000000002,608.4772566389252,6410.768,49.616096179116866,200.0,30771.686400000002,2739.72602739726,29045472.90184081
252,1,0,112340172231.6078,6430368000.0,1.0,881699488.7086326,1417716.598464678,0.0019058091762261195,376712.3287671233,3515981.735159817,94931506.84931472,886027397.2602792,804192.5745924414,91099415.400983,0,0,9908900584.599016,6489859488.708632,658160000,65816,90632.12014947811,96455.52000000002,606.9681494780896,6430.3679999999995,49.61620769319799,200.0,30865.766400000004,2739.72602739726,29073598.942213412
253,1,0,114367912340.3883,6449968000.0,1.0,882783555.5473275,1415975.6286183265,0.0018803935420496408,376712.3287671233,3515981.735159817,95308219.17808184,889543378.995439,808627.2252321331,91908042.62621514,0,0,9908091957.373785,6492943555.547327,660160000,66016,90905.02272997928,96749.52000000002,605.4707299792448,6449.968,49.61632165607282,200.0,30959.846400000002,2739.72602739726,29101819.062586017
254,1,0,116432253158.13231,6469568000.0,1.0,883863181.380586,1414246.0352829273,0.0018619186662437314,376712.3287671233,3515981.735159817,95684931.50684896,893059360.7305989,813068.2306685499,92721110.85688369,0,0,9907278889.143116,6496023181.380587,662160000,66216,91177.93691184066,97043.52000000002,603.9849118406423,6469.567999999999,49.6164379729568,200.0,31053.926400000004,2739.72602739726,29130133.26295862
255,1,0,118533855327.63658,6489168000.0,1.0,884938359.946946,1412527.7607753256,0.0018455822794956177,376712.3287671233,3515981.735159817,96061643.83561608,896575342.4657588,817515.4975670554,93538626.35445075,0,0,9906461373.64555,6499098359.946946,664160000,66416,91450.86260961092,97337.52000000002,602.5106096109033,6489.168,49.61655655090552,200.0,31148.006400000002,2739.72602739726,29158541.543331224
256,1,0,120673391416.30042,6508768000.0,1.0,886009085.0785422,1410820.7478360562,0.0018147821748037253,376712.3287671233,3515981.735159817,96438356.1643832,900091324.2009187,821968.9323308568,94360595.28678161,0,0,9905639404.713219,6502169085.078543,666160000,66616,91723.79973867917,97631.52000000002,601.047738679147,6508.768,49.616677298778086,200.0,31242.086400000004,2739.72602739726,29187043.903703827
257,1,0,122851546131.36462,6528368000.0,1.0,887075350.7013626,1409124.9396251868,0.0018163668491376914,376712.3287671233,3515981.735159817,96815068.49315032,903607305.9360785,826428.4411067236,95187023.72788833,0,0,9904812976.272112,6505235350.701363,668160000,66816,91996.74821526527,97925.52000000002,599.596215265252,6528.3679999999995,49.61680012720158,200.0,31336.166400000002,2739.72602739726,29215640.344076432
258,1,0,125069016539.03574,6547968000.0,1.0,888137150.8354989,1407440.2797182105,0.0017887768935119742,376712.3287671233,3515981.735159817,97191780.82191744,907123287.6712384,830893.9297907265,96017917.65767905,0,0,9903982082.342321,6508297150.835499,670160000,67016,92269.70795641028,98219.52000000002,598.1559564102494,6547.968,49.61692494853611,200.0,31430.246400000004,2739.72602739726,29244330.864449035
259,1,0,127326512287.56532,6567568000.0,1.0,889194479.595392,1405766.7121019843,0.0017676632057494995,376712.3287671233,3515981.735159817,97568493.15068457,910639269.4063983,835365.3040339901,96853282.96171305,0,0,9903146717.038286,6511354479.595392,672160000,67216,92542.67887996686,98513.52000000002,596.7268799668424,6567.567999999999,49.617051676840646,200.0,31524.3264,2739.72602739726,29273115.46482164
260,1,0,129624755834.35587,6587168000.0,1.0,890247331.1900706,1404104.1811707162,0.0017468588414657792,376712.3287671233,3515981.735159817,97945205.47945169,914155251.1415582,839842.4692484683,97693125.43096152,0,0,9902306874.569038,6514407331.190071,674160000,67416,92815.66090459007,98807.52000000002,595.3089045900549,6587.168,49.61718022783963,200.0,31618.406400000003,2739.72602739726,29301994.145194244
261,1,0,131964482677.16597,6606768000.0,1.0,891295699.9233849,1402452.631721996,0.0017318360720534323,376712.3287671233,3515981.735159817,98321917.8082188,917671232.876718,844325.3306127315,98537450.76157425,0,0,9901462549.238426,6517455699.923385,676160000,67616,93088.65394972803,99101.52000000002,593.9019497280027,6606.768,49.61731051889014,200.0,31712.4864,2739.72602739726,29330966.90556685
262,1,0,134346441589.4888,6626368000.0,1.0,892339580.1942341,1400812.0089528742,0.0017191768598825833,376712.3287671233,3515981.735159817,98698630.13698593,921187214.6118779,848813.7930777736,99386264.55465202,0,0,9900613735.445349,6520499580.194234,678160000,67816,93361.6579356128,99395.52000000002,592.505935612789,6626.3679999999995,49.61744246894996,200.0,31806.566400000003,2739.72602739726,29360033.745939452
263,1,0,136771394860.17906,6645968000.0,1.0,893378966.4967884,1399182.2584559845,0.0016805859045084042,376712.3287671233,3515981.735159817,99075342.46575305,924703196.3470378,853307.7613728313,100239572.31602485,0,0,9899760427.683975,6523538966.496788,680160000,68016,93634.67278325155,99689.52000000002,591.12078325152,6645.968,49.61757599854615,200.0,31900.6464,2739.72602739726,29389194.666312058
264,1,0,139240118537.40527,6665568000.0,1.0,894413853.4207042,1397563.3262157103,0.0016806027214654293,376712.3287671233,3515981.735159817,99452054.79452017,928219178.0821977,857807.1400112201,101097379.45603608,0,0,9898902620.543964,6526573853.420704,682160000,68216,93907.69841441746,99983.52000000002,589.7464144174405,6665.567999999999,49.61771102974437,200.0,31994.726400000003,2739.72602739726,29418449.66668466
265,1,0,141753402677.00543,6685168000.0,1.0,895444235.6513351,1395955.1586043944,0.0016627135006523376,376712.3287671233,3515981.735159817,99828767.12328729,931735159.8173575,862311.8332961844,101959691.28933226,0,0,9898040308.710669,6529604235.651335,684160000,68416,94180.7347516412,100277.52000000002,588.3827516411853,6685.168,49.61784748611876,200.0,32088.8064,2739.72602739726,29447798.747057267
266,1,0,144312051595.32538,6704768000.0,1.0,896470107.9699354,1394357.7023785952,0.0016427276220003673,376712.3287671233,3515981.735159817,100205479.45205441,935251141.5525174,866821.7453267594,102826513.03465901,0,0,9897173486.965342,6532630107.969935,686160000,68616,94453.78171820217,100571.52000000002,587.0297182021478,6704.768,49.617985292722665,200.0,32182.886400000003,2739.72602739726,29477241.90742987
267,1,0,146916884126.621,6724368000.0,1.0,897491465.2538588,1392770.9046753815,0.0015960401290747478,376712.3287671233,3515981.735159817,100582191.78082153,938767123.2876773,871336.7800036476,103697849.81466267,0,0,9896302150.185337,6535651465.253859,688160000,68816,94726.83923811998,100865.52000000002,585.6872381199609,6724.3679999999995,49.618124376059605,200.0,32276.9664,2739.72602739726,29506779.147802476
268,1,0,149568733885.1065,6743968000.0,1.0,898508302.4767507,1391194.7130086704,0.001592336928105007,376712.3287671233,3515981.735159817,100958904.10958865,942283105.0228372,875856.8410351069,104573706.65569778,0,0,9895426293.344303,6538668302.476751,690160000,69016,94999.90723614611,101159.52000000002,584.3552361460912,6743.968,49.618264664055225,200.0,32371.046400000003,2739.72602739726,29536410.46817508
269,1,0,152268449531.73267,6763568000.0,1.0,899520614.708735,1389629.0752656083,0.0015721419178900355,376712.3287671233,3515981.735159817,101335616.43835577,945799086.757997,880381.83194285,105454088.48764063,0,0,9894545911.51236,6541680614.7087345,692160000,69216,95272.98563775556,101453.52000000002,583.0336377555427,6763.567999999999,49.6184060860296,200.0,32465.1264,2739.72602739726,29566135.868547685
270,1,0,155016895045.78043,6783168000.0,1.0,900528397.1165941,1388073.9397029919,0.0015555196555066373,376712.3287671233,3515981.735159817,101712328.7671229,949315068.4931569,884911.6560679552,106339000.14370859,0,0,9893660999.85629,6544688397.116594,694160000,69416,95546.07436913869,101747.52000000002,581.7223691386689,6783.168,49.61854857267021,200.0,32559.206400000003,2739.72602739726,29595955.34892029
271,1,0,157814950001.35675,6802768000.0,1.0,901531644.9639443,1386529.254943728,0.001538648333860181,376712.3287671233,3515981.735159817,102089041.09589002,952831050.2283168,889446.216576786,107228446.36028537,0,0,9892771553.639715,6547691644.963944,696160000,69616,95819.17335719311,102041.52000000002,580.4213571930941,6802.768,49.61869205600543,200.0,32653.2864,2739.72602739726,29625868.909292895
272,1,0,160663509848.88123,6822368000.0,1.0,902530353.6114044,1384994.969973336,0.0015093120871940903,376712.3287671233,3515981.735159817,102465753.42465714,956347031.9634767,893985.4164669234,108122431.7767523,0,0,9891877568.223248,6550690353.611404,698160000,69816,96092.28252951575,102335.52000000002,579.1305295157366,6822.3679999999995,49.6188364693786,200.0,32747.366400000003,2739.72602739726,29655876.5496655
273,1,0,163563486201.6535,6841968000.0,1.0,903524518.5167583,1383471.0341364874,0.0014842558089595047,376712.3287671233,3515981.735159817,102842465.75342426,959863013.6986365,898529.1585731029,109020960.9353254,0,0,9890979039.064674,6553684518.516758,700160000,70016,96365.40181439497,102629.52000000002,577.8498143949394,6841.968,49.61898174742262,200.0,32841.4464,2739.72602739726,29685978.270038106
274,1,0,166515807127.59332,6861568000.0,1.0,904514135.2351122,1381957.3971335855,0.0014777127810415166,376712.3287671233,3515981.735159817,103219178.08219138,963378995.4337964,903077.3455731645,109924038.28089857,0,0,9890075961.7191,6556674135.235112,702160000,70216,96638.53114080272,102923.52000000002,576.5791408027004,6861.567999999999,49.61912782603508,200.0,32935.5264,2739.72602739726,29716174.07041071
275,1,0,169521417446.24637,6881168000.0,1.0,905499199.4190452,1380454.009017383,0.0014587059022035912,376712.3287671233,3515981.735159817,103595890.4109585,966894977.1689563,907629.879994006,110831668.16089258,0,0,9889168331.839108,6559659199.419045,704160000,70416,96911.67043838702,103217.52000000002,575.3184383870058,6881.168,49.61927464235385,200.0,33029.606400000004,2739.72602739726,29746463.950783316
276,1,0,172581279031.1511,6900768000.0,1.0,906479706.8187547,1378960.8201896374,0.001439485162635367,376712.3287671233,3515981.735159817,103972602.73972562,970410958.9041162,912186.6642175459,111743854.82511012,0,0,9888256145.17489,6562639706.818754,706160000,70616,97184.81963746429,103511.52000000002,574.0676374642607,6900.768,49.619422134733284,200.0,33123.686400000006,2739.72602739726,29776847.91115592
277,1,0,175696371117.66336,6920368000.0,1.0,907455653.2821951,1377477.7813978035,0.0014353869362371127,376712.3287671233,3515981.735159817,104349315.06849274,973926940.639276,916747.600486693,112660602.42559682,0,0,9887339397.574404,6565615653.282195,708160000,70816,97457.97866901183,103805.52000000002,572.8266690118187,6920.3679999999995,49.61957024272076,200.0,33217.7664,2739.72602739726,29807325.951528523
278,1,0,178867690616.33716,6939968000.0,1.0,908427034.7552109,1376004.8437317628,0.0013936888196658536,376712.3287671233,3515981.735159817,104726027.39725986,977442922.3744359,921312.5909113194,113581915.01650813,0,0,9886418084.983492,6568587034.755211,710160000,71016,97731.14746466064,104099.52000000002,571.595464660608,6939.968,49.619718907033864,200.0,33311.8464,2739.72602739726,29837898.071901128
279,1,0,182096252431.96204,6959568000.0,1.0,909393847.2816637,1374541.9586205916,0.0013886766726439847,376712.3287671233,3515981.735159817,105102739.72602698,980958904.1095958,925881.5374742403,114507796.55398238,0,0,9885492203.446018,6571553847.281664,712160000,71216,98004.32595668787,104393.52000000002,570.3739566878513,6959.567999999999,49.619868069537894,200.0,33405.926400000004,2739.72602739726,29868564.27227373
280,1,0,185383089788.35895,6979168000.0,1.0,910356087.0035535,1373089.0778293593,0.0013632002725149155,376712.3287671233,3515981.735159817,105479452.0547941,984474885.8447556,930454.3420371986,115438250.89601958,0,0,9884561749.103981,6574516087.003553,714160000,71416,98277.51407800989,104687.52000000002,569.1620780098818,6979.168,49.62001767322394,200.0,33500.006400000006,2739.72602739726,29899324.552646335
281,1,0,188729254559.03882,6998768000.0,1.0,911313750.1611338,1371646.1534559694,0.0013548396464445494,376712.3287671233,3515981.735159817,105856164.38356122,987990867.5799155,935030.9063468516,116373281.80236644,0,0,9883626718.197634,6577473750.161134,716160000,71616,98550.71176217507,104981.52000000002,567.9597621750471,6998.768,49.62016766218734,200.0,33594.0864,2739.72602739726,29930178.91301894
282,1,0,192135817603.82944,7018368000.0,1.0,912266833.0930201,1370213.1379280302,0.0013298330593407685,376712.3287671233,3515981.735159817,106232876.71232834,991506849.3150754,939611.1320407616,117312892.9344072,0,0,9882687107.065594,6580426833.0930195,718160000,71816,98823.91894335672,105275.52000000002,566.7669433567086,7018.3679999999995,49.62031798160654,200.0,33688.1664,2739.72602739726,29961127.353391543
283,1,0,195603869111.57855,7037968000.0,1.0,913205332.2362938,1368804.972852057,0.0013025869287622942,376712.3287671233,3515981.735159817,106609589.04109547,995022831.0502353,944194.9206533903,118257087.85506059,0,0,9881742912.14494,6583375332.236294,720170000,72017,99097.13555634636,105569.52000000002,565.5835563463278,7037.968,49.62046857772255,201.0,33782.2464,2739.72602739726,29992169.873764146
284,1,0,199134518949.0425,7057666000.0,1.0,914139251.6458373,1367406.5496580803,0.0013045158292198267,376712.3287671233,3515981.735159817,106986301.36986259,998538812.7853951,948774.6543835909,119205862.50944418,0,0,9880794137.490557,6586319251.645838,722180000,72218,99371.74589513107,105864.99,564.4218951310569,7057.665999999999,49.62060561705196,201.0,33876.796800000004,2739.72602739726,30023306.94453675
285,1,0,202728897016.07272,7077364000.0,1.0,915068588.0439906,1366017.8224148182,0.0012804763059036145,376712.3287671233,3515981.735159817,107363013.6986297,1002054794.520555,953357.6657737646,120159220.17521794,0,0,9879840779.824781,6589258588.043991,724190000,72419,99646.36545180304,106160.45999999999,563.269451803049,7077.364,49.62074292110088,201.0,33971.3472,2739.72602739726,30054538.565709352
286,1,0,206388153607.21283,7097062000.0,1.0,915993338.2518247,1364638.745501886,0.001279148070270925,376712.3287671233,3515981.735159817,107739726.02739683,1005570776.2557149,957943.8560929303,121117164.03131087,0,0,9878882835.968689,6592193338.251825,726200000,72620,99920.99416396605,106455.93000000002,562.1261639660436,7097.062,49.620880438040295,201.0,34065.897600000004,2739.72602739726,30085864.737281956
287,1,0,210113459779.823,7116760000.0,1.0,916913499.1892163,1363269.2736069122,0.0012509333771670125,376712.3287671233,3515981.735159817,108116438.35616395,1009086757.9908748,962533.1265355764,122079697.15784645,0,0,9877920302.842154,6595123499.189217,728210000,72821,100195.63196980322,106751.40000000001,560.9919698031965,7116.759999999999,49.62101811704,201.0,34160.448000000004,2739.72602739726,30117285.45925456
288,1,0,213906007728.8488,7136458000.0,1.0,917829067.8749156,1361909.361722687,0.0012393222086877168,376712.3287671233,3515981.735159817,108493150.68493107,1012602739.7260346,967125.3782276581,123046822.5360741,0,0,9876953177.463926,6598049067.874916,730220000,73022,100470.27880807075,107046.87,559.8668080707587,7136.458,49.621155908249825,201.0,34254.9984,2739.72602739726,30148800.731627163
289,1,0,217767011168.3545,7156156000.0,1.0,918740041.4266101,1360558.9651443386,0.001213397363631582,376712.3287671233,3515981.735159817,108869863.01369819,1016118721.4611945,971720.5122325878,124018543.04830669,0,0,9875981456.951693,6600970041.42661,732230000,73223,100744.93461809185,107342.34000000003,558.7506180918313,7156.156,49.6212937627811,201.0,34349.548800000004,2739.72602739726,30180410.554399766
290,1,0,221697705719.94327,7175854000.0,1.0,919646417.06098,1359218.0394665427,0.0012019174098476717,376712.3287671233,3515981.735159817,109246575.34246531,1019634703.1963544,976318.429557227,124994861.47786392,0,0,9875005138.522137,6603886417.06098,734240000,73424,101019.59933975022,107637.81000000001,557.6433397502003,7175.853999999999,49.62143163268847,201.0,34444.099200000004,2739.72602739726,30212114.92757237
291,1,0,225699349308.18823,7195552000.0,1.0,920548192.0937492,1357886.5405807619,0.0011883827783620681,376712.3287671233,3515981.735159817,109623287.67123243,1023150684.9315143,980919.0311578724,125975780.50902179,0,0,9874024219.490978,6606798192.093749,736250000,73625,101294.27291348425,107933.28,556.5449134842492,7195.552,49.6215694709521,201.0,34538.649600000004,2739.72602739726,30243913.851144973
292,1,0,229773222563.20102,7215250000.0,1.0,921445363.9397299,1356564.424672515,0.001172282289104027,376712.3287671233,3515981.735159817,109999999.99999955,1026666666.6666741,985522.2179462404,126961302.72696804,0,0,9873038697.273031,6609705363.93973,738260000,73826,101568.95528028095,108228.75,555.4552802809454,7215.25,49.62170723146034,201.0,34633.2,2739.72602739726,30275807.325117577
293,1,0,233920629230.46677,7234948000.0,1.0,922337930.1128615,1355251.6482186744,0.0011585287520373523,376712.3287671233,3515981.735159817,110376712.32876667,1030182648.401834,990127.8907954455,127951430.61776347,0,0,9872048569.382236,6612607930.112862,740270000,74027,101843.64638166991,108524.22000000002,554.3743816699048,7234.947999999999,49.62184486899257,201.0,34727.750400000004,2739.72602739726,30307795.34949018
294,1,0,238142896588.07666,7254646000.0,1.0,923225888.2262425,1353948.1679847948,0.0011459855303456213,376712.3287671233,3515981.735159817,110753424.6575338,1033698630.1369939,994735.9505459733,128946166.56830944,0,0,9871053833.43169,6615505888.226242,742280000,74228,102118.34615971753,108819.69,553.3021597175272,7254.646,49.621982339202425,201.0,34822.300800000005,2739.72602739726,30339877.924262784
295,1,0,242441375871.49142,7274344000.0,1.0,924109235.9921579,1352653.9410224701,0.0011387730667597141,376712.3287671233,3515981.735159817,111130136.98630092,1037214611.8721538,999346.298011649,129945512.86632109,0,0,9870054487.133678,6618399235.992158,744290000,74429,102393.05455702121,109115.16,552.2385570212065,7274.344,49.622119598601536,201.0,34916.8512,2739.72602739726,30372055.04943539
296,1,0,246817442705.97183,7294042000.0,1.0,924987971.2220994,1351368.9246667167,0.001123033245892895,376712.3287671233,3515981.735159817,111506849.31506804,1040730593.6073136,1003958.8339856024,130949471.70030668,0,0,9869050528.299694,6621287971.222099,746300000,74630,102667.77151670364,109410.63000000002,551.1835167036126,7294.0419999999995,49.622256604543296,201.0,35011.401600000005,2739.72602739726,30404326.725007992
297,1,0,251272497546.8146,7313740000.0,1.0,925862091.8267803,1350093.0765333886,0.0011116779230577961,376712.3287671233,3515981.735159817,111883561.64383516,1044246575.3424735,1008573.4592462166,131958045.1595529,0,0,9868041954.840446,6624172091.82678,748310000,74831,102942.49698240704,109706.1,550.136982407043,7313.74,49.622393315207155,201.0,35105.952000000005,2739.72602739726,30436692.950980596
298,1,0,255807966127.53458,7333438000.0,1.0,926731595.8161443,1348826.354516617,0.0011096454881296472,376712.3287671233,3515981.735159817,112260273.97260228,1047762557.0776334,1013190.0745630799,132971235.23411599,0,0,9867028764.765884,6627051595.816145,750320000,75032,103217.23089828786,110001.57,549.0988982878457,7333.438,49.62252968958327,201.0,35200.5024,2739.72602739726,30469153.7273532
299,1,0,260425299916.13654,7353136000.0,1.0,927596481.2993685,1347568.7167862784,0.0010849329374088854,376712.3287671233,3515981.735159817,112636986.3013694,1051278538.8127933,1017808.5807029237,133989043.81481892,0,0,9866010956.18518,6629926481.299368,752330000,75233,103491.97320901092,110297.04000000001,548.0692090109095,7353.1359999999995,49.62266568745716,201.0,35295.0528,2739.72602739726,30501709.054125804
300,1,0,265125976579.62277,7372834000.0,1.0,928456746.48486,1346320.1217854908,0.001075266976885122,376712.3287671233,3515981.735159817,113013698.63013652,1054794520.5479531,1022428.8784355524,135011472.69325447,0,0,9864988527.306746,6632796746.484859,754340000,75434,103766.72385974423,110592.51000000001,547.0478597442229,7372.834,49.622801269395026,201.0,35389.603200000005,2739.72602739726,30534358.93129841
301,1,0,269911500456.88495,7392532000.0,1.0,929312389.6802472,1345080.528228135,0.001069713161952117,376712.3287671233,3515981.735159817,113390410.95890364,1058310502.283113,1027050.8685397626,136038523.56179422,0,0,9863961476.438206,6635662389.680247,756350000,75635,104041.48279615352,110887.98000000001,546.0347961535,7392.531999999999,49.62293639672915,201.0,35484.153600000005,2739.72602739726,30567103.358871013
302,1,0,274783403040.13168,7412230000.0,1.0,930163409.292365,1343849.8950964033,0.001064325544689095,376712.3287671233,3515981.735159817,113767123.28767076,1061826484.0182729,1031674.4518092568,137070198.01360348,0,0,9862929801.986397,6638523409.292365,758360000,75836,104316.24996439689,111183.45000000001,545.0299643968721,7412.23,49.62307103154361,201.0,35578.704,2739.72602739726,30599942.336843617
303,1,0,279743243465.00604,7431928000.0,1.0,931009803.8272334,1342628.1816383738,0.0010548975983650285,376712.3287671233,3515981.735159817,114143835.61643788,1065342465.7534328,1036299.5290585399,138106497.54266202,0,0,9861893502.457338,6641379803.827233,760370000,76037,104591.02531111964,111478.92,544.0333111196436,7431.928,49.62320513666027,201.0,35673.2544,2739.72602739726,30632875.86521622
304,1,0,284792609009.5494,7451626000.0,1.0,931851571.8900317,1341415.3473656112,0.001045754823047039,376712.3287671233,3515981.735159817,114520547.945205,1068858447.4885926,1040926.0011288093,139147423.54379085,0,0,9860852576.45621,6644231571.890032,762380000,76238,104865.80878344913,111774.39000000001,543.0447834491139,7451.625999999999,49.623338675625206,201.0,35767.804800000005,2739.72602739726,30665903.943988826
305,1,0,289933115602.1717,7471324000.0,1.0,932688712.1850649,1340211.352050792,0.0010344077841439045,376712.3287671233,3515981.735159817,114897260.27397212,1072374429.2237525,1045553.768893831,140192977.31268468,0,0,9859807022.687315,6647078712.185064,764390000,76439,105140.60032898949,112069.86000000002,542.0643289894603,7471.324,49.623471612695056,201.0,35862.3552,2739.72602739726,30699026.57316143
306,1,0,295166408338.79083,7491022000.0,1.0,933521223.5157262,1339016.1557253555,0.0010253793033122625,376712.3287671233,3515981.735159817,115273972.60273924,1075890410.9589124,1050182.7332658034,141243160.0459505,0,0,9858756839.95405,6649921223.515726,766400000,76640,105415.39989581669,112365.33,541.0918958166843,7491.022,49.62360391282397,201.0,35956.9056,2739.72602739726,30732243.752734035
307,1,0,300494162009.30597,7510720000.0,1.0,934349104.7844521,1337829.7186771797,0.0010180826569838079,376712.3287671233,3515981.735159817,115650684.93150637,1079406392.6940722,1054812.7952012084,142297972.8411517,0,0,9857702027.158848,6652759104.784452,768410000,76841,105690.20743247363,112660.80000000002,540.1274324736199,7510.719999999999,49.62373554165068,201.0,36051.456000000006,2739.72602739726,30765555.48270664
308,1,0,305918081633.5739,7530418000.0,1.0,935172354.9926724,1336652.0014482813,0.001017162679170738,376712.3287671233,3515981.735159817,116027397.26027349,1082922374.4292321,1059443.855706647,143357416.69685835,0,0,9856642583.303143,6655592354.992672,770420000,77042,105965.02288796501,112956.27000000002,539.1708879650012,7530.418,49.6238664654858,201.0,36146.006400000006,2739.72602739726,30798961.763079245
309,1,0,311439903007.0599,7550116000.0,1.0,935990973.2407548,1335482.9648325406,0.0010095092565697026,376712.3287671233,3515981.735159817,116404109.5890406,1086438356.164392,1064075.815844663,144421492.512703,0,0,9855578507.487297,6658420973.240755,772430000,77243,106239.8462117526,113251.74,538.2222117525904,7550.116,49.62399665129941,201.0,36240.5568,2739.72602739726,30832462.59385185
310,1,0,317061393256.3373,7569814000.0,1.0,936804958.7279423,1334322.5698734494,0.000991510683956257,376712.3287671233,3515981.735159817,116780821.91780773,1089954337.8995519,1068708.5767395503,145490201.08944255,0,0,9854509798.910557,6661244958.727942,774440000,77444,106514.67735375036,113547.20999999999,537.2813537503646,7569.813999999999,49.624126066708826,201.0,36335.1072,2739.72602739726,30866057.975024454
311,1,0,322784351404.61414,7589512000.0,1.0,937614310.7522863,1333170.777861883,0.0010023992350038488,376712.3287671233,3515981.735159817,117157534.24657485,1093470319.6347117,1073342.0395831447,146563543.1290257,0,0,9853436456.870974,6664064310.752287,776450000,77645,106789.51626431978,113842.68000000002,536.3482643197614,7589.512,49.624254679966775,201.0,36429.657600000006,2739.72602739726,30899747.90659706
312,1,0,328610608947.4674,7609210000.0,1.0,938419028.7105727,1332027.5503338967,0.0010095369689049121,376712.3287671233,3515981.735159817,117534246.57534197,1096986301.3698716,1077976.1056405986,147641519.2346663,0,0,9852358480.765333,6666879028.710573,778460000,77846,107064.36289426498,114138.15000000001,535.4228942649798,7609.21,49.6243824599495,201.0,36524.208,2739.72602739726,30933532.388569664
313,1,0,334542030438.9692,7628908000.0,1.0,939219112.0982436,1330892.8490685434,0.0009889778521934105,376712.3287671233,3515981.735159817,117910958.90410909,1100502283.1050315,1082610.6762561407,148724129.91092244,0,0,9851275870.089077,6669689112.098244,780470000,78047,107339.21719482834,114433.62,534.5051948283406,7628.907999999999,49.624509376145426,201.0,36618.7584,2739.72602739726,30967411.42094227
314,1,0,340580514088.3925,7648606000.0,1.0,940014560.5093118,1329766.636085715,0.0009879456449915075,376712.3287671233,3515981.735159817,118287671.23287621,1104018264.8401914,1087245.6528588186,149811375.56378126,0,0,9850188624.436218,6672494560.509312,782480000,78248,107614.07911768573,114729.09000000003,533.5951176856993,7648.606,49.62463539864383,201.0,36713.308800000006,2739.72602739726,31001385.003714874
315,1,0,346727992367.688,7668304000.0,1.0,940805373.6362706,1328648.8736440062,0.0009857639908606602,376712.3287671233,3515981.735159817,118664383.56164333,1107534246.5753512,1091880.9369682206,150903256.50074947,0,0,9849096743.49925,6675295373.6362705,784490000,78449,107888.94861494192,115024.56000000001,532.6926149419163,7668.304,49.62476049812374,201.0,36807.8592,2739.72602739726,31035453.13688748
316,1,0,352986432629.92474,7688002000.0,1.0,941591551.2699975,1327539.524238602,0.0009868263472015107,376712.3287671233,3515981.735159817,119041095.89041045,1111050228.310511,1096516.4302001817,151999772.93094966,0,0,9848000227.06905,6678091551.269998,786500000,78650,108163.82563912639,115320.03,531.7976391263802,7688.0019999999995,49.62488464584322,201.0,36902.4096,2739.72602739726,31069615.820460085
317,1,0,359357837738.89484,7707700000.0,1.0,942373093.2996521,1326438.5505991837,0.000983337980114993,376712.3287671233,3515981.735159817,119417808.21917757,1114566210.045671,1101152.0342724693,153100924.96522212,0,0,9846899075.034779,6680883093.299652,788510000,78851,108438.71014318858,115615.5,530.9101431885847,7707.7,49.625007813628606,201.0,36996.96,2739.72602739726,31103873.05443269
318,1,0,365844246710.08185,7727398000.0,1.0,943149999.7125688,1325345.9156878607,0.0009837117808498429,376712.3287671233,3515981.735159817,119794520.5479447,1118082191.7808309,1105787.65101045,154206712.61623257,0,0,9845793287.383768,6683669999.712568,790520000,79052,108713.60208049377,115910.97000000002,530.0300804937584,7727.397999999999,49.625129973864176,201.0,37091.51040000001,2739.72602739726,31138224.838805296
319,1,0,372447735363.1988,7747096000.0,1.0,943922270.594143,1324261.582697121,0.0009792929693185591,376712.3287671233,3515981.735159817,120171232.87671182,1121598173.5159907,1110423.1823527343,155317135.7985853,0,0,9844682864.201414,6686452270.594143,792530000,79253,108988.50140481854,116206.44,529.1574048185465,7747.096,49.62525109948185,201.0,37186.0608,2739.72602739726,31172671.1735779
320,1,0,379170416986.5045,7766794000.0,1.0,944689906.1277133,1323185.5150478042,0.0009844304917748744,376712.3287671233,3515981.735159817,120547945.20547894,1125114155.2511506,1115058.530356803,156432194.3289421,0,0,9843567805.671059,6689229906.127713,794540000,79454,109263.40807034675,116501.91,528.2920703467439,7766.794,49.62537116395125,201.0,37280.6112,2739.72602739726,31207212.058750506
321,1,0,386014443013.1109,7786492000.0,1.0,945452906.5944358,1322117.6763870947,0.0009849386840676334,376712.3287671233,3515981.735159817,120924657.53424606,1128630136.9863105,1119693.5972046123,157551887.92614672,0,0,9842448112.073853,6692002906.594436,796550000,79655,109538.3220316651,116797.38000000002,527.4340316650782,7786.491999999999,49.625490141269765,201.0,37375.16160000001,2739.72602739726,31241847.494323112
322,1,0,392982003709.4975,7806190000.0,1.0,946211272.3731546,1321058.030586536,0.0009857683433418165,376712.3287671233,3515981.735159817,121301369.86301318,1132146118.7214704,1124328.2852081736,158676216.21135488,0,0,9841323783.788645,6694771272.373155,798560000,79856,109813.24324375905,117092.85,526.5832437590436,7806.19,49.62560800595294,201.0,37469.712,2739.72602739726,31276577.480295718
323,1,0,400075328876.45386,7825888000.0,1.0,946965003.9402666,1320006.541740067,0.000980831061691286,376712.3287671233,3515981.735159817,121678082.1917803,1135662100.4566302,1128962.496815113,159805178.70817,0,0,9840194821.29183,6697535003.940267,800570000,80057,110088.17166200878,117388.32,525.7396620087832,7825.888,49.625724733025045,201.0,37564.2624,2739.72602739726,31311402.016668323
324,1,0,407296688562.6738,7845586000.0,1.0,947714101.8695794,1318963.1741620747,0.000989850078212832,376712.3287671233,3515981.735159817,122054794.52054742,1139178082.19179,1133596.13461421,160938774.8427842,0,0,9839061225.157215,6700294101.869579,802580000,80258,110363.10724218503,117683.79000000001,524.9032421850205,7845.585999999999,49.62584029800973,201.0,37658.8128,2739.72602739726,31346321.10344093
325,1,0,414648393791.23004,7865284000.0,1.0,948458566.8321656,1317927.8923854711,0.000992641283891618,376712.3287671233,3515981.735159817,122431506.84931454,1142694063.92695,1138229.1013409095,162077003.94412512,0,0,9837922996.055876,6703048566.832166,804590000,80459,110638.04994044505,117979.26000000001,524.073940445038,7865.284,49.625954676920934,201.0,37753.36320000001,2739.72602739726,31381334.740613535
326,1,0,422132797299.1617,7884982000.0,1.0,949198399.5962099,1316900.6611597873,0.0009929303314562183,376712.3287671233,3515981.735159817,122808219.17808166,1146210045.6621099,1142861.2998828094,163219865.24400792,0,0,9836780134.755993,6705798399.5962105,806600000,80660,110912.99971332871,118274.73000000001,523.2517133287042,7884.982,49.62606784625398,201.0,37847.9136,2739.72602739726,31416442.92818614
327,1,0,429752294290.4115,7904680000.0,1.0,949933601.0268518,1315881.4454492878,0.0010040419059764974,376712.3287671233,3515981.735159817,123184931.50684878,1149726027.3972697,1147492.6332851273,164367357.87729305,0,0,9835632642.122707,6708543601.026852,808610000,80861,111187.95651775456,118570.20000000001,522.4365177545455,7904.679999999999,49.626179782976756,201.0,37942.464,2739.72602739726,31451645.666158747
328,1,0,437509323202.3534,7924378000.0,1.0,950664172.0860227,1314870.210431105,0.001002716589607324,376712.3287671233,3515981.735159817,123561643.8356159,1153242009.1324296,1152123.004756138,165519480.8820492,0,0,9834480519.11795,6711284172.086023,810620000,81062,111462.92031101589,118865.67000000001,521.6283110158656,7924.378,49.626290464521134,201.0,38037.01440000001,2739.72602739726,31486942.954531353
329,1,0,445406366486.1558,7944076000.0,1.0,951390113.8322772,1313866.9214933913,0.0009965170540569765,376712.3287671233,3515981.735159817,123938356.16438302,1156757990.8675895,1156752.317672587,166676233.19972178,0,0,9833323766.800278,6714020113.832277,812630000,81263,111737.89105077692,119161.14000000001,520.8270507769098,7944.076,49.626399868774534,201.0,38131.5648,2739.72602739726,31522334.79330396
330,1,0,453445951401.2309,7963774000.0,1.0,952111427.4206191,1312871.5442334907,0.0010125652937011465,376712.3287671233,3515981.735159817,124315068.49315014,1160273972.6027493,1161380.4755850793,167837613.67530686,0,0,9832162386.324694,6716751427.420619,814640000,81464,112012.86869506909,119456.61000000002,520.0326950690738,7963.773999999999,49.626507974071686,201.0,38226.1152,2739.72602739726,31557821.182476565
331,1,0,461630650824.0231,7983472000.0,1.0,952828114.1023227,1311884.0444561294,0.0010192934689847702,376712.3287671233,3515981.735159817,124691780.82191727,1163789954.3379092,1166007.3822234392,169003621.05753028,0,0,9830996378.94247,6719478114.102323,816650000,81665,112287.85320228717,119752.08,519.2452022871566,7983.472,49.62661475918639,201.0,38320.6656,2739.72602739726,31593402.12204917
332,1,0,469963084071.39667,8003170000.0,1.0,953540175.2247477,1310904.3881716249,0.0010247115241296696,376712.3287671233,3515981.735159817,125068493.15068439,1167305936.073069,1170632.9415020433,170174253.99903232,0,0,9829825746.000967,6722200175.224748,818660000,81866,112562.84453118568,120047.55000000002,518.4645311856573,8003.17,49.62672020332368,201.0,38415.21600000001,2739.72602739726,31629077.612021774
333,1,0,478445917738.8853,8022868000.0,1.0,954247612.2311496,1309932.5415941116,0.0010239142564651086,376712.3287671233,3515981.735159817,125445205.4794515,1170821917.808229,1175257.0575251272,171349511.05655745,0,0,9828650488.943443,6724917612.23115,820670000,82067,112837.84264087513,120343.02000000002,517.6906408751147,8022.8679999999995,49.6268242861119,201.0,38509.7664,2739.72602739726,31664847.652394377
334,1,0,487081866554.07214,8042566000.0,1.0,954950426.6604846,1308968.4711397872,0.0010396913366886706,376712.3287671233,3515981.735159817,125821917.80821863,1174337899.5433888,1179879.6345920628,172529390.6911495,0,0,9827470609.308851,6727630426.660484,822680000,82268,113112.84749081849,120638.49,516.923490818489,8042.566,49.626926987595105,201.0,38604.3168,2739.72602739726,31700712.24316698
335,1,0,495873694245.3731,8062264000.0,1.0,955648620.147209,1308012.1434251757,0.0010401034965483006,376712.3287671233,3515981.735159817,126198630.13698575,1177853881.2785487,1184500.5772026079,173713891.26835212,0,0,9826286108.731647,6730338620.147209,824690000,82469,113387.85904082758,120933.95999999999,516.1630408275862,8062.263999999999,49.627028288225475,201.0,38698.8672,2739.72602739726,31736671.384339582
336,1,0,504824214426.502,8081962000.0,1.0,956342194.421074,1307063.5252654052,0.0010512924137478937,376712.3287671233,3515981.735159817,126575342.46575287,1181369863.0137086,1189119.7900621248,174903011.05841425,0,0,9825096988.941586,6733042194.421074,826700000,82670,113662.87725105954,121229.43000000002,515.4092510595231,8081.9619999999995,49.62712816885599,201.0,38793.4176,2739.72602739726,31772725.075912185
337,1,0,513936291496.9003,8101660000.0,1.0,957031151.3069143,1306122.5836725088,0.0010542042744143335,376712.3287671233,3515981.735159817,126952054.79451999,1184885844.7488685,1193737.1780867707,176096748.236501,0,0,9823903251.763498,6735741151.306914,828710000,82871,113937.90208201324,121524.90000000001,514.6620820132321,8101.66,49.627226610733075,201.0,38887.968,2739.72602739726,31808873.317884788
338,1,0,523212841558.4193,8121358000.0,1.0,957715492.7244327,1305189.2858537377,0.0010581739302029155,376712.3287671233,3515981.735159817,127328767.12328711,1188401826.4840283,1198352.6464086594,177295100.88290966,0,0,9822704899.11709,6738435492.724433,830720000,83072,114212.933494526,121820.37,513.9214945260088,8121.357999999999,49.627323595489585,201.0,38982.5184,2739.72602739726,31845116.11025739
339,1,0,532656833348.5487,8141056000.0,1.0,958395220.6879787,1304263.5992098933,0.001070663699858351,376712.3287671233,3515981.735159817,127705479.45205423,1191917808.2191882,1202966.1003809888,178498066.98329064,0,0,9821501933.01671,6741125220.687979,832730000,83273,114487.97144977012,122115.84000000003,513.1874497700966,8141.056,49.627419105137825,201.0,39077.0688,2739.72602739726,31881453.453029994
340,1,0,542271289190.4899,8160754000.0,1.0,959070337.3063227,1303345.4913336758,0.0010878410127049736,376712.3287671233,3515981.735159817,128082191.78082135,1195433789.954348,1207577.445583141,179705644.42887378,0,0,9820294355.571127,6743810337.306322,834740000,83474,114763.01590924933,122411.31000000001,512.4599092493117,8160.754,49.62751312206258,201.0,39171.6192,2739.72602739726,31917885.346202597
341,1,0,552059285960.3782,8180452000.0,1.0,959740844.782424,1302434.9300080503,0.0010982556965406236,376712.3287671233,3515981.735159817,128458904.10958847,1198949771.689508,1212186.5878257474,180917831.01669952,0,0,9819082168.983301,6746490844.782424,836750000,83675,115038.0668347957,122706.78,511.73883479570674,8180.451999999999,49.627605629014525,201.0,39266.1696,2739.72602739726,31954411.7897752
342,1,0,562023956071.9629,8200150000.0,1.0,960406745.4131953,1301531.8832046278,0.001101799229354077,376712.3287671233,3515981.735159817,128835616.4383556,1202465753.4246678,1216793.4331557262,182134624.44985524,0,0,9817865375.550144,6749166745.413195,838760000,83876,115313.12418856627,123002.25,511.0241885662721,8200.15,49.62769660910361,201.0,39360.72,2739.72602739726,31991032.783747803
343,1,0,572168488479.0618,8219848000.0,1.0,961068041.589261,1300636.3190820634,0.0011138623620126663,376712.3287671233,3515981.735159817,129212328.76712272,1205981735.1598277,1221397.8878612826,183356022.33771652,0,0,9816643977.662283,6751838041.589261,840770000,84077,115588.18793303969,123297.72000000002,510.31593303967514,8219.848,49.62778604579247,201.0,39455.2704,2739.72602739726,32027748.328120407
344,1,0,582496129696.1088,8239546000.0,1.0,961724735.7947112,1299748.2059844697,0.001118425715817994,376712.3287671233,3515981.735159817,129589041.09588984,1209497716.8949876,1225999.8584768798,184582022.1961934,0,0,9815417977.803806,6754504735.794711,842780000,84278,115863.25803101304,123593.19,509.6140310130365,8239.546,49.62787392289017,201.0,39549.8208,2739.72602739726,32064558.42289301
345,1,0,593010184837.1234,8259244000.0,1.0,962376830.6068501,1298867.5124398477,0.0011231867582171767,376712.3287671233,3515981.735159817,129965753.42465696,1213013698.6301475,1230599.2517881764,185812621.44798157,0,0,9814187378.55202,6757166830.60685,844790000,84479,116138.33444559874,123888.66,508.9184455987429,8259.243999999999,49.62796022454598,201.0,39644.3712,2739.72602739726,32101463.068065614
346,1,0,603714018673.4335,8278942000.0,1.0,963024328.6959403,1297994.2071585318,0.001154337160094334,376712.3287671233,3515981.735159817,130342465.75342408,1216529680.3653073,1235195.9748369274,187047817.42281848,0,0,9812952182.57718,6759824328.69594,846800000,84680,116413.41714022133,124184.13000000002,508.2291402212961,8278.942,49.628044935243196,201.0,39738.9216,2739.72602739726,32138462.263638217
347,1,0,614611056710.4889,8298640000.0,1.0,963667232.8249415,1297128.2590316504,0.001142530839842033,376712.3287671233,3515981.735159817,130719178.0821912,1220045662.1004672,1239789.9349258537,188287607.35774434,0,0,9811712392.642256,6762477232.824942,848810000,84881,116688.5060786142,124479.6,507.546078614198,8298.64,49.62812803979313,201.0,39833.472,2739.72602739726,32175556.00961082
348,1,0,625704786284.1132,8318338000.0,1.0,964305545.8492451,1296269.6371296032,0.0011640954514591754,376712.3287671233,3515981.735159817,131095890.41095832,1223561643.835627,1244381.0396234768,189531988.3973678,0,0,9810468011.602633,6765125545.849245,850820000,85082,116963.60122481687,124775.07,506.86922481686986,8318.338,49.62820952332927,201.0,39928.0224,2739.72602739726,32212744.305983424
349,1,0,636998757676.5414,8338036000.0,1.0,964939270.7164032,1295418.3107005514,0.0011727015031364944,376712.3287671233,3515981.735159817,131472602.73972544,1227077625.570787,1248969.1967689183,190780957.59413671,0,0,9809219042.405863,6767769270.716403,852830000,85283,117238.70254317162,125070.54000000001,506.1985431716078,8338.036,49.62828937130145,201.0,40022.5728,2739.72602739726,32250027.152756028
350,1,0,648496585252.6029,8357734000.0,1.0,965568410.4658537,1294574.2491689252,0.0011883031585616262,376712.3287671233,3515981.735159817,131849315.06849256,1230593607.3059468,1253554.3144766628,192034511.90861338,0,0,9807965488.091387,6770408410.465854,854840000,85484,117513.80999832059,125366.01000000001,505.5339983205711,8357.734,49.628367569470136,201.0,40117.1232,2739.72602739726,32287404.54992863
351,1,0,660201948616.4124,8377432000.0,1.0,966192968.2286395,1293737.4221339456,0.0011923945005996954,376712.3287671233,3515981.735159817,132226027.39725968,1234109589.0411067,1258136.3011412867,193292648.20975468,0,0,9806707351.790245,6773042968.22864,856850000,85685,117788.92355520281,125661.48000000001,504.87555520280506,8377.431999999999,49.62844410390092,201.0,40211.6736,2739.72602739726,32324876.497501235
352,1,0,672118593788.9385,8397130000.0,1.0,966812947.2271243,1292907.7993681591,0.0012159842258122012,376712.3287671233,3515981.735159817,132602739.7260268,1237625570.7762666,1262715.0654421502,194555363.27519682,0,0,9805444636.724804,6775672947.227124,858860000,85886,118064.04317905131,125956.95000000001,504.2231790512983,8397.13,49.62851896095902,201.0,40306.224,2739.72602739726,32362442.99547384
353,1,0,684250334406.8287,8416828000.0,1.0,967428350.7747034,1292085.3508159881,0.001231637460290082,376712.3287671233,3515981.735159817,132979452.05479392,1241141552.5114264,1267290.5163480535,195822653.79154488,0,0,9804177346.208456,6778298350.774704,860870000,86087,118339.16883539008,126252.42000000001,503.5768353900708,8416.828,49.628592127303854,201.0,40400.7744,2739.72602739726,32400104.043846443
354,1,0,696601052942.872,8436526000.0,1.0,968039182.2755086,1291270.0465922977,0.0012255887024417136,376712.3287671233,3515981.735159817,133356164.38356104,1244657534.2465863,1271862.5631218536,197094516.35466674,0,0,9802905483.645332,6780919182.275509,862880000,86288,118614.30049003131,126547.89000000001,502.93649003129593,8436.526,49.628663589883864,201.0,40495.3248,2739.72602739726,32437859.642619047
355,1,0,709174701948.4907,8456224000.0,1.0,968645445.2241106,1290461.8569809718,0.0012476251904484544,376712.3287671233,3515981.735159817,133732876.71232817,1248173515.9817462,1276431.1153250486,198370947.4699918,0,0,9801629052.530008,6783535445.224111,864890000,86489,118889.43810907246,126843.36000000002,502.3021090724552,8456.224,49.628733335931216,201.0,40589.8752,2739.72602739726,32475709.79179165
356,1,0,721975305318.6609,8475922000.0,1.0,969247143.2052153,1289660.7524335082,0.0012506805493929644,376712.3287671233,3515981.735159817,134109589.04109529,1251689497.716906,1280996.0828223196,199651943.55281413,0,0,9800348056.447186,6786147143.205215,866900000,86690,119164.58165889351,127138.83,501.6736588935231,8475.922,49.62880135295683,201.0,40684.4256,2739.72602739726,32513654.491364256
357,1,0,735006959579.6626,8495620000.0,1.0,969844279.8933563,1288866.703567624,0.0012690207030041183,376712.3287671233,3515981.735159817,134486301.3698624,1255205479.452066,1285557.3757860367,200937500.92860016,0,0,9799062499.0714,6788754279.893356,868910000,86891,119439.73110615421,127434.30000000002,501.05110615418465,8495.619999999999,49.62886762874533,201.0,40778.976,2739.72602739726,32551693.74133686
358,1,0,748273835200.0754,8515318000.0,1.0,970436859.0525826,1288079.6811658775,0.0012781223288912452,376712.3287671233,3515981.735159817,134863013.69862953,1258721461.1872258,1290114.9047007272,202227615.8333009,0,0,9797772384.166698,6791356859.052583,870920000,87092,119714.8864177911,127729.77000000002,500.434417791083,8515.318,49.628932151350135,201.0,40873.5264,2739.72602739726,32589827.541709464
359,1,0,761780177925.4368,8535016000.0,1.0,971024884.5361422,1287299.6561743012,0.0012919612020844096,376712.3287671233,3515981.735159817,135239726.02739665,1262237442.9223857,1294668.5803675037,203522284.4136684,0,0,9796477715.586332,6793954884.536142,872930000,87293,119990.0475610151,128025.24,499.8235610150981,8535.016,49.62899490908868,201.0,40968.0768,2739.72602739726,32628055.89248207
360,1,0,775530310136.9908,8554714000.0,1.0,971608360.2861608,1286526.5997010493,0.0012949432116638518,376712.3287671233,3515981.735159817,135616438.35616377,1265753424.6575456,1299218.3139084545,204821502.72757685,0,0,9795178497.272423,6796548360.286161,874940000,87494,120265.21450330867,128320.71000000002,499.21850330865556,8554.714,49.629055890537714,201.0,41062.6272,2739.72602739726,32666378.793654673
361,1,0,789528632234.9635,8574412000.0,1.0,972187290.3333169,1285760.4830150588,0.0013199258273462544,376712.3287671233,3515981.735159817,135993150.6849309,1269269406.3927054,1303764.0167709936,206125266.74434784,0,0,9793874733.255651,6799137290.333317,876950000,87695,120540.38721242308,128616.18000000002,498.6192124230648,8574.412,49.62911508452859,201.0,41157.1776,2739.72602739726,32704796.245227277
362,1,0,803779624046.8046,8594110000.0,1.0,972761678.7965118,1285001.2775447227,0.0013452883832954007,376712.3287671233,3515981.735159817,136369863.013698,1272785388.1278653,1308305.600732172,207433572.34508002,0,0,9792566427.65492,6801721678.796512,878960000,87896,120815.5656563759,128911.65000000001,498.0256563758867,8594.109999999999,49.62917248014278,201.0,41251.728,2739.72602739726,32743308.24719988
363,1,0,818287846260.8494,8613808000.0,1.0,973331529.8825359,1284248.9548765775,0.001337291726506576,376712.3287671233,3515981.735159817,136746575.34246513,1276301369.8630252,1312842.9779029484,208746415.32298297,0,0,9791253584.677017,6804301529.882536,880970000,88097,121090.74980344831,129207.12,497.43780344833044,8613.807999999999,49.62922806670734,201.0,41346.2784,2739.72602739726,32781914.799572486
364,1,0,833057941885.8577,8633506000.0,1.0,973896847.8857306,1283503.4867540023,0.001370931139124846,376712.3287671233,3515981.735159817,137123287.67123225,1279817351.598185,1317376.06073242,210063791.3837154,0,0,9789936208.616285,6806876847.885731,882980000,88298,121365.9396221827,129502.59000000003,496.85562218267904,8633.506,49.62928183379069,201.0,41440.8288,2739.72602739726,32820615.90234509
365,1,0,848094637736.8973,8653204000.0,1.0,974457637.1876457,1282764.8450759305,0.0013725255408542308,376712.3287671233,3515981.735159817,137499999.99999937,1283333333.333345,1321904.7620120116,211385696.1457274,0,0,9788614303.854273,6809447637.187646,884990000,88499,121641.13508137976,129798.06000000001,496.27908137974305,8653.204,49.629333771198034,201.0,41535.3792,2739.72602739726,32859411.555517696
