node_amount,node_network_revenue,node_incentive_revenue,node_profit,node_expenditures,node_apr,node_change_amount,network_resource_demand,network_resource_provision,network_resource_provision_max,network_resource_demand_supply_ratio,network_revenue,buyback_and_burn_revenue,foundation_revenue,foundation_expenditures,foundation_cash_reserves,token_circulating_supply,token_total_supply,token_burned_supply,token_burned_supply_cum,token_minted_supply,token_minted_supply_cum,token_staked_supply,token_incentives_vested,token_incentives_vested_cum,token_seller_vested,token_seller_vested_cum,emission_cap_utilization,dex_tokens,dex_usdc,dex_token_price,node_apr_error_cum,step_cost_data,simulation,subset,run,substep,timestep
5000,0.0,0.0,0.0,0.0,0.0,0.0,0.0,0.0,0,0.0,0.0,0.0,0.0,0.0,25000000.0,0.05,10000000000.0,0.0,0.0,0,0,50000000,0.0,0.0,0.0,0.0,0,500000000.0,2500000.0,0.005,0.0,{},0,0,1,0,0
5000,0.0,0.0,0.0,0.0,0.0,0.0,400000000.0,0.0,0,0.0,0.0,0.0,0.0,0.0,25000000.0,0.05,10000000000.0,0.0,0.0,0,0,50000000,0.0,0.0,0.0,0.0,0,500000000.0,2500000.0,0.005,0.0,{},0,0,1,1,1
5000,0.0,0.0,0.0,0.0,0.0,0.0,400000000.0,0.0,0,0.0,0.0,0.0,0.0,0.0,25000000.0,0.05,10000000000.0,0.0,0.0,0,0,50000000,6849315.068493151,6849315.068493151,3150684.9315068494,3150684.9315068494,0,500000000.0,2500000.0,0.005,0.0,{},0,0,1,2,1
5000,0.0,0.0,0.0,0.0,0.0,0.0,400000000.0,490000000.0,0,0.8163265306122449,0.0,0.0,0.0,0.0,25000000.0,0.05,10000000000.0,0.0,0.0,0,0,50000000,6849315.068493151,6849315.068493151,3150684.9315068494,3150684.9315068494,0,500000000.0,2500000.0,0.005,0.0,{},0,0,1,3,1
5000,6000.000000000001,0.0,0.0,0.0,0.0,0.0,400000000.0,490000000.0,0,0.8163265306122449,8000.000000000001,80.00000000000001,1920.0000000000002,0.0,25000000.0,0.05,10000000000.0,0.0,0.0,0,0,50000000,6849315.068493151,6849315.068493151,3150684.9315068494,3150684.9315068494,0,500000000.0,2500000.0,0.005,0.0,{},0,0,1,4,1
5000,6000.000000000001,33783.78378378379,39293.78378378379,490.0,273.3612620734063,0.0,400000000.0,490000000.0,0,0.8163265306122449,8000.000000000001,80.00000000000001,1920.0000000000002,0.0,25000000.0,0.05,10000000000.0,0.0,0.0,0,0,50000000,6849315.068493151,6849315.068493151,3150684.9315068494,3150684.9315068494,0,506849315.0684931,2466216.2162162163,0.004932432432432432,0.0,{},0,0,1,5,1
5000,6000.000000000001,33783.78378378379,39293.78378378379,490.0,273.3612620734063,0.0,400000000.0,490000000.0,0,0.8163265306122449,8000.000000000001,80.00000000000001,1920.0000000000002,2739.72602739726,24999180.273972604,0.05,10000000000.0,0.0,0.0,0,0,50000000,6849315.068493151,6849315.068493151,3150684.9315068494,3150684.9315068494,0,506849315.0684931,2466216.2162162163,0.004932432432432432,0.0,{},0,0,1,6,1
5000,6000.000000000001,33783.78378378379,39293.78378378379,490.0,273.3612620734063,0.0,400000000.0,490000000.0,0,0.8163265306122449,8000.000000000001,80.00000000000001,1920.0000000000002,2739.72602739726,24999180.273972604,0.05,10000000000.0,0.0,0.0,0,0,50000000,6849315.068493151,6849315.068493151,3150684.9315068494,3150684.9315068494,0,510000000.0,2450980.3921568627,0.0048357180710121885,0.0,{},0,0,1,7,1
5000,6000.000000000001,33783.78378378379,39293.78378378379,490.0,273.3612620734063,0.0,400000000.0,490000000.0,0,0.8163265306122449,8000.000000000001,80.00000000000001,1920.0000000000002,2739.72602739726,24999180.273972604,0.05,10000000000.0,16645.856679237993,16645.856679237993,0,0,50000000,6849315.068493151,6849315.068493151,3150684.9315068494,3150684.9315068494,0,509983354.14332074,2451060.3921568627,0.0048060007689350245,0.0,{},0,0,1,8,1
5000,6000.000000000001,33783.78378378379,39293.78378378379,490.0,273.3612620734063,0.0,400000000.0,490000000.0,0,0.8163265306122449,8000.000000000001,80.00000000000001,1920.0000000000002,2739.72602739726,24999180.273972604,0.05,10000000000.0,16645.856679237993,16645.856679237993,0,0,50000000,6849315.068493151,6849315.068493151,3150684.9315068494,3150684.9315068494,0,509983354.14332074,2451060.3921568627,0.0048060007689350245,0.0,{},0,0,1,9,1
5000,6000.000000000001,33783.78378378379,39293.78378378379,490.0,273.3612620734063,0.0,400000000.0,490000000.0,0,0.8163265306122449,8000.000000000001,80.00000000000001,1920.0000000000002,2739.72602739726,24999180.273972604,1559983354.1433208,9999983354.14332,16645.856679237993,16645.856679237993,0,0,50000000,6849315.068493151,6849315.068493151,3150684.9315068494,3150684.9315068494,0,509983354.14332074,2451060.3921568627,0.0048060007689350245,0.0,{},0,0,1,10,1
5000,6000.000000000001,33783.78378378379,39293.78378378379,490.0,273.3612620734063,0.0,400000000.0,490000000.0,0,0.8163265306122449,8000.000000000001,80.00000000000001,1920.0000000000002,2739.72602739726,24999180.273972604,1559983354.1433208,9999983354.14332,16645.856679237993,16645.856679237993,0,0,50000000,6849315.068493151,6849315.068493151,3150684.9315068494,3150684.9315068494,0,509983354.14332074,2451060.3921568627,0.0048060007689350245,0.0,"{'total_cost': 44.800753513929166, 'price_stability_cost': 1.0, 'utilization_efficiency_cost': 0.0015694152811184462, 'foundation_sustainability_cost': 0.0, 'node_profitability_cost': 296.66907440072595, 'decentralization_cost': 0.0}",0,0,1,11,1
5000,6000.000000000001,33783.78378378379,39293.78378378379,490.0,273.3612620734063,0.0,400080000.0,490000000.0,0,0.8163265306122449,8000.000000000001,80.00000000000001,1920.0000000000002,2739.72602739726,24999180.273972604,1559983354.1433208,9999983354.14332,16645.856679237993,16645.856679237993,0,0,50000000,6849315.068493151,6849315.068493151,3150684.9315068494,3150684.9315068494,0,509983354.14332074,2451060.3921568627,0.0048060007689350245,0.0,"{'total_cost': 44.800753513929166, 'price_stability_cost': 1.0, 'utilization_efficiency_cost': 0.0015694152811184462, 'foundation_sustainability_cost': 0.0, 'node_profitability_cost': 296.66907440072595, 'decentralization_cost': 0.0}",0,0,1,1,2
5000,6000.000000000001,33783.78378378379,39293.78378378379,490.0,273.3612620734063,0.0,400080000.0,490000000.0,0,0.8163265306122449,8000.000000000001,80.00000000000001,1920.0000000000002,2739.72602739726,24999180.273972604,1559983354.1433208,9999983354.14332,16645.856679237993,16645.856679237993,0,0,50000000,6849315.068493151,13698630.136986302,3150684.9315068494,6301369.863013699,0,509983354.14332074,2451060.3921568627,0.0048060007689350245,0.0,"{'total_cost': 44.800753513929166, 'price_stability_cost': 1.0, 'utilization_efficiency_cost': 0.0015694152811184462, 'foundation_sustainability_cost': 0.0, 'node_profitability_cost': 296.66907440072595, 'decentralization_cost': 0.0}",0,0,1,2,2
5000,6000.000000000001,33783.78378378379,39293.78378378379,490.0,273.3612620734063,0.0,400080000.0,490000000.0,0,0.8164897959183673,8000.000000000001,80.00000000000001,1920.0000000000002,2739.72602739726,24999180.273972604,1559983354.1433208,9999983354.14332,16645.856679237993,16645.856679237993,0,0,50000000,6849315.068493151,13698630.136986302,3150684.9315068494,6301369.863013699,0,509983354.14332074,2451060.3921568627,0.0048060007689350245,0.0,"{'total_cost': 44.800753513929166, 'price_stability_cost': 1.0, 'utilization_efficiency_cost': 0.0015694152811184462, 'foundation_sustainability_cost': 0.0, 'node_profitability_cost': 296.66907440072595, 'decentralization_cost': 0.0}",0,0,1,3,2
5000,6001.200000000001,33783.78378378379,39293.78378378379,490.0,273.3612620734063,0.0,400080000.0,490000000.0,0,0.8164897959183673,8001.6,80.016,1920.384,2739.72602739726,24999180.273972604,1559983354.1433208,9999983354.14332,16645.856679237993,16645.856679237993,0,0,50000000,6849315.068493151,13698630.136986302,3150684.9315068494,6301369.863013699,0,509983354.14332074,2451060.3921568627,0.0048060007689350245,0.0,"{'total_cost': 44.800753513929166, 'price_stability_cost': 1.0, 'utilization_efficiency_cost': 0.0015694152811184462, 'foundation_sustainability_cost': 0.0, 'node_profitability_cost': 296.66907440072595, 'decentralization_cost': 0.0}",0,0,1,4,2
5000,6001.200000000001,32482.630990392096,37993.830990392096,490.0,264.79706062665514,0.0,400080000.0,490000000.0,0,0.8164897959183673,8001.6,80.016,1920.384,2739.72602739726,24999180.273972604,1559983354.1433208,9999983354.14332,16645.856679237993,16645.856679237993,0,0,50000000,6849315.068493151,13698630.136986302,3150684.9315068494,6301369.863013699,0,516832669.21181387,2418577.7611664706,0.004742464124597246,0.0,"{'total_cost': 44.800753513929166, 'price_stability_cost': 1.0, 'utilization_efficiency_cost': 0.0015694152811184462, 'foundation_sustainability_cost': 0.0, 'node_profitability_cost': 296.66907440072595, 'decentralization_cost': 0.0}",0,0,1,5,2
5000,6001.200000000001,32482.630990392096,37993.830990392096,490.0,264.79706062665514,0.0,400080000.0,490000000.0,0,0.8164897959183673,8001.6,80.016,1920.384,2739.72602739726,24998360.93194521,1559983354.1433208,9999983354.14332,16645.856679237993,16645.856679237993,0,0,50000000,6849315.068493151,13698630.136986302,3150684.9315068494,6301369.863013699,0,516832669.21181387,2418577.7611664706,0.004742464124597246,0.0,"{'total_cost': 44.800753513929166, 'price_stability_cost': 1.0, 'utilization_efficiency_cost': 0.0015694152811184462, 'foundation_sustainability_cost': 0.0, 'node_profitability_cost': 296.66907440072595, 'decentralization_cost': 0.0}",0,0,1,6,2
5000,6001.200000000001,32482.630990392096,37993.830990392096,490.0,264.79706062665514,0.0,400080000.0,490000000.0,0,0.8164897959183673,8001.6,80.016,1920.384,2739.72602739726,24998360.93194521,1559983354.1433208,9999983354.14332,16645.856679237993,16645.856679237993,0,0,50000000,6849315.068493151,13698630.136986302,3150684.9315068494,6301369.863013699,0,519983354.14332074,2403923.106460573,0.004651259971871808,0.0,"{'total_cost': 44.800753513929166, 'price_stability_cost': 1.0, 'utilization_efficiency_cost': 0.0015694152811184462, 'foundation_sustainability_cost': 0.0, 'node_profitability_cost': 296.66907440072595, 'decentralization_cost': 0.0}",0,0,1,7,2
5000,6001.200000000001,32482.630990392096,37993.830990392096,490.0,264.79706062665514,0.0,400080000.0,490000000.0,0,0.8164897959183673,8001.6,80.016,1920.384,2739.72602739726,24998360.93194521,1559983354.1433208,9999983354.14332,17307.376881668064,33953.233560906054,0,0,50000000,6849315.068493151,13698630.136986302,3150684.9315068494,6301369.863013699,0,519966046.7664391,2404003.122460573,0.0046232309232690704,0.0,"{'total_cost': 44.800753513929166, 'price_stability_cost': 1.0, 'utilization_efficiency_cost': 0.0015694152811184462, 'foundation_sustainability_cost': 0.0, 'node_profitability_cost': 296.66907440072595, 'decentralization_cost': 0.0}",0,0,1,8,2
5250,6001.200000000001,32482.630990392096,37993.830990392096,490.0,264.79706062665514,250.0,400080000.0,490000000.0,0,0.8164897959183673,8001.6,80.016,1920.384,2739.72602739726,24998360.93194521,1559983354.1433208,9999983354.14332,17307.376881668064,33953.233560906054,0,0,52500000,6849315.068493151,13698630.136986302,3150684.9315068494,6301369.863013699,0,517466046.7664391,2415617.4261307498,0.004645721468070797,0.0002403901185550194,"{'total_cost': 44.800753513929166, 'price_stability_cost': 1.0, 'utilization_efficiency_cost': 0.0015694152811184462, 'foundation_sustainability_cost': 0.0, 'node_profitability_cost': 296.66907440072595, 'decentralization_cost': 0.0}",0,0,1,9,2
5250,6001.200000000001,32482.630990392096,37993.830990392096,490.0,264.79706062665514,250.0,400080000.0,490000000.0,0,0.8164897959183673,8001.6,80.016,1920.384,2739.72602739726,24998360.93194521,1569966046.766439,9999966046.76644,17307.376881668064,33953.233560906054,0,0,52500000,6849315.068493151,13698630.136986302,3150684.9315068494,6301369.863013699,0,517466046.7664391,2415617.4261307498,0.004645721468070797,0.0002403901185550194,"{'total_cost': 44.800753513929166, 'price_stability_cost': 1.0, 'utilization_efficiency_cost': 0.0015694152811184462, 'foundation_sustainability_cost': 0.0, 'node_profitability_cost': 296.66907440072595, 'decentralization_cost': 0.0}",0,0,1,10,2
5250,6001.200000000001,32482.630990392096,37993.830990392096,490.0,264.79706062665514,250.0,400080000.0,490000000.0,0,0.8164897959183673,8001.6,80.016,1920.384,2739.72602739726,24998360.93194521,1569966046.766439,9999966046.76644,17307.376881668064,33953.233560906054,0,0,52500000,6849315.068493151,13698630.136986302,3150684.9315068494,6301369.863013699,0,517466046.7664391,2415617.4261307498,0.004645721468070797,0.0002403901185550194,"{'total_cost': 1590.6243935446503, 'price_stability_cost': 5163.416524403684, 'utilization_efficiency_cost': 0.0015542336022043852, 'foundation_sustainability_cost': 0.0, 'node_profitability_cost': 277.326984434297, 'decentralization_cost': 0.0}",0,0,1,11,2
5250,6001.200000000001,32482.630990392096,37993.830990392096,490.0,264.79706062665514,250.0,400160016.0,490000000.0,0,0.8164897959183673,8001.6,80.016,1920.384,2739.72602739726,24998360.93194521,1569966046.766439,9999966046.76644,17307.376881668064,33953.233560906054,0,0,52500000,6849315.068493151,13698630.136986302,3150684.9315068494,6301369.863013699,0,517466046.7664391,2415617.4261307498,0.004645721468070797,0.0002403901185550194,"{'total_cost': 1590.6243935446503, 'price_stability_cost': 5163.416524403684, 'utilization_efficiency_cost': 0.0015542336022043852, 'foundation_sustainability_cost': 0.0, 'node_profitability_cost': 277.326984434297, 'decentralization_cost': 0.0}",0,0,1,1,3
5250,6001.200000000001,32482.630990392096,37993.830990392096,490.0,264.79706062665514,250.0,400160016.0,490000000.0,0,0.8164897959183673,8001.6,80.016,1920.384,2739.72602739726,24998360.93194521,1569966046.766439,9999966046.76644,17307.376881668064,33953.233560906054,0,0,52500000,6849315.068493151,20547945.205479454,3150684.9315068494,9452054.794520548,0,517466046.7664391,2415617.4261307498,0.004645721468070797,0.0002403901185550194,"{'total_cost': 1590.6243935446503, 'price_stability_cost': 5163.416524403684, 'utilization_efficiency_cost': 0.0015542336022043852, 'foundation_sustainability_cost': 0.0, 'node_profitability_cost': 277.326984434297, 'decentralization_cost': 0.0}",0,0,1,2,3
5250,6001.200000000001,32482.630990392096,37993.830990392096,490.0,264.79706062665514,250.0,400160016.0,514500000.0,0,0.7777648513119534,8001.6,80.016,1920.384,2739.72602739726,24998360.93194521,1569966046.766439,9999966046.76644,17307.376881668064,33953.233560906054,0,0,52500000,6849315.068493151,20547945.205479454,3150684.9315068494,9452054.794520548,0,517466046.7664391,2415617.4261307498,0.004645721468070797,0.0002403901185550194,"{'total_cost': 1590.6243935446503, 'price_stability_cost': 5163.416524403684, 'utilization_efficiency_cost': 0.0015542336022043852, 'foundation_sustainability_cost': 0.0, 'node_profitability_cost': 277.326984434297, 'decentralization_cost': 0.0}",0,0,1,3,3
5250,6002.400240000001,32482.630990392096,37993.830990392096,490.0,264.79706062665514,250.0,400160016.0,514500000.0,0,0.7777648513119534,8003.200320000001,80.0320032,1920.7680768,2739.72602739726,24998360.93194521,1569966046.766439,9999966046.76644,17307.376881668064,33953.233560906054,0,0,52500000,6849315.068493151,20547945.205479454,3150684.9315068494,9452054.794520548,0,517466046.7664391,2415617.4261307498,0.004645721468070797,0.0002403901185550194,"{'total_cost': 1590.6243935446503, 'price_stability_cost': 5163.416524403684, 'utilization_efficiency_cost': 0.0015542336022043852, 'foundation_sustainability_cost': 0.0, 'node_profitability_cost': 277.326984434297, 'decentralization_cost': 0.0}",0,0,1,4,3
5250,6002.400240000001,31556.05584129514,37043.95608129514,514.5,246.20077172153538,250.0,400160016.0,514500000.0,0,0.7777648513119534,8003.200320000001,80.0320032,1920.7680768,2739.72602739726,24998360.93194521,1569966046.766439,9999966046.76644,17307.376881668064,33953.233560906054,0,0,52500000,6849315.068493151,20547945.205479454,3150684.9315068494,9452054.794520548,0,524315361.8349322,2384061.3702894547,0.00460718415282909,0.0002403901185550194,"{'total_cost': 1590.6243935446503, 'price_stability_cost': 5163.416524403684, 'utilization_efficiency_cost': 0.0015542336022043852, 'foundation_sustainability_cost': 0.0, 'node_profitability_cost': 277.326984434297, 'decentralization_cost': 0.0}",0,0,1,5,3
5250,6002.400240000001,31556.05584129514,37043.95608129514,514.5,246.20077172153538,250.0,400160016.0,514500000.0,0,0.7777648513119534,8003.200320000001,80.0320032,1920.7680768,2739.72602739726,24997541.973994613,1569966046.766439,9999966046.76644,17307.376881668064,33953.233560906054,0,0,52500000,6849315.068493151,20547945.205479454,3150684.9315068494,9452054.794520548,0,524315361.8349322,2384061.3702894547,0.00460718415282909,0.0002403901185550194,"{'total_cost': 1590.6243935446503, 'price_stability_cost': 5163.416524403684, 'utilization_efficiency_cost': 0.0015542336022043852, 'foundation_sustainability_cost': 0.0, 'node_profitability_cost': 277.326984434297, 'decentralization_cost': 0.0}",0,0,1,6,3
5250,6002.400240000001,31556.05584129514,37043.95608129514,514.5,246.20077172153538,250.0,400160016.0,514500000.0,0,0.7777648513119534,8003.200320000001,80.0320032,1920.7680768,2739.72602739726,24997541.973994613,1569966046.766439,9999966046.76644,17307.376881668064,33953.233560906054,0,0,52500000,6849315.068493151,20547945.205479454,3150684.9315068494,9452054.794520548,0,527466046.7664391,2369820.78308729,0.004519838546774011,0.0002403901185550194,"{'total_cost': 1590.6243935446503, 'price_stability_cost': 5163.416524403684, 'utilization_efficiency_cost': 0.0015542336022043852, 'foundation_sustainability_cost': 0.0, 'node_profitability_cost': 277.326984434297, 'decentralization_cost': 0.0}",0,0,1,7,3
5250,6002.400240000001,31556.05584129514,37043.95608129514,514.5,246.20077172153538,250.0,400160016.0,514500000.0,0,0.7777648513119534,8003.200320000001,80.0320032,1920.7680768,2739.72602739726,24997541.973994613,1569966046.766439,9999966046.76644,17812.629150511995,51765.86271141805,0,0,52500000,6849315.068493151,20547945.205479454,3150684.9315068494,9452054.794520548,0,527448234.1372886,2369900.81509049,0.004492992164365563,0.0002403901185550194,"{'total_cost': 1590.6243935446503, 'price_stability_cost': 5163.416524403684, 'utilization_efficiency_cost': 0.0015542336022043852, 'foundation_sustainability_cost': 0.0, 'node_profitability_cost': 277.326984434297, 'decentralization_cost': 0.0}",0,0,1,8,3
5512,6002.400240000001,31556.05584129514,37043.95608129514,514.5,246.20077172153538,262.0,400160016.0,514500000.0,0,0.7777648513119534,8003.200320000001,80.0320032,1920.7680768,2739.72602739726,24997541.973994613,1569966046.766439,9999966046.76644,17812.629150511995,51765.86271141805,0,0,55120000,6849315.068493151,20547945.205479454,3150684.9315068494,9452054.794520548,0,524828234.1372886,2381731.619402578,0.004515574164919171,0.0005210062933722798,"{'total_cost': 1590.6243935446503, 'price_stability_cost': 5163.416524403684, 'utilization_efficiency_cost': 0.0015542336022043852, 'foundation_sustainability_cost': 0.0, 'node_profitability_cost': 277.326984434297, 'decentralization_cost': 0.0}",0,0,1,9,3
5512,6002.400240000001,31556.05584129514,37043.95608129514,514.5,246.20077172153538,262.0,400160016.0,514500000.0,0,0.7777648513119534,8003.200320000001,80.0320032,1920.7680768,2739.72602739726,24997541.973994613,1579948234.1372886,9999948234.13729,17812.629150511995,51765.86271141805,0,0,55120000,6849315.068493151,20547945.205479454,3150684.9315068494,9452054.794520548,0,524828234.1372886,2381731.619402578,0.004515574164919171,0.0005210062933722798,"{'total_cost': 1590.6243935446503, 'price_stability_cost': 5163.416524403684, 'utilization_efficiency_cost': 0.0015542336022043852, 'foundation_sustainability_cost': 0.0, 'node_profitability_cost': 277.326984434297, 'decentralization_cost': 0.0}",0,0,1,10,3
5512,6002.400240000001,31556.05584129514,37043.95608129514,514.5,246.20077172153538,262.0,400160016.0,514500000.0,0,0.7777648513119534,8003.200320000001,80.0320032,1920.7680768,2739.72602739726,24997541.973994613,1579948234.1372886,9999948234.13729,17812.629150511995,51765.86271141805,0,0,55120000,6849315.068493151,20547945.205479454,3150684.9315068494,9452054.794520548,0,524828234.1372886,2381731.619402578,0.004515574164919171,0.0005210062933722798,"{'total_cost': 1167.7440220673943, 'price_stability_cost': 3773.687839989316, 'utilization_efficiency_cost': 0.007222030042884705, 'foundation_sustainability_cost': 0.0, 'node_profitability_cost': 237.5724304205934, 'decentralization_cost': 0.0}",0,0,1,11,3
5512,6002.400240000001,31556.05584129514,37043.95608129514,514.5,246.20077172153538,262.0,400240048.0032,514500000.0,0,0.7777648513119534,8003.200320000001,80.0320032,1920.7680768,2739.72602739726,24997541.973994613,1579948234.1372886,9999948234.13729,17812.629150511995,51765.86271141805,0,0,55120000,6849315.068493151,20547945.205479454,3150684.9315068494,9452054.794520548,0,524828234.1372886,2381731.619402578,0.004515574164919171,0.0005210062933722798,"{'total_cost': 1167.7440220673943, 'price_stability_cost': 3773.687839989316, 'utilization_efficiency_cost': 0.007222030042884705, 'foundation_sustainability_cost': 0.0, 'node_profitability_cost': 237.5724304205934, 'decentralization_cost': 0.0}",0,0,1,1,4
5512,6002.400240000001,31556.05584129514,37043.95608129514,514.5,246.20077172153538,262.0,400240048.0032,514500000.0,0,0.7777648513119534,8003.200320000001,80.0320032,1920.7680768,2739.72602739726,24997541.973994613,1579948234.1372886,9999948234.13729,17812.629150511995,51765.86271141805,0,0,55120000,6849315.068493151,27397260.273972604,3150684.9315068494,12602739.726027397,0,524828234.1372886,2381731.619402578,0.004515574164919171,0.0005210062933722798,"{'total_cost': 1167.7440220673943, 'price_stability_cost': 3773.687839989316, 'utilization_efficiency_cost': 0.007222030042884705, 'foundation_sustainability_cost': 0.0, 'node_profitability_cost': 237.5724304205934, 'decentralization_cost': 0.0}",0,0,1,2,4
5512,6002.400240000001,31556.05584129514,37043.95608129514,514.5,246.20077172153538,262.0,400240048.0032,540176000.0,0,0.7409437812920233,8003.200320000001,80.0320032,1920.7680768,2739.72602739726,24997541.973994613,1579948234.1372886,9999948234.13729,17812.629150511995,51765.86271141805,0,0,55120000,6849315.068493151,27397260.273972604,3150684.9315068494,12602739.726027397,0,524828234.1372886,2381731.619402578,0.004515574164919171,0.0005210062933722798,"{'total_cost': 1167.7440220673943, 'price_stability_cost': 3773.687839989316, 'utilization_efficiency_cost': 0.007222030042884705, 'foundation_sustainability_cost': 0.0, 'node_profitability_cost': 237.5724304205934, 'decentralization_cost': 0.0}",0,0,1,3,4
5512,6003.600720048001,31556.05584129514,37043.95608129514,514.5,246.20077172153538,262.0,400240048.0032,540176000.0,0,0.7409437812920233,8004.800960064001,80.04800960064001,1921.15223041536,2739.72602739726,24997541.973994613,1579948234.1372886,9999948234.13729,17812.629150511995,51765.86271141805,0,0,55120000,6849315.068493151,27397260.273972604,3150684.9315068494,12602739.726027397,0,524828234.1372886,2381731.619402578,0.004515574164919171,0.0005210062933722798,"{'total_cost': 1167.7440220673943, 'price_stability_cost': 3773.687839989316, 'utilization_efficiency_cost': 0.007222030042884705, 'foundation_sustainability_cost': 0.0, 'node_profitability_cost': 237.5724304205934, 'decentralization_cost': 0.0}",0,0,1,4,4
5512,6003.600720048001,30682.563697205813,36145.988417253815,540.1759999999999,229.09311304189055,262.0,400240048.0032,540176000.0,0,0.7409437812920233,8004.800960064001,80.04800960064001,1921.15223041536,2739.72602739726,24997541.973994613,1579948234.1372886,9999948234.13729,17812.629150511995,51765.86271141805,0,0,55120000,6849315.068493151,27397260.273972604,3150684.9315068494,12602739.726027397,0,531677549.2057817,2351049.0557053722,0.004479654299792048,0.0005210062933722798,"{'total_cost': 1167.7440220673943, 'price_stability_cost': 3773.687839989316, 'utilization_efficiency_cost': 0.007222030042884705, 'foundation_sustainability_cost': 0.0, 'node_profitability_cost': 237.5724304205934, 'decentralization_cost': 0.0}",0,0,1,5,4
5512,6003.600720048001,30682.563697205813,36145.988417253815,540.1759999999999,229.09311304189055,262.0,400240048.0032,540176000.0,0,0.7409437812920233,8004.800960064001,80.04800960064001,1921.15223041536,2739.72602739726,24996723.400197633,1579948234.1372886,9999948234.13729,17812.629150511995,51765.86271141805,0,0,55120000,6849315.068493151,27397260.273972604,3150684.9315068494,12602739.726027397,0,531677549.2057817,2351049.0557053722,0.004479654299792048,0.0005210062933722798,"{'total_cost': 1167.7440220673943, 'price_stability_cost': 3773.687839989316, 'utilization_efficiency_cost': 0.007222030042884705, 'foundation_sustainability_cost': 0.0, 'node_profitability_cost': 237.5724304205934, 'decentralization_cost': 0.0}",0,0,1,6,4
5512,6003.600720048001,30682.563697205813,36145.988417253815,540.1759999999999,229.09311304189055,262.0,400240048.0032,540176000.0,0,0.7409437812920233,8004.800960064001,80.04800960064001,1921.15223041536,2739.72602739726,24996723.400197633,1579948234.1372886,9999948234.13729,17812.629150511995,51765.86271141805,0,0,55120000,6849315.068493151,27397260.273972604,3150684.9315068494,12602739.726027397,0,534828234.1372886,2337198.9738281635,0.004395895552331416,0.0005210062933722798,"{'total_cost': 1167.7440220673943, 'price_stability_cost': 3773.687839989316, 'utilization_efficiency_cost': 0.007222030042884705, 'foundation_sustainability_cost': 0.0, 'node_profitability_cost': 237.5724304205934, 'decentralization_cost': 0.0}",0,0,1,7,4
5512,6003.600720048001,30682.563697205813,36145.988417253815,540.1759999999999,229.09311304189055,262.0,400240048.0032,540176000.0,0,0.7409437812920233,8004.800960064001,80.04800960064001,1921.15223041536,2739.72602739726,24996723.400197633,1579948234.1372886,9999948234.13729,18316.99819358867,70082.86090500672,0,0,55120000,6849315.068493151,27397260.273972604,3150684.9315068494,12602739.726027397,0,534809917.139095,2337279.021837764,0.004370148905111454,0.0005210062933722798,"{'total_cost': 1167.7440220673943, 'price_stability_cost': 3773.687839989316, 'utilization_efficiency_cost': 0.007222030042884705, 'foundation_sustainability_cost': 0.0, 'node_profitability_cost': 237.5724304205934, 'decentralization_cost': 0.0}",0,0,1,8,4
5787,6003.600720048001,30682.563697205813,36145.988417253815,540.1759999999999,229.09311304189055,275.0,400240048.0032,540176000.0,0,0.7409437812920233,8004.800960064001,80.04800960064001,1921.15223041536,2739.72602739726,24996723.400197633,1579948234.1372886,9999948234.13729,18316.99819358867,70082.86090500672,0,0,57870000,6849315.068493151,27397260.273972604,3150684.9315068494,12602739.726027397,0,532059917.139095,2349359.460718811,0.004392886865835328,0.0008482609724759038,"{'total_cost': 1167.7440220673943, 'price_stability_cost': 3773.687839989316, 'utilization_efficiency_cost': 0.007222030042884705, 'foundation_sustainability_cost': 0.0, 'node_profitability_cost': 237.5724304205934, 'decentralization_cost': 0.0}",0,0,1,9,4
5787,6003.600720048001,30682.563697205813,36145.988417253815,540.1759999999999,229.09311304189055,275.0,400240048.0032,540176000.0,0,0.7409437812920233,8004.800960064001,80.04800960064001,1921.15223041536,2739.72602739726,24996723.400197633,1589929917.139095,9999929917.139095,18316.99819358867,70082.86090500672,0,0,57870000,6849315.068493151,27397260.273972604,3150684.9315068494,12602739.726027397,0,532059917.139095,2349359.460718811,0.004392886865835328,0.0008482609724759038,"{'total_cost': 1167.7440220673943, 'price_stability_cost': 3773.687839989316, 'utilization_efficiency_cost': 0.007222030042884705, 'foundation_sustainability_cost': 0.0, 'node_profitability_cost': 237.5724304205934, 'decentralization_cost': 0.0}",0,0,1,10,4
5787,6003.600720048001,30682.563697205813,36145.988417253815,540.1759999999999,229.09311304189055,275.0,400240048.0032,540176000.0,0,0.7409437812920233,8004.800960064001,80.04800960064001,1921.15223041536,2739.72602739726,24996723.400197633,1589929917.139095,9999929917.139095,18316.99819358867,70082.86090500672,0,0,57870000,6849315.068493151,27397260.273972604,3150684.9315068494,12602739.726027397,0,532059917.139095,2349359.460718811,0.004392886865835328,0.0008482609724759038,"{'total_cost': 952.079981245571, 'price_stability_cost': 3071.7287507659407, 'utilization_efficiency_cost': 0.016461257908487254, 'foundation_sustainability_cost': 0.0, 'node_profitability_cost': 203.71493800874543, 'decentralization_cost': 0.0}",0,0,1,11,4
5787,6003.600720048001,30682.563697205813,36145.988417253815,540.1759999999999,229.09311304189055,275.0,400320096.01280063,540176000.0,0,0.7409437812920233,8004.800960064001,80.04800960064001,1921.15223041536,2739.72602739726,24996723.400197633,1589929917.139095,9999929917.139095,18316.99819358867,70082.86090500672,0,0,57870000,6849315.068493151,27397260.273972604,3150684.9315068494,12602739.726027397,0,532059917.139095,2349359.460718811,0.004392886865835328,0.0008482609724759038,"{'total_cost': 952.079981245571, 'price_stability_cost': 3071.7287507659407, 'utilization_efficiency_cost': 0.016461257908487254, 'foundation_sustainability_cost': 0.0, 'node_profitability_cost': 203.71493800874543, 'decentralization_cost': 0.0}",0,0,1,1,5
5787,6003.600720048001,30682.563697205813,36145.988417253815,540.1759999999999,229.09311304189055,275.0,400320096.01280063,540176000.0,0,0.7409437812920233,8004.800960064001,80.04800960064001,1921.15223041536,2739.72602739726,24996723.400197633,1589929917.139095,9999929917.139095,18316.99819358867,70082.86090500672,0,0,57870000,6849315.068493151,34246575.34246576,3150684.9315068494,15753424.657534247,0,532059917.139095,2349359.460718811,0.004392886865835328,0.0008482609724759038,"{'total_cost': 952.079981245571, 'price_stability_cost': 3071.7287507659407, 'utilization_efficiency_cost': 0.016461257908487254, 'foundation_sustainability_cost': 0.0, 'node_profitability_cost': 203.71493800874543, 'decentralization_cost': 0.0}",0,0,1,2,5
5787,6003.600720048001,30682.563697205813,36145.988417253815,540.1759999999999,229.09311304189055,275.0,400320096.01280063,567126000.0,0,0.7058750542433262,8004.800960064001,80.04800960064001,1921.15223041536,2739.72602739726,24996723.400197633,1589929917.139095,9999929917.139095,18316.99819358867,70082.86090500672,0,0,57870000,6849315.068493151,34246575.34246576,3150684.9315068494,15753424.657534247,0,532059917.139095,2349359.460718811,0.004392886865835328,0.0008482609724759038,"{'total_cost': 952.079981245571, 'price_stability_cost': 3071.7287507659407, 'utilization_efficiency_cost': 0.016461257908487254, 'foundation_sustainability_cost': 0.0, 'node_profitability_cost': 203.71493800874543, 'decentralization_cost': 0.0}",0,0,1,3,5
5787,6004.80144019201,30682.563697205813,36145.988417253815,540.1759999999999,229.09311304189055,275.0,400320096.01280063,567126000.0,0,0.7058750542433262,8006.401920256013,80.06401920256013,1921.536460861443,2739.72602739726,24996723.400197633,1589929917.139095,9999929917.139095,18316.99819358867,70082.86090500672,0,0,57870000,6849315.068493151,34246575.34246576,3150684.9315068494,15753424.657534247,0,532059917.139095,2349359.460718811,0.004392886865835328,0.0008482609724759038,"{'total_cost': 952.079981245571, 'price_stability_cost': 3071.7287507659407, 'utilization_efficiency_cost': 0.016461257908487254, 'foundation_sustainability_cost': 0.0, 'node_profitability_cost': 203.71493800874543, 'decentralization_cost': 0.0}",0,0,1,4,5
5787,6004.80144019201,29859.39411297715,35297.06955316916,567.126,213.32716485902728,275.0,400320096.01280063,567126000.0,0,0.7058750542433262,8006.401920256013,80.06401920256013,1921.536460861443,2739.72602739726,24996723.400197633,1589929917.139095,9999929917.139095,18316.99819358867,70082.86090500672,0,0,57870000,6849315.068493151,34246575.34246576,3150684.9315068494,15753424.657534247,0,538909232.2075882,2319500.066605834,0.004359471540494663,0.0008482609724759038,"{'total_cost': 952.079981245571, 'price_stability_cost': 3071.7287507659407, 'utilization_efficiency_cost': 0.016461257908487254, 'foundation_sustainability_cost': 0.0, 'node_profitability_cost': 203.71493800874543, 'decentralization_cost': 0.0}",0,0,1,5,5
5787,6004.80144019201,29859.39411297715,35297.06955316916,567.126,213.32716485902728,275.0,400320096.01280063,567126000.0,0,0.7058750542433262,8006.401920256013,80.06401920256013,1921.536460861443,2739.72602739726,24995905.2106311,1589929917.139095,9999929917.139095,18316.99819358867,70082.86090500672,0,0,57870000,6849315.068493151,34246575.34246576,3150684.9315068494,15753424.657534247,0,538909232.2075882,2319500.066605834,0.004359471540494663,0.0008482609724759038,"{'total_cost': 952.079981245571, 'price_stability_cost': 3071.7287507659407, 'utilization_efficiency_cost': 0.016461257908487254, 'foundation_sustainability_cost': 0.0, 'node_profitability_cost': 203.71493800874543, 'decentralization_cost': 0.0}",0,0,1,6,5
5787,6004.80144019201,29859.39411297715,35297.06955316916,567.126,213.32716485902728,275.0,400320096.01280063,567126000.0,0,0.7058750542433262,8006.401920256013,80.06401920256013,1921.536460861443,2739.72602739726,24995905.2106311,1589929917.139095,9999929917.139095,18316.99819358867,70082.86090500672,0,0,57870000,6849315.068493151,34246575.34246576,3150684.9315068494,15753424.657534247,0,542059917.1390951,2306018.136513945,0.004279047376990687,0.0008482609724759038,"{'total_cost': 952.079981245571, 'price_stability_cost': 3071.7287507659407, 'utilization_efficiency_cost': 0.016461257908487254, 'foundation_sustainability_cost': 0.0, 'node_profitability_cost': 203.71493800874543, 'decentralization_cost': 0.0}",0,0,1,7,5
5787,6004.80144019201,29859.39411297715,35297.06955316916,567.126,213.32716485902728,275.0,400320096.01280063,567126000.0,0,0.7058750542433262,8006.401920256013,80.06401920256013,1921.536460861443,2739.72602739726,24995905.2106311,1589929917.139095,9999929917.139095,18819.448193805933,88902.30909881265,0,0,57870000,6849315.068493151,34246575.34246576,3150684.9315068494,15753424.657534247,0,542041097.6909013,2306098.200533148,0.004254323420009291,0.0008482609724759038,"{'total_cost': 952.079981245571, 'price_stability_cost': 3071.7287507659407, 'utilization_efficiency_cost': 0.016461257908487254, 'foundation_sustainability_cost': 0.0, 'node_profitability_cost': 203.71493800874543, 'decentralization_cost': 0.0}",0,0,1,8,5
6076,6004.80144019201,29859.39411297715,35297.06955316916,567.126,213.32716485902728,289.0,400320096.01280063,567126000.0,0,0.7058750542433262,8006.401920256013,80.06401920256013,1921.536460861443,2739.72602739726,24995905.2106311,1589929917.139095,9999929917.139095,18819.448193805933,88902.30909881265,0,0,60760000,6849315.068493151,34246575.34246576,3150684.9315068494,15753424.657534247,0,539151097.6909013,2318459.5289772227,0.004277276278226644,0.0012296136956185593,"{'total_cost': 952.079981245571, 'price_stability_cost': 3071.7287507659407, 'utilization_efficiency_cost': 0.016461257908487254, 'foundation_sustainability_cost': 0.0, 'node_profitability_cost': 203.71493800874543, 'decentralization_cost': 0.0}",0,0,1,9,5
6076,6004.80144019201,29859.39411297715,35297.06955316916,567.126,213.32716485902728,289.0,400320096.01280063,567126000.0,0,0.7058750542433262,8006.401920256013,80.06401920256013,1921.536460861443,2739.72602739726,24995905.2106311,1599911097.6909013,9999911097.6909,18819.448193805933,88902.30909881265,0,0,60760000,6849315.068493151,34246575.34246576,3150684.9315068494,15753424.657534247,0,539151097.6909013,2318459.5289772227,0.004277276278226644,0.0012296136956185593,"{'total_cost': 952.079981245571, 'price_stability_cost': 3071.7287507659407, 'utilization_efficiency_cost': 0.016461257908487254, 'foundation_sustainability_cost': 0.0, 'node_profitability_cost': 203.71493800874543, 'decentralization_cost': 0.0}",0,0,1,10,5
6076,6004.80144019201,29859.39411297715,35297.06955316916,567.126,213.32716485902728,289.0,400320096.01280063,567126000.0,0,0.7058750542433262,8006.401920256013,80.06401920256013,1921.536460861443,2739.72602739726,24995905.2106311,1599911097.6909013,9999911097.6909,18819.448193805933,88902.30909881265,0,0,60760000,6849315.068493151,34246575.34246576,3150684.9315068494,15753424.657534247,0,539151097.6909013,2318459.5289772227,0.004277276278226644,0.0012296136956185593,"{'total_cost': 893.6732868251325, 'price_stability_cost': 2891.478854670679, 'utilization_efficiency_cost': 0.028750172995659743, 'foundation_sustainability_cost': 0.0, 'node_profitability_cost': 174.81628587119906, 'decentralization_cost': 0.0}",0,0,1,11,5
6076,6004.80144019201,29859.39411297715,35297.06955316916,567.126,213.32716485902728,289.0,400400160.03200316,567126000.0,0,0.7058750542433262,8006.401920256013,80.06401920256013,1921.536460861443,2739.72602739726,24995905.2106311,1599911097.6909013,9999911097.6909,18819.448193805933,88902.30909881265,0,0,60760000,6849315.068493151,34246575.34246576,3150684.9315068494,15753424.657534247,0,539151097.6909013,2318459.5289772227,0.004277276278226644,0.0012296136956185593,"{'total_cost': 893.6732868251325, 'price_stability_cost': 2891.478854670679, 'utilization_efficiency_cost': 0.028750172995659743, 'foundation_sustainability_cost': 0.0, 'node_profitability_cost': 174.81628587119906, 'decentralization_cost': 0.0}",0,0,1,1,6
6076,6004.80144019201,29859.39411297715,35297.06955316916,567.126,213.32716485902728,289.0,400400160.03200316,567126000.0,0,0.7058750542433262,8006.401920256013,80.06401920256013,1921.536460861443,2739.72602739726,24995905.2106311,1599911097.6909013,9999911097.6909,18819.448193805933,88902.30909881265,0,0,60760000,6849315.068493151,41095890.41095891,3150684.9315068494,18904109.589041095,0,539151097.6909013,2318459.5289772227,0.004277276278226644,0.0012296136956185593,"{'total_cost': 893.6732868251325, 'price_stability_cost': 2891.478854670679, 'utilization_efficiency_cost': 0.028750172995659743, 'foundation_sustainability_cost': 0.0, 'node_profitability_cost': 174.81628587119906, 'decentralization_cost': 0.0}",0,0,1,2,6
6076,6004.80144019201,29859.39411297715,35297.06955316916,567.126,213.32716485902728,289.0,400400160.03200316,595448000.0,0,0.6724351413255283,8006.401920256013,80.06401920256013,1921.536460861443,2739.72602739726,24995905.2106311,1599911097.6909013,9999911097.6909,18819.448193805933,88902.30909881265,0,0,60760000,6849315.068493151,41095890.41095891,3150684.9315068494,18904109.589041095,0,539151097.6909013,2318459.5289772227,0.004277276278226644,0.0012296136956185593,"{'total_cost': 893.6732868251325, 'price_stability_cost': 2891.478854670679, 'utilization_efficiency_cost': 0.028750172995659743, 'foundation_sustainability_cost': 0.0, 'node_profitability_cost': 174.81628587119906, 'decentralization_cost': 0.0}",0,0,1,3,6
6076,6006.002400480048,29859.39411297715,35297.06955316916,567.126,213.32716485902728,289.0,400400160.03200316,595448000.0,0,0.6724351413255283,8008.003200640064,80.08003200640064,1921.9207681536154,2739.72602739726,24995905.2106311,1599911097.6909013,9999911097.6909,18819.448193805933,88902.30909881265,0,0,60760000,6849315.068493151,41095890.41095891,3150684.9315068494,18904109.589041095,0,539151097.6909013,2318459.5289772227,0.004277276278226644,0.0012296136956185593,"{'total_cost': 893.6732868251325, 'price_stability_cost': 2891.478854670679, 'utilization_efficiency_cost': 0.028750172995659743, 'foundation_sustainability_cost': 0.0, 'node_profitability_cost': 174.81628587119906, 'decentralization_cost': 0.0}",0,0,1,4,6
6076,6006.002400480048,29083.970298229407,34494.52469870946,595.448,198.77638260511077,289.0,400400160.03200316,595448000.0,0,0.6724351413255283,8008.003200640064,80.08003200640064,1921.9207681536154,2739.72602739726,24995905.2106311,1599911097.6909013,9999911097.6909,18819.448193805933,88902.30909881265,0,0,60760000,6849315.068493151,41095890.41095891,3150684.9315068494,18904109.589041095,0,546000412.7593944,2289375.5586789935,0.004246259663541493,0.0012296136956185593,"{'total_cost': 893.6732868251325, 'price_stability_cost': 2891.478854670679, 'utilization_efficiency_cost': 0.028750172995659743, 'foundation_sustainability_cost': 0.0, 'node_profitability_cost': 174.81628587119906, 'decentralization_cost': 0.0}",0,0,1,5,6
6076,6006.002400480048,29083.970298229407,34494.52469870946,595.448,198.77638260511077,289.0,400400160.03200316,595448000.0,0,0.6724351413255283,8008.003200640064,80.08003200640064,1921.9207681536154,2739.72602739726,24995087.405371856,1599911097.6909013,9999911097.6909,18819.448193805933,88902.30909881265,0,0,60760000,6849315.068493151,41095890.41095891,3150684.9315068494,18904109.589041095,0,546000412.7593944,2289375.5586789935,0.004246259663541493,0.0012296136956185593,"{'total_cost': 893.6732868251325, 'price_stability_cost': 2891.478854670679, 'utilization_efficiency_cost': 0.028750172995659743, 'foundation_sustainability_cost': 0.0, 'node_profitability_cost': 174.81628587119906, 'decentralization_cost': 0.0}",0,0,1,6,6
6076,6006.002400480048,29083.970298229407,34494.52469870946,595.448,198.77638260511077,289.0,400400160.03200316,595448000.0,0,0.6724351413255283,8008.003200640064,80.08003200640064,1921.9207681536154,2739.72602739726,24995087.405371856,1599911097.6909013,9999911097.6909,18819.448193805933,88902.30909881265,0,0,60760000,6849315.068493151,41095890.41095891,3150684.9315068494,18904109.589041095,0,549151097.6909013,2276240.5561166387,0.004168935595877851,0.0012296136956185593,"{'total_cost': 893.6732868251325, 'price_stability_cost': 2891.478854670679, 'utilization_efficiency_cost': 0.028750172995659743, 'foundation_sustainability_cost': 0.0, 'node_profitability_cost': 174.81628587119906, 'decentralization_cost': 0.0}",0,0,1,7,6
6076,6006.002400480048,29083.970298229407,34494.52469870946,595.448,198.77638260511077,289.0,400400160.03200316,595448000.0,0,0.6724351413255283,8008.003200640064,80.08003200640064,1921.9207681536154,2739.72602739726,24995087.405371856,1599911097.6909013,9999911097.6909,19318.911747793758,108221.2208466064,0,0,60760000,6849315.068493151,41095890.41095891,3150684.9315068494,18904109.589041095,0,549131778.7791535,2276320.636148645,0.004145162680581419,0.0012296136956185593,"{'total_cost': 893.6732868251325, 'price_stability_cost': 2891.478854670679, 'utilization_efficiency_cost': 0.028750172995659743, 'foundation_sustainability_cost': 0.0, 'node_profitability_cost': 174.81628587119906, 'decentralization_cost': 0.0}",0,0,1,8,6
6379,6006.002400480048,29083.970298229407,34494.52469870946,595.448,198.77638260511077,303.0,400400160.03200316,595448000.0,0,0.6724351413255283,8008.003200640064,80.08003200640064,1921.9207681536154,2739.72602739726,24995087.405371856,1599911097.6909013,9999911097.6909,19318.911747793758,108221.2208466064,0,0,63790000,6849315.068493151,41095890.41095891,3150684.9315068494,18904109.589041095,0,546101778.7791535,2288950.6106251054,0.004168308408072777,0.0016737454870281979,"{'total_cost': 893.6732868251325, 'price_stability_cost': 2891.478854670679, 'utilization_efficiency_cost': 0.028750172995659743, 'foundation_sustainability_cost': 0.0, 'node_profitability_cost': 174.81628587119906, 'decentralization_cost': 0.0}",0,0,1,9,6
6379,6006.002400480048,29083.970298229407,34494.52469870946,595.448,198.77638260511077,303.0,400400160.03200316,595448000.0,0,0.6724351413255283,8008.003200640064,80.08003200640064,1921.9207681536154,2739.72602739726,24995087.405371856,1609891778.7791533,9999891778.779154,19318.911747793758,108221.2208466064,0,0,63790000,6849315.068493151,41095890.41095891,3150684.9315068494,18904109.589041095,0,546101778.7791535,2288950.6106251054,0.004168308408072777,0.0016737454870281979,"{'total_cost': 893.6732868251325, 'price_stability_cost': 2891.478854670679, 'utilization_efficiency_cost': 0.028750172995659743, 'foundation_sustainability_cost': 0.0, 'node_profitability_cost': 174.81628587119906, 'decentralization_cost': 0.0}",0,0,1,10,6
6379,6006.002400480048,29083.970298229407,34494.52469870946,595.448,198.77638260511077,303.0,400400160.03200316,595448000.0,0,0.6724351413255283,8008.003200640064,80.08003200640064,1921.9207681536154,2739.72602739726,24995087.405371856,1609891778.7791533,9999891778.779154,19318.911747793758,108221.2208466064,0,0,63790000,6849315.068493151,41095890.41095891,3150684.9315068494,18904109.589041095,0,546101778.7791535,2288950.6106251054,0.004168308408072777,0.0016737454870281979,"{'total_cost': 837.5754643062819, 'price_stability_cost': 2716.8290510628945, 'utilization_efficiency_cost': 0.04363914053437385, 'foundation_sustainability_cost': 0.0, 'node_profitability_cost': 150.10559468186696, 'decentralization_cost': 0.0}",0,0,1,11,6
6379,6006.002400480048,29083.970298229407,34494.52469870946,595.448,198.77638260511077,303.0,400480240.06400955,595448000.0,0,0.6724351413255283,8008.003200640064,80.08003200640064,1921.9207681536154,2739.72602739726,24995087.405371856,1609891778.7791533,9999891778.779154,19318.911747793758,108221.2208466064,0,0,63790000,6849315.068493151,41095890.41095891,3150684.9315068494,18904109.589041095,0,546101778.7791535,2288950.6106251054,0.004168308408072777,0.0016737454870281979,"{'total_cost': 837.5754643062819, 'price_stability_cost': 2716.8290510628945, 'utilization_efficiency_cost': 0.04363914053437385, 'foundation_sustainability_cost': 0.0, 'node_profitability_cost': 150.10559468186696, 'decentralization_cost': 0.0}",0,0,1,1,7
6379,6006.002400480048,29083.970298229407,34494.52469870946,595.448,198.77638260511077,303.0,400480240.06400955,595448000.0,0,0.6724351413255283,8008.003200640064,80.08003200640064,1921.9207681536154,2739.72602739726,24995087.405371856,1609891778.7791533,9999891778.779154,19318.911747793758,108221.2208466064,0,0,63790000,6849315.068493151,47945205.47945206,3150684.9315068494,22054794.520547945,0,546101778.7791535,2288950.6106251054,0.004168308408072777,0.0016737454870281979,"{'total_cost': 837.5754643062819, 'price_stability_cost': 2716.8290510628945, 'utilization_efficiency_cost': 0.04363914053437385, 'foundation_sustainability_cost': 0.0, 'node_profitability_cost': 150.10559468186696, 'decentralization_cost': 0.0}",0,0,1,2,7
6379,6006.002400480048,29083.970298229407,34494.52469870946,595.448,198.77638260511077,303.0,400480240.06400955,625142000.0,0,0.6406228345943954,8008.003200640064,80.08003200640064,1921.9207681536154,2739.72602739726,24995087.405371856,1609891778.7791533,9999891778.779154,19318.911747793758,108221.2208466064,0,0,63790000,6849315.068493151,47945205.47945206,3150684.9315068494,22054794.520547945,0,546101778.7791535,2288950.6106251054,0.004168308408072777,0.0016737454870281979,"{'total_cost': 837.5754643062819, 'price_stability_cost': 2716.8290510628945, 'utilization_efficiency_cost': 0.04363914053437385, 'foundation_sustainability_cost': 0.0, 'node_profitability_cost': 150.10559468186696, 'decentralization_cost': 0.0}",0,0,1,3,7
6379,6007.203600960143,29083.970298229407,34494.52469870946,595.448,198.77638260511077,303.0,400480240.06400955,625142000.0,0,0.6406228345943954,8009.604801280191,80.09604801280192,1922.3051523072459,2739.72602739726,24995087.405371856,1609891778.7791533,9999891778.779154,19318.911747793758,108221.2208466064,0,0,63790000,6849315.068493151,47945205.47945206,3150684.9315068494,22054794.520547945,0,546101778.7791535,2288950.6106251054,0.004168308408072777,0.0016737454870281979,"{'total_cost': 837.5754643062819, 'price_stability_cost': 2716.8290510628945, 'utilization_efficiency_cost': 0.04363914053437385, 'foundation_sustainability_cost': 0.0, 'node_profitability_cost': 150.10559468186696, 'decentralization_cost': 0.0}",0,0,1,4,7
6379,6007.203600960143,28352.858114990526,33734.919715950666,625.1419999999999,185.35503296600143,303.0,400480240.06400955,625142000.0,0,0.6406228345943954,8009.604801280191,80.09604801280192,1922.3051523072459,2739.72602739726,24995087.405371856,1609891778.7791533,9999891778.779154,19318.911747793758,108221.2208466064,0,0,63790000,6849315.068493151,47945205.47945206,3150684.9315068494,22054794.520547945,0,552951093.8476466,2260597.752510115,0.004139517284788617,0.0016737454870281979,"{'total_cost': 837.5754643062819, 'price_stability_cost': 2716.8290510628945, 'utilization_efficiency_cost': 0.04363914053437385, 'foundation_sustainability_cost': 0.0, 'node_profitability_cost': 150.10559468186696, 'decentralization_cost': 0.0}",0,0,1,5,7
6379,6007.203600960143,28352.858114990526,33734.919715950666,625.1419999999999,185.35503296600143,303.0,400480240.06400955,625142000.0,0,0.6406228345943954,8009.604801280191,80.09604801280192,1922.3051523072459,2739.72602739726,24994269.98449677,1609891778.7791533,9999891778.779154,19318.911747793758,108221.2208466064,0,0,63790000,6849315.068493151,47945205.47945206,3150684.9315068494,22054794.520547945,0,552951093.8476466,2260597.752510115,0.004139517284788617,0.0016737454870281979,"{'total_cost': 837.5754643062819, 'price_stability_cost': 2716.8290510628945, 'utilization_efficiency_cost': 0.04363914053437385, 'foundation_sustainability_cost': 0.0, 'node_profitability_cost': 150.10559468186696, 'decentralization_cost': 0.0}",0,0,1,6,7
6379,6007.203600960143,28352.858114990526,33734.919715950666,625.1419999999999,185.35503296600143,303.0,400480240.06400955,625142000.0,0,0.6406228345943954,8009.604801280191,80.09604801280192,1922.3051523072459,2739.72602739726,24994269.98449677,1609891778.7791533,9999891778.779154,19318.911747793758,108221.2208466064,0,0,63790000,6849315.068493151,47945205.47945206,3150684.9315068494,22054794.520547945,0,556101778.7791535,2247789.968851037,0.00406507916135955,0.0016737454870281979,"{'total_cost': 837.5754643062819, 'price_stability_cost': 2716.8290510628945, 'utilization_efficiency_cost': 0.04363914053437385, 'foundation_sustainability_cost': 0.0, 'node_profitability_cost': 150.10559468186696, 'decentralization_cost': 0.0}",0,0,1,7,7
6379,6007.203600960143,28352.858114990526,33734.919715950666,625.1419999999999,185.35503296600143,303.0,400480240.06400955,625142000.0,0,0.6406228345943954,8009.604801280191,80.09604801280192,1922.3051523072459,2739.72602739726,24994269.98449677,1609891778.7791533,9999891778.779154,19815.004198251983,128036.22504485838,0,0,63790000,6849315.068493151,47945205.47945206,3150684.9315068494,22054794.520547945,0,556081963.7749553,2247870.0648990497,0.004042191826528492,0.0016737454870281979,"{'total_cost': 837.5754643062819, 'price_stability_cost': 2716.8290510628945, 'utilization_efficiency_cost': 0.04363914053437385, 'foundation_sustainability_cost': 0.0, 'node_profitability_cost': 150.10559468186696, 'decentralization_cost': 0.0}",0,0,1,8,7
6697,6007.203600960143,28352.858114990526,33734.919715950666,625.1419999999999,185.35503296600143,318.0,400480240.06400955,625142000.0,0,0.6406228345943954,8009.604801280191,80.09604801280192,1922.3051523072459,2739.72602739726,24994269.98449677,1609891778.7791533,9999891778.779154,19815.004198251983,128036.22504485838,0,0,66970000,6849315.068493151,47945205.47945206,3150684.9315068494,22054794.520547945,0,552901963.7749553,2260798.625972652,0.004065585243271062,0.0021906154817579594,"{'total_cost': 837.5754643062819, 'price_stability_cost': 2716.8290510628945, 'utilization_efficiency_cost': 0.04363914053437385, 'foundation_sustainability_cost': 0.0, 'node_profitability_cost': 150.10559468186696, 'decentralization_cost': 0.0}",0,0,1,9,7
6697,6007.203600960143,28352.858114990526,33734.919715950666,625.1419999999999,185.35503296600143,318.0,400480240.06400955,625142000.0,0,0.6406228345943954,8009.604801280191,80.09604801280192,1922.3051523072459,2739.72602739726,24994269.98449677,1619871963.7749553,9999871963.774956,19815.004198251983,128036.22504485838,0,0,66970000,6849315.068493151,47945205.47945206,3150684.9315068494,22054794.520547945,0,552901963.7749553,2260798.625972652,0.004065585243271062,0.0021906154817579594,"{'total_cost': 837.5754643062819, 'price_stability_cost': 2716.8290510628945, 'utilization_efficiency_cost': 0.04363914053437385, 'foundation_sustainability_cost': 0.0, 'node_profitability_cost': 150.10559468186696, 'decentralization_cost': 0.0}",0,0,1,10,7
6697,6007.203600960143,28352.858114990526,33734.919715950666,625.1419999999999,185.35503296600143,318.0,400480240.06400955,625142000.0,0,0.6406228345943954,8009.604801280191,80.09604801280192,1922.3051523072459,2739.72602739726,24994269.98449677,1619871963.7749553,9999871963.774956,19815.004198251983,128036.22504485838,0,0,66970000,6849315.068493151,47945205.47945206,3150684.9315068494,22054794.520547945,0,552901963.7749553,2260798.625972652,0.004065585243271062,0.0021906154817579594,"{'total_cost': 784.1955613372993, 'price_stability_cost': 2549.44389121785, 'utilization_efficiency_cost': 0.06067653618447875, 'foundation_sustainability_cost': 0.0, 'node_profitability_cost': 128.98149891932195, 'decentralization_cost': 0.0}",0,0,1,11,7
6697,6007.203600960143,28352.858114990526,33734.919715950666,625.1419999999999,185.35503296600143,318.0,400560336.11202234,625142000.0,0,0.6406228345943954,8009.604801280191,80.09604801280192,1922.3051523072459,2739.72602739726,24994269.98449677,1619871963.7749553,9999871963.774956,19815.004198251983,128036.22504485838,0,0,66970000,6849315.068493151,47945205.47945206,3150684.9315068494,22054794.520547945,0,552901963.7749553,2260798.625972652,0.004065585243271062,0.0021906154817579594,"{'total_cost': 784.1955613372993, 'price_stability_cost': 2549.44389121785, 'utilization_efficiency_cost': 0.06067653618447875, 'foundation_sustainability_cost': 0.0, 'node_profitability_cost': 128.98149891932195, 'decentralization_cost': 0.0}",0,0,1,1,8
6697,6007.203600960143,28352.858114990526,33734.919715950666,625.1419999999999,185.35503296600143,318.0,400560336.11202234,625142000.0,0,0.6406228345943954,8009.604801280191,80.09604801280192,1922.3051523072459,2739.72602739726,24994269.98449677,1619871963.7749553,9999871963.774956,19815.004198251983,128036.22504485838,0,0,66970000,6849315.068493151,54794520.54794521,3150684.9315068494,25205479.452054795,0,552901963.7749553,2260798.625972652,0.004065585243271062,0.0021906154817579594,"{'total_cost': 784.1955613372993, 'price_stability_cost': 2549.44389121785, 'utilization_efficiency_cost': 0.06067653618447875, 'foundation_sustainability_cost': 0.0, 'node_profitability_cost': 128.98149891932195, 'decentralization_cost': 0.0}",0,0,1,2,8
6697,6007.203600960143,28352.858114990526,33734.919715950666,625.1419999999999,185.35503296600143,318.0,400560336.11202234,656306000.0,0,0.6103255739122031,8009.604801280191,80.09604801280192,1922.3051523072459,2739.72602739726,24994269.98449677,1619871963.7749553,9999871963.774956,19815.004198251983,128036.22504485838,0,0,66970000,6849315.068493151,54794520.54794521,3150684.9315068494,25205479.452054795,0,552901963.7749553,2260798.625972652,0.004065585243271062,0.0021906154817579594,"{'total_cost': 784.1955613372993, 'price_stability_cost': 2549.44389121785, 'utilization_efficiency_cost': 0.06067653618447875, 'foundation_sustainability_cost': 0.0, 'node_profitability_cost': 128.98149891932195, 'decentralization_cost': 0.0}",0,0,1,3,8
6697,6008.405041680336,28352.858114990526,33734.919715950666,625.1419999999999,185.35503296600143,318.0,400560336.11202234,656306000.0,0,0.6103255739122031,8011.206722240448,80.11206722240448,1922.6896133377074,2739.72602739726,24994269.98449677,1619871963.7749553,9999871963.774956,19815.004198251983,128036.22504485838,0,0,66970000,6849315.068493151,54794520.54794521,3150684.9315068494,25205479.452054795,0,552901963.7749553,2260798.625972652,0.004065585243271062,0.0021906154817579594,"{'total_cost': 784.1955613372993, 'price_stability_cost': 2549.44389121785, 'utilization_efficiency_cost': 0.06067653618447875, 'foundation_sustainability_cost': 0.0, 'node_profitability_cost': 128.98149891932195, 'decentralization_cost': 0.0}",0,0,1,4,8
6697,6008.405041680336,27663.9333950212,33016.032436701535,656.3059999999999,172.95835784652502,318.0,400560336.11202234,656306000.0,0,0.6103255739122031,8011.206722240448,80.11206722240448,1922.6896133377074,2739.72602739726,24994269.98449677,1619871963.7749553,9999871963.774956,19815.004198251983,128036.22504485838,0,0,66970000,6849315.068493151,54794520.54794521,3150684.9315068494,25205479.452054795,0,559751278.8434484,2233134.6925776307,0.004038934275673095,0.0021906154817579594,"{'total_cost': 784.1955613372993, 'price_stability_cost': 2549.44389121785, 'utilization_efficiency_cost': 0.06067653618447875, 'foundation_sustainability_cost': 0.0, 'node_profitability_cost': 128.98149891932195, 'decentralization_cost': 0.0}",0,0,1,5,8
6697,6008.405041680336,27663.9333950212,33016.032436701535,656.3059999999999,172.95835784652502,318.0,400560336.11202234,656306000.0,0,0.6103255739122031,8011.206722240448,80.11206722240448,1922.6896133377074,2739.72602739726,24993452.94808271,1619871963.7749553,9999871963.774956,19815.004198251983,128036.22504485838,0,0,66970000,6849315.068493151,54794520.54794521,3150684.9315068494,25205479.452054795,0,559751278.8434484,2233134.6925776307,0.004038934275673095,0.0021906154817579594,"{'total_cost': 784.1955613372993, 'price_stability_cost': 2549.44389121785, 'utilization_efficiency_cost': 0.06067653618447875, 'foundation_sustainability_cost': 0.0, 'node_profitability_cost': 128.98149891932195, 'decentralization_cost': 0.0}",0,0,1,6,8
6697,6008.405041680336,27663.9333950212,33016.032436701535,656.3059999999999,172.95835784652502,318.0,400560336.11202234,656306000.0,0,0.6103255739122031,8011.206722240448,80.11206722240448,1922.6896133377074,2739.72602739726,24993452.94808271,1619871963.7749553,9999871963.774956,19815.004198251983,128036.22504485838,0,0,66970000,6849315.068493151,54794520.54794521,3150684.9315068494,25205479.452054795,0,562901963.7749553,2220635.3511670143,0.003967182273804297,0.0021906154817579594,"{'total_cost': 784.1955613372993, 'price_stability_cost': 2549.44389121785, 'utilization_efficiency_cost': 0.06067653618447875, 'foundation_sustainability_cost': 0.0, 'node_profitability_cost': 128.98149891932195, 'decentralization_cost': 0.0}",0,0,1,7,8
6697,6008.405041680336,27663.9333950212,33016.032436701535,656.3059999999999,172.95835784652502,318.0,400560336.11202234,656306000.0,0,0.6103255739122031,8011.206722240448,80.11206722240448,1922.6896133377074,2739.72602739726,24993452.94808271,1619871963.7749553,9999871963.774956,20306.62671924942,148342.8517641078,0,0,66970000,6849315.068493151,54794520.54794521,3150684.9315068494,25205479.452054795,0,562881657.148236,2220715.463234237,0.003945119410032944,0.0021906154817579594,"{'total_cost': 784.1955613372993, 'price_stability_cost': 2549.44389121785, 'utilization_efficiency_cost': 0.06067653618447875, 'foundation_sustainability_cost': 0.0, 'node_profitability_cost': 128.98149891932195, 'decentralization_cost': 0.0}",0,0,1,8,8
7031,6008.405041680336,27663.9333950212,33016.032436701535,656.3059999999999,172.95835784652502,334.0,400560336.11202234,656306000.0,0,0.6103255739122031,8011.206722240448,80.11206722240448,1922.6896133377074,2739.72602739726,24993452.94808271,1619871963.7749553,9999871963.774956,20306.62671924942,148342.8517641078,0,0,70310000,6849315.068493151,54794520.54794521,3150684.9315068494,25205479.452054795,0,559541657.148236,2233971.2942388575,0.003968811678030106,0.0027917975785744023,"{'total_cost': 784.1955613372993, 'price_stability_cost': 2549.44389121785, 'utilization_efficiency_cost': 0.06067653618447875, 'foundation_sustainability_cost': 0.0, 'node_profitability_cost': 128.98149891932195, 'decentralization_cost': 0.0}",0,0,1,9,8
7031,6008.405041680336,27663.9333950212,33016.032436701535,656.3059999999999,172.95835784652502,334.0,400560336.11202234,656306000.0,0,0.6103255739122031,8011.206722240448,80.11206722240448,1922.6896133377074,2739.72602739726,24993452.94808271,1629851657.148236,9999851657.148235,20306.62671924942,148342.8517641078,0,0,70310000,6849315.068493151,54794520.54794521,3150684.9315068494,25205479.452054795,0,559541657.148236,2233971.2942388575,0.003968811678030106,0.0027917975785744023,"{'total_cost': 784.1955613372993, 'price_stability_cost': 2549.44389121785, 'utilization_efficiency_cost': 0.06067653618447875, 'foundation_sustainability_cost': 0.0, 'node_profitability_cost': 128.98149891932195, 'decentralization_cost': 0.0}",0,0,1,10,8
7031,6008.405041680336,27663.9333950212,33016.032436701535,656.3059999999999,172.95835784652502,334.0,400560336.11202234,656306000.0,0,0.6103255739122031,8011.206722240448,80.11206722240448,1922.6896133377074,2739.72602739726,24993452.94808271,1629851657.148236,9999851657.148235,20306.62671924942,148342.8517641078,0,0,70310000,6849315.068493151,54794520.54794521,3150684.9315068494,25205479.452054795,0,559541657.148236,2233971.2942388575,0.003968811678030106,0.0027917975785744023,"{'total_cost': 732.8541286919004, 'price_stability_cost': 2387.334522416292, 'utilization_efficiency_cost': 0.07950703186230425, 'foundation_sustainability_cost': 0.0, 'node_profitability_cost': 110.89263472698156, 'decentralization_cost': 0.0}",0,0,1,11,8
7031,6008.405041680336,27663.9333950212,33016.032436701535,656.3059999999999,172.95835784652502,334.0,400640448.17924476,656306000.0,0,0.6103255739122031,8011.206722240448,80.11206722240448,1922.6896133377074,2739.72602739726,24993452.94808271,1629851657.148236,9999851657.148235,20306.62671924942,148342.8517641078,0,0,70310000,6849315.068493151,54794520.54794521,3150684.9315068494,25205479.452054795,0,559541657.148236,2233971.2942388575,0.003968811678030106,0.0027917975785744023,"{'total_cost': 732.8541286919004, 'price_stability_cost': 2387.334522416292, 'utilization_efficiency_cost': 0.07950703186230425, 'foundation_sustainability_cost': 0.0, 'node_profitability_cost': 110.89263472698156, 'decentralization_cost': 0.0}",0,0,1,1,9
7031,6008.405041680336,27663.9333950212,33016.032436701535,656.3059999999999,172.95835784652502,334.0,400640448.17924476,656306000.0,0,0.6103255739122031,8011.206722240448,80.11206722240448,1922.6896133377074,2739.72602739726,24993452.94808271,1629851657.148236,9999851657.148235,20306.62671924942,148342.8517641078,0,0,70310000,6849315.068493151,61643835.61643836,3150684.9315068494,28356164.383561645,0,559541657.148236,2233971.2942388575,0.003968811678030106,0.0027917975785744023,"{'total_cost': 732.8541286919004, 'price_stability_cost': 2387.334522416292, 'utilization_efficiency_cost': 0.07950703186230425, 'foundation_sustainability_cost': 0.0, 'node_profitability_cost': 110.89263472698156, 'decentralization_cost': 0.0}",0,0,1,2,9
7031,6008.405041680336,27663.9333950212,33016.032436701535,656.3059999999999,172.95835784652502,334.0,400640448.17924476,689038000.0,0,0.581448988559767,8011.206722240448,80.11206722240448,1922.6896133377074,2739.72602739726,24993452.94808271,1629851657.148236,9999851657.148235,20306.62671924942,148342.8517641078,0,0,70310000,6849315.068493151,61643835.61643836,3150684.9315068494,28356164.383561645,0,559541657.148236,2233971.2942388575,0.003968811678030106,0.0027917975785744023,"{'total_cost': 732.8541286919004, 'price_stability_cost': 2387.334522416292, 'utilization_efficiency_cost': 0.07950703186230425, 'foundation_sustainability_cost': 0.0, 'node_profitability_cost': 110.89263472698156, 'decentralization_cost': 0.0}",0,0,1,3,9
7031,6009.606722688672,27663.9333950212,33016.032436701535,656.3059999999999,172.95835784652502,334.0,400640448.17924476,689038000.0,0,0.581448988559767,8012.8089635848955,80.12808963584895,1923.074151260375,2739.72602739726,24993452.94808271,1629851657.148236,9999851657.148235,20306.62671924942,148342.8517641078,0,0,70310000,6849315.068493151,61643835.61643836,3150684.9315068494,28356164.383561645,0,559541657.148236,2233971.2942388575,0.003968811678030106,0.0027917975785744023,"{'total_cost': 732.8541286919004, 'price_stability_cost': 2387.334522416292, 'utilization_efficiency_cost': 0.07950703186230425, 'foundation_sustainability_cost': 0.0, 'node_profitability_cost': 110.89263472698156, 'decentralization_cost': 0.0}",0,0,1,4,9
7031,6009.606722688672,27015.21386953952,32335.78259222819,689.038,161.49489297449878,334.0,400640448.17924476,689038000.0,0,0.581448988559767,8012.8089635848955,80.12808963584895,1923.074151260375,2739.72602739726,24993452.94808271,1629851657.148236,9999851657.148235,20306.62671924942,148342.8517641078,0,0,70310000,6849315.068493151,61643835.61643836,3150684.9315068494,28356164.383561645,0,566390972.2167292,2206956.080369318,0.0039442212249527694,0.0027917975785744023,"{'total_cost': 732.8541286919004, 'price_stability_cost': 2387.334522416292, 'utilization_efficiency_cost': 0.07950703186230425, 'foundation_sustainability_cost': 0.0, 'node_profitability_cost': 110.89263472698156, 'decentralization_cost': 0.0}",0,0,1,5,9
7031,6009.606722688672,27015.21386953952,32335.78259222819,689.038,161.49489297449878,334.0,400640448.17924476,689038000.0,0,0.581448988559767,8012.8089635848955,80.12808963584895,1923.074151260375,2739.72602739726,24992636.296206575,1629851657.148236,9999851657.148235,20306.62671924942,148342.8517641078,0,0,70310000,6849315.068493151,61643835.61643836,3150684.9315068494,28356164.383561645,0,566390972.2167292,2206956.080369318,0.0039442212249527694,0.0027917975785744023,"{'total_cost': 732.8541286919004, 'price_stability_cost': 2387.334522416292, 'utilization_efficiency_cost': 0.07950703186230425, 'foundation_sustainability_cost': 0.0, 'node_profitability_cost': 110.89263472698156, 'decentralization_cost': 0.0}",0,0,1,6,9
7031,6009.606722688672,27015.21386953952,32335.78259222819,689.038,161.49489297449878,334.0,400640448.17924476,689038000.0,0,0.581448988559767,8012.8089635848955,80.12808963584895,1923.074151260375,2739.72602739726,24992636.296206575,1629851657.148236,9999851657.148235,20306.62671924942,148342.8517641078,0,0,70310000,6849315.068493151,61643835.61643836,3150684.9315068494,28356164.383561645,0,569541657.148236,2194747.2749559726,0.0038749686746704605,0.0027917975785744023,"{'total_cost': 732.8541286919004, 'price_stability_cost': 2387.334522416292, 'utilization_efficiency_cost': 0.07950703186230425, 'foundation_sustainability_cost': 0.0, 'node_profitability_cost': 110.89263472698156, 'decentralization_cost': 0.0}",0,0,1,7,9
7031,6009.606722688672,27015.21386953952,32335.78259222819,689.038,161.49489297449878,334.0,400640448.17924476,689038000.0,0,0.581448988559767,8012.8089635848955,80.12808963584895,1923.074151260375,2739.72602739726,24992636.296206575,1629851657.148236,9999851657.148235,20792.65316807943,169135.5049321872,0,0,70310000,6849315.068493151,61643835.61643836,3150684.9315068494,28356164.383561645,0,569520864.495068,2194827.403045608,0.0038536731694664345,0.0027917975785744023,"{'total_cost': 732.8541286919004, 'price_stability_cost': 2387.334522416292, 'utilization_efficiency_cost': 0.07950703186230425, 'foundation_sustainability_cost': 0.0, 'node_profitability_cost': 110.89263472698156, 'decentralization_cost': 0.0}",0,0,1,8,9
7382,6009.606722688672,27015.21386953952,32335.78259222819,689.038,161.49489297449878,351.0,400640448.17924476,689038000.0,0,0.581448988559767,8012.8089635848955,80.12808963584895,1923.074151260375,2739.72602739726,24992636.296206575,1629851657.148236,9999851657.148235,20792.65316807943,169135.5049321872,0,0,73820000,6849315.068493151,61643835.61643836,3150684.9315068494,28356164.383561645,0,566010864.495068,2208438.1739122816,0.0038777124976277434,0.0034907478685932986,"{'total_cost': 732.8541286919004, 'price_stability_cost': 2387.334522416292, 'utilization_efficiency_cost': 0.07950703186230425, 'foundation_sustainability_cost': 0.0, 'node_profitability_cost': 110.89263472698156, 'decentralization_cost': 0.0}",0,0,1,9,9
7382,6009.606722688672,27015.21386953952,32335.78259222819,689.038,161.49489297449878,351.0,400640448.17924476,689038000.0,0,0.581448988559767,8012.8089635848955,80.12808963584895,1923.074151260375,2739.72602739726,24992636.296206575,1639830864.495068,9999830864.495068,20792.65316807943,169135.5049321872,0,0,73820000,6849315.068493151,61643835.61643836,3150684.9315068494,28356164.383561645,0,566010864.495068,2208438.1739122816,0.0038777124976277434,0.0034907478685932986,"{'total_cost': 732.8541286919004, 'price_stability_cost': 2387.334522416292, 'utilization_efficiency_cost': 0.07950703186230425, 'foundation_sustainability_cost': 0.0, 'node_profitability_cost': 110.89263472698156, 'decentralization_cost': 0.0}",0,0,1,10,9
7382,6009.606722688672,27015.21386953952,32335.78259222819,689.038,161.49489297449878,351.0,400640448.17924476,689038000.0,0,0.581448988559767,8012.8089635848955,80.12808963584895,1923.074151260375,2739.72602739726,24992636.296206575,1639830864.495068,9999830864.495068,20792.65316807943,169135.5049321872,0,0,73820000,6849315.068493151,61643835.61643836,3150684.9315068494,28356164.383561645,0,566010864.495068,2208438.1739122816,0.0038777124976277434,0.0034907478685932986,"{'total_cost': 682.9816477827159, 'price_stability_cost': 2228.831745920848, 'utilization_efficiency_cost': 0.09981957888660503, 'foundation_sustainability_cost': 0.0, 'node_profitability_cost': 95.38112741159934, 'decentralization_cost': 0.0}",0,0,1,11,9
7382,6009.606722688672,27015.21386953952,32335.78259222819,689.038,161.49489297449878,351.0,400720576.2688806,689038000.0,0,0.581448988559767,8012.8089635848955,80.12808963584895,1923.074151260375,2739.72602739726,24992636.296206575,1639830864.495068,9999830864.495068,20792.65316807943,169135.5049321872,0,0,73820000,6849315.068493151,61643835.61643836,3150684.9315068494,28356164.383561645,0,566010864.495068,2208438.1739122816,0.0038777124976277434,0.0034907478685932986,"{'total_cost': 682.9816477827159, 'price_stability_cost': 2228.831745920848, 'utilization_efficiency_cost': 0.09981957888660503, 'foundation_sustainability_cost': 0.0, 'node_profitability_cost': 95.38112741159934, 'decentralization_cost': 0.0}",0,0,1,1,10
7382,6009.606722688672,27015.21386953952,32335.78259222819,689.038,161.49489297449878,351.0,400720576.2688806,689038000.0,0,0.581448988559767,8012.8089635848955,80.12808963584895,1923.074151260375,2739.72602739726,24992636.296206575,1639830864.495068,9999830864.495068,20792.65316807943,169135.5049321872,0,0,73820000,6849315.068493151,68493150.68493152,3150684.9315068494,31506849.315068495,0,566010864.495068,2208438.1739122816,0.0038777124976277434,0.0034907478685932986,"{'total_cost': 682.9816477827159, 'price_stability_cost': 2228.831745920848, 'utilization_efficiency_cost': 0.09981957888660503, 'foundation_sustainability_cost': 0.0, 'node_profitability_cost': 95.38112741159934, 'decentralization_cost': 0.0}",0,0,1,2,10
7382,6009.606722688672,27015.21386953952,32335.78259222819,689.038,161.49489297449878,351.0,400720576.2688806,723436000.0,0,0.5539129601911995,8012.8089635848955,80.12808963584895,1923.074151260375,2739.72602739726,24992636.296206575,1639830864.495068,9999830864.495068,20792.65316807943,169135.5049321872,0,0,73820000,6849315.068493151,68493150.68493152,3150684.9315068494,31506849.315068495,0,566010864.495068,2208438.1739122816,0.0038777124976277434,0.0034907478685932986,"{'total_cost': 682.9816477827159, 'price_stability_cost': 2228.831745920848, 'utilization_efficiency_cost': 0.09981957888660503, 'foundation_sustainability_cost': 0.0, 'node_profitability_cost': 95.38112741159934, 'decentralization_cost': 0.0}",0,0,1,3,10
7382,6010.80864403321,27015.21386953952,32335.78259222819,689.038,161.49489297449878,351.0,400720576.2688806,723436000.0,0,0.5539129601911995,8014.411525377613,80.14411525377612,1923.458766090627,2739.72602739726,24992636.296206575,1639830864.495068,9999830864.495068,20792.65316807943,169135.5049321872,0,0,73820000,6849315.068493151,68493150.68493152,3150684.9315068494,31506849.315068495,0,566010864.495068,2208438.1739122816,0.0038777124976277434,0.0034907478685932986,"{'total_cost': 682.9816477827159, 'price_stability_cost': 2228.831745920848, 'utilization_efficiency_cost': 0.09981957888660503, 'foundation_sustainability_cost': 0.0, 'node_profitability_cost': 95.38112741159934, 'decentralization_cost': 0.0}",0,0,1,4,10
7382,6010.80864403321,26404.853054958356,31692.225698991562,723.4359999999999,150.88417748807998,351.0,400720576.2688806,723436000.0,0,0.5539129601911995,8014.411525377613,80.14411525377612,1923.458766090627,2739.72602739726,24992636.296206575,1639830864.495068,9999830864.495068,20792.65316807943,169135.5049321872,0,0,73820000,6849315.068493151,68493150.68493152,3150684.9315068494,31506849.315068495,0,572860179.5635611,2182033.3208573232,0.0038551085460239195,0.0034907478685932986,"{'total_cost': 682.9816477827159, 'price_stability_cost': 2228.831745920848, 'utilization_efficiency_cost': 0.09981957888660503, 'foundation_sustainability_cost': 0.0, 'node_profitability_cost': 95.38112741159934, 'decentralization_cost': 0.0}",0,0,1,5,10
7382,6010.80864403321,26404.853054958356,31692.225698991562,723.4359999999999,150.88417748807998,351.0,400720576.2688806,723436000.0,0,0.5539129601911995,8014.411525377613,80.14411525377612,1923.458766090627,2739.72602739726,24991820.02894527,1639830864.495068,9999830864.495068,20792.65316807943,169135.5049321872,0,0,73820000,6849315.068493151,68493150.68493152,3150684.9315068494,31506849.315068495,0,572860179.5635611,2182033.3208573232,0.0038551085460239195,0.0034907478685932986,"{'total_cost': 682.9816477827159, 'price_stability_cost': 2228.831745920848, 'utilization_efficiency_cost': 0.09981957888660503, 'foundation_sustainability_cost': 0.0, 'node_profitability_cost': 95.38112741159934, 'decentralization_cost': 0.0}",0,0,1,6,10
7382,6010.80864403321,26404.853054958356,31692.225698991562,723.4359999999999,150.88417748807998,351.0,400720576.2688806,723436000.0,0,0.5539129601911995,8014.411525377613,80.14411525377612,1923.458766090627,2739.72602739726,24991820.02894527,1639830864.495068,9999830864.495068,20792.65316807943,169135.5049321872,0,0,73820000,6849315.068493151,68493150.68493152,3150684.9315068494,31506849.315068495,0,576010864.495068,2170097.956565024,0.003788180840599417,0.0034907478685932986,"{'total_cost': 682.9816477827159, 'price_stability_cost': 2228.831745920848, 'utilization_efficiency_cost': 0.09981957888660503, 'foundation_sustainability_cost': 0.0, 'node_profitability_cost': 95.38112741159934, 'decentralization_cost': 0.0}",0,0,1,7,10
7382,6010.80864403321,26404.853054958356,31692.225698991562,723.4359999999999,150.88417748807998,351.0,400720576.2688806,723436000.0,0,0.5539129601911995,8014.411525377613,80.14411525377612,1923.458766090627,2739.72602739726,24991820.02894527,1639830864.495068,9999830864.495068,21271.932058041282,190407.43699022848,0,0,73820000,6849315.068493151,68493150.68493152,3150684.9315068494,31506849.315068495,0,575989592.5630099,2170178.1006802777,0.003767599249334749,0.0034907478685932986,"{'total_cost': 682.9816477827159, 'price_stability_cost': 2228.831745920848, 'utilization_efficiency_cost': 0.09981957888660503, 'foundation_sustainability_cost': 0.0, 'node_profitability_cost': 95.38112741159934, 'decentralization_cost': 0.0}",0,0,1,8,10
7751,6010.80864403321,26404.853054958356,31692.225698991562,723.4359999999999,150.88417748807998,369.0,400720576.2688806,723436000.0,0,0.5539129601911995,8014.411525377613,80.14411525377612,1923.458766090627,2739.72602739726,24991820.02894527,1639830864.495068,9999830864.495068,21271.932058041282,190407.43699022848,0,0,77510000,6849315.068493151,68493150.68493152,3150684.9315068494,31506849.315068495,0,572299592.5630099,2184170.6970329103,0.0037920315318787203,0.004303117124561906,"{'total_cost': 682.9816477827159, 'price_stability_cost': 2228.831745920848, 'utilization_efficiency_cost': 0.09981957888660503, 'foundation_sustainability_cost': 0.0, 'node_profitability_cost': 95.38112741159934, 'decentralization_cost': 0.0}",0,0,1,9,10
7751,6010.80864403321,26404.853054958356,31692.225698991562,723.4359999999999,150.88417748807998,369.0,400720576.2688806,723436000.0,0,0.5539129601911995,8014.411525377613,80.14411525377612,1923.458766090627,2739.72602739726,24991820.02894527,1649809592.5630097,9999809592.56301,21271.932058041282,190407.43699022848,0,0,77510000,6849315.068493151,68493150.68493152,3150684.9315068494,31506849.315068495,0,572299592.5630099,2184170.6970329103,0.0037920315318787203,0.004303117124561906,"{'total_cost': 682.9816477827159, 'price_stability_cost': 2228.831745920848, 'utilization_efficiency_cost': 0.09981957888660503, 'foundation_sustainability_cost': 0.0, 'node_profitability_cost': 95.38112741159934, 'decentralization_cost': 0.0}",0,0,1,10,10
7751,6010.80864403321,26404.853054958356,31692.225698991562,723.4359999999999,150.88417748807998,369.0,400720576.2688806,723436000.0,0,0.5539129601911995,8014.411525377613,80.14411525377612,1923.458766090627,2739.72602739726,24991820.02894527,1649809592.5630097,9999809592.56301,21271.932058041282,190407.43699022848,0,0,77510000,6849315.068493151,68493150.68493152,3150684.9315068494,31506849.315068495,0,572299592.5630099,2184170.6970329103,0.0037920315318787203,0.004303117124561906,"{'total_cost': 634.5713381612659, 'price_stability_cost': 2074.1044341542597, 'utilization_efficiency_cost': 0.12133914898648887, 'foundation_sustainability_cost': 0.0, 'node_profitability_cost': 82.06448751827566, 'decentralization_cost': 0.0}",0,0,1,11,10
7751,6010.80864403321,26404.853054958356,31692.225698991562,723.4359999999999,150.88417748807998,369.0,400800720.38413435,723436000.0,0,0.5539129601911995,8014.411525377613,80.14411525377612,1923.458766090627,2739.72602739726,24991820.02894527,1649809592.5630097,9999809592.56301,21271.932058041282,190407.43699022848,0,0,77510000,6849315.068493151,68493150.68493152,3150684.9315068494,31506849.315068495,0,572299592.5630099,2184170.6970329103,0.0037920315318787203,0.004303117124561906,"{'total_cost': 634.5713381612659, 'price_stability_cost': 2074.1044341542597, 'utilization_efficiency_cost': 0.12133914898648887, 'foundation_sustainability_cost': 0.0, 'node_profitability_cost': 82.06448751827566, 'decentralization_cost': 0.0}",0,0,1,1,11
7751,6010.80864403321,26404.853054958356,31692.225698991562,723.4359999999999,150.88417748807998,369.0,400800720.38413435,723436000.0,0,0.5539129601911995,8014.411525377613,80.14411525377612,1923.458766090627,2739.72602739726,24991820.02894527,1649809592.5630097,9999809592.56301,21271.932058041282,190407.43699022848,0,0,77510000,6849315.068493151,75342465.75342467,3150684.9315068494,34657534.24657534,0,572299592.5630099,2184170.6970329103,0.0037920315318787203,0.004303117124561906,"{'total_cost': 634.5713381612659, 'price_stability_cost': 2074.1044341542597, 'utilization_efficiency_cost': 0.12133914898648887, 'foundation_sustainability_cost': 0.0, 'node_profitability_cost': 82.06448751827566, 'decentralization_cost': 0.0}",0,0,1,2,11
7751,6010.80864403321,26404.853054958356,31692.225698991562,723.4359999999999,150.88417748807998,369.0,400800720.38413435,759598000.0,0,0.5276484671946666,8014.411525377613,80.14411525377612,1923.458766090627,2739.72602739726,24991820.02894527,1649809592.5630097,9999809592.56301,21271.932058041282,190407.43699022848,0,0,77510000,6849315.068493151,75342465.75342467,3150684.9315068494,34657534.24657534,0,572299592.5630099,2184170.6970329103,0.0037920315318787203,0.004303117124561906,"{'total_cost': 634.5713381612659, 'price_stability_cost': 2074.1044341542597, 'utilization_efficiency_cost': 0.12133914898648887, 'foundation_sustainability_cost': 0.0, 'node_profitability_cost': 82.06448751827566, 'decentralization_cost': 0.0}",0,0,1,3,11
7751,6012.0108057620155,26404.853054958356,31692.225698991562,723.4359999999999,150.88417748807998,369.0,400800720.38413435,759598000.0,0,0.5276484671946666,8016.014407682687,80.16014407682688,1923.8434578438448,2739.72602739726,24991820.02894527,1649809592.5630097,9999809592.56301,21271.932058041282,190407.43699022848,0,0,77510000,6849315.068493151,75342465.75342467,3150684.9315068494,34657534.24657534,0,572299592.5630099,2184170.6970329103,0.0037920315318787203,0.004303117124561906,"{'total_cost': 634.5713381612659, 'price_stability_cost': 2074.1044341542597, 'utilization_efficiency_cost': 0.12133914898648887, 'foundation_sustainability_cost': 0.0, 'node_profitability_cost': 82.06448751827566, 'decentralization_cost': 0.0}",0,0,1,4,11
7751,6012.0108057620155,25831.134394312623,31083.547200074638,759.598,141.05492459463468,369.0,400800720.38413435,759598000.0,0,0.5276484671946666,8016.014407682687,80.16014407682688,1923.8434578438448,2739.72602739726,24991820.02894527,1649809592.5630097,9999809592.56301,21271.932058041282,190407.43699022848,0,0,77510000,6849315.068493151,75342465.75342467,3150684.9315068494,34657534.24657534,0,579148907.631503,2158339.5626385976,0.0037713456215696427,0.004303117124561906,"{'total_cost': 634.5713381612659, 'price_stability_cost': 2074.1044341542597, 'utilization_efficiency_cost': 0.12133914898648887, 'foundation_sustainability_cost': 0.0, 'node_profitability_cost': 82.06448751827566, 'decentralization_cost': 0.0}",0,0,1,5,11
7751,6012.0108057620155,25831.134394312623,31083.547200074638,759.598,141.05492459463468,369.0,400800720.38413435,759598000.0,0,0.5276484671946666,8016.014407682687,80.16014407682688,1923.8434578438448,2739.72602739726,24991004.14637572,1649809592.5630097,9999809592.56301,21271.932058041282,190407.43699022848,0,0,77510000,6849315.068493151,75342465.75342467,3150684.9315068494,34657534.24657534,0,579148907.631503,2158339.5626385976,0.0037713456215696427,0.004303117124561906,"{'total_cost': 634.5713381612659, 'price_stability_cost': 2074.1044341542597, 'utilization_efficiency_cost': 0.12133914898648887, 'foundation_sustainability_cost': 0.0, 'node_profitability_cost': 82.06448751827566, 'decentralization_cost': 0.0}",0,0,1,6,11
7751,6012.0108057620155,25831.134394312623,31083.547200074638,759.598,141.05492459463468,369.0,400800720.38413435,759598000.0,0,0.5276484671946666,8016.014407682687,80.16014407682688,1923.8434578438448,2739.72602739726,24991004.14637572,1649809592.5630097,9999809592.56301,21271.932058041282,190407.43699022848,0,0,77510000,6849315.068493151,75342465.75342467,3150684.9315068494,34657534.24657534,0,582299592.5630099,2146661.29938042,0.0037065792080303514,0.004303117124561906,"{'total_cost': 634.5713381612659, 'price_stability_cost': 2074.1044341542597, 'utilization_efficiency_cost': 0.12133914898648887, 'foundation_sustainability_cost': 0.0, 'node_profitability_cost': 82.06448751827566, 'decentralization_cost': 0.0}",0,0,1,7,11
7751,6012.0108057620155,25831.134394312623,31083.547200074638,759.598,141.05492459463468,369.0,400800720.38413435,759598000.0,0,0.5276484671946666,8016.014407682687,80.16014407682688,1923.8434578438448,2739.72602739726,24991004.14637572,1649809592.5630097,9999809592.56301,21743.28866134978,212150.72565157825,0,0,77510000,6849315.068493151,75342465.75342467,3150684.9315068494,34657534.24657534,0,582277849.2743485,2146741.4595244965,0.00368666144874934,0.004303117124561906,"{'total_cost': 634.5713381612659, 'price_stability_cost': 2074.1044341542597, 'utilization_efficiency_cost': 0.12133914898648887, 'foundation_sustainability_cost': 0.0, 'node_profitability_cost': 82.06448751827566, 'decentralization_cost': 0.0}",0,0,1,8,11
8138,6012.0108057620155,25831.134394312623,31083.547200074638,759.598,141.05492459463468,387.0,400800720.38413435,759598000.0,0,0.5276484671946666,8016.014407682687,80.16014407682688,1923.8434578438448,2739.72602739726,24991004.14637572,1649809592.5630097,9999809592.56301,21743.28866134978,212150.72565157825,0,0,81380000,6849315.068493151,75342465.75342467,3150684.9315068494,34657534.24657534,0,578407849.2743485,2161104.8355726996,0.003711466679122228,0.0052471163221787165,"{'total_cost': 634.5713381612659, 'price_stability_cost': 2074.1044341542597, 'utilization_efficiency_cost': 0.12133914898648887, 'foundation_sustainability_cost': 0.0, 'node_profitability_cost': 82.06448751827566, 'decentralization_cost': 0.0}",0,0,1,9,11
8138,6012.0108057620155,25831.134394312623,31083.547200074638,759.598,141.05492459463468,387.0,400800720.38413435,759598000.0,0,0.5276484671946666,8016.014407682687,80.16014407682688,1923.8434578438448,2739.72602739726,24991004.14637572,1659787849.2743485,9999787849.27435,21743.28866134978,212150.72565157825,0,0,81380000,6849315.068493151,75342465.75342467,3150684.9315068494,34657534.24657534,0,578407849.2743485,2161104.8355726996,0.003711466679122228,0.0052471163221787165,"{'total_cost': 634.5713381612659, 'price_stability_cost': 2074.1044341542597, 'utilization_efficiency_cost': 0.12133914898648887, 'foundation_sustainability_cost': 0.0, 'node_profitability_cost': 82.06448751827566, 'decentralization_cost': 0.0}",0,0,1,10,11
8138,6012.0108057620155,25831.134394312623,31083.547200074638,759.598,141.05492459463468,387.0,400800720.38413435,759598000.0,0,0.5276484671946666,8016.014407682687,80.16014407682688,1923.8434578438448,2739.72602739726,24991004.14637572,1659787849.2743485,9999787849.27435,21743.28866134978,212150.72565157825,0,0,81380000,6849315.068493151,75342465.75342467,3150684.9315068494,34657534.24657534,0,578407849.2743485,2161104.8355726996,0.003711466679122228,0.0052471163221787165,"{'total_cost': 588.0584860674435, 'price_stability_cost': 1924.764338434632, 'utilization_efficiency_cost': 0.14382077605805937, 'foundation_sustainability_cost': 0.0, 'node_profitability_cost': 70.62152895359571, 'decentralization_cost': 0.0}",0,0,1,11,11
8138,6012.0108057620155,25831.134394312623,31083.547200074638,759.598,141.05492459463468,387.0,400880880.5282112,759598000.0,0,0.5276484671946666,8016.014407682687,80.16014407682688,1923.8434578438448,2739.72602739726,24991004.14637572,1659787849.2743485,9999787849.27435,21743.28866134978,212150.72565157825,0,0,81380000,6849315.068493151,75342465.75342467,3150684.9315068494,34657534.24657534,0,578407849.2743485,2161104.8355726996,0.003711466679122228,0.0052471163221787165,"{'total_cost': 588.0584860674435, 'price_stability_cost': 1924.764338434632, 'utilization_efficiency_cost': 0.14382077605805937, 'foundation_sustainability_cost': 0.0, 'node_profitability_cost': 70.62152895359571, 'decentralization_cost': 0.0}",0,0,1,1,12
8138,6012.0108057620155,25831.134394312623,31083.547200074638,759.598,141.05492459463468,387.0,400880880.5282112,759598000.0,0,0.5276484671946666,8016.014407682687,80.16014407682688,1923.8434578438448,2739.72602739726,24991004.14637572,1659787849.2743485,9999787849.27435,21743.28866134978,212150.72565157825,0,0,81380000,6849315.068493151,82191780.82191783,3150684.9315068494,37808219.17808219,0,578407849.2743485,2161104.8355726996,0.003711466679122228,0.0052471163221787165,"{'total_cost': 588.0584860674435, 'price_stability_cost': 1924.764338434632, 'utilization_efficiency_cost': 0.14382077605805937, 'foundation_sustainability_cost': 0.0, 'node_profitability_cost': 70.62152895359571, 'decentralization_cost': 0.0}",0,0,1,2,12
8138,6012.0108057620155,25831.134394312623,31083.547200074638,759.598,141.05492459463468,387.0,400880880.5282112,797524000.0,0,0.5026568235290865,8016.014407682687,80.16014407682688,1923.8434578438448,2739.72602739726,24991004.14637572,1659787849.2743485,9999787849.27435,21743.28866134978,212150.72565157825,0,0,81380000,6849315.068493151,82191780.82191783,3150684.9315068494,37808219.17808219,0,578407849.2743485,2161104.8355726996,0.003711466679122228,0.0052471163221787165,"{'total_cost': 588.0584860674435, 'price_stability_cost': 1924.764338434632, 'utilization_efficiency_cost': 0.14382077605805937, 'foundation_sustainability_cost': 0.0, 'node_profitability_cost': 70.62152895359571, 'decentralization_cost': 0.0}",0,0,1,3,12
8138,6013.213207923169,25831.134394312623,31083.547200074638,759.598,141.05492459463468,387.0,400880880.5282112,797524000.0,0,0.5026568235290865,8017.617610564224,80.17617610564224,1924.2282265354138,2739.72602739726,24991004.14637572,1659787849.2743485,9999787849.27435,21743.28866134978,212150.72565157825,0,0,81380000,6849315.068493151,82191780.82191783,3150684.9315068494,37808219.17808219,0,578407849.2743485,2161104.8355726996,0.003711466679122228,0.0052471163221787165,"{'total_cost': 588.0584860674435, 'price_stability_cost': 1924.764338434632, 'utilization_efficiency_cost': 0.14382077605805937, 'foundation_sustainability_cost': 0.0, 'node_profitability_cost': 70.62152895359571, 'decentralization_cost': 0.0}",0,0,1,4,12
8138,6013.213207923169,25291.59627033714,30507.285478260306,797.524,131.95659293146974,387.0,400880880.5282112,797524000.0,0,0.5026568235290865,8017.617610564224,80.17617610564224,1924.2282265354138,2739.72602739726,24991004.14637572,1659787849.2743485,9999787849.27435,21743.28866134978,212150.72565157825,0,0,81380000,6849315.068493151,82191780.82191783,3150684.9315068494,37808219.17808219,0,585257164.3428416,2135813.2393023623,0.0036925730554692223,0.0052471163221787165,"{'total_cost': 588.0584860674435, 'price_stability_cost': 1924.764338434632, 'utilization_efficiency_cost': 0.14382077605805937, 'foundation_sustainability_cost': 0.0, 'node_profitability_cost': 70.62152895359571, 'decentralization_cost': 0.0}",0,0,1,5,12
8138,6013.213207923169,25291.59627033714,30507.285478260306,797.524,131.95659293146974,387.0,400880880.5282112,797524000.0,0,0.5026568235290865,8017.617610564224,80.17617610564224,1924.2282265354138,2739.72602739726,24990188.64857486,1659787849.2743485,9999787849.27435,21743.28866134978,212150.72565157825,0,0,81380000,6849315.068493151,82191780.82191783,3150684.9315068494,37808219.17808219,0,585257164.3428416,2135813.2393023623,0.0036925730554692223,0.0052471163221787165,"{'total_cost': 588.0584860674435, 'price_stability_cost': 1924.764338434632, 'utilization_efficiency_cost': 0.14382077605805937, 'foundation_sustainability_cost': 0.0, 'node_profitability_cost': 70.62152895359571, 'decentralization_cost': 0.0}",0,0,1,6,12
8138,6013.213207923169,25291.59627033714,30507.285478260306,797.524,131.95659293146974,387.0,400880880.5282112,797524000.0,0,0.5026568235290865,8017.617610564224,80.17617610564224,1924.2282265354138,2739.72602739726,24990188.64857486,1659787849.2743485,9999787849.27435,21743.28866134978,212150.72565157825,0,0,81380000,6849315.068493151,82191780.82191783,3150684.9315068494,37808219.17808219,0,588407849.2743485,2124376.827300242,0.0036298177224120057,0.0052471163221787165,"{'total_cost': 588.0584860674435, 'price_stability_cost': 1924.764338434632, 'utilization_efficiency_cost': 0.14382077605805937, 'foundation_sustainability_cost': 0.0, 'node_profitability_cost': 70.62152895359571, 'decentralization_cost': 0.0}",0,0,1,7,12
8138,6013.213207923169,25291.59627033714,30507.285478260306,797.524,131.95659293146974,387.0,400880880.5282112,797524000.0,0,0.5026568235290865,8017.617610564224,80.17617610564224,1924.2282265354138,2739.72602739726,24990188.64857486,1659787849.2743485,9999787849.27435,22206.282013787804,234357.00766536605,0,0,81380000,6849315.068493151,82191780.82191783,3150684.9315068494,37808219.17808219,0,588385642.9923347,2124457.003476348,0.003610517783024692,0.0052471163221787165,"{'total_cost': 588.0584860674435, 'price_stability_cost': 1924.764338434632, 'utilization_efficiency_cost': 0.14382077605805937, 'foundation_sustainability_cost': 0.0, 'node_profitability_cost': 70.62152895359571, 'decentralization_cost': 0.0}",0,0,1,8,12
8544,6013.213207923169,25291.59627033714,30507.285478260306,797.524,131.95659293146974,406.0,400880880.5282112,797524000.0,0,0.5026568235290865,8017.617610564224,80.17617610564224,1924.2282265354138,2739.72602739726,24990188.64857486,1659787849.2743485,9999787849.27435,22206.282013787804,234357.00766536605,0,0,85440000,6849315.068493151,82191780.82191783,3150684.9315068494,37808219.17808219,0,584325642.9923347,2139218.1140617807,0.0036357415235056126,0.00634370016427834,"{'total_cost': 588.0584860674435, 'price_stability_cost': 1924.764338434632, 'utilization_efficiency_cost': 0.14382077605805937, 'foundation_sustainability_cost': 0.0, 'node_profitability_cost': 70.62152895359571, 'decentralization_cost': 0.0}",0,0,1,9,12
8544,6013.213207923169,25291.59627033714,30507.285478260306,797.524,131.95659293146974,406.0,400880880.5282112,797524000.0,0,0.5026568235290865,8017.617610564224,80.17617610564224,1924.2282265354138,2739.72602739726,24990188.64857486,1669765642.9923348,9999765642.992334,22206.282013787804,234357.00766536605,0,0,85440000,6849315.068493151,82191780.82191783,3150684.9315068494,37808219.17808219,0,584325642.9923347,2139218.1140617807,0.0036357415235056126,0.00634370016427834,"{'total_cost': 588.0584860674435, 'price_stability_cost': 1924.764338434632, 'utilization_efficiency_cost': 0.14382077605805937, 'foundation_sustainability_cost': 0.0, 'node_profitability_cost': 70.62152895359571, 'decentralization_cost': 0.0}",0,0,1,10,12
8544,6013.213207923169,25291.59627033714,30507.285478260306,797.524,131.95659293146974,406.0,400880880.5282112,797524000.0,0,0.5026568235290865,8017.617610564224,80.17617610564224,1924.2282265354138,2739.72602739726,24990188.64857486,1669765642.9923348,9999765642.992334,22206.282013787804,234357.00766536605,0,0,85440000,6849315.068493151,82191780.82191783,3150684.9315068494,37808219.17808219,0,584325642.9923347,2139218.1140617807,0.0036357415235056126,0.00634370016427834,"{'total_cost': 543.8023873886389, 'price_stability_cost': 1782.1380372359022, 'utilization_efficiency_cost': 0.16698585777287775, 'foundation_sustainability_cost': 0.0, 'node_profitability_cost': 60.79486502283341, 'decentralization_cost': 0.0}",0,0,1,11,12
8544,6013.213207923169,25291.59627033714,30507.285478260306,797.524,131.95659293146974,406.0,400961056.7043168,797524000.0,0,0.5026568235290865,8017.617610564224,80.17617610564224,1924.2282265354138,2739.72602739726,24990188.64857486,1669765642.9923348,9999765642.992334,22206.282013787804,234357.00766536605,0,0,85440000,6849315.068493151,82191780.82191783,3150684.9315068494,37808219.17808219,0,584325642.9923347,2139218.1140617807,0.0036357415235056126,0.00634370016427834,"{'total_cost': 543.8023873886389, 'price_stability_cost': 1782.1380372359022, 'utilization_efficiency_cost': 0.16698585777287775, 'foundation_sustainability_cost': 0.0, 'node_profitability_cost': 60.79486502283341, 'decentralization_cost': 0.0}",0,0,1,1,13
8544,6013.213207923169,25291.59627033714,30507.285478260306,797.524,131.95659293146974,406.0,400961056.7043168,797524000.0,0,0.5026568235290865,8017.617610564224,80.17617610564224,1924.2282265354138,2739.72602739726,24990188.64857486,1669765642.9923348,9999765642.992334,22206.282013787804,234357.00766536605,0,0,85440000,6849315.068493151,89041095.89041099,3150684.9315068494,40958904.10958904,0,584325642.9923347,2139218.1140617807,0.0036357415235056126,0.00634370016427834,"{'total_cost': 543.8023873886389, 'price_stability_cost': 1782.1380372359022, 'utilization_efficiency_cost': 0.16698585777287775, 'foundation_sustainability_cost': 0.0, 'node_profitability_cost': 60.79486502283341, 'decentralization_cost': 0.0}",0,0,1,2,13
8544,6013.213207923169,25291.59627033714,30507.285478260306,797.524,131.95659293146974,406.0,400961056.7043168,837312000.0,0,0.47886696560459757,8017.617610564224,80.17617610564224,1924.2282265354138,2739.72602739726,24990188.64857486,1669765642.9923348,9999765642.992334,22206.282013787804,234357.00766536605,0,0,85440000,6849315.068493151,89041095.89041099,3150684.9315068494,40958904.10958904,0,584325642.9923347,2139218.1140617807,0.0036357415235056126,0.00634370016427834,"{'total_cost': 543.8023873886389, 'price_stability_cost': 1782.1380372359022, 'utilization_efficiency_cost': 0.16698585777287775, 'foundation_sustainability_cost': 0.0, 'node_profitability_cost': 60.79486502283341, 'decentralization_cost': 0.0}",0,0,1,3,13
8544,6014.415850564753,25291.59627033714,30507.285478260306,797.524,131.95659293146974,406.0,400961056.7043168,837312000.0,0,0.47886696560459757,8019.221134086337,80.19221134086337,1924.6130721807208,2739.72602739726,24990188.64857486,1669765642.9923348,9999765642.992334,22206.282013787804,234357.00766536605,0,0,85440000,6849315.068493151,89041095.89041099,3150684.9315068494,40958904.10958904,0,584325642.9923347,2139218.1140617807,0.0036357415235056126,0.00634370016427834,"{'total_cost': 543.8023873886389, 'price_stability_cost': 1782.1380372359022, 'utilization_efficiency_cost': 0.16698585777287775, 'foundation_sustainability_cost': 0.0, 'node_profitability_cost': 60.79486502283341, 'decentralization_cost': 0.0}",0,0,1,4,13
8544,6014.415850564753,24784.843579130844,29961.947429695596,837.312,123.52759783907612,406.0,400961056.7043168,837312000.0,0,0.47886696560459757,8019.221134086337,80.19221134086337,1924.6130721807208,2739.72602739726,24990188.64857486,1669765642.9923348,9999765642.992334,22206.282013787804,234357.00766536605,0,0,85440000,6849315.068493151,89041095.89041099,3150684.9315068494,40958904.10958904,0,591174958.0608279,2114433.27048265,0.003618587162553103,0.00634370016427834,"{'total_cost': 543.8023873886389, 'price_stability_cost': 1782.1380372359022, 'utilization_efficiency_cost': 0.16698585777287775, 'foundation_sustainability_cost': 0.0, 'node_profitability_cost': 60.79486502283341, 'decentralization_cost': 0.0}",0,0,1,5,13
8544,6014.415850564753,24784.843579130844,29961.947429695596,837.312,123.52759783907612,406.0,400961056.7043168,837312000.0,0,0.47886696560459757,8019.221134086337,80.19221134086337,1924.6130721807208,2739.72602739726,24989373.535619643,1669765642.9923348,9999765642.992334,22206.282013787804,234357.00766536605,0,0,85440000,6849315.068493151,89041095.89041099,3150684.9315068494,40958904.10958904,0,591174958.0608279,2114433.27048265,0.003618587162553103,0.00634370016427834,"{'total_cost': 543.8023873886389, 'price_stability_cost': 1782.1380372359022, 'utilization_efficiency_cost': 0.16698585777287775, 'foundation_sustainability_cost': 0.0, 'node_profitability_cost': 60.79486502283341, 'decentralization_cost': 0.0}",0,0,1,6,13
8544,6014.415850564753,24784.843579130844,29961.947429695596,837.312,123.52759783907612,406.0,400961056.7043168,837312000.0,0,0.47886696560459757,8019.221134086337,80.19221134086337,1924.6130721807208,2739.72602739726,24989373.535619643,1669765642.9923348,9999765642.992334,22206.282013787804,234357.00766536605,0,0,85440000,6849315.068493151,89041095.89041099,3150684.9315068494,40958904.10958904,0,594325642.9923347,2103224.073769473,0.003557701565486584,0.00634370016427834,"{'total_cost': 543.8023873886389, 'price_stability_cost': 1782.1380372359022, 'utilization_efficiency_cost': 0.16698585777287775, 'foundation_sustainability_cost': 0.0, 'node_profitability_cost': 60.79486502283341, 'decentralization_cost': 0.0}",0,0,1,7,13
8544,6014.415850564753,24784.843579130844,29961.947429695596,837.312,123.52759783907612,406.0,400961056.7043168,837312000.0,0,0.47886696560459757,8019.221134086337,80.19221134086337,1924.6130721807208,2739.72602739726,24989373.535619643,1669765642.9923348,9999765642.992334,22659.720868255292,257016.72853362135,0,0,85440000,6849315.068493151,89041095.89041099,3150684.9315068494,40958904.10958904,0,594302983.2714665,2103304.2659808137,0.003538976133338303,0.00634370016427834,"{'total_cost': 543.8023873886389, 'price_stability_cost': 1782.1380372359022, 'utilization_efficiency_cost': 0.16698585777287775, 'foundation_sustainability_cost': 0.0, 'node_profitability_cost': 60.79486502283341, 'decentralization_cost': 0.0}",0,0,1,8,13
8971,6014.415850564753,24784.843579130844,29961.947429695596,837.312,123.52759783907612,427.0,400961056.7043168,837312000.0,0,0.47886696560459757,8019.221134086337,80.19221134086337,1924.6130721807208,2739.72602739726,24989373.535619643,1669765642.9923348,9999765642.992334,22659.720868255292,257016.72853362135,0,0,89710000,6849315.068493151,89041095.89041099,3150684.9315068494,40958904.10958904,0,590032983.2714665,2118525.634057462,0.0035647232029622157,0.007617235144550309,"{'total_cost': 543.8023873886389, 'price_stability_cost': 1782.1380372359022, 'utilization_efficiency_cost': 0.16698585777287775, 'foundation_sustainability_cost': 0.0, 'node_profitability_cost': 60.79486502283341, 'decentralization_cost': 0.0}",0,0,1,9,13
8971,6014.415850564753,24784.843579130844,29961.947429695596,837.312,123.52759783907612,427.0,400961056.7043168,837312000.0,0,0.47886696560459757,8019.221134086337,80.19221134086337,1924.6130721807208,2739.72602739726,24989373.535619643,1679742983.2714665,9999742983.271467,22659.720868255292,257016.72853362135,0,0,89710000,6849315.068493151,89041095.89041099,3150684.9315068494,40958904.10958904,0,590032983.2714665,2118525.634057462,0.0035647232029622157,0.007617235144550309,"{'total_cost': 543.8023873886389, 'price_stability_cost': 1782.1380372359022, 'utilization_efficiency_cost': 0.16698585777287775, 'foundation_sustainability_cost': 0.0, 'node_profitability_cost': 60.79486502283341, 'decentralization_cost': 0.0}",0,0,1,10,13
8971,6014.415850564753,24784.843579130844,29961.947429695596,837.312,123.52759783907612,427.0,400961056.7043168,837312000.0,0,0.47886696560459757,8019.221134086337,80.19221134086337,1924.6130721807208,2739.72602739726,24989373.535619643,1679742983.2714665,9999742983.271467,22659.720868255292,257016.72853362135,0,0,89710000,6849315.068493151,89041095.89041099,3150684.9315068494,40958904.10958904,0,590032983.2714665,2118525.634057462,0.0035647232029622157,0.007617235144550309,"{'total_cost': 500.8954202213933, 'price_stability_cost': 1643.318665845405, 'utilization_efficiency_cost': 0.19064322383327192, 'foundation_sustainability_cost': 0.0, 'node_profitability_cost': 52.34773107875663, 'decentralization_cost': 0.0}",0,0,1,11,13
8971,6014.415850564753,24784.843579130844,29961.947429695596,837.312,123.52759783907612,427.0,401041248.91565764,837312000.0,0,0.47886696560459757,8019.221134086337,80.19221134086337,1924.6130721807208,2739.72602739726,24989373.535619643,1679742983.2714665,9999742983.271467,22659.720868255292,257016.72853362135,0,0,89710000,6849315.068493151,89041095.89041099,3150684.9315068494,40958904.10958904,0,590032983.2714665,2118525.634057462,0.0035647232029622157,0.007617235144550309,"{'total_cost': 500.8954202213933, 'price_stability_cost': 1643.318665845405, 'utilization_efficiency_cost': 0.19064322383327192, 'foundation_sustainability_cost': 0.0, 'node_profitability_cost': 52.34773107875663, 'decentralization_cost': 0.0}",0,0,1,1,14
8971,6014.415850564753,24784.843579130844,29961.947429695596,837.312,123.52759783907612,427.0,401041248.91565764,837312000.0,0,0.47886696560459757,8019.221134086337,80.19221134086337,1924.6130721807208,2739.72602739726,24989373.535619643,1679742983.2714665,9999742983.271467,22659.720868255292,257016.72853362135,0,0,89710000,6849315.068493151,95890410.95890415,3150684.9315068494,44109589.04109589,0,590032983.2714665,2118525.634057462,0.0035647232029622157,0.007617235144550309,"{'total_cost': 500.8954202213933, 'price_stability_cost': 1643.318665845405, 'utilization_efficiency_cost': 0.19064322383327192, 'foundation_sustainability_cost': 0.0, 'node_profitability_cost': 52.34773107875663, 'decentralization_cost': 0.0}",0,0,1,2,14
8971,6014.415850564753,24784.843579130844,29961.947429695596,837.312,123.52759783907612,427.0,401041248.91565764,879158000.0,0,0.45616515906771893,8019.221134086337,80.19221134086337,1924.6130721807208,2739.72602739726,24989373.535619643,1679742983.2714665,9999742983.271467,22659.720868255292,257016.72853362135,0,0,89710000,6849315.068493151,95890410.95890415,3150684.9315068494,44109589.04109589,0,590032983.2714665,2118525.634057462,0.0035647232029622157,0.007617235144550309,"{'total_cost': 500.8954202213933, 'price_stability_cost': 1643.318665845405, 'utilization_efficiency_cost': 0.19064322383327192, 'foundation_sustainability_cost': 0.0, 'node_profitability_cost': 52.34773107875663, 'decentralization_cost': 0.0}",0,0,1,3,14
8971,6015.618733734865,24784.843579130844,29961.947429695596,837.312,123.52759783907612,427.0,401041248.91565764,879158000.0,0,0.45616515906771893,8020.824978313153,80.20824978313154,1924.9979947951567,2739.72602739726,24989373.535619643,1679742983.2714665,9999742983.271467,22659.720868255292,257016.72853362135,0,0,89710000,6849315.068493151,95890410.95890415,3150684.9315068494,44109589.04109589,0,590032983.2714665,2118525.634057462,0.0035647232029622157,0.007617235144550309,"{'total_cost': 500.8954202213933, 'price_stability_cost': 1643.318665845405, 'utilization_efficiency_cost': 0.19064322383327192, 'foundation_sustainability_cost': 0.0, 'node_profitability_cost': 52.34773107875663, 'decentralization_cost': 0.0}",0,0,1,4,14
8971,6015.618733734865,24310.403556438236,29446.8642901731,879.158,115.70278585880484,427.0,401041248.91565764,879158000.0,0,0.45616515906771893,8020.824978313153,80.20824978313154,1924.9979947951567,2739.72602739726,24989373.535619643,1679742983.2714665,9999742983.271467,22659.720868255292,257016.72853362135,0,0,89710000,6849315.068493151,95890410.95890415,3150684.9315068494,44109589.04109589,0,596882298.3399596,2094215.230501024,0.0035493189192399824,0.007617235144550309,"{'total_cost': 500.8954202213933, 'price_stability_cost': 1643.318665845405, 'utilization_efficiency_cost': 0.19064322383327192, 'foundation_sustainability_cost': 0.0, 'node_profitability_cost': 52.34773107875663, 'decentralization_cost': 0.0}",0,0,1,5,14
8971,6015.618733734865,24310.403556438236,29446.8642901731,879.158,115.70278585880484,427.0,401041248.91565764,879158000.0,0,0.45616515906771893,8020.824978313153,80.20824978313154,1924.9979947951567,2739.72602739726,24988558.807587042,1679742983.2714665,9999742983.271467,22659.720868255292,257016.72853362135,0,0,89710000,6849315.068493151,95890410.95890415,3150684.9315068494,44109589.04109589,0,596882298.3399596,2094215.230501024,0.0035493189192399824,0.007617235144550309,"{'total_cost': 500.8954202213933, 'price_stability_cost': 1643.318665845405, 'utilization_efficiency_cost': 0.19064322383327192, 'foundation_sustainability_cost': 0.0, 'node_profitability_cost': 52.34773107875663, 'decentralization_cost': 0.0}",0,0,1,6,14
8971,6015.618733734865,24310.403556438236,29446.8642901731,879.158,115.70278585880484,427.0,401041248.91565764,879158000.0,0,0.45616515906771893,8020.824978313153,80.20824978313154,1924.9979947951567,2739.72602739726,24988558.807587042,1679742983.2714665,9999742983.271467,22659.720868255292,257016.72853362135,0,0,89710000,6849315.068493151,95890410.95890415,3150684.9315068494,44109589.04109589,0,600032983.2714665,2083218.8143805347,0.003490166855633602,0.007617235144550309,"{'total_cost': 500.8954202213933, 'price_stability_cost': 1643.318665845405, 'utilization_efficiency_cost': 0.19064322383327192, 'foundation_sustainability_cost': 0.0, 'node_profitability_cost': 52.34773107875663, 'decentralization_cost': 0.0}",0,0,1,7,14
8971,6015.618733734865,24310.403556438236,29446.8642901731,879.158,115.70278585880484,427.0,401041248.91565764,879158000.0,0,0.45616515906771893,8020.824978313153,80.20824978313154,1924.9979947951567,2739.72602739726,24988558.807587042,1679742983.2714665,9999742983.271467,23101.62625602865,280118.35478965,0,0,89710000,6849315.068493151,95890410.95890415,3150684.9315068494,44109589.04109589,0,600009881.6452105,2083299.0226303178,0.0034719741759392467,0.007617235144550309,"{'total_cost': 500.8954202213933, 'price_stability_cost': 1643.318665845405, 'utilization_efficiency_cost': 0.19064322383327192, 'foundation_sustainability_cost': 0.0, 'node_profitability_cost': 52.34773107875663, 'decentralization_cost': 0.0}",0,0,1,8,14
9419,6015.618733734865,24310.403556438236,29446.8642901731,879.158,115.70278585880484,448.0,401041248.91565764,879158000.0,0,0.45616515906771893,8020.824978313153,80.20824978313154,1924.9979947951567,2739.72602739726,24988558.807587042,1679742983.2714665,9999742983.271467,23101.62625602865,280118.35478965,0,0,94190000,6849315.068493151,95890410.95890415,3150684.9315068494,44109589.04109589,0,595529881.6452105,2098971.081932531,0.0034982275228154754,0.00909637176284331,"{'total_cost': 500.8954202213933, 'price_stability_cost': 1643.318665845405, 'utilization_efficiency_cost': 0.19064322383327192, 'foundation_sustainability_cost': 0.0, 'node_profitability_cost': 52.34773107875663, 'decentralization_cost': 0.0}",0,0,1,9,14
9419,6015.618733734865,24310.403556438236,29446.8642901731,879.158,115.70278585880484,448.0,401041248.91565764,879158000.0,0,0.45616515906771893,8020.824978313153,80.20824978313154,1924.9979947951567,2739.72602739726,24988558.807587042,1689719881.6452105,9999719881.64521,23101.62625602865,280118.35478965,0,0,94190000,6849315.068493151,95890410.95890415,3150684.9315068494,44109589.04109589,0,595529881.6452105,2098971.081932531,0.0034982275228154754,0.00909637176284331,"{'total_cost': 500.8954202213933, 'price_stability_cost': 1643.318665845405, 'utilization_efficiency_cost': 0.19064322383327192, 'foundation_sustainability_cost': 0.0, 'node_profitability_cost': 52.34773107875663, 'decentralization_cost': 0.0}",0,0,1,10,14
9419,6015.618733734865,24310.403556438236,29446.8642901731,879.158,115.70278585880484,448.0,401041248.91565764,879158000.0,0,0.45616515906771893,8020.824978313153,80.20824978313154,1924.9979947951567,2739.72602739726,24988558.807587042,1689719881.6452105,9999719881.64521,23101.62625602865,280118.35478965,0,0,94190000,6849315.068493151,95890410.95890415,3150684.9315068494,44109589.04109589,0,595529881.6452105,2098971.081932531,0.0034982275228154754,0.00909637176284331,"{'total_cost': 458.9777986971299, 'price_stability_cost': 1507.2114270732463, 'utilization_efficiency_cost': 0.21467942135938425, 'foundation_sustainability_cost': 0.0, 'node_profitability_cost': 45.071338132108025, 'decentralization_cost': 0.0}",0,0,1,11,14
9419,6015.618733734865,24310.403556438236,29446.8642901731,879.158,115.70278585880484,448.0,401121457.16544074,879158000.0,0,0.45616515906771893,8020.824978313153,80.20824978313154,1924.9979947951567,2739.72602739726,24988558.807587042,1689719881.6452105,9999719881.64521,23101.62625602865,280118.35478965,0,0,94190000,6849315.068493151,95890410.95890415,3150684.9315068494,44109589.04109589,0,595529881.6452105,2098971.081932531,0.0034982275228154754,0.00909637176284331,"{'total_cost': 458.9777986971299, 'price_stability_cost': 1507.2114270732463, 'utilization_efficiency_cost': 0.21467942135938425, 'foundation_sustainability_cost': 0.0, 'node_profitability_cost': 45.071338132108025, 'decentralization_cost': 0.0}",0,0,1,1,15
9419,6015.618733734865,24310.403556438236,29446.8642901731,879.158,115.70278585880484,448.0,401121457.16544074,879158000.0,0,0.45616515906771893,8020.824978313153,80.20824978313154,1924.9979947951567,2739.72602739726,24988558.807587042,1689719881.6452105,9999719881.64521,23101.62625602865,280118.35478965,0,0,94190000,6849315.068493151,102739726.0273973,3150684.9315068494,47260273.97260274,0,595529881.6452105,2098971.081932531,0.0034982275228154754,0.00909637176284331,"{'total_cost': 458.9777986971299, 'price_stability_cost': 1507.2114270732463, 'utilization_efficiency_cost': 0.21467942135938425, 'foundation_sustainability_cost': 0.0, 'node_profitability_cost': 45.071338132108025, 'decentralization_cost': 0.0}",0,0,1,2,15
9419,6015.618733734865,24310.403556438236,29446.8642901731,879.158,115.70278585880484,448.0,401121457.16544074,923062000.0,0,0.4345552705727684,8020.824978313153,80.20824978313154,1924.9979947951567,2739.72602739726,24988558.807587042,1689719881.6452105,9999719881.64521,23101.62625602865,280118.35478965,0,0,94190000,6849315.068493151,102739726.0273973,3150684.9315068494,47260273.97260274,0,595529881.6452105,2098971.081932531,0.0034982275228154754,0.00909637176284331,"{'total_cost': 458.9777986971299, 'price_stability_cost': 1507.2114270732463, 'utilization_efficiency_cost': 0.21467942135938425, 'foundation_sustainability_cost': 0.0, 'node_profitability_cost': 45.071338132108025, 'decentralization_cost': 0.0}",0,0,1,3,15
9419,6016.821857481612,24310.403556438236,29446.8642901731,879.158,115.70278585880484,448.0,401121457.16544074,923062000.0,0,0.4345552705727684,8022.429143308816,80.22429143308815,1925.3829943941157,2739.72602739726,24988558.807587042,1689719881.6452105,9999719881.64521,23101.62625602865,280118.35478965,0,0,94190000,6849315.068493151,102739726.0273973,3150684.9315068494,47260273.97260274,0,595529881.6452105,2098971.081932531,0.0034982275228154754,0.00909637176284331,"{'total_cost': 458.9777986971299, 'price_stability_cost': 1507.2114270732463, 'utilization_efficiency_cost': 0.21467942135938425, 'foundation_sustainability_cost': 0.0, 'node_profitability_cost': 45.071338132108025, 'decentralization_cost': 0.0}",0,0,1,4,15
9419,6016.821857481612,23866.21971383363,28959.97957131524,923.062,108.44540301067399,448.0,401121457.16544074,923062000.0,0,0.4345552705727684,8022.429143308816,80.22429143308815,1925.3829943941157,2739.72602739726,24988558.807587042,1689719881.6452105,9999719881.64521,23101.62625602865,280118.35478965,0,0,94190000,6849315.068493151,102739726.0273973,3150684.9315068494,47260273.97260274,0,602379196.7137036,2075104.8622186976,0.00348446807821971,0.00909637176284331,"{'total_cost': 458.9777986971299, 'price_stability_cost': 1507.2114270732463, 'utilization_efficiency_cost': 0.21467942135938425, 'foundation_sustainability_cost': 0.0, 'node_profitability_cost': 45.071338132108025, 'decentralization_cost': 0.0}",0,0,1,5,15
9419,6016.821857481612,23866.21971383363,28959.97957131524,923.062,108.44540301067399,448.0,401121457.16544074,923062000.0,0,0.4345552705727684,8022.429143308816,80.22429143308815,1925.3829943941157,2739.72602739726,24987744.46455404,1689719881.6452105,9999719881.64521,23101.62625602865,280118.35478965,0,0,94190000,6849315.068493151,102739726.0273973,3150684.9315068494,47260273.97260274,0,602379196.7137036,2075104.8622186976,0.00348446807821971,0.00909637176284331,"{'total_cost': 458.9777986971299, 'price_stability_cost': 1507.2114270732463, 'utilization_efficiency_cost': 0.21467942135938425, 'foundation_sustainability_cost': 0.0, 'node_profitability_cost': 45.071338132108025, 'decentralization_cost': 0.0}",0,0,1,6,15
9419,6016.821857481612,23866.21971383363,28959.97957131524,923.062,108.44540301067399,448.0,401121457.16544074,923062000.0,0,0.4345552705727684,8022.429143308816,80.22429143308815,1925.3829943941157,2739.72602739726,24987744.46455404,1689719881.6452105,9999719881.64521,23101.62625602865,280118.35478965,0,0,94190000,6849315.068493151,102739726.0273973,3150684.9315068494,47260273.97260274,0,605529881.6452105,2064307.7045244721,0.003426923963819401,0.00909637176284331,"{'total_cost': 458.9777986971299, 'price_stability_cost': 1507.2114270732463, 'utilization_efficiency_cost': 0.21467942135938425, 'foundation_sustainability_cost': 0.0, 'node_profitability_cost': 45.071338132108025, 'decentralization_cost': 0.0}",0,0,1,7,15
9419,6016.821857481612,23866.21971383363,28959.97957131524,923.062,108.44540301067399,448.0,401121457.16544074,923062000.0,0,0.4345552705727684,8022.429143308816,80.22429143308815,1925.3829943941157,2739.72602739726,24987744.46455404,1689719881.6452105,9999719881.64521,23531.52962118525,303649.8844108353,0,0,94190000,6849315.068493151,102739726.0273973,3150684.9315068494,47260273.97260274,0,605506350.1155893,2064387.9288159052,0.0034092255252655933,0.00909637176284331,"{'total_cost': 458.9777986971299, 'price_stability_cost': 1507.2114270732463, 'utilization_efficiency_cost': 0.21467942135938425, 'foundation_sustainability_cost': 0.0, 'node_profitability_cost': 45.071338132108025, 'decentralization_cost': 0.0}",0,0,1,8,15
9889,6016.821857481612,23866.21971383363,28959.97957131524,923.062,108.44540301067399,470.0,401121457.16544074,923062000.0,0,0.4345552705727684,8022.429143308816,80.22429143308815,1925.3829943941157,2739.72602739726,24987744.46455404,1689719881.6452105,9999719881.64521,23531.52962118525,303649.8844108353,0,0,98890000,6849315.068493151,102739726.0273973,3150684.9315068494,47260273.97260274,0,600806350.1155893,2080537.2642275034,0.003436028810978341,0.010814182750417435,"{'total_cost': 458.9777986971299, 'price_stability_cost': 1507.2114270732463, 'utilization_efficiency_cost': 0.21467942135938425, 'foundation_sustainability_cost': 0.0, 'node_profitability_cost': 45.071338132108025, 'decentralization_cost': 0.0}",0,0,1,9,15
9889,6016.821857481612,23866.21971383363,28959.97957131524,923.062,108.44540301067399,470.0,401121457.16544074,923062000.0,0,0.4345552705727684,8022.429143308816,80.22429143308815,1925.3829943941157,2739.72602739726,24987744.46455404,1699696350.1155891,9999696350.11559,23531.52962118525,303649.8844108353,0,0,98890000,6849315.068493151,102739726.0273973,3150684.9315068494,47260273.97260274,0,600806350.1155893,2080537.2642275034,0.003436028810978341,0.010814182750417435,"{'total_cost': 458.9777986971299, 'price_stability_cost': 1507.2114270732463, 'utilization_efficiency_cost': 0.21467942135938425, 'foundation_sustainability_cost': 0.0, 'node_profitability_cost': 45.071338132108025, 'decentralization_cost': 0.0}",0,0,1,10,15
9889,6016.821857481612,23866.21971383363,28959.97957131524,923.062,108.44540301067399,470.0,401121457.16544074,923062000.0,0,0.4345552705727684,8022.429143308816,80.22429143308815,1925.3829943941157,2739.72602739726,24987744.46455404,1699696350.1155891,9999696350.11559,23531.52962118525,303649.8844108353,0,0,98890000,6849315.068493151,102739726.0273973,3150684.9315068494,47260273.97260274,0,600806350.1155893,2080537.2642275034,0.003436028810978341,0.010814182750417435,"{'total_cost': 418.8533189729278, 'price_stability_cost': 1376.574118415354, 'utilization_efficiency_cost': 0.2388848764136549, 'foundation_sustainability_cost': 0.0, 'node_profitability_cost': 38.80908152812123, 'decentralization_cost': 0.0}",0,0,1,11,15
9889,6016.821857481612,23866.21971383363,28959.97957131524,923.062,108.44540301067399,470.0,401201681.45687383,923062000.0,0,0.4345552705727684,8022.429143308816,80.22429143308815,1925.3829943941157,2739.72602739726,24987744.46455404,1699696350.1155891,9999696350.11559,23531.52962118525,303649.8844108353,0,0,98890000,6849315.068493151,102739726.0273973,3150684.9315068494,47260273.97260274,0,600806350.1155893,2080537.2642275034,0.003436028810978341,0.010814182750417435,"{'total_cost': 418.8533189729278, 'price_stability_cost': 1376.574118415354, 'utilization_efficiency_cost': 0.2388848764136549, 'foundation_sustainability_cost': 0.0, 'node_profitability_cost': 38.80908152812123, 'decentralization_cost': 0.0}",0,0,1,1,16
9889,6016.821857481612,23866.21971383363,28959.97957131524,923.062,108.44540301067399,470.0,401201681.45687383,923062000.0,0,0.4345552705727684,8022.429143308816,80.22429143308815,1925.3829943941157,2739.72602739726,24987744.46455404,1699696350.1155891,9999696350.11559,23531.52962118525,303649.8844108353,0,0,98890000,6849315.068493151,109589041.09589046,3150684.9315068494,50410958.90410959,0,600806350.1155893,2080537.2642275034,0.003436028810978341,0.010814182750417435,"{'total_cost': 418.8533189729278, 'price_stability_cost': 1376.574118415354, 'utilization_efficiency_cost': 0.2388848764136549, 'foundation_sustainability_cost': 0.0, 'node_profitability_cost': 38.80908152812123, 'decentralization_cost': 0.0}",0,0,1,2,16
9889,6016.821857481612,23866.21971383363,28959.97957131524,923.062,108.44540301067399,470.0,401201681.45687383,969122000.0,0,0.4139847010560836,8022.429143308816,80.22429143308815,1925.3829943941157,2739.72602739726,24987744.46455404,1699696350.1155891,9999696350.11559,23531.52962118525,303649.8844108353,0,0,98890000,6849315.068493151,109589041.09589046,3150684.9315068494,50410958.90410959,0,600806350.1155893,2080537.2642275034,0.003436028810978341,0.010814182750417435,"{'total_cost': 418.8533189729278, 'price_stability_cost': 1376.574118415354, 'utilization_efficiency_cost': 0.2388848764136549, 'foundation_sustainability_cost': 0.0, 'node_profitability_cost': 38.80908152812123, 'decentralization_cost': 0.0}",0,0,1,3,16
9889,6018.025221853108,23866.21971383363,28959.97957131524,923.062,108.44540301067399,470.0,401201681.45687383,969122000.0,0,0.4139847010560836,8024.033629137477,80.24033629137477,1925.7680709929944,2739.72602739726,24987744.46455404,1699696350.1155891,9999696350.11559,23531.52962118525,303649.8844108353,0,0,98890000,6849315.068493151,109589041.09589046,3150684.9315068494,50410958.90410959,0,600806350.1155893,2080537.2642275034,0.003436028810978341,0.010814182750417435,"{'total_cost': 418.8533189729278, 'price_stability_cost': 1376.574118415354, 'utilization_efficiency_cost': 0.2388848764136549, 'foundation_sustainability_cost': 0.0, 'node_profitability_cost': 38.80908152812123, 'decentralization_cost': 0.0}",0,0,1,4,16
9889,6018.025221853108,23451.201150437726,28500.104372290833,969.122,101.71058002388189,470.0,401201681.45687383,969122000.0,0,0.4139847010560836,8024.033629137477,80.24033629137477,1925.7680709929944,2739.72602739726,24987744.46455404,1699696350.1155891,9999696350.11559,23531.52962118525,303649.8844108353,0,0,98890000,6849315.068493151,109589041.09589046,3150684.9315068494,50410958.90410959,0,607655665.1840824,2057086.0630770656,0.003423875367963908,0.010814182750417435,"{'total_cost': 418.8533189729278, 'price_stability_cost': 1376.574118415354, 'utilization_efficiency_cost': 0.2388848764136549, 'foundation_sustainability_cost': 0.0, 'node_profitability_cost': 38.80908152812123, 'decentralization_cost': 0.0}",0,0,1,5,16
9889,6018.025221853108,23451.201150437726,28500.104372290833,969.122,101.71058002388189,470.0,401201681.45687383,969122000.0,0,0.4139847010560836,8024.033629137477,80.24033629137477,1925.7680709929944,2739.72602739726,24986930.506597638,1699696350.1155891,9999696350.11559,23531.52962118525,303649.8844108353,0,0,98890000,6849315.068493151,109589041.09589046,3150684.9315068494,50410958.90410959,0,607655665.1840824,2057086.0630770656,0.003423875367963908,0.010814182750417435,"{'total_cost': 418.8533189729278, 'price_stability_cost': 1376.574118415354, 'utilization_efficiency_cost': 0.2388848764136549, 'foundation_sustainability_cost': 0.0, 'node_profitability_cost': 38.80908152812123, 'decentralization_cost': 0.0}",0,0,1,6,16
9889,6018.025221853108,23451.201150437726,28500.104372290833,969.122,101.71058002388189,470.0,401201681.45687383,969122000.0,0,0.4139847010560836,8024.033629137477,80.24033629137477,1925.7680709929944,2739.72602739726,24986930.506597638,1699696350.1155891,9999696350.11559,23531.52962118525,303649.8844108353,0,0,98890000,6849315.068493151,109589041.09589046,3150684.9315068494,50410958.90410959,0,610806350.1155893,2046475.1222109087,0.0033678203618671973,0.010814182750417435,"{'total_cost': 418.8533189729278, 'price_stability_cost': 1376.574118415354, 'utilization_efficiency_cost': 0.2388848764136549, 'foundation_sustainability_cost': 0.0, 'node_profitability_cost': 38.80908152812123, 'decentralization_cost': 0.0}",0,0,1,7,16
9889,6018.025221853108,23451.201150437726,28500.104372290833,969.122,101.71058002388189,470.0,401201681.45687383,969122000.0,0,0.4139847010560836,8024.033629137477,80.24033629137477,1925.7680709929944,2739.72602739726,24986930.506597638,1699696350.1155891,9999696350.11559,23948.19502032979,327598.07943116507,0,0,98890000,6849315.068493151,109589041.09589046,3150684.9315068494,50410958.90410959,0,610782401.920569,2046555.3625472,0.0033505797085441385,0.010814182750417435,"{'total_cost': 418.8533189729278, 'price_stability_cost': 1376.574118415354, 'utilization_efficiency_cost': 0.2388848764136549, 'foundation_sustainability_cost': 0.0, 'node_profitability_cost': 38.80908152812123, 'decentralization_cost': 0.0}",0,0,1,8,16
10383,6018.025221853108,23451.201150437726,28500.104372290833,969.122,101.71058002388189,494.0,401201681.45687383,969122000.0,0,0.4139847010560836,8024.033629137477,80.24033629137477,1925.7680709929944,2739.72602739726,24986930.506597638,1699696350.1155891,9999696350.11559,23948.19502032979,327598.07943116507,0,0,103830000,6849315.068493151,109589041.09589046,3150684.9315068494,50410958.90410959,0,605842401.920569,2063242.8434150522,0.0033780325643425675,0.012809201935490745,"{'total_cost': 418.8533189729278, 'price_stability_cost': 1376.574118415354, 'utilization_efficiency_cost': 0.2388848764136549, 'foundation_sustainability_cost': 0.0, 'node_profitability_cost': 38.80908152812123, 'decentralization_cost': 0.0}",0,0,1,9,16
10383,6018.025221853108,23451.201150437726,28500.104372290833,969.122,101.71058002388189,494.0,401201681.45687383,969122000.0,0,0.4139847010560836,8024.033629137477,80.24033629137477,1925.7680709929944,2739.72602739726,24986930.506597638,1709672401.920569,9999672401.920568,23948.19502032979,327598.07943116507,0,0,103830000,6849315.068493151,109589041.09589046,3150684.9315068494,50410958.90410959,0,605842401.920569,2063242.8434150522,0.0033780325643425675,0.012809201935490745,"{'total_cost': 418.8533189729278, 'price_stability_cost': 1376.574118415354, 'utilization_efficiency_cost': 0.2388848764136549, 'foundation_sustainability_cost': 0.0, 'node_profitability_cost': 38.80908152812123, 'decentralization_cost': 0.0}",0,0,1,10,16
10383,6018.025221853108,23451.201150437726,28500.104372290833,969.122,101.71058002388189,494.0,401201681.45687383,969122000.0,0,0.4139847010560836,8024.033629137477,80.24033629137477,1925.7680709929944,2739.72602739726,24986930.506597638,1709672401.920569,9999672401.920568,23948.19502032979,327598.07943116507,0,0,103830000,6849315.068493151,109589041.09589046,3150684.9315068494,50410958.90410959,0,605842401.920569,2063242.8434150522,0.0033780325643425675,0.012809201935490745,"{'total_cost': 380.1520418966863, 'price_stability_cost': 1250.2459233081274, 'utilization_efficiency_cost': 0.2631271154507305, 'foundation_sustainability_cost': 0.0, 'node_profitability_cost': 33.41655416923567, 'decentralization_cost': 0.0}",0,0,1,11,16
10383,6018.025221853108,23451.201150437726,28500.104372290833,969.122,101.71058002388189,494.0,401281921.7931652,969122000.0,0,0.4139847010560836,8024.033629137477,80.24033629137477,1925.7680709929944,2739.72602739726,24986930.506597638,1709672401.920569,9999672401.920568,23948.19502032979,327598.07943116507,0,0,103830000,6849315.068493151,109589041.09589046,3150684.9315068494,50410958.90410959,0,605842401.920569,2063242.8434150522,0.0033780325643425675,0.012809201935490745,"{'total_cost': 380.1520418966863, 'price_stability_cost': 1250.2459233081274, 'utilization_efficiency_cost': 0.2631271154507305, 'foundation_sustainability_cost': 0.0, 'node_profitability_cost': 33.41655416923567, 'decentralization_cost': 0.0}",0,0,1,1,17
10383,6018.025221853108,23451.201150437726,28500.104372290833,969.122,101.71058002388189,494.0,401281921.7931652,969122000.0,0,0.4139847010560836,8024.033629137477,80.24033629137477,1925.7680709929944,2739.72602739726,24986930.506597638,1709672401.920569,9999672401.920568,23948.19502032979,327598.07943116507,0,0,103830000,6849315.068493151,116438356.16438362,3150684.9315068494,53561643.83561644,0,605842401.920569,2063242.8434150522,0.0033780325643425675,0.012809201935490745,"{'total_cost': 380.1520418966863, 'price_stability_cost': 1250.2459233081274, 'utilization_efficiency_cost': 0.2631271154507305, 'foundation_sustainability_cost': 0.0, 'node_profitability_cost': 33.41655416923567, 'decentralization_cost': 0.0}",0,0,1,2,17
10383,6018.025221853108,23451.201150437726,28500.104372290833,969.122,101.71058002388189,494.0,401281921.7931652,1017534000.0,0,0.3943670892502513,8024.033629137477,80.24033629137477,1925.7680709929944,2739.72602739726,24986930.506597638,1709672401.920569,9999672401.920568,23948.19502032979,327598.07943116507,0,0,103830000,6849315.068493151,116438356.16438362,3150684.9315068494,53561643.83561644,0,605842401.920569,2063242.8434150522,0.0033780325643425675,0.012809201935490745,"{'total_cost': 380.1520418966863, 'price_stability_cost': 1250.2459233081274, 'utilization_efficiency_cost': 0.2631271154507305, 'foundation_sustainability_cost': 0.0, 'node_profitability_cost': 33.41655416923567, 'decentralization_cost': 0.0}",0,0,1,3,17
10383,6019.228826897479,23451.201150437726,28500.104372290833,969.122,101.71058002388189,494.0,401281921.7931652,1017534000.0,0,0.3943670892502513,8025.638435863305,80.25638435863306,1926.1532246071931,2739.72602739726,24986930.506597638,1709672401.920569,9999672401.920568,23948.19502032979,327598.07943116507,0,0,103830000,6849315.068493151,116438356.16438362,3150684.9315068494,53561643.83561644,0,605842401.920569,2063242.8434150522,0.0033780325643425675,0.012809201935490745,"{'total_cost': 380.1520418966863, 'price_stability_cost': 1250.2459233081274, 'utilization_efficiency_cost': 0.2631271154507305, 'foundation_sustainability_cost': 0.0, 'node_profitability_cost': 33.41655416923567, 'decentralization_cost': 0.0}",0,0,1,4,17
10383,6019.228826897479,23065.107468419807,28066.802295317284,1017.534,95.45065418363986,494.0,401281921.7931652,1017534000.0,0,0.3943670892502513,8025.638435863305,80.25638435863306,1926.1532246071931,2739.72602739726,24986930.506597638,1709672401.920569,9999672401.920568,23948.19502032979,327598.07943116507,0,0,103830000,6849315.068493151,116438356.16438362,3150684.9315068494,53561643.83561644,0,612691716.9890621,2040177.7359466325,0.0033675056903892915,0.012809201935490745,"{'total_cost': 380.1520418966863, 'price_stability_cost': 1250.2459233081274, 'utilization_efficiency_cost': 0.2631271154507305, 'foundation_sustainability_cost': 0.0, 'node_profitability_cost': 33.41655416923567, 'decentralization_cost': 0.0}",0,0,1,5,17
10383,6019.228826897479,23065.107468419807,28066.802295317284,1017.534,95.45065418363986,494.0,401281921.7931652,1017534000.0,0,0.3943670892502513,8025.638435863305,80.25638435863306,1926.1532246071931,2739.72602739726,24986116.93379485,1709672401.920569,9999672401.920568,23948.19502032979,327598.07943116507,0,0,103830000,6849315.068493151,116438356.16438362,3150684.9315068494,53561643.83561644,0,612691716.9890621,2040177.7359466325,0.0033675056903892915,0.012809201935490745,"{'total_cost': 380.1520418966863, 'price_stability_cost': 1250.2459233081274, 'utilization_efficiency_cost': 0.2631271154507305, 'foundation_sustainability_cost': 0.0, 'node_profitability_cost': 33.41655416923567, 'decentralization_cost': 0.0}",0,0,1,6,17
10383,6019.228826897479,23065.107468419807,28066.802295317284,1017.534,95.45065418363986,494.0,401281921.7931652,1017534000.0,0,0.3943670892502513,8025.638435863305,80.25638435863306,1926.1532246071931,2739.72602739726,24986116.93379485,1709672401.920569,9999672401.920568,23948.19502032979,327598.07943116507,0,0,103830000,6849315.068493151,116438356.16438362,3150684.9315068494,53561643.83561644,0,615842401.920569,2029740.0700272406,0.0033128244005026686,0.012809201935490745,"{'total_cost': 380.1520418966863, 'price_stability_cost': 1250.2459233081274, 'utilization_efficiency_cost': 0.2631271154507305, 'foundation_sustainability_cost': 0.0, 'node_profitability_cost': 33.41655416923567, 'decentralization_cost': 0.0}",0,0,1,7,17
10383,6019.228826897479,23065.107468419807,28066.802295317284,1017.534,95.45065418363986,494.0,401281921.7931652,1017534000.0,0,0.3943670892502513,8025.638435863305,80.25638435863306,1926.1532246071931,2739.72602739726,24986116.93379485,1709672401.920569,9999672401.920568,24349.58595584518,351947.66538701026,0,0,103830000,6849315.068493151,116438356.16438362,3150684.9315068494,53561643.83561644,0,615818052.3346131,2029820.3264115993,0.003296006121178718,0.012809201935490745,"{'total_cost': 380.1520418966863, 'price_stability_cost': 1250.2459233081274, 'utilization_efficiency_cost': 0.2631271154507305, 'foundation_sustainability_cost': 0.0, 'node_profitability_cost': 33.41655416923567, 'decentralization_cost': 0.0}",0,0,1,8,17
10902,6019.228826897479,23065.107468419807,28066.802295317284,1017.534,95.45065418363986,519.0,401281921.7931652,1017534000.0,0,0.3943670892502513,8025.638435863305,80.25638435863306,1926.1532246071931,2739.72602739726,24986116.93379485,1709672401.920569,9999672401.920568,24349.58595584518,351947.66538701026,0,0,109020000,6849315.068493151,116438356.16438362,3150684.9315068494,53561643.83561644,0,610628052.3346131,2047072.6741440669,0.0033241517788955015,0.01512676787325467,"{'total_cost': 380.1520418966863, 'price_stability_cost': 1250.2459233081274, 'utilization_efficiency_cost': 0.2631271154507305, 'foundation_sustainability_cost': 0.0, 'node_profitability_cost': 33.41655416923567, 'decentralization_cost': 0.0}",0,0,1,9,17
10902,6019.228826897479,23065.107468419807,28066.802295317284,1017.534,95.45065418363986,519.0,401281921.7931652,1017534000.0,0,0.3943670892502513,8025.638435863305,80.25638435863306,1926.1532246071931,2739.72602739726,24986116.93379485,1719648052.334613,9999648052.334614,24349.58595584518,351947.66538701026,0,0,109020000,6849315.068493151,116438356.16438362,3150684.9315068494,53561643.83561644,0,610628052.3346131,2047072.6741440669,0.0033241517788955015,0.01512676787325467,"{'total_cost': 380.1520418966863, 'price_stability_cost': 1250.2459233081274, 'utilization_efficiency_cost': 0.2631271154507305, 'foundation_sustainability_cost': 0.0, 'node_profitability_cost': 33.41655416923567, 'decentralization_cost': 0.0}",0,0,1,10,17
10902,6019.228826897479,23065.107468419807,28066.802295317284,1017.534,95.45065418363986,519.0,401281921.7931652,1017534000.0,0,0.3943670892502513,8025.638435863305,80.25638435863306,1926.1532246071931,2739.72602739726,24986116.93379485,1719648052.334613,9999648052.334614,24349.58595584518,351947.66538701026,0,0,109020000,6849315.068493151,116438356.16438362,3150684.9315068494,53561643.83561644,0,610628052.3346131,2047072.6741440669,0.0033241517788955015,0.01512676787325467,"{'total_cost': 342.2683994240428, 'price_stability_cost': 1126.2723106935061, 'utilization_efficiency_cost': 0.28733750776233696, 'foundation_sustainability_cost': 0.0, 'node_profitability_cost': 28.76581226033604, 'decentralization_cost': 0.0}",0,0,1,11,17
10902,6019.228826897479,23065.107468419807,28066.802295317284,1017.534,95.45065418363986,519.0,401362178.17752385,1017534000.0,0,0.3943670892502513,8025.638435863305,80.25638435863306,1926.1532246071931,2739.72602739726,24986116.93379485,1719648052.334613,9999648052.334614,24349.58595584518,351947.66538701026,0,0,109020000,6849315.068493151,116438356.16438362,3150684.9315068494,53561643.83561644,0,610628052.3346131,2047072.6741440669,0.0033241517788955015,0.01512676787325467,"{'total_cost': 342.2683994240428, 'price_stability_cost': 1126.2723106935061, 'utilization_efficiency_cost': 0.28733750776233696, 'foundation_sustainability_cost': 0.0, 'node_profitability_cost': 28.76581226033604, 'decentralization_cost': 0.0}",0,0,1,1,18
10902,6019.228826897479,23065.107468419807,28066.802295317284,1017.534,95.45065418363986,519.0,401362178.17752385,1017534000.0,0,0.3943670892502513,8025.638435863305,80.25638435863306,1926.1532246071931,2739.72602739726,24986116.93379485,1719648052.334613,9999648052.334614,24349.58595584518,351947.66538701026,0,0,109020000,6849315.068493151,123287671.23287678,3150684.9315068494,56712328.76712329,0,610628052.3346131,2047072.6741440669,0.0033241517788955015,0.01512676787325467,"{'total_cost': 342.2683994240428, 'price_stability_cost': 1126.2723106935061, 'utilization_efficiency_cost': 0.28733750776233696, 'foundation_sustainability_cost': 0.0, 'node_profitability_cost': 28.76581226033604, 'decentralization_cost': 0.0}",0,0,1,2,18
10902,6019.228826897479,23065.107468419807,28066.802295317284,1017.534,95.45065418363986,519.0,401362178.17752385,1068396000.0,0,0.37566799031213505,8025.638435863305,80.25638435863306,1926.1532246071931,2739.72602739726,24986116.93379485,1719648052.334613,9999648052.334614,24349.58595584518,351947.66538701026,0,0,109020000,6849315.068493151,123287671.23287678,3150684.9315068494,56712328.76712329,0,610628052.3346131,2047072.6741440669,0.0033241517788955015,0.01512676787325467,"{'total_cost': 342.2683994240428, 'price_stability_cost': 1126.2723106935061, 'utilization_efficiency_cost': 0.28733750776233696, 'foundation_sustainability_cost': 0.0, 'node_profitability_cost': 28.76581226033604, 'decentralization_cost': 0.0}",0,0,1,3,18
10902,6020.432672662859,23065.107468419807,28066.802295317284,1017.534,95.45065418363986,519.0,401362178.17752385,1068396000.0,0,0.37566799031213505,8027.243563550478,80.27243563550478,1926.5384552521145,2739.72602739726,24986116.93379485,1719648052.334613,9999648052.334614,24349.58595584518,351947.66538701026,0,0,109020000,6849315.068493151,123287671.23287678,3150684.9315068494,56712328.76712329,0,610628052.3346131,2047072.6741440669,0.0033241517788955015,0.01512676787325467,"{'total_cost': 342.2683994240428, 'price_stability_cost': 1126.2723106935061, 'utilization_efficiency_cost': 0.28733750776233696, 'foundation_sustainability_cost': 0.0, 'node_profitability_cost': 28.76581226033604, 'decentralization_cost': 0.0}",0,0,1,4,18
10902,6020.432672662859,22706.97915987292,27659.015832535777,1068.396,89.63117902280004,519.0,401362178.17752385,1068396000.0,0,0.37566799031213505,8027.243563550478,80.27243563550478,1926.5384552521145,2739.72602739726,24986116.93379485,1719648052.334613,9999648052.334614,24349.58595584518,351947.66538701026,0,0,109020000,6849315.068493151,123287671.23287678,3150684.9315068494,56712328.76712329,0,617477367.4031062,2024365.694984194,0.003315218957341446,0.01512676787325467,"{'total_cost': 342.2683994240428, 'price_stability_cost': 1126.2723106935061, 'utilization_efficiency_cost': 0.28733750776233696, 'foundation_sustainability_cost': 0.0, 'node_profitability_cost': 28.76581226033604, 'decentralization_cost': 0.0}",0,0,1,5,18
10902,6020.432672662859,22706.97915987292,27659.015832535777,1068.396,89.63117902280004,519.0,401362178.17752385,1068396000.0,0,0.37566799031213505,8027.243563550478,80.27243563550478,1926.5384552521145,2739.72602739726,24985303.746222705,1719648052.334613,9999648052.334614,24349.58595584518,351947.66538701026,0,0,109020000,6849315.068493151,123287671.23287678,3150684.9315068494,56712328.76712329,0,617477367.4031062,2024365.694984194,0.003315218957341446,0.01512676787325467,"{'total_cost': 342.2683994240428, 'price_stability_cost': 1126.2723106935061, 'utilization_efficiency_cost': 0.28733750776233696, 'foundation_sustainability_cost': 0.0, 'node_profitability_cost': 28.76581226033604, 'decentralization_cost': 0.0}",0,0,1,6,18
10902,6020.432672662859,22706.97915987292,27659.015832535777,1068.396,89.63117902280004,519.0,401362178.17752385,1068396000.0,0,0.37566799031213505,8027.243563550478,80.27243563550478,1926.5384552521145,2739.72602739726,24985303.746222705,1719648052.334613,9999648052.334614,24349.58595584518,351947.66538701026,0,0,109020000,6849315.068493151,123287671.23287678,3150684.9315068494,56712328.76712329,0,620628052.3346131,2014088.7852198777,0.003261801794761208,0.01512676787325467,"{'total_cost': 342.2683994240428, 'price_stability_cost': 1126.2723106935061, 'utilization_efficiency_cost': 0.28733750776233696, 'foundation_sustainability_cost': 0.0, 'node_profitability_cost': 28.76581226033604, 'decentralization_cost': 0.0}",0,0,1,7,18
10902,6020.432672662859,22706.97915987292,27659.015832535777,1068.396,89.63117902280004,519.0,401362178.17752385,1068396000.0,0,0.37566799031213505,8027.243563550478,80.27243563550478,1926.5384552521145,2739.72602739726,24985303.746222705,1719648052.334613,9999648052.334614,24734.43090353521,376682.0962905455,0,0,109020000,6849315.068493151,123287671.23287678,3150684.9315068494,56712328.76712329,0,620603317.9037095,2014169.0576555133,0.003245372248448688,0.01512676787325467,"{'total_cost': 342.2683994240428, 'price_stability_cost': 1126.2723106935061, 'utilization_efficiency_cost': 0.28733750776233696, 'foundation_sustainability_cost': 0.0, 'node_profitability_cost': 28.76581226033604, 'decentralization_cost': 0.0}",0,0,1,8,18
11447,6020.432672662859,22706.97915987292,27659.015832535777,1068.396,89.63117902280004,545.0,401362178.17752385,1068396000.0,0,0.37566799031213505,8027.243563550478,80.27243563550478,1926.5384552521145,2739.72602739726,24985303.746222705,1719648052.334613,9999648052.334614,24734.43090353521,376682.0962905455,0,0,114470000,6849315.068493151,123287671.23287678,3150684.9315068494,56712328.76712329,0,615153317.9037095,2032013.7494497967,0.0032742553750978757,0.017819856549101964,"{'total_cost': 342.2683994240428, 'price_stability_cost': 1126.2723106935061, 'utilization_efficiency_cost': 0.28733750776233696, 'foundation_sustainability_cost': 0.0, 'node_profitability_cost': 28.76581226033604, 'decentralization_cost': 0.0}",0,0,1,9,18
11447,6020.432672662859,22706.97915987292,27659.015832535777,1068.396,89.63117902280004,545.0,401362178.17752385,1068396000.0,0,0.37566799031213505,8027.243563550478,80.27243563550478,1926.5384552521145,2739.72602739726,24985303.746222705,1729623317.9037094,9999623317.90371,24734.43090353521,376682.0962905455,0,0,114470000,6849315.068493151,123287671.23287678,3150684.9315068494,56712328.76712329,0,615153317.9037095,2032013.7494497967,0.0032742553750978757,0.017819856549101964,"{'total_cost': 342.2683994240428, 'price_stability_cost': 1126.2723106935061, 'utilization_efficiency_cost': 0.28733750776233696, 'foundation_sustainability_cost': 0.0, 'node_profitability_cost': 28.76581226033604, 'decentralization_cost': 0.0}",0,0,1,10,18
11447,6020.432672662859,22706.97915987292,27659.015832535777,1068.396,89.63117902280004,545.0,401362178.17752385,1068396000.0,0,0.37566799031213505,8027.243563550478,80.27243563550478,1926.5384552521145,2739.72602739726,24985303.746222705,1729623317.9037094,9999623317.90371,24734.43090353521,376682.0962905455,0,0,114470000,6849315.068493151,123287671.23287678,3150684.9315068494,56712328.76712329,0,615153317.9037095,2032013.7494497967,0.0032742553750978757,0.017819856549101964,"{'total_cost': 305.6612793610629, 'price_stability_cost': 1006.2340642192565, 'utilization_efficiency_cost': 0.3114060282554032, 'foundation_sustainability_cost': 0.0, 'node_profitability_cost': 24.75472392148102, 'decentralization_cost': 0.0}",0,0,1,11,18
11447,6020.432672662859,22706.97915987292,27659.015832535777,1068.396,89.63117902280004,545.0,401442450.61315936,1068396000.0,0,0.37566799031213505,8027.243563550478,80.27243563550478,1926.5384552521145,2739.72602739726,24985303.746222705,1729623317.9037094,9999623317.90371,24734.43090353521,376682.0962905455,0,0,114470000,6849315.068493151,123287671.23287678,3150684.9315068494,56712328.76712329,0,615153317.9037095,2032013.7494497967,0.0032742553750978757,0.017819856549101964,"{'total_cost': 305.6612793610629, 'price_stability_cost': 1006.2340642192565, 'utilization_efficiency_cost': 0.3114060282554032, 'foundation_sustainability_cost': 0.0, 'node_profitability_cost': 24.75472392148102, 'decentralization_cost': 0.0}",0,0,1,1,19
11447,6020.432672662859,22706.97915987292,27659.015832535777,1068.396,89.63117902280004,545.0,401442450.61315936,1068396000.0,0,0.37566799031213505,8027.243563550478,80.27243563550478,1926.5384552521145,2739.72602739726,24985303.746222705,1729623317.9037094,9999623317.90371,24734.43090353521,376682.0962905455,0,0,114470000,6849315.068493151,130136986.30136994,3150684.9315068494,59863013.69863014,0,615153317.9037095,2032013.7494497967,0.0032742553750978757,0.017819856549101964,"{'total_cost': 305.6612793610629, 'price_stability_cost': 1006.2340642192565, 'utilization_efficiency_cost': 0.3114060282554032, 'foundation_sustainability_cost': 0.0, 'node_profitability_cost': 24.75472392148102, 'decentralization_cost': 0.0}",0,0,1,2,19
11447,6020.432672662859,22706.97915987292,27659.015832535777,1068.396,89.63117902280004,545.0,401442450.61315936,1121806000.0,0,0.3578537203519676,8027.243563550478,80.27243563550478,1926.5384552521145,2739.72602739726,24985303.746222705,1729623317.9037094,9999623317.90371,24734.43090353521,376682.0962905455,0,0,114470000,6849315.068493151,130136986.30136994,3150684.9315068494,59863013.69863014,0,615153317.9037095,2032013.7494497967,0.0032742553750978757,0.017819856549101964,"{'total_cost': 305.6612793610629, 'price_stability_cost': 1006.2340642192565, 'utilization_efficiency_cost': 0.3114060282554032, 'foundation_sustainability_cost': 0.0, 'node_profitability_cost': 24.75472392148102, 'decentralization_cost': 0.0}",0,0,1,3,19
11447,6021.63675919739,22706.97915987292,27659.015832535777,1068.396,89.63117902280004,545.0,401442450.61315936,1121806000.0,0,0.3578537203519676,8028.849012263187,80.28849012263187,1926.923762943165,2739.72602739726,24985303.746222705,1729623317.9037094,9999623317.90371,24734.43090353521,376682.0962905455,0,0,114470000,6849315.068493151,130136986.30136994,3150684.9315068494,59863013.69863014,0,615153317.9037095,2032013.7494497967,0.0032742553750978757,0.017819856549101964,"{'total_cost': 305.6612793610629, 'price_stability_cost': 1006.2340642192565, 'utilization_efficiency_cost': 0.3114060282554032, 'foundation_sustainability_cost': 0.0, 'node_profitability_cost': 24.75472392148102, 'decentralization_cost': 0.0}",0,0,1,4,19
11447,6021.63675919739,22375.954145058662,27275.784904256052,1121.806,84.22040849886345,545.0,401442450.61315936,1121806000.0,0,0.3578537203519676,8028.849012263187,80.28849012263187,1926.923762943165,2739.72602739726,24985303.746222705,1729623317.9037094,9999623317.90371,24734.43090353521,376682.0962905455,0,0,114470000,6849315.068493151,130136986.30136994,3150684.9315068494,59863013.69863014,0,622002632.9722027,2009637.795304738,0.0032668893051785645,0.017819856549101964,"{'total_cost': 305.6612793610629, 'price_stability_cost': 1006.2340642192565, 'utilization_efficiency_cost': 0.3114060282554032, 'foundation_sustainability_cost': 0.0, 'node_profitability_cost': 24.75472392148102, 'decentralization_cost': 0.0}",0,0,1,5,19
11447,6021.63675919739,22375.954145058662,27275.784904256052,1121.806,84.22040849886345,545.0,401442450.61315936,1121806000.0,0,0.3578537203519676,8028.849012263187,80.28849012263187,1926.923762943165,2739.72602739726,24984490.943958253,1729623317.9037094,9999623317.90371,24734.43090353521,376682.0962905455,0,0,114470000,6849315.068493151,130136986.30136994,3150684.9315068494,59863013.69863014,0,622002632.9722027,2009637.795304738,0.0032668893051785645,0.017819856549101964,"{'total_cost': 305.6612793610629, 'price_stability_cost': 1006.2340642192565, 'utilization_efficiency_cost': 0.3114060282554032, 'foundation_sustainability_cost': 0.0, 'node_profitability_cost': 24.75472392148102, 'decentralization_cost': 0.0}",0,0,1,6,19
11447,6021.63675919739,22375.954145058662,27275.784904256052,1121.806,84.22040849886345,545.0,401442450.61315936,1121806000.0,0,0.3578537203519676,8028.849012263187,80.28849012263187,1926.923762943165,2739.72602739726,24984490.943958253,1729623317.9037094,9999623317.90371,24734.43090353521,376682.0962905455,0,0,114470000,6849315.068493151,130136986.30136994,3150684.9315068494,59863013.69863014,0,625153317.9037095,1999509.503031276,0.0032146318954901177,0.017819856549101964,"{'total_cost': 305.6612793610629, 'price_stability_cost': 1006.2340642192565, 'utilization_efficiency_cost': 0.3114060282554032, 'foundation_sustainability_cost': 0.0, 'node_profitability_cost': 24.75472392148102, 'decentralization_cost': 0.0}",0,0,1,7,19
11447,6021.63675919739,22375.954145058662,27275.784904256052,1121.806,84.22040849886345,545.0,401442450.61315936,1121806000.0,0,0.3578537203519676,8028.849012263187,80.28849012263187,1926.923762943165,2739.72602739726,24984490.943958253,1729623317.9037094,9999623317.90371,25101.456409943563,401783.55270048906,0,0,114470000,6849315.068493151,130136986.30136994,3150684.9315068494,59863013.69863014,0,625128216.4472996,1999589.7915213986,0.003198559032249093,0.017819856549101964,"{'total_cost': 305.6612793610629, 'price_stability_cost': 1006.2340642192565, 'utilization_efficiency_cost': 0.3114060282554032, 'foundation_sustainability_cost': 0.0, 'node_profitability_cost': 24.75472392148102, 'decentralization_cost': 0.0}",0,0,1,8,19
12019,6021.63675919739,22375.954145058662,27275.784904256052,1121.806,84.22040849886345,572.0,401442450.61315936,1121806000.0,0,0.3578537203519676,8028.849012263187,80.28849012263187,1926.923762943165,2739.72602739726,24984490.943958253,1729623317.9037094,9999623317.90371,25101.456409943563,401783.55270048906,0,0,120190000,6849315.068493151,130136986.30136994,3150684.9315068494,59863013.69863014,0,619408216.4472996,2018055.2450039252,0.003228226133308852,0.020950423118600178,"{'total_cost': 305.6612793610629, 'price_stability_cost': 1006.2340642192565, 'utilization_efficiency_cost': 0.3114060282554032, 'foundation_sustainability_cost': 0.0, 'node_profitability_cost': 24.75472392148102, 'decentralization_cost': 0.0}",0,0,1,9,19
12019,6021.63675919739,22375.954145058662,27275.784904256052,1121.806,84.22040849886345,572.0,401442450.61315936,1121806000.0,0,0.3578537203519676,8028.849012263187,80.28849012263187,1926.923762943165,2739.72602739726,24984490.943958253,1739598216.4472995,9999598216.4473,25101.456409943563,401783.55270048906,0,0,120190000,6849315.068493151,130136986.30136994,3150684.9315068494,59863013.69863014,0,619408216.4472996,2018055.2450039252,0.003228226133308852,0.020950423118600178,"{'total_cost': 305.6612793610629, 'price_stability_cost': 1006.2340642192565, 'utilization_efficiency_cost': 0.3114060282554032, 'foundation_sustainability_cost': 0.0, 'node_profitability_cost': 24.75472392148102, 'decentralization_cost': 0.0}",0,0,1,10,19
12019,6021.63675919739,22375.954145058662,27275.784904256052,1121.806,84.22040849886345,572.0,401442450.61315936,1121806000.0,0,0.3578537203519676,8028.849012263187,80.28849012263187,1926.923762943165,2739.72602739726,24984490.943958253,1739598216.4472995,9999598216.4473,25101.456409943563,401783.55270048906,0,0,120190000,6849315.068493151,130136986.30136994,3150684.9315068494,59863013.69863014,0,619408216.4472996,2018055.2450039252,0.003228226133308852,0.020950423118600178,"{'total_cost': 270.71347474512055, 'price_stability_cost': 891.4511859790806, 'utilization_efficiency_cost': 0.3352359315867119, 'foundation_sustainability_cost': 0.0, 'node_profitability_cost': 21.2953997899979, 'decentralization_cost': 0.0}",0,0,1,11,19
12019,6021.63675919739,22375.954145058662,27275.784904256052,1121.806,84.22040849886345,572.0,401522739.103282,1121806000.0,0,0.3578537203519676,8028.849012263187,80.28849012263187,1926.923762943165,2739.72602739726,24984490.943958253,1739598216.4472995,9999598216.4473,25101.456409943563,401783.55270048906,0,0,120190000,6849315.068493151,130136986.30136994,3150684.9315068494,59863013.69863014,0,619408216.4472996,2018055.2450039252,0.003228226133308852,0.020950423118600178,"{'total_cost': 270.71347474512055, 'price_stability_cost': 891.4511859790806, 'utilization_efficiency_cost': 0.3352359315867119, 'foundation_sustainability_cost': 0.0, 'node_profitability_cost': 21.2953997899979, 'decentralization_cost': 0.0}",0,0,1,1,20
12019,6021.63675919739,22375.954145058662,27275.784904256052,1121.806,84.22040849886345,572.0,401522739.103282,1121806000.0,0,0.3578537203519676,8028.849012263187,80.28849012263187,1926.923762943165,2739.72602739726,24984490.943958253,1739598216.4472995,9999598216.4473,25101.456409943563,401783.55270048906,0,0,120190000,6849315.068493151,136986301.3698631,3150684.9315068494,63013698.63013699,0,619408216.4472996,2018055.2450039252,0.003228226133308852,0.020950423118600178,"{'total_cost': 270.71347474512055, 'price_stability_cost': 891.4511859790806, 'utilization_efficiency_cost': 0.3352359315867119, 'foundation_sustainability_cost': 0.0, 'node_profitability_cost': 21.2953997899979, 'decentralization_cost': 0.0}",0,0,1,2,20
12019,6021.63675919739,22375.954145058662,27275.784904256052,1121.806,84.22040849886345,572.0,401522739.103282,1177862000.0,0,0.3408911562672724,8028.849012263187,80.28849012263187,1926.923762943165,2739.72602739726,24984490.943958253,1739598216.4472995,9999598216.4473,25101.456409943563,401783.55270048906,0,0,120190000,6849315.068493151,136986301.3698631,3150684.9315068494,63013698.63013699,0,619408216.4472996,2018055.2450039252,0.003228226133308852,0.020950423118600178,"{'total_cost': 270.71347474512055, 'price_stability_cost': 891.4511859790806, 'utilization_efficiency_cost': 0.3352359315867119, 'foundation_sustainability_cost': 0.0, 'node_profitability_cost': 21.2953997899979, 'decentralization_cost': 0.0}",0,0,1,3,20
12019,6022.84108654923,22375.954145058662,27275.784904256052,1121.806,84.22040849886345,572.0,401522739.103282,1177862000.0,0,0.3408911562672724,8030.45478206564,80.3045478206564,1927.3091476957534,2739.72602739726,24984490.943958253,1739598216.4472995,9999598216.4473,25101.456409943563,401783.55270048906,0,0,120190000,6849315.068493151,136986301.3698631,3150684.9315068494,63013698.63013699,0,619408216.4472996,2018055.2450039252,0.003228226133308852,0.020950423118600178,"{'total_cost': 270.71347474512055, 'price_stability_cost': 891.4511859790806, 'utilization_efficiency_cost': 0.3352359315867119, 'foundation_sustainability_cost': 0.0, 'node_profitability_cost': 21.2953997899979, 'decentralization_cost': 0.0}",0,0,1,4,20
12019,6022.84108654923,22071.26541887897,26916.2445054282,1177.8619999999999,79.18902968294472,572.0,401522739.103282,1177862000.0,0,0.3408911562672724,8030.45478206564,80.3045478206564,1927.3091476957534,2739.72602739726,24984490.943958253,1739598216.4472995,9999598216.4473,25101.456409943563,401783.55270048906,0,0,120190000,6849315.068493151,136986301.3698631,3150684.9315068494,63013698.63013699,0,626257531.5157927,1995983.9795850462,0.0032224047511563297,0.020950423118600178,"{'total_cost': 270.71347474512055, 'price_stability_cost': 891.4511859790806, 'utilization_efficiency_cost': 0.3352359315867119, 'foundation_sustainability_cost': 0.0, 'node_profitability_cost': 21.2953997899979, 'decentralization_cost': 0.0}",0,0,1,5,20
12019,6022.84108654923,22071.26541887897,26916.2445054282,1177.8619999999999,79.18902968294472,572.0,401522739.103282,1177862000.0,0,0.3408911562672724,8030.45478206564,80.3045478206564,1927.3091476957534,2739.72602739726,24983678.527078554,1739598216.4472995,9999598216.4473,25101.456409943563,401783.55270048906,0,0,120190000,6849315.068493151,136986301.3698631,3150684.9315068494,63013698.63013699,0,626257531.5157927,1995983.9795850462,0.0032224047511563297,0.020950423118600178,"{'total_cost': 270.71347474512055, 'price_stability_cost': 891.4511859790806, 'utilization_efficiency_cost': 0.3352359315867119, 'foundation_sustainability_cost': 0.0, 'node_profitability_cost': 21.2953997899979, 'decentralization_cost': 0.0}",0,0,1,6,20
12019,6022.84108654923,22071.26541887897,26916.2445054282,1177.8619999999999,79.18902968294472,572.0,401522739.103282,1177862000.0,0,0.3408911562672724,8030.45478206564,80.3045478206564,1927.3091476957534,2739.72602739726,24983678.527078554,1739598216.4472995,9999598216.4473,25101.456409943563,401783.55270048906,0,0,120190000,6849315.068493151,136986301.3698631,3150684.9315068494,63013698.63013699,0,629408216.4472996,1985992.5042854315,0.0031712073777037672,0.020950423118600178,"{'total_cost': 270.71347474512055, 'price_stability_cost': 891.4511859790806, 'utilization_efficiency_cost': 0.3352359315867119, 'foundation_sustainability_cost': 0.0, 'node_profitability_cost': 21.2953997899979, 'decentralization_cost': 0.0}",0,0,1,7,20
12019,6022.84108654923,22071.26541887897,26916.2445054282,1177.8619999999999,79.18902968294472,572.0,401522739.103282,1177862000.0,0,0.3408911562672724,8030.45478206564,80.3045478206564,1927.3091476957534,2739.72602739726,24983678.527078554,1739598216.4472995,9999598216.4473,25449.39037058729,427232.94307107636,0,0,120190000,6849315.068493151,136986301.3698631,3150684.9315068494,63013698.63013699,0,629382767.056929,1986072.8088332522,0.0031554605690463627,0.020950423118600178,"{'total_cost': 270.71347474512055, 'price_stability_cost': 891.4511859790806, 'utilization_efficiency_cost': 0.3352359315867119, 'foundation_sustainability_cost': 0.0, 'node_profitability_cost': 21.2953997899979, 'decentralization_cost': 0.0}",0,0,1,8,20
12619,6022.84108654923,22071.26541887897,26916.2445054282,1177.8619999999999,79.18902968294472,600.0,401522739.103282,1177862000.0,0,0.3408911562672724,8030.45478206564,80.3045478206564,1927.3091476957534,2739.72602739726,24983678.527078554,1739598216.4472995,9999598216.4473,25449.39037058729,427232.94307107636,0,0,126190000,6849315.068493151,136986301.3698631,3150684.9315068494,63013698.63013699,0,623382767.056929,2005188.5712231216,0.003185960398311554,0.024590995228400254,"{'total_cost': 270.71347474512055, 'price_stability_cost': 891.4511859790806, 'utilization_efficiency_cost': 0.3352359315867119, 'foundation_sustainability_cost': 0.0, 'node_profitability_cost': 21.2953997899979, 'decentralization_cost': 0.0}",0,0,1,9,20
12619,6022.84108654923,22071.26541887897,26916.2445054282,1177.8619999999999,79.18902968294472,600.0,401522739.103282,1177862000.0,0,0.3408911562672724,8030.45478206564,80.3045478206564,1927.3091476957534,2739.72602739726,24983678.527078554,1749572767.056929,9999572767.056929,25449.39037058729,427232.94307107636,0,0,126190000,6849315.068493151,136986301.3698631,3150684.9315068494,63013698.63013699,0,623382767.056929,2005188.5712231216,0.003185960398311554,0.024590995228400254,"{'total_cost': 270.71347474512055, 'price_stability_cost': 891.4511859790806, 'utilization_efficiency_cost': 0.3352359315867119, 'foundation_sustainability_cost': 0.0, 'node_profitability_cost': 21.2953997899979, 'decentralization_cost': 0.0}",0,0,1,10,20
12619,6022.84108654923,22071.26541887897,26916.2445054282,1177.8619999999999,79.18902968294472,600.0,401522739.103282,1177862000.0,0,0.3408911562672724,8030.45478206564,80.3045478206564,1927.3091476957534,2739.72602739726,24983678.527078554,1749572767.056929,9999572767.056929,25449.39037058729,427232.94307107636,0,0,126190000,6849315.068493151,136986301.3698631,3150684.9315068494,63013698.63013699,0,623382767.056929,2005188.5712231216,0.003185960398311554,0.024590995228400254,"{'total_cost': 237.47286071351374, 'price_stability_cost': 782.121179811225, 'utilization_efficiency_cost': 0.35874299621712785, 'foundation_sustainability_cost': 0.0, 'node_profitability_cost': 18.312140140613153, 'decentralization_cost': 0.0}",0,0,1,11,20
12619,6022.84108654923,22071.26541887897,26916.2445054282,1177.8619999999999,79.18902968294472,600.0,401603043.6511026,1177862000.0,0,0.3408911562672724,8030.45478206564,80.3045478206564,1927.3091476957534,2739.72602739726,24983678.527078554,1749572767.056929,9999572767.056929,25449.39037058729,427232.94307107636,0,0,126190000,6849315.068493151,136986301.3698631,3150684.9315068494,63013698.63013699,0,623382767.056929,2005188.5712231216,0.003185960398311554,0.024590995228400254,"{'total_cost': 237.47286071351374, 'price_stability_cost': 782.121179811225, 'utilization_efficiency_cost': 0.35874299621712785, 'foundation_sustainability_cost': 0.0, 'node_profitability_cost': 18.312140140613153, 'decentralization_cost': 0.0}",0,0,1,1,21
12619,6022.84108654923,22071.26541887897,26916.2445054282,1177.8619999999999,79.18902968294472,600.0,401603043.6511026,1177862000.0,0,0.3408911562672724,8030.45478206564,80.3045478206564,1927.3091476957534,2739.72602739726,24983678.527078554,1749572767.056929,9999572767.056929,25449.39037058729,427232.94307107636,0,0,126190000,6849315.068493151,143835616.43835625,3150684.9315068494,66164383.56164384,0,623382767.056929,2005188.5712231216,0.003185960398311554,0.024590995228400254,"{'total_cost': 237.47286071351374, 'price_stability_cost': 782.121179811225, 'utilization_efficiency_cost': 0.35874299621712785, 'foundation_sustainability_cost': 0.0, 'node_profitability_cost': 18.312140140613153, 'decentralization_cost': 0.0}",0,0,1,2,21
12619,6022.84108654923,22071.26541887897,26916.2445054282,1177.8619999999999,79.18902968294472,600.0,401603043.6511026,1236662000.0,0,0.3247476219460957,8030.45478206564,80.3045478206564,1927.3091476957534,2739.72602739726,24983678.527078554,1749572767.056929,9999572767.056929,25449.39037058729,427232.94307107636,0,0,126190000,6849315.068493151,143835616.43835625,3150684.9315068494,66164383.56164384,0,623382767.056929,2005188.5712231216,0.003185960398311554,0.024590995228400254,"{'total_cost': 237.47286071351374, 'price_stability_cost': 782.121179811225, 'utilization_efficiency_cost': 0.35874299621712785, 'foundation_sustainability_cost': 0.0, 'node_profitability_cost': 18.312140140613153, 'decentralization_cost': 0.0}",0,0,1,3,21
12619,6024.04565476654,22071.26541887897,26916.2445054282,1177.8619999999999,79.18902968294472,600.0,401603043.6511026,1236662000.0,0,0.3247476219460957,8032.060873022053,80.32060873022053,1927.6946095252927,2739.72602739726,24983678.527078554,1749572767.056929,9999572767.056929,25449.39037058729,427232.94307107636,0,0,126190000,6849315.068493151,143835616.43835625,3150684.9315068494,66164383.56164384,0,623382767.056929,2005188.5712231216,0.003185960398311554,0.024590995228400254,"{'total_cost': 237.47286071351374, 'price_stability_cost': 782.121179811225, 'utilization_efficiency_cost': 0.35874299621712785, 'foundation_sustainability_cost': 0.0, 'node_profitability_cost': 18.312140140613153, 'decentralization_cost': 0.0}",0,0,1,4,21
12619,6024.04565476654,21792.239217227838,26579.62287199438,1236.662,74.5099374797387,600.0,401603043.6511026,1236662000.0,0,0.3247476219460957,8032.060873022053,80.32060873022053,1927.6946095252927,2739.72602739726,24983678.527078554,1749572767.056929,9999572767.056929,25449.39037058729,427232.94307107636,0,0,126190000,6849315.068493151,143835616.43835625,3150684.9315068494,66164383.56164384,0,630232082.1254221,1983396.3320058938,0.003181666925715264,0.024590995228400254,"{'total_cost': 237.47286071351374, 'price_stability_cost': 782.121179811225, 'utilization_efficiency_cost': 0.35874299621712785, 'foundation_sustainability_cost': 0.0, 'node_profitability_cost': 18.312140140613153, 'decentralization_cost': 0.0}",0,0,1,5,21
12619,6024.04565476654,21792.239217227838,26579.62287199438,1236.662,74.5099374797387,600.0,401603043.6511026,1236662000.0,0,0.3247476219460957,8032.060873022053,80.32060873022053,1927.6946095252927,2739.72602739726,24982866.495660685,1749572767.056929,9999572767.056929,25449.39037058729,427232.94307107636,0,0,126190000,6849315.068493151,143835616.43835625,3150684.9315068494,66164383.56164384,0,630232082.1254221,1983396.3320058938,0.003181666925715264,0.024590995228400254,"{'total_cost': 237.47286071351374, 'price_stability_cost': 782.121179811225, 'utilization_efficiency_cost': 0.35874299621712785, 'foundation_sustainability_cost': 0.0, 'node_profitability_cost': 18.312140140613153, 'decentralization_cost': 0.0}",0,0,1,6,21
12619,6024.04565476654,21792.239217227838,26579.62287199438,1236.662,74.5099374797387,600.0,401603043.6511026,1236662000.0,0,0.3247476219460957,8032.060873022053,80.32060873022053,1927.6946095252927,2739.72602739726,24982866.495660685,1749572767.056929,9999572767.056929,25449.39037058729,427232.94307107636,0,0,126190000,6849315.068493151,143835616.43835625,3150684.9315068494,66164383.56164384,0,633382767.056929,1973530.1700869428,0.0031314340003627287,0.024590995228400254,"{'total_cost': 237.47286071351374, 'price_stability_cost': 782.121179811225, 'utilization_efficiency_cost': 0.35874299621712785, 'foundation_sustainability_cost': 0.0, 'node_profitability_cost': 18.312140140613153, 'decentralization_cost': 0.0}",0,0,1,7,21
12619,6024.04565476654,21792.239217227838,26579.62287199438,1236.662,74.5099374797387,600.0,401603043.6511026,1236662000.0,0,0.3247476219460957,8032.060873022053,80.32060873022053,1927.6946095252927,2739.72602739726,24982866.495660685,1749572767.056929,9999572767.056929,25776.965439270472,453009.90851034684,0,0,126190000,6849315.068493151,143835616.43835625,3150684.9315068494,66164383.56164384,0,633356990.0914897,1973610.490695673,0.0031159838779104064,0.024590995228400254,"{'total_cost': 237.47286071351374, 'price_stability_cost': 782.121179811225, 'utilization_efficiency_cost': 0.35874299621712785, 'foundation_sustainability_cost': 0.0, 'node_profitability_cost': 18.312140140613153, 'decentralization_cost': 0.0}",0,0,1,8,21
13249,6024.04565476654,21792.239217227838,26579.62287199438,1236.662,74.5099374797387,630.0,401603043.6511026,1236662000.0,0,0.3247476219460957,8032.060873022053,80.32060873022053,1927.6946095252927,2739.72602739726,24982866.495660685,1749572767.056929,9999572767.056929,25776.965439270472,453009.90851034684,0,0,132490000,6849315.068493151,143835616.43835625,3150684.9315068494,66164383.56164384,0,627056990.0914897,1993439.2244277834,0.003147418052715937,0.02882656920226852,"{'total_cost': 237.47286071351374, 'price_stability_cost': 782.121179811225, 'utilization_efficiency_cost': 0.35874299621712785, 'foundation_sustainability_cost': 0.0, 'node_profitability_cost': 18.312140140613153, 'decentralization_cost': 0.0}",0,0,1,9,21
13249,6024.04565476654,21792.239217227838,26579.62287199438,1236.662,74.5099374797387,630.0,401603043.6511026,1236662000.0,0,0.3247476219460957,8032.060873022053,80.32060873022053,1927.6946095252927,2739.72602739726,24982866.495660685,1759546990.0914898,9999546990.09149,25776.965439270472,453009.90851034684,0,0,132490000,6849315.068493151,143835616.43835625,3150684.9315068494,66164383.56164384,0,627056990.0914897,1993439.2244277834,0.003147418052715937,0.02882656920226852,"{'total_cost': 237.47286071351374, 'price_stability_cost': 782.121179811225, 'utilization_efficiency_cost': 0.35874299621712785, 'foundation_sustainability_cost': 0.0, 'node_profitability_cost': 18.312140140613153, 'decentralization_cost': 0.0}",0,0,1,10,21
13249,6024.04565476654,21792.239217227838,26579.62287199438,1236.662,74.5099374797387,630.0,401603043.6511026,1236662000.0,0,0.3247476219460957,8032.060873022053,80.32060873022053,1927.6946095252927,2739.72602739726,24982866.495660685,1759546990.0914898,9999546990.09149,25776.965439270472,453009.90851034684,0,0,132490000,6849315.068493151,143835616.43835625,3150684.9315068494,66164383.56164384,0,627056990.0914897,1993439.2244277834,0.003147418052715937,0.02882656920226852,"{'total_cost': 205.75168776181707, 'price_stability_cost': 677.6508965570516, 'utilization_efficiency_cost': 0.38185475522668727, 'foundation_sustainability_cost': 0.0, 'node_profitability_cost': 15.739700705966257, 'decentralization_cost': 0.0}",0,0,1,11,21
13249,6024.04565476654,21792.239217227838,26579.62287199438,1236.662,74.5099374797387,630.0,401683364.2598328,1236662000.0,0,0.3247476219460957,8032.060873022053,80.32060873022053,1927.6946095252927,2739.72602739726,24982866.495660685,1759546990.0914898,9999546990.09149,25776.965439270472,453009.90851034684,0,0,132490000,6849315.068493151,143835616.43835625,3150684.9315068494,66164383.56164384,0,627056990.0914897,1993439.2244277834,0.003147418052715937,0.02882656920226852,"{'total_cost': 205.75168776181707, 'price_stability_cost': 677.6508965570516, 'utilization_efficiency_cost': 0.38185475522668727, 'foundation_sustainability_cost': 0.0, 'node_profitability_cost': 15.739700705966257, 'decentralization_cost': 0.0}",0,0,1,1,22
13249,6024.04565476654,21792.239217227838,26579.62287199438,1236.662,74.5099374797387,630.0,401683364.2598328,1236662000.0,0,0.3247476219460957,8032.060873022053,80.32060873022053,1927.6946095252927,2739.72602739726,24982866.495660685,1759546990.0914898,9999546990.09149,25776.965439270472,453009.90851034684,0,0,132490000,6849315.068493151,150684931.5068494,3150684.9315068494,69315068.49315068,0,627056990.0914897,1993439.2244277834,0.003147418052715937,0.02882656920226852,"{'total_cost': 205.75168776181707, 'price_stability_cost': 677.6508965570516, 'utilization_efficiency_cost': 0.38185475522668727, 'foundation_sustainability_cost': 0.0, 'node_profitability_cost': 15.739700705966257, 'decentralization_cost': 0.0}",0,0,1,2,22
13249,6024.04565476654,21792.239217227838,26579.62287199438,1236.662,74.5099374797387,630.0,401683364.2598328,1298402000.0,0,0.309367487311197,8032.060873022053,80.32060873022053,1927.6946095252927,2739.72602739726,24982866.495660685,1759546990.0914898,9999546990.09149,25776.965439270472,453009.90851034684,0,0,132490000,6849315.068493151,150684931.5068494,3150684.9315068494,69315068.49315068,0,627056990.0914897,1993439.2244277834,0.003147418052715937,0.02882656920226852,"{'total_cost': 205.75168776181707, 'price_stability_cost': 677.6508965570516, 'utilization_efficiency_cost': 0.38185475522668727, 'foundation_sustainability_cost': 0.0, 'node_profitability_cost': 15.739700705966257, 'decentralization_cost': 0.0}",0,0,1,3,22
13249,6025.250463897492,21792.239217227838,26579.62287199438,1236.662,74.5099374797387,630.0,401683364.2598328,1298402000.0,0,0.309367487311197,8033.667285196657,80.33667285196657,1928.0801484471976,2739.72602739726,24982866.495660685,1759546990.0914898,9999546990.09149,25776.965439270472,453009.90851034684,0,0,132490000,6849315.068493151,150684931.5068494,3150684.9315068494,69315068.49315068,0,627056990.0914897,1993439.2244277834,0.003147418052715937,0.02882656920226852,"{'total_cost': 205.75168776181707, 'price_stability_cost': 677.6508965570516, 'utilization_efficiency_cost': 0.38185475522668727, 'foundation_sustainability_cost': 0.0, 'node_profitability_cost': 15.739700705966257, 'decentralization_cost': 0.0}",0,0,1,4,22
13249,6025.250463897492,21538.976985806526,26265.825449704018,1298.402,70.15424264817565,630.0,401683364.2598328,1298402000.0,0,0.309367487311197,8033.667285196657,80.33667285196657,1928.0801484471976,2739.72602739726,24982866.495660685,1759546990.0914898,9999546990.09149,25776.965439270472,453009.90851034684,0,0,132490000,6849315.068493151,150684931.5068494,3150684.9315068494,69315068.49315068,0,633906305.1599828,1971900.2474419768,0.0031446906399277526,0.02882656920226852,"{'total_cost': 205.75168776181707, 'price_stability_cost': 677.6508965570516, 'utilization_efficiency_cost': 0.38185475522668727, 'foundation_sustainability_cost': 0.0, 'node_profitability_cost': 15.739700705966257, 'decentralization_cost': 0.0}",0,0,1,5,22
13249,6025.250463897492,21538.976985806526,26265.825449704018,1298.402,70.15424264817565,630.0,401683364.2598328,1298402000.0,0,0.309367487311197,8033.667285196657,80.33667285196657,1928.0801484471976,2739.72602739726,24982054.849781737,1759546990.0914898,9999546990.09149,25776.965439270472,453009.90851034684,0,0,132490000,6849315.068493151,150684931.5068494,3150684.9315068494,69315068.49315068,0,633906305.1599828,1971900.2474419768,0.0031446906399277526,0.02882656920226852,"{'total_cost': 205.75168776181707, 'price_stability_cost': 677.6508965570516, 'utilization_efficiency_cost': 0.38185475522668727, 'foundation_sustainability_cost': 0.0, 'node_profitability_cost': 15.739700705966257, 'decentralization_cost': 0.0}",0,0,1,6,22
13249,6025.250463897492,21538.976985806526,26265.825449704018,1298.402,70.15424264817565,630.0,401683364.2598328,1298402000.0,0,0.309367487311197,8033.667285196657,80.33667285196657,1928.0801484471976,2739.72602739726,24982054.849781737,1759546990.0914898,9999546990.09149,25776.965439270472,453009.90851034684,0,0,132490000,6849315.068493151,150684931.5068494,3150684.9315068494,69315068.49315068,0,637056990.0914897,1962147.844607251,0.0030953278562390256,0.02882656920226852,"{'total_cost': 205.75168776181707, 'price_stability_cost': 677.6508965570516, 'utilization_efficiency_cost': 0.38185475522668727, 'foundation_sustainability_cost': 0.0, 'node_profitability_cost': 15.739700705966257, 'decentralization_cost': 0.0}",0,0,1,7,22
13249,6025.250463897492,21538.976985806526,26265.825449704018,1298.402,70.15424264817565,630.0,401683364.2598328,1298402000.0,0,0.309367487311197,8033.667285196657,80.33667285196657,1928.0801484471976,2739.72602739726,24982054.849781737,1759546990.0914898,9999546990.09149,26082.103747817306,479092.0122581641,0,0,132490000,6849315.068493151,150684931.5068494,3150684.9315068494,69315068.49315068,0,637030907.9877418,1962228.181280103,0.0030801454372210903,0.02882656920226852,"{'total_cost': 205.75168776181707, 'price_stability_cost': 677.6508965570516, 'utilization_efficiency_cost': 0.38185475522668727, 'foundation_sustainability_cost': 0.0, 'node_profitability_cost': 15.739700705966257, 'decentralization_cost': 0.0}",0,0,1,8,22
13911,6025.250463897492,21538.976985806526,26265.825449704018,1298.402,70.15424264817565,662.0,401683364.2598328,1298402000.0,0,0.309367487311197,8033.667285196657,80.33667285196657,1928.0801484471976,2739.72602739726,24982054.849781737,1759546990.0914898,9999546990.09149,26082.103747817306,479092.0122581641,0,0,139110000,6849315.068493151,150684931.5068494,3150684.9315068494,69315068.49315068,0,630410907.9877418,1982833.7107775826,0.0031126177488639806,0.03375755109990922,"{'total_cost': 205.75168776181707, 'price_stability_cost': 677.6508965570516, 'utilization_efficiency_cost': 0.38185475522668727, 'foundation_sustainability_cost': 0.0, 'node_profitability_cost': 15.739700705966257, 'decentralization_cost': 0.0}",0,0,1,9,22
13911,6025.250463897492,21538.976985806526,26265.825449704018,1298.402,70.15424264817565,662.0,401683364.2598328,1298402000.0,0,0.309367487311197,8033.667285196657,80.33667285196657,1928.0801484471976,2739.72602739726,24982054.849781737,1769520907.987742,9999520907.987741,26082.103747817306,479092.0122581641,0,0,139110000,6849315.068493151,150684931.5068494,3150684.9315068494,69315068.49315068,0,630410907.9877418,1982833.7107775826,0.0031126177488639806,0.03375755109990922,"{'total_cost': 205.75168776181707, 'price_stability_cost': 677.6508965570516, 'utilization_efficiency_cost': 0.38185475522668727, 'foundation_sustainability_cost': 0.0, 'node_profitability_cost': 15.739700705966257, 'decentralization_cost': 0.0}",0,0,1,10,22
13911,6025.250463897492,21538.976985806526,26265.825449704018,1298.402,70.15424264817565,662.0,401683364.2598328,1298402000.0,0,0.309367487311197,8033.667285196657,80.33667285196657,1928.0801484471976,2739.72602739726,24982054.849781737,1769520907.987742,9999520907.987741,26082.103747817306,479092.0122581641,0,0,139110000,6849315.068493151,150684931.5068494,3150684.9315068494,69315068.49315068,0,630410907.9877418,1982833.7107775826,0.0031126177488639806,0.03375755109990922,"{'total_cost': 175.22557821524148, 'price_stability_cost': 576.9881613219195, 'utilization_efficiency_cost': 0.40454465574561754, 'foundation_sustainability_cost': 0.0, 'node_profitability_cost': 13.519957698194835, 'decentralization_cost': 0.0}",0,0,1,11,22
13911,6025.250463897492,21538.976985806526,26265.825449704018,1298.402,70.15424264817565,662.0,401763700.9326848,1298402000.0,0,0.309367487311197,8033.667285196657,80.33667285196657,1928.0801484471976,2739.72602739726,24982054.849781737,1769520907.987742,9999520907.987741,26082.103747817306,479092.0122581641,0,0,139110000,6849315.068493151,150684931.5068494,3150684.9315068494,69315068.49315068,0,630410907.9877418,1982833.7107775826,0.0031126177488639806,0.03375755109990922,"{'total_cost': 175.22557821524148, 'price_stability_cost': 576.9881613219195, 'utilization_efficiency_cost': 0.40454465574561754, 'foundation_sustainability_cost': 0.0, 'node_profitability_cost': 13.519957698194835, 'decentralization_cost': 0.0}",0,0,1,1,23
13911,6025.250463897492,21538.976985806526,26265.825449704018,1298.402,70.15424264817565,662.0,401763700.9326848,1298402000.0,0,0.309367487311197,8033.667285196657,80.33667285196657,1928.0801484471976,2739.72602739726,24982054.849781737,1769520907.987742,9999520907.987741,26082.103747817306,479092.0122581641,0,0,139110000,6849315.068493151,157534246.57534257,3150684.9315068494,72465753.42465752,0,630410907.9877418,1982833.7107775826,0.0031126177488639806,0.03375755109990922,"{'total_cost': 175.22557821524148, 'price_stability_cost': 576.9881613219195, 'utilization_efficiency_cost': 0.40454465574561754, 'foundation_sustainability_cost': 0.0, 'node_profitability_cost': 13.519957698194835, 'decentralization_cost': 0.0}",0,0,1,2,23
13911,6025.250463897492,21538.976985806526,26265.825449704018,1298.402,70.15424264817565,662.0,401763700.9326848,1363278000.0,0,0.29470416227114704,8033.667285196657,80.33667285196657,1928.0801484471976,2739.72602739726,24982054.849781737,1769520907.987742,9999520907.987741,26082.103747817306,479092.0122581641,0,0,139110000,6849315.068493151,157534246.57534257,3150684.9315068494,72465753.42465752,0,630410907.9877418,1982833.7107775826,0.0031126177488639806,0.03375755109990922,"{'total_cost': 175.22557821524148, 'price_stability_cost': 576.9881613219195, 'utilization_efficiency_cost': 0.40454465574561754, 'foundation_sustainability_cost': 0.0, 'node_profitability_cost': 13.519957698194835, 'decentralization_cost': 0.0}",0,0,1,3,23
13911,6026.455513990272,21538.976985806526,26265.825449704018,1298.402,70.15424264817565,662.0,401763700.9326848,1363278000.0,0,0.29470416227114704,8035.274018653697,80.35274018653696,1928.4657644768872,2739.72602739726,24982054.849781737,1769520907.987742,9999520907.987741,26082.103747817306,479092.0122581641,0,0,139110000,6849315.068493151,157534246.57534257,3150684.9315068494,72465753.42465752,0,630410907.9877418,1982833.7107775826,0.0031126177488639806,0.03375755109990922,"{'total_cost': 175.22557821524148, 'price_stability_cost': 576.9881613219195, 'utilization_efficiency_cost': 0.40454465574561754, 'foundation_sustainability_cost': 0.0, 'node_profitability_cost': 13.519957698194835, 'decentralization_cost': 0.0}",0,0,1,4,23
13911,6026.455513990272,21311.62800090008,25974.805514890355,1363.278,66.09669181937973,662.0,401763700.9326848,1363278000.0,0,0.29470416227114704,8035.274018653697,80.35274018653696,1928.4657644768872,2739.72602739726,24982054.849781737,1769520907.987742,9999520907.987741,26082.103747817306,479092.0122581641,0,0,139110000,6849315.068493151,157534246.57534257,3150684.9315068494,72465753.42465752,0,637260223.056235,1961522.0827766825,0.0031114976881314116,0.03375755109990922,"{'total_cost': 175.22557821524148, 'price_stability_cost': 576.9881613219195, 'utilization_efficiency_cost': 0.40454465574561754, 'foundation_sustainability_cost': 0.0, 'node_profitability_cost': 13.519957698194835, 'decentralization_cost': 0.0}",0,0,1,5,23
13911,6026.455513990272,21311.62800090008,25974.805514890355,1363.278,66.09669181937973,662.0,401763700.9326848,1363278000.0,0,0.29470416227114704,8035.274018653697,80.35274018653696,1928.4657644768872,2739.72602739726,24981243.58951882,1769520907.987742,9999520907.987741,26082.103747817306,479092.0122581641,0,0,139110000,6849315.068493151,157534246.57534257,3150684.9315068494,72465753.42465752,0,637260223.056235,1961522.0827766825,0.0031114976881314116,0.03375755109990922,"{'total_cost': 175.22557821524148, 'price_stability_cost': 576.9881613219195, 'utilization_efficiency_cost': 0.40454465574561754, 'foundation_sustainability_cost': 0.0, 'node_profitability_cost': 13.519957698194835, 'decentralization_cost': 0.0}",0,0,1,6,23
13911,6026.455513990272,21311.62800090008,25974.805514890355,1363.278,66.09669181937973,662.0,401763700.9326848,1363278000.0,0,0.29470416227114704,8035.274018653697,80.35274018653696,1928.4657644768872,2739.72602739726,24981243.58951882,1769520907.987742,9999520907.987741,26082.103747817306,479092.0122581641,0,0,139110000,6849315.068493151,157534246.57534257,3150684.9315068494,72465753.42465752,0,640410907.9877418,1951871.812939085,0.0030629117310635003,0.03375755109990922,"{'total_cost': 175.22557821524148, 'price_stability_cost': 576.9881613219195, 'utilization_efficiency_cost': 0.40454465574561754, 'foundation_sustainability_cost': 0.0, 'node_profitability_cost': 13.519957698194835, 'decentralization_cost': 0.0}",0,0,1,7,23
13911,6026.455513990272,21311.62800090008,25974.805514890355,1363.278,66.09669181937973,662.0,401763700.9326848,1363278000.0,0,0.29470416227114704,8035.274018653697,80.35274018653696,1928.4657644768872,2739.72602739726,24981243.58951882,1769520907.987742,9999520907.987741,26362.721488236777,505454.7337464009,0,0,139110000,6849315.068493151,157534246.57534257,3150684.9315068494,72465753.42465752,0,640384545.2662536,1951952.1656792716,0.0030479683299158206,0.03375755109990922,"{'total_cost': 175.22557821524148, 'price_stability_cost': 576.9881613219195, 'utilization_efficiency_cost': 0.40454465574561754, 'foundation_sustainability_cost': 0.0, 'node_profitability_cost': 13.519957698194835, 'decentralization_cost': 0.0}",0,0,1,8,23
14606,6026.455513990272,21311.62800090008,25974.805514890355,1363.278,66.09669181937973,695.0,401763700.9326848,1363278000.0,0,0.29470416227114704,8035.274018653697,80.35274018653696,1928.4657644768872,2739.72602739726,24981243.58951882,1769520907.987742,9999520907.987741,26362.721488236777,505454.7337464009,0,0,146060000,6849315.068493151,157534246.57534257,3150684.9315068494,72465753.42465752,0,633434545.2662536,1973368.8497752876,0.0030815372800023105,0.03950275825254068,"{'total_cost': 175.22557821524148, 'price_stability_cost': 576.9881613219195, 'utilization_efficiency_cost': 0.40454465574561754, 'foundation_sustainability_cost': 0.0, 'node_profitability_cost': 13.519957698194835, 'decentralization_cost': 0.0}",0,0,1,9,23
14606,6026.455513990272,21311.62800090008,25974.805514890355,1363.278,66.09669181937973,695.0,401763700.9326848,1363278000.0,0,0.29470416227114704,8035.274018653697,80.35274018653696,1928.4657644768872,2739.72602739726,24981243.58951882,1779494545.2662535,9999494545.266254,26362.721488236777,505454.7337464009,0,0,146060000,6849315.068493151,157534246.57534257,3150684.9315068494,72465753.42465752,0,633434545.2662536,1973368.8497752876,0.0030815372800023105,0.03950275825254068,"{'total_cost': 175.22557821524148, 'price_stability_cost': 576.9881613219195, 'utilization_efficiency_cost': 0.40454465574561754, 'foundation_sustainability_cost': 0.0, 'node_profitability_cost': 13.519957698194835, 'decentralization_cost': 0.0}",0,0,1,10,23
14606,6026.455513990272,21311.62800090008,25974.805514890355,1363.278,66.09669181937973,695.0,401763700.9326848,1363278000.0,0,0.29470416227114704,8035.274018653697,80.35274018653696,1928.4657644768872,2739.72602739726,24981243.58951882,1779494545.2662535,9999494545.266254,26362.721488236777,505454.7337464009,0,0,146060000,6849315.068493151,157534246.57534257,3150684.9315068494,72465753.42465752,0,633434545.2662536,1973368.8497752876,0.0030815372800023105,0.03950275825254068,"{'total_cost': 146.14695965652618, 'price_stability_cost': 480.99893892804755, 'utilization_efficiency_cost': 0.42678680608856556, 'foundation_sustainability_cost': 0.0, 'node_profitability_cost': 11.60387517726519, 'decentralization_cost': 0.0}",0,0,1,11,23
14606,6026.455513990272,21311.62800090008,25974.805514890355,1363.278,66.09669181937973,695.0,401844053.6728713,1363278000.0,0,0.29470416227114704,8035.274018653697,80.35274018653696,1928.4657644768872,2739.72602739726,24981243.58951882,1779494545.2662535,9999494545.266254,26362.721488236777,505454.7337464009,0,0,146060000,6849315.068493151,157534246.57534257,3150684.9315068494,72465753.42465752,0,633434545.2662536,1973368.8497752876,0.0030815372800023105,0.03950275825254068,"{'total_cost': 146.14695965652618, 'price_stability_cost': 480.99893892804755, 'utilization_efficiency_cost': 0.42678680608856556, 'foundation_sustainability_cost': 0.0, 'node_profitability_cost': 11.60387517726519, 'decentralization_cost': 0.0}",0,0,1,1,24
14606,6026.455513990272,21311.62800090008,25974.805514890355,1363.278,66.09669181937973,695.0,401844053.6728713,1363278000.0,0,0.29470416227114704,8035.274018653697,80.35274018653696,1928.4657644768872,2739.72602739726,24981243.58951882,1779494545.2662535,9999494545.266254,26362.721488236777,505454.7337464009,0,0,146060000,6849315.068493151,164383561.64383572,3150684.9315068494,75616438.35616437,0,633434545.2662536,1973368.8497752876,0.0030815372800023105,0.03950275825254068,"{'total_cost': 146.14695965652618, 'price_stability_cost': 480.99893892804755, 'utilization_efficiency_cost': 0.42678680608856556, 'foundation_sustainability_cost': 0.0, 'node_profitability_cost': 11.60387517726519, 'decentralization_cost': 0.0}",0,0,1,2,24
14606,6026.455513990272,21311.62800090008,25974.805514890355,1363.278,66.09669181937973,695.0,401844053.6728713,1431388000.0,0,0.2807373358396684,8035.274018653697,80.35274018653696,1928.4657644768872,2739.72602739726,24981243.58951882,1779494545.2662535,9999494545.266254,26362.721488236777,505454.7337464009,0,0,146060000,6849315.068493151,164383561.64383572,3150684.9315068494,75616438.35616437,0,633434545.2662536,1973368.8497752876,0.0030815372800023105,0.03950275825254068,"{'total_cost': 146.14695965652618, 'price_stability_cost': 480.99893892804755, 'utilization_efficiency_cost': 0.42678680608856556, 'foundation_sustainability_cost': 0.0, 'node_profitability_cost': 11.60387517726519, 'decentralization_cost': 0.0}",0,0,1,3,24
14606,6027.66080509307,21311.62800090008,25974.805514890355,1363.278,66.09669181937973,695.0,401844053.6728713,1431388000.0,0,0.2807373358396684,8036.881073457426,80.36881073457427,1928.8514576297823,2739.72602739726,24981243.58951882,1779494545.2662535,9999494545.266254,26362.721488236777,505454.7337464009,0,0,146060000,6849315.068493151,164383561.64383572,3150684.9315068494,75616438.35616437,0,633434545.2662536,1973368.8497752876,0.0030815372800023105,0.03950275825254068,"{'total_cost': 146.14695965652618, 'price_stability_cost': 480.99893892804755, 'utilization_efficiency_cost': 0.42678680608856556, 'foundation_sustainability_cost': 0.0, 'node_profitability_cost': 11.60387517726519, 'decentralization_cost': 0.0}",0,0,1,4,24
14606,6027.66080509307,21109.738720252077,25706.011525345148,1431.388,62.31797574570515,695.0,401844053.6728713,1431388000.0,0,0.2807373358396684,8036.881073457426,80.36881073457427,1928.8514576297823,2739.72602739726,24981243.58951882,1779494545.2662535,9999494545.266254,26362.721488236777,505454.7337464009,0,0,146060000,6849315.068493151,164383561.64383572,3150684.9315068494,75616438.35616437,0,640283860.3347467,1952259.1110550354,0.003082021853156803,0.03950275825254068,"{'total_cost': 146.14695965652618, 'price_stability_cost': 480.99893892804755, 'utilization_efficiency_cost': 0.42678680608856556, 'foundation_sustainability_cost': 0.0, 'node_profitability_cost': 11.60387517726519, 'decentralization_cost': 0.0}",0,0,1,5,24
14606,6027.66080509307,21109.738720252077,25706.011525345148,1431.388,62.31797574570515,695.0,401844053.6728713,1431388000.0,0,0.2807373358396684,8036.881073457426,80.36881073457427,1928.8514576297823,2739.72602739726,24980432.714949053,1779494545.2662535,9999494545.266254,26362.721488236777,505454.7337464009,0,0,146060000,6849315.068493151,164383561.64383572,3150684.9315068494,75616438.35616437,0,640283860.3347467,1952259.1110550354,0.003082021853156803,0.03950275825254068,"{'total_cost': 146.14695965652618, 'price_stability_cost': 480.99893892804755, 'utilization_efficiency_cost': 0.42678680608856556, 'foundation_sustainability_cost': 0.0, 'node_profitability_cost': 11.60387517726519, 'decentralization_cost': 0.0}",0,0,1,6,24
14606,6027.66080509307,21109.738720252077,25706.011525345148,1431.388,62.31797574570515,695.0,401844053.6728713,1431388000.0,0,0.2807373358396684,8036.881073457426,80.36881073457427,1928.8514576297823,2739.72602739726,24980432.714949053,1779494545.2662535,9999494545.266254,26362.721488236777,505454.7337464009,0,0,146060000,6849315.068493151,164383561.64383572,3150684.9315068494,75616438.35616437,0,643434545.2662536,1942699.547601611,0.0030341223134781946,0.03950275825254068,"{'total_cost': 146.14695965652618, 'price_stability_cost': 480.99893892804755, 'utilization_efficiency_cost': 0.42678680608856556, 'foundation_sustainability_cost': 0.0, 'node_profitability_cost': 11.60387517726519, 'decentralization_cost': 0.0}",0,0,1,7,24
14606,6027.66080509307,21109.738720252077,25706.011525345148,1431.388,62.31797574570515,695.0,401844053.6728713,1431388000.0,0,0.2807373358396684,8036.881073457426,80.36881073457427,1928.8514576297823,2739.72602739726,24980432.714949053,1779494545.2662535,9999494545.266254,26617.56421905216,532072.2979654531,0,0,146060000,6849315.068493151,164383561.64383572,3150684.9315068494,75616438.35616437,0,643407927.7020346,1942779.9164123454,0.003019390131763009,0.03950275825254068,"{'total_cost': 146.14695965652618, 'price_stability_cost': 480.99893892804755, 'utilization_efficiency_cost': 0.42678680608856556, 'foundation_sustainability_cost': 0.0, 'node_profitability_cost': 11.60387517726519, 'decentralization_cost': 0.0}",0,0,1,8,24
15336,6027.66080509307,21109.738720252077,25706.011525345148,1431.388,62.31797574570515,730.0,401844053.6728713,1431388000.0,0,0.2807373358396684,8036.881073457426,80.36881073457427,1928.8514576297823,2739.72602739726,24980432.714949053,1779494545.2662535,9999494545.266254,26617.56421905216,532072.2979654531,0,0,153360000,6849315.068493151,164383561.64383572,3150684.9315068494,75616438.35616437,0,636107927.7020346,1965075.3363751876,0.003054167118197561,0.04620220507827986,"{'total_cost': 146.14695965652618, 'price_stability_cost': 480.99893892804755, 'utilization_efficiency_cost': 0.42678680608856556, 'foundation_sustainability_cost': 0.0, 'node_profitability_cost': 11.60387517726519, 'decentralization_cost': 0.0}",0,0,1,9,24
15336,6027.66080509307,21109.738720252077,25706.011525345148,1431.388,62.31797574570515,730.0,401844053.6728713,1431388000.0,0,0.2807373358396684,8036.881073457426,80.36881073457427,1928.8514576297823,2739.72602739726,24980432.714949053,1789467927.7020345,9999467927.702034,26617.56421905216,532072.2979654531,0,0,153360000,6849315.068493151,164383561.64383572,3150684.9315068494,75616438.35616437,0,636107927.7020346,1965075.3363751876,0.003054167118197561,0.04620220507827986,"{'total_cost': 146.14695965652618, 'price_stability_cost': 480.99893892804755, 'utilization_efficiency_cost': 0.42678680608856556, 'foundation_sustainability_cost': 0.0, 'node_profitability_cost': 11.60387517726519, 'decentralization_cost': 0.0}",0,0,1,10,24
15336,6027.66080509307,21109.738720252077,25706.011525345148,1431.388,62.31797574570515,730.0,401844053.6728713,1431388000.0,0,0.2807373358396684,8036.881073457426,80.36881073457427,1928.8514576297823,2739.72602739726,24980432.714949053,1789467927.7020345,9999467927.702034,26617.56421905216,532072.2979654531,0,0,153360000,6849315.068493151,164383561.64383572,3150684.9315068494,75616438.35616437,0,636107927.7020346,1965075.3363751876,0.003054167118197561,0.04620220507827986,"{'total_cost': 118.96280039084714, 'price_stability_cost': 391.19336119050547, 'utilization_efficiency_cost': 0.4485259249922746, 'foundation_sustainability_cost': 0.0, 'node_profitability_cost': 9.951070349649513, 'decentralization_cost': 0.0}",0,0,1,11,24
15336,6027.66080509307,21109.738720252077,25706.011525345148,1431.388,62.31797574570515,730.0,401924422.48360586,1431388000.0,0,0.2807373358396684,8036.881073457426,80.36881073457427,1928.8514576297823,2739.72602739726,24980432.714949053,1789467927.7020345,9999467927.702034,26617.56421905216,532072.2979654531,0,0,153360000,6849315.068493151,164383561.64383572,3150684.9315068494,75616438.35616437,0,636107927.7020346,1965075.3363751876,0.003054167118197561,0.04620220507827986,"{'total_cost': 118.96280039084714, 'price_stability_cost': 391.19336119050547, 'utilization_efficiency_cost': 0.4485259249922746, 'foundation_sustainability_cost': 0.0, 'node_profitability_cost': 9.951070349649513, 'decentralization_cost': 0.0}",0,0,1,1,25
15336,6027.66080509307,21109.738720252077,25706.011525345148,1431.388,62.31797574570515,730.0,401924422.48360586,1431388000.0,0,0.2807373358396684,8036.881073457426,80.36881073457427,1928.8514576297823,2739.72602739726,24980432.714949053,1789467927.7020345,9999467927.702034,26617.56421905216,532072.2979654531,0,0,153360000,6849315.068493151,171232876.71232888,3150684.9315068494,78767123.28767121,0,636107927.7020346,1965075.3363751876,0.003054167118197561,0.04620220507827986,"{'total_cost': 118.96280039084714, 'price_stability_cost': 391.19336119050547, 'utilization_efficiency_cost': 0.4485259249922746, 'foundation_sustainability_cost': 0.0, 'node_profitability_cost': 9.951070349649513, 'decentralization_cost': 0.0}",0,0,1,2,25
15336,6027.66080509307,21109.738720252077,25706.011525345148,1431.388,62.31797574570515,730.0,401924422.48360586,1502928000.0,0,0.2674275963210519,8036.881073457426,80.36881073457427,1928.8514576297823,2739.72602739726,24980432.714949053,1789467927.7020345,9999467927.702034,26617.56421905216,532072.2979654531,0,0,153360000,6849315.068493151,171232876.71232888,3150684.9315068494,78767123.28767121,0,636107927.7020346,1965075.3363751876,0.003054167118197561,0.04620220507827986,"{'total_cost': 118.96280039084714, 'price_stability_cost': 391.19336119050547, 'utilization_efficiency_cost': 0.4485259249922746, 'foundation_sustainability_cost': 0.0, 'node_profitability_cost': 9.951070349649513, 'decentralization_cost': 0.0}",0,0,1,3,25
15336,6028.866337254089,21109.738720252077,25706.011525345148,1431.388,62.31797574570515,730.0,401924422.48360586,1502928000.0,0,0.2674275963210519,8038.488449672118,80.38488449672118,1929.2372279213082,2739.72602739726,24980432.714949053,1789467927.7020345,9999467927.702034,26617.56421905216,532072.2979654531,0,0,153360000,6849315.068493151,171232876.71232888,3150684.9315068494,78767123.28767121,0,636107927.7020346,1965075.3363751876,0.003054167118197561,0.04620220507827986,"{'total_cost': 118.96280039084714, 'price_stability_cost': 391.19336119050547, 'utilization_efficiency_cost': 0.4485259249922746, 'foundation_sustainability_cost': 0.0, 'node_profitability_cost': 9.951070349649513, 'decentralization_cost': 0.0}",0,0,1,4,25
15336,6028.866337254089,20933.61613621717,25459.55447347126,1502.9279999999999,58.79724597764727,730.0,401924422.48360586,1502928000.0,0,0.2674275963210519,8038.488449672118,80.38488449672118,1929.2372279213082,2739.72602739726,24980432.714949053,1789467927.7020345,9999467927.702034,26617.56421905216,532072.2979654531,0,0,153360000,6849315.068493151,171232876.71232888,3150684.9315068494,78767123.28767121,0,642957242.7705277,1944141.7202389704,0.0030563079558877065,0.04620220507827986,"{'total_cost': 118.96280039084714, 'price_stability_cost': 391.19336119050547, 'utilization_efficiency_cost': 0.4485259249922746, 'foundation_sustainability_cost': 0.0, 'node_profitability_cost': 9.951070349649513, 'decentralization_cost': 0.0}",0,0,1,5,25
15336,6028.866337254089,20933.61613621717,25459.55447347126,1502.9279999999999,58.79724597764727,730.0,401924422.48360586,1502928000.0,0,0.2674275963210519,8038.488449672118,80.38488449672118,1929.2372279213082,2739.72602739726,24979622.226149578,1789467927.7020345,9999467927.702034,26617.56421905216,532072.2979654531,0,0,153360000,6849315.068493151,171232876.71232888,3150684.9315068494,78767123.28767121,0,642957242.7705277,1944141.7202389704,0.0030563079558877065,0.04620220507827986,"{'total_cost': 118.96280039084714, 'price_stability_cost': 391.19336119050547, 'utilization_efficiency_cost': 0.4485259249922746, 'foundation_sustainability_cost': 0.0, 'node_profitability_cost': 9.951070349649513, 'decentralization_cost': 0.0}",0,0,1,6,25
15336,6028.866337254089,20933.61613621717,25459.55447347126,1502.9279999999999,58.79724597764727,730.0,401924422.48360586,1502928000.0,0,0.2674275963210519,8038.488449672118,80.38488449672118,1929.2372279213082,2739.72602739726,24979622.226149578,1789467927.7020345,9999467927.702034,26617.56421905216,532072.2979654531,0,0,153360000,6849315.068493151,171232876.71232888,3150684.9315068494,78767123.28767121,0,646107927.7020346,1934661.2948176998,0.0030090045902293116,0.04620220507827986,"{'total_cost': 118.96280039084714, 'price_stability_cost': 391.19336119050547, 'utilization_efficiency_cost': 0.4485259249922746, 'foundation_sustainability_cost': 0.0, 'node_profitability_cost': 9.951070349649513, 'decentralization_cost': 0.0}",0,0,1,7,25
15336,6028.866337254089,20933.61613621717,25459.55447347126,1502.9279999999999,58.79724597764727,730.0,401924422.48360586,1502928000.0,0,0.2674275963210519,8038.488449672118,80.38488449672118,1929.2372279213082,2739.72602739726,24979622.226149578,1789467927.7020345,9999467927.702034,26844.571389364155,558916.8693548173,0,0,153360000,6849315.068493151,171232876.71232888,3150684.9315068494,78767123.28767121,0,646081083.1306453,1934741.6797021965,0.0029944558745523407,0.04620220507827986,"{'total_cost': 118.96280039084714, 'price_stability_cost': 391.19336119050547, 'utilization_efficiency_cost': 0.4485259249922746, 'foundation_sustainability_cost': 0.0, 'node_profitability_cost': 9.951070349649513, 'decentralization_cost': 0.0}",0,0,1,8,25
16102,6028.866337254089,20933.61613621717,25459.55447347126,1502.9279999999999,58.79724597764727,766.0,401924422.48360586,1502928000.0,0,0.2674275963210519,8038.488449672118,80.38488449672118,1929.2372279213082,2739.72602739726,24979622.226149578,1789467927.7020345,9999467927.702034,26844.571389364155,558916.8693548173,0,0,161020000,6849315.068493151,171232876.71232888,3150684.9315068494,78767123.28767121,0,638421083.1306453,1957955.388738629,0.003030510318072116,0.054022041244437984,"{'total_cost': 118.96280039084714, 'price_stability_cost': 391.19336119050547, 'utilization_efficiency_cost': 0.4485259249922746, 'foundation_sustainability_cost': 0.0, 'node_profitability_cost': 9.951070349649513, 'decentralization_cost': 0.0}",0,0,1,9,25
16102,6028.866337254089,20933.61613621717,25459.55447347126,1502.9279999999999,58.79724597764727,766.0,401924422.48360586,1502928000.0,0,0.2674275963210519,8038.488449672118,80.38488449672118,1929.2372279213082,2739.72602739726,24979622.226149578,1799441083.1306453,9999441083.130646,26844.571389364155,558916.8693548173,0,0,161020000,6849315.068493151,171232876.71232888,3150684.9315068494,78767123.28767121,0,638421083.1306453,1957955.388738629,0.003030510318072116,0.054022041244437984,"{'total_cost': 118.96280039084714, 'price_stability_cost': 391.19336119050547, 'utilization_efficiency_cost': 0.4485259249922746, 'foundation_sustainability_cost': 0.0, 'node_profitability_cost': 9.951070349649513, 'decentralization_cost': 0.0}",0,0,1,10,25
16102,6028.866337254089,20933.61613621717,25459.55447347126,1502.9279999999999,58.79724597764727,766.0,401924422.48360586,1502928000.0,0,0.2674275963210519,8038.488449672118,80.38488449672118,1929.2372279213082,2739.72602739726,24979622.226149578,1799441083.1306453,9999441083.130646,26844.571389364155,558916.8693548173,0,0,161020000,6849315.068493151,171232876.71232888,3150684.9315068494,78767123.28767121,0,638421083.1306453,1957955.388738629,0.003030510318072116,0.054022041244437984,"{'total_cost': 93.89104840564113, 'price_stability_cost': 308.3160434660186, 'utilization_efficiency_cost': 0.46974478273808623, 'foundation_sustainability_cost': 0.0, 'node_profitability_cost': 8.525327801006844, 'decentralization_cost': 0.0}",0,0,1,11,25
16102,6028.866337254089,20933.61613621717,25459.55447347126,1502.9279999999999,58.79724597764727,766.0,402004807.36810255,1502928000.0,0,0.2674275963210519,8038.488449672118,80.38488449672118,1929.2372279213082,2739.72602739726,24979622.226149578,1799441083.1306453,9999441083.130646,26844.571389364155,558916.8693548173,0,0,161020000,6849315.068493151,171232876.71232888,3150684.9315068494,78767123.28767121,0,638421083.1306453,1957955.388738629,0.003030510318072116,0.054022041244437984,"{'total_cost': 93.89104840564113, 'price_stability_cost': 308.3160434660186, 'utilization_efficiency_cost': 0.46974478273808623, 'foundation_sustainability_cost': 0.0, 'node_profitability_cost': 8.525327801006844, 'decentralization_cost': 0.0}",0,0,1,1,26
16102,6028.866337254089,20933.61613621717,25459.55447347126,1502.9279999999999,58.79724597764727,766.0,402004807.36810255,1502928000.0,0,0.2674275963210519,8038.488449672118,80.38488449672118,1929.2372279213082,2739.72602739726,24979622.226149578,1799441083.1306453,9999441083.130646,26844.571389364155,558916.8693548173,0,0,161020000,6849315.068493151,178082191.78082204,3150684.9315068494,81917808.21917805,0,638421083.1306453,1957955.388738629,0.003030510318072116,0.054022041244437984,"{'total_cost': 93.89104840564113, 'price_stability_cost': 308.3160434660186, 'utilization_efficiency_cost': 0.46974478273808623, 'foundation_sustainability_cost': 0.0, 'node_profitability_cost': 8.525327801006844, 'decentralization_cost': 0.0}",0,0,1,2,26
16102,6028.866337254089,20933.61613621717,25459.55447347126,1502.9279999999999,58.79724597764727,766.0,402004807.36810255,1577996000.0,0,0.2547565439760953,8038.488449672118,80.38488449672118,1929.2372279213082,2739.72602739726,24979622.226149578,1799441083.1306453,9999441083.130646,26844.571389364155,558916.8693548173,0,0,161020000,6849315.068493151,178082191.78082204,3150684.9315068494,81917808.21917805,0,638421083.1306453,1957955.388738629,0.003030510318072116,0.054022041244437984,"{'total_cost': 93.89104840564113, 'price_stability_cost': 308.3160434660186, 'utilization_efficiency_cost': 0.46974478273808623, 'foundation_sustainability_cost': 0.0, 'node_profitability_cost': 8.525327801006844, 'decentralization_cost': 0.0}",0,0,1,3,26
16102,6030.072110521539,20933.61613621717,25459.55447347126,1502.9279999999999,58.79724597764727,766.0,402004807.36810255,1577996000.0,0,0.2547565439760953,8040.096147362052,80.40096147362053,1929.6230753668924,2739.72602739726,24979622.226149578,1799441083.1306453,9999441083.130646,26844.571389364155,558916.8693548173,0,0,161020000,6849315.068493151,178082191.78082204,3150684.9315068494,81917808.21917805,0,638421083.1306453,1957955.388738629,0.003030510318072116,0.054022041244437984,"{'total_cost': 93.89104840564113, 'price_stability_cost': 308.3160434660186, 'utilization_efficiency_cost': 0.46974478273808623, 'foundation_sustainability_cost': 0.0, 'node_profitability_cost': 8.525327801006844, 'decentralization_cost': 0.0}",0,0,1,4,26
16102,6030.072110521539,20782.997926066593,25235.074036588132,1577.9959999999999,55.51824459138698,766.0,402004807.36810255,1577996000.0,0,0.2547565439760953,8040.096147362052,80.40096147362053,1929.6230753668924,2739.72602739726,24979622.226149578,1799441083.1306453,9999441083.130646,26844.571389364155,558916.8693548173,0,0,161020000,6849315.068493151,178082191.78082204,3150684.9315068494,81917808.21917805,0,645270398.1991384,1937172.3908125623,0.0030343176972057223,0.054022041244437984,"{'total_cost': 93.89104840564113, 'price_stability_cost': 308.3160434660186, 'utilization_efficiency_cost': 0.46974478273808623, 'foundation_sustainability_cost': 0.0, 'node_profitability_cost': 8.525327801006844, 'decentralization_cost': 0.0}",0,0,1,5,26
16102,6030.072110521539,20782.997926066593,25235.074036588132,1577.9959999999999,55.51824459138698,766.0,402004807.36810255,1577996000.0,0,0.2547565439760953,8040.096147362052,80.40096147362053,1929.6230753668924,2739.72602739726,24978812.123197548,1799441083.1306453,9999441083.130646,26844.571389364155,558916.8693548173,0,0,161020000,6849315.068493151,178082191.78082204,3150684.9315068494,81917808.21917805,0,645270398.1991384,1937172.3908125623,0.0030343176972057223,0.054022041244437984,"{'total_cost': 93.89104840564113, 'price_stability_cost': 308.3160434660186, 'utilization_efficiency_cost': 0.46974478273808623, 'foundation_sustainability_cost': 0.0, 'node_profitability_cost': 8.525327801006844, 'decentralization_cost': 0.0}",0,0,1,6,26
16102,6030.072110521539,20782.997926066593,25235.074036588132,1577.9959999999999,55.51824459138698,766.0,402004807.36810255,1577996000.0,0,0.2547565439760953,8040.096147362052,80.40096147362053,1929.6230753668924,2739.72602739726,24978812.123197548,1799441083.1306453,9999441083.130646,26844.571389364155,558916.8693548173,0,0,161020000,6849315.068493151,178082191.78082204,3150684.9315068494,81917808.21917805,0,648421083.1306453,1927759.649585833,0.0029875222154401426,0.054022041244437984,"{'total_cost': 93.89104840564113, 'price_stability_cost': 308.3160434660186, 'utilization_efficiency_cost': 0.46974478273808623, 'foundation_sustainability_cost': 0.0, 'node_profitability_cost': 8.525327801006844, 'decentralization_cost': 0.0}",0,0,1,7,26
16102,6030.072110521539,20782.997926066593,25235.074036588132,1577.9959999999999,55.51824459138698,766.0,402004807.36810255,1577996000.0,0,0.2547565439760953,8040.096147362052,80.40096147362053,1929.6230753668924,2739.72602739726,24978812.123197548,1799441083.1306453,9999441083.130646,27042.533175233988,585959.4025300513,0,0,161020000,6849315.068493151,178082191.78082204,3150684.9315068494,81917808.21917805,0,648394040.59747,1927840.0505473067,0.0029731298082404903,0.054022041244437984,"{'total_cost': 93.89104840564113, 'price_stability_cost': 308.3160434660186, 'utilization_efficiency_cost': 0.46974478273808623, 'foundation_sustainability_cost': 0.0, 'node_profitability_cost': 8.525327801006844, 'decentralization_cost': 0.0}",0,0,1,8,26
16907,6030.072110521539,20782.997926066593,25235.074036588132,1577.9959999999999,55.51824459138698,805.0,402004807.36810255,1577996000.0,0,0.2547565439760953,8040.096147362052,80.40096147362053,1929.6230753668924,2739.72602739726,24978812.123197548,1799441083.1306453,9999441083.130646,27042.533175233988,585959.4025300513,0,0,169070000,6849315.068493151,178082191.78082204,3150684.9315068494,81917808.21917805,0,640344040.59747,1952075.6355188256,0.0030106316734806256,0.06315875492496312,"{'total_cost': 93.89104840564113, 'price_stability_cost': 308.3160434660186, 'utilization_efficiency_cost': 0.46974478273808623, 'foundation_sustainability_cost': 0.0, 'node_profitability_cost': 8.525327801006844, 'decentralization_cost': 0.0}",0,0,1,9,26
16907,6030.072110521539,20782.997926066593,25235.074036588132,1577.9959999999999,55.51824459138698,805.0,402004807.36810255,1577996000.0,0,0.2547565439760953,8040.096147362052,80.40096147362053,1929.6230753668924,2739.72602739726,24978812.123197548,1809414040.59747,9999414040.59747,27042.533175233988,585959.4025300513,0,0,169070000,6849315.068493151,178082191.78082204,3150684.9315068494,81917808.21917805,0,640344040.59747,1952075.6355188256,0.0030106316734806256,0.06315875492496312,"{'total_cost': 93.89104840564113, 'price_stability_cost': 308.3160434660186, 'utilization_efficiency_cost': 0.46974478273808623, 'foundation_sustainability_cost': 0.0, 'node_profitability_cost': 8.525327801006844, 'decentralization_cost': 0.0}",0,0,1,10,26
16907,6030.072110521539,20782.997926066593,25235.074036588132,1577.9959999999999,55.51824459138698,805.0,402004807.36810255,1577996000.0,0,0.2547565439760953,8040.096147362052,80.40096147362053,1929.6230753668924,2739.72602739726,24978812.123197548,1809414040.59747,9999414040.59747,27042.533175233988,585959.4025300513,0,0,169070000,6849315.068493151,178082191.78082204,3150684.9315068494,81917808.21917805,0,640344040.59747,1952075.6355188256,0.0030106316734806256,0.06315875492496312,"{'total_cost': 71.02647594392239, 'price_stability_cost': 232.69796748990132, 'utilization_efficiency_cost': 0.49040106842807213, 'foundation_sustainability_cost': 0.0, 'node_profitability_cost': 7.296569532299823, 'decentralization_cost': 0.0}",0,0,1,11,26
16907,6030.072110521539,20782.997926066593,25235.074036588132,1577.9959999999999,55.51824459138698,805.0,402085208.32957613,1577996000.0,0,0.2547565439760953,8040.096147362052,80.40096147362053,1929.6230753668924,2739.72602739726,24978812.123197548,1809414040.59747,9999414040.59747,27042.533175233988,585959.4025300513,0,0,169070000,6849315.068493151,178082191.78082204,3150684.9315068494,81917808.21917805,0,640344040.59747,1952075.6355188256,0.0030106316734806256,0.06315875492496312,"{'total_cost': 71.02647594392239, 'price_stability_cost': 232.69796748990132, 'utilization_efficiency_cost': 0.49040106842807213, 'foundation_sustainability_cost': 0.0, 'node_profitability_cost': 7.296569532299823, 'decentralization_cost': 0.0}",0,0,1,1,27
16907,6030.072110521539,20782.997926066593,25235.074036588132,1577.9959999999999,55.51824459138698,805.0,402085208.32957613,1577996000.0,0,0.2547565439760953,8040.096147362052,80.40096147362053,1929.6230753668924,2739.72602739726,24978812.123197548,1809414040.59747,9999414040.59747,27042.533175233988,585959.4025300513,0,0,169070000,6849315.068493151,184931506.8493152,3150684.9315068494,85068493.1506849,0,640344040.59747,1952075.6355188256,0.0030106316734806256,0.06315875492496312,"{'total_cost': 71.02647594392239, 'price_stability_cost': 232.69796748990132, 'utilization_efficiency_cost': 0.49040106842807213, 'foundation_sustainability_cost': 0.0, 'node_profitability_cost': 7.296569532299823, 'decentralization_cost': 0.0}",0,0,1,2,27
16907,6030.072110521539,20782.997926066593,25235.074036588132,1577.9959999999999,55.51824459138698,805.0,402085208.32957613,1656886000.0,0,0.24267524037838217,8040.096147362052,80.40096147362053,1929.6230753668924,2739.72602739726,24978812.123197548,1809414040.59747,9999414040.59747,27042.533175233988,585959.4025300513,0,0,169070000,6849315.068493151,184931506.8493152,3150684.9315068494,85068493.1506849,0,640344040.59747,1952075.6355188256,0.0030106316734806256,0.06315875492496312,"{'total_cost': 71.02647594392239, 'price_stability_cost': 232.69796748990132, 'utilization_efficiency_cost': 0.49040106842807213, 'foundation_sustainability_cost': 0.0, 'node_profitability_cost': 7.296569532299823, 'decentralization_cost': 0.0}",0,0,1,3,27
16907,6031.278124943642,20782.997926066593,25235.074036588132,1577.9959999999999,55.51824459138698,805.0,402085208.32957613,1656886000.0,0,0.24267524037838217,8041.704166591523,80.41704166591524,1930.0089999819654,2739.72602739726,24978812.123197548,1809414040.59747,9999414040.59747,27042.533175233988,585959.4025300513,0,0,169070000,6849315.068493151,184931506.8493152,3150684.9315068494,85068493.1506849,0,640344040.59747,1952075.6355188256,0.0030106316734806256,0.06315875492496312,"{'total_cost': 71.02647594392239, 'price_stability_cost': 232.69796748990132, 'utilization_efficiency_cost': 0.49040106842807213, 'foundation_sustainability_cost': 0.0, 'node_profitability_cost': 7.296569532299823, 'decentralization_cost': 0.0}",0,0,1,4,27
16907,6031.278124943642,20659.0209064172,25033.413031360844,1656.886,52.46150906559895,805.0,402085208.32957613,1656886000.0,0,0.24267524037838217,8041.704166591523,80.41704166591524,1930.0089999819654,2739.72602739726,24978812.123197548,1809414040.59747,9999414040.59747,27042.533175233988,585959.4025300513,0,0,169070000,6849315.068493151,184931506.8493152,3150684.9315068494,85068493.1506849,0,647193355.6659632,1931416.6146124084,0.003016217052336911,0.06315875492496312,"{'total_cost': 71.02647594392239, 'price_stability_cost': 232.69796748990132, 'utilization_efficiency_cost': 0.49040106842807213, 'foundation_sustainability_cost': 0.0, 'node_profitability_cost': 7.296569532299823, 'decentralization_cost': 0.0}",0,0,1,5,27
16907,6031.278124943642,20659.0209064172,25033.413031360844,1656.886,52.46150906559895,805.0,402085208.32957613,1656886000.0,0,0.24267524037838217,8041.704166591523,80.41704166591524,1930.0089999819654,2739.72602739726,24978002.406170134,1809414040.59747,9999414040.59747,27042.533175233988,585959.4025300513,0,0,169070000,6849315.068493151,184931506.8493152,3150684.9315068494,85068493.1506849,0,647193355.6659632,1931416.6146124084,0.003016217052336911,0.06315875492496312,"{'total_cost': 71.02647594392239, 'price_stability_cost': 232.69796748990132, 'utilization_efficiency_cost': 0.49040106842807213, 'foundation_sustainability_cost': 0.0, 'node_profitability_cost': 7.296569532299823, 'decentralization_cost': 0.0}",0,0,1,6,27
16907,6031.278124943642,20659.0209064172,25033.413031360844,1656.886,52.46150906559895,805.0,402085208.32957613,1656886000.0,0,0.24267524037838217,8041.704166591523,80.41704166591524,1930.0089999819654,2739.72602739726,24978002.406170134,1809414040.59747,9999414040.59747,27042.533175233988,585959.4025300513,0,0,169070000,6849315.068493151,184931506.8493152,3150684.9315068494,85068493.1506849,0,650344040.59747,1922059.5899543047,0.0029698382610502884,0.06315875492496312,"{'total_cost': 71.02647594392239, 'price_stability_cost': 232.69796748990132, 'utilization_efficiency_cost': 0.49040106842807213, 'foundation_sustainability_cost': 0.0, 'node_profitability_cost': 7.296569532299823, 'decentralization_cost': 0.0}",0,0,1,7,27
16907,6031.278124943642,20659.0209064172,25033.413031360844,1656.886,52.46150906559895,805.0,402085208.32957613,1656886000.0,0,0.24267524037838217,8041.704166591523,80.41704166591524,1930.0089999819654,2739.72602739726,24978002.406170134,1809414040.59747,9999414040.59747,27208.602713411008,613168.0052434623,0,0,169070000,6849315.068493151,184931506.8493152,3150684.9315068494,85068493.1506849,0,650316831.9947566,1922140.0069959706,0.002955574106945154,0.06315875492496312,"{'total_cost': 71.02647594392239, 'price_stability_cost': 232.69796748990132, 'utilization_efficiency_cost': 0.49040106842807213, 'foundation_sustainability_cost': 0.0, 'node_profitability_cost': 7.296569532299823, 'decentralization_cost': 0.0}",0,0,1,8,27
17638,6031.278124943642,20659.0209064172,25033.413031360844,1656.886,52.46150906559895,731.0,402085208.32957613,1656886000.0,0,0.24267524037838217,8041.704166591523,80.41704166591524,1930.0089999819654,2739.72602739726,24978002.406170134,1809414040.59747,9999414040.59747,27208.602713411008,613168.0052434623,0,0,176380000,6849315.068493151,184931506.8493152,3150684.9315068494,85068493.1506849,0,643006831.9947566,1943991.7864048325,0.002989299508736238,0.07384735241627154,"{'total_cost': 71.02647594392239, 'price_stability_cost': 232.69796748990132, 'utilization_efficiency_cost': 0.49040106842807213, 'foundation_sustainability_cost': 0.0, 'node_profitability_cost': 7.296569532299823, 'decentralization_cost': 0.0}",0,0,1,9,27
17638,6031.278124943642,20659.0209064172,25033.413031360844,1656.886,52.46150906559895,731.0,402085208.32957613,1656886000.0,0,0.24267524037838217,8041.704166591523,80.41704166591524,1930.0089999819654,2739.72602739726,24978002.406170134,1819386831.9947567,9999386831.994757,27208.602713411008,613168.0052434623,0,0,176380000,6849315.068493151,184931506.8493152,3150684.9315068494,85068493.1506849,0,643006831.9947566,1943991.7864048325,0.002989299508736238,0.07384735241627154,"{'total_cost': 71.02647594392239, 'price_stability_cost': 232.69796748990132, 'utilization_efficiency_cost': 0.49040106842807213, 'foundation_sustainability_cost': 0.0, 'node_profitability_cost': 7.296569532299823, 'decentralization_cost': 0.0}",0,0,1,10,27
17638,6031.278124943642,20659.0209064172,25033.413031360844,1656.886,52.46150906559895,731.0,402085208.32957613,1656886000.0,0,0.24267524037838217,8041.704166591523,80.41704166591524,1930.0089999819654,2739.72602739726,24978002.406170134,1819386831.9947567,9999386831.994757,27208.602713411008,613168.0052434623,0,0,176380000,6849315.068493151,184931506.8493152,3150684.9315068494,85068493.1506849,0,643006831.9947566,1943991.7864048325,0.002989299508736238,0.07384735241627154,"{'total_cost': 64.99926341110792, 'price_stability_cost': 213.12019836218738, 'utilization_efficiency_cost': 0.5105098458815998, 'foundation_sustainability_cost': 0.0, 'node_profitability_cost': 6.237176273208678, 'decentralization_cost': 0.0}",0,0,1,11,27
17638,6031.278124943642,20659.0209064172,25033.413031360844,1656.886,52.46150906559895,731.0,402165625.37124205,1656886000.0,0,0.24267524037838217,8041.704166591523,80.41704166591524,1930.0089999819654,2739.72602739726,24978002.406170134,1819386831.9947567,9999386831.994757,27208.602713411008,613168.0052434623,0,0,176380000,6849315.068493151,184931506.8493152,3150684.9315068494,85068493.1506849,0,643006831.9947566,1943991.7864048325,0.002989299508736238,0.07384735241627154,"{'total_cost': 64.99926341110792, 'price_stability_cost': 213.12019836218738, 'utilization_efficiency_cost': 0.5105098458815998, 'foundation_sustainability_cost': 0.0, 'node_profitability_cost': 6.237176273208678, 'decentralization_cost': 0.0}",0,0,1,1,28
17638,6031.278124943642,20659.0209064172,25033.413031360844,1656.886,52.46150906559895,731.0,402165625.37124205,1656886000.0,0,0.24267524037838217,8041.704166591523,80.41704166591524,1930.0089999819654,2739.72602739726,24978002.406170134,1819386831.9947567,9999386831.994757,27208.602713411008,613168.0052434623,0,0,176380000,6849315.068493151,191780821.91780835,3150684.9315068494,88219178.08219174,0,643006831.9947566,1943991.7864048325,0.002989299508736238,0.07384735241627154,"{'total_cost': 64.99926341110792, 'price_stability_cost': 213.12019836218738, 'utilization_efficiency_cost': 0.5105098458815998, 'foundation_sustainability_cost': 0.0, 'node_profitability_cost': 6.237176273208678, 'decentralization_cost': 0.0}",0,0,1,2,28
17638,6031.278124943642,20659.0209064172,25033.413031360844,1656.886,52.46150906559895,731.0,402165625.37124205,1728524000.0,0,0.23266418364526154,8041.704166591523,80.41704166591524,1930.0089999819654,2739.72602739726,24978002.406170134,1819386831.9947567,9999386831.994757,27208.602713411008,613168.0052434623,0,0,176380000,6849315.068493151,191780821.91780835,3150684.9315068494,88219178.08219174,0,643006831.9947566,1943991.7864048325,0.002989299508736238,0.07384735241627154,"{'total_cost': 64.99926341110792, 'price_stability_cost': 213.12019836218738, 'utilization_efficiency_cost': 0.5105098458815998, 'foundation_sustainability_cost': 0.0, 'node_profitability_cost': 6.237176273208678, 'decentralization_cost': 0.0}",0,0,1,3,28
17638,6032.484380568631,20659.0209064172,25033.413031360844,1656.886,52.46150906559895,731.0,402165625.37124205,1728524000.0,0,0.23266418364526154,8043.312507424842,80.43312507424842,1930.395001781962,2739.72602739726,24978002.406170134,1819386831.9947567,9999386831.994757,27208.602713411008,613168.0052434623,0,0,176380000,6849315.068493151,191780821.91780835,3150684.9315068494,88219178.08219174,0,643006831.9947566,1943991.7864048325,0.002989299508736238,0.07384735241627154,"{'total_cost': 64.99926341110792, 'price_stability_cost': 213.12019836218738, 'utilization_efficiency_cost': 0.5105098458815998, 'foundation_sustainability_cost': 0.0, 'node_profitability_cost': 6.237176273208678, 'decentralization_cost': 0.0}",0,0,1,4,28
17638,6032.484380568631,20489.168711908183,24793.129092476815,1728.524,49.81657065036273,731.0,402165625.37124205,1728524000.0,0,0.23266418364526154,8043.312507424842,80.43312507424842,1930.395001781962,2739.72602739726,24978002.406170134,1819386831.9947567,9999386831.994757,27208.602713411008,613168.0052434623,0,0,176380000,6849315.068493151,191780821.91780835,3150684.9315068494,88219178.08219174,0,649856147.0632497,1923502.6176929243,0.002991418631938595,0.07384735241627154,"{'total_cost': 64.99926341110792, 'price_stability_cost': 213.12019836218738, 'utilization_efficiency_cost': 0.5105098458815998, 'foundation_sustainability_cost': 0.0, 'node_profitability_cost': 6.237176273208678, 'decentralization_cost': 0.0}",0,0,1,5,28
17638,6032.484380568631,20489.168711908183,24793.129092476815,1728.524,49.81657065036273,731.0,402165625.37124205,1728524000.0,0,0.23266418364526154,8043.312507424842,80.43312507424842,1930.395001781962,2739.72602739726,24977193.07514452,1819386831.9947567,9999386831.994757,27208.602713411008,613168.0052434623,0,0,176380000,6849315.068493151,191780821.91780835,3150684.9315068494,88219178.08219174,0,649856147.0632497,1923502.6176929243,0.002991418631938595,0.07384735241627154,"{'total_cost': 64.99926341110792, 'price_stability_cost': 213.12019836218738, 'utilization_efficiency_cost': 0.5105098458815998, 'foundation_sustainability_cost': 0.0, 'node_profitability_cost': 6.237176273208678, 'decentralization_cost': 0.0}",0,0,1,6,28
17638,6032.484380568631,20489.168711908183,24793.129092476815,1728.524,49.81657065036273,731.0,402165625.37124205,1728524000.0,0,0.23266418364526154,8043.312507424842,80.43312507424842,1930.395001781962,2739.72602739726,24977193.07514452,1819386831.9947567,9999386831.994757,27208.602713411008,613168.0052434623,0,0,176380000,6849315.068493151,191780821.91780835,3150684.9315068494,88219178.08219174,0,653006831.9947566,1914221.9326888083,0.0029456087186977083,0.07384735241627154,"{'total_cost': 64.99926341110792, 'price_stability_cost': 213.12019836218738, 'utilization_efficiency_cost': 0.5105098458815998, 'foundation_sustainability_cost': 0.0, 'node_profitability_cost': 6.237176273208678, 'decentralization_cost': 0.0}",0,0,1,7,28
17638,6032.484380568631,20489.168711908183,24793.129092476815,1728.524,49.81657065036273,731.0,402165625.37124205,1728524000.0,0,0.23266418364526154,8043.312507424842,80.43312507424842,1930.395001781962,2739.72602739726,24977193.07514452,1819386831.9947567,9999386831.994757,27437.34800214918,640605.3532456114,0,0,176380000,6849315.068493151,191780821.91780835,3150684.9315068494,88219178.08219174,0,652979394.6467544,1914302.3658138826,0.0029315196595512093,0.07384735241627154,"{'total_cost': 64.99926341110792, 'price_stability_cost': 213.12019836218738, 'utilization_efficiency_cost': 0.5105098458815998, 'foundation_sustainability_cost': 0.0, 'node_profitability_cost': 6.237176273208678, 'decentralization_cost': 0.0}",0,0,1,8,28
18269,6032.484380568631,20489.168711908183,24793.129092476815,1728.524,49.81657065036273,631.0,402165625.37124205,1728524000.0,0,0.23266418364526154,8043.312507424842,80.43312507424842,1930.395001781962,2739.72602739726,24977193.07514452,1819386831.9947567,9999386831.994757,27437.34800214918,640605.3532456114,0,0,182690000,6849315.068493151,191780821.91780835,3150684.9315068494,88219178.08219174,0,646669394.6467544,1932981.536388955,0.0029602489025471472,0.08622161350858319,"{'total_cost': 64.99926341110792, 'price_stability_cost': 213.12019836218738, 'utilization_efficiency_cost': 0.5105098458815998, 'foundation_sustainability_cost': 0.0, 'node_profitability_cost': 6.237176273208678, 'decentralization_cost': 0.0}",0,0,1,9,28
18269,6032.484380568631,20489.168711908183,24793.129092476815,1728.524,49.81657065036273,631.0,402165625.37124205,1728524000.0,0,0.23266418364526154,8043.312507424842,80.43312507424842,1930.395001781962,2739.72602739726,24977193.07514452,1829359394.6467543,9999359394.646755,27437.34800214918,640605.3532456114,0,0,182690000,6849315.068493151,191780821.91780835,3150684.9315068494,88219178.08219174,0,646669394.6467544,1932981.536388955,0.0029602489025471472,0.08622161350858319,"{'total_cost': 64.99926341110792, 'price_stability_cost': 213.12019836218738, 'utilization_efficiency_cost': 0.5105098458815998, 'foundation_sustainability_cost': 0.0, 'node_profitability_cost': 6.237176273208678, 'decentralization_cost': 0.0}",0,0,1,10,28
18269,6032.484380568631,20489.168711908183,24793.129092476815,1728.524,49.81657065036273,631.0,402165625.37124205,1728524000.0,0,0.23266418364526154,8043.312507424842,80.43312507424842,1930.395001781962,2739.72602739726,24977193.07514452,1829359394.6467543,9999359394.646755,27437.34800214918,640605.3532456114,0,0,182690000,6849315.068493151,191780821.91780835,3150684.9315068494,88219178.08219174,0,646669394.6467544,1932981.536388955,0.0029602489025471472,0.08622161350858319,"{'total_cost': 95.29853568556312, 'price_stability_cost': 314.5284563254388, 'utilization_efficiency_cost': 0.5274789067880572, 'foundation_sustainability_cost': 0.0, 'node_profitability_cost': 5.387527074896441, 'decentralization_cost': 0.0}",0,0,1,11,28
18269,6032.484380568631,20489.168711908183,24793.129092476815,1728.524,49.81657065036273,631.0,402246058.4963163,1728524000.0,0,0.23266418364526154,8043.312507424842,80.43312507424842,1930.395001781962,2739.72602739726,24977193.07514452,1829359394.6467543,9999359394.646755,27437.34800214918,640605.3532456114,0,0,182690000,6849315.068493151,191780821.91780835,3150684.9315068494,88219178.08219174,0,646669394.6467544,1932981.536388955,0.0029602489025471472,0.08622161350858319,"{'total_cost': 95.29853568556312, 'price_stability_cost': 314.5284563254388, 'utilization_efficiency_cost': 0.5274789067880572, 'foundation_sustainability_cost': 0.0, 'node_profitability_cost': 5.387527074896441, 'decentralization_cost': 0.0}",0,0,1,1,29
18269,6032.484380568631,20489.168711908183,24793.129092476815,1728.524,49.81657065036273,631.0,402246058.4963163,1728524000.0,0,0.23266418364526154,8043.312507424842,80.43312507424842,1930.395001781962,2739.72602739726,24977193.07514452,1829359394.6467543,9999359394.646755,27437.34800214918,640605.3532456114,0,0,182690000,6849315.068493151,198630136.9863015,3150684.9315068494,91369863.01369858,0,646669394.6467544,1932981.536388955,0.0029602489025471472,0.08622161350858319,"{'total_cost': 95.29853568556312, 'price_stability_cost': 314.5284563254388, 'utilization_efficiency_cost': 0.5274789067880572, 'foundation_sustainability_cost': 0.0, 'node_profitability_cost': 5.387527074896441, 'decentralization_cost': 0.0}",0,0,1,2,29
18269,6032.484380568631,20489.168711908183,24793.129092476815,1728.524,49.81657065036273,631.0,402246058.4963163,1790362000.0,0,0.22467303176470252,8043.312507424842,80.43312507424842,1930.395001781962,2739.72602739726,24977193.07514452,1829359394.6467543,9999359394.646755,27437.34800214918,640605.3532456114,0,0,182690000,6849315.068493151,198630136.9863015,3150684.9315068494,91369863.01369858,0,646669394.6467544,1932981.536388955,0.0029602489025471472,0.08622161350858319,"{'total_cost': 95.29853568556312, 'price_stability_cost': 314.5284563254388, 'utilization_efficiency_cost': 0.5274789067880572, 'foundation_sustainability_cost': 0.0, 'node_profitability_cost': 5.387527074896441, 'decentralization_cost': 0.0}",0,0,1,3,29
18269,6033.690877444746,20489.168711908183,24793.129092476815,1728.524,49.81657065036273,631.0,402246058.4963163,1790362000.0,0,0.22467303176470252,8044.921169926327,80.44921169926327,1930.7810807823184,2739.72602739726,24977193.07514452,1829359394.6467543,9999359394.646755,27437.34800214918,640605.3532456114,0,0,182690000,6849315.068493151,198630136.9863015,3150684.9315068494,91369863.01369858,0,646669394.6467544,1932981.536388955,0.0029602489025471472,0.08622161350858319,"{'total_cost': 95.29853568556312, 'price_stability_cost': 314.5284563254388, 'utilization_efficiency_cost': 0.5274789067880572, 'foundation_sustainability_cost': 0.0, 'node_profitability_cost': 5.387527074896441, 'decentralization_cost': 0.0}",0,0,1,4,29
18269,6033.690877444746,20258.944950599343,24502.27382804409,1790.3619999999999,47.547227551105955,631.0,402246058.4963163,1790362000.0,0,0.22467303176470252,8044.921169926327,80.44921169926327,1930.7810807823184,2739.72602739726,24977193.07514452,1829359394.6467543,9999359394.646755,27437.34800214918,640605.3532456114,0,0,182690000,6849315.068493151,198630136.9863015,3150684.9315068494,91369863.01369858,0,653518709.7152475,1912722.5914383556,0.002957805962787504,0.08622161350858319,"{'total_cost': 95.29853568556312, 'price_stability_cost': 314.5284563254388, 'utilization_efficiency_cost': 0.5274789067880572, 'foundation_sustainability_cost': 0.0, 'node_profitability_cost': 5.387527074896441, 'decentralization_cost': 0.0}",0,0,1,5,29
18269,6033.690877444746,20258.944950599343,24502.27382804409,1790.3619999999999,47.547227551105955,631.0,402246058.4963163,1790362000.0,0,0.22467303176470252,8044.921169926327,80.44921169926327,1930.7810807823184,2739.72602739726,24976384.130197905,1829359394.6467543,9999359394.646755,27437.34800214918,640605.3532456114,0,0,182690000,6849315.068493151,198630136.9863015,3150684.9315068494,91369863.01369858,0,653518709.7152475,1912722.5914383556,0.002957805962787504,0.08622161350858319,"{'total_cost': 95.29853568556312, 'price_stability_cost': 314.5284563254388, 'utilization_efficiency_cost': 0.5274789067880572, 'foundation_sustainability_cost': 0.0, 'node_profitability_cost': 5.387527074896441, 'decentralization_cost': 0.0}",0,0,1,6,29
18269,6033.690877444746,20258.944950599343,24502.27382804409,1790.3619999999999,47.547227551105955,631.0,402246058.4963163,1790362000.0,0,0.22467303176470252,8044.921169926327,80.44921169926327,1930.7810807823184,2739.72602739726,24976384.130197905,1829359394.6467543,9999359394.646755,27437.34800214918,640605.3532456114,0,0,182690000,6849315.068493151,198630136.9863015,3150684.9315068494,91369863.01369858,0,656669394.6467544,1903545.3916234635,0.002912763419509259,0.08622161350858319,"{'total_cost': 95.29853568556312, 'price_stability_cost': 314.5284563254388, 'utilization_efficiency_cost': 0.5274789067880572, 'foundation_sustainability_cost': 0.0, 'node_profitability_cost': 5.387527074896441, 'decentralization_cost': 0.0}",0,0,1,7,29
18269,6033.690877444746,20258.944950599343,24502.27382804409,1790.3619999999999,47.547227551105955,631.0,402246058.4963163,1790362000.0,0,0.22467303176470252,8044.921169926327,80.44921169926327,1930.7810807823184,2739.72602739726,24976384.130197905,1829359394.6467543,9999359394.646755,27751.532897445206,668356.8861430567,0,0,182690000,6849315.068493151,198630136.9863015,3150684.9315068494,91369863.01369858,0,656641643.1138569,1903625.8408351627,0.0028989105573576945,0.08622161350858319,"{'total_cost': 95.29853568556312, 'price_stability_cost': 314.5284563254388, 'utilization_efficiency_cost': 0.5274789067880572, 'foundation_sustainability_cost': 0.0, 'node_profitability_cost': 5.387527074896441, 'decentralization_cost': 0.0}",0,0,1,8,29
18820,6033.690877444746,20258.944950599343,24502.27382804409,1790.3619999999999,47.547227551105955,551.0,402246058.4963163,1790362000.0,0,0.22467303176470252,8044.921169926327,80.44921169926327,1930.7810807823184,2739.72602739726,24976384.130197905,1829359394.6467543,9999359394.646755,27751.532897445206,668356.8861430567,0,0,188200000,6849315.068493151,198630136.9863015,3150684.9315068494,91369863.01369858,0,651131643.1138569,1919734.6853275623,0.002923565243629689,0.10038161367747353,"{'total_cost': 95.29853568556312, 'price_stability_cost': 314.5284563254388, 'utilization_efficiency_cost': 0.5274789067880572, 'foundation_sustainability_cost': 0.0, 'node_profitability_cost': 5.387527074896441, 'decentralization_cost': 0.0}",0,0,1,9,29
18820,6033.690877444746,20258.944950599343,24502.27382804409,1790.3619999999999,47.547227551105955,551.0,402246058.4963163,1790362000.0,0,0.22467303176470252,8044.921169926327,80.44921169926327,1930.7810807823184,2739.72602739726,24976384.130197905,1839331643.1138568,9999331643.113857,27751.532897445206,668356.8861430567,0,0,188200000,6849315.068493151,198630136.9863015,3150684.9315068494,91369863.01369858,0,651131643.1138569,1919734.6853275623,0.002923565243629689,0.10038161367747353,"{'total_cost': 95.29853568556312, 'price_stability_cost': 314.5284563254388, 'utilization_efficiency_cost': 0.5274789067880572, 'foundation_sustainability_cost': 0.0, 'node_profitability_cost': 5.387527074896441, 'decentralization_cost': 0.0}",0,0,1,10,29
18820,6033.690877444746,20258.944950599343,24502.27382804409,1790.3619999999999,47.547227551105955,551.0,402246058.4963163,1790362000.0,0,0.22467303176470252,8044.921169926327,80.44921169926327,1930.7810807823184,2739.72602739726,24976384.130197905,1839331643.1138568,9999331643.113857,27751.532897445206,668356.8861430567,0,0,188200000,6849315.068493151,198630136.9863015,3150684.9315068494,91369863.01369858,0,651131643.1138569,1919734.6853275623,0.002923565243629689,0.10038161367747353,"{'total_cost': 159.40156125646791, 'price_stability_cost': 528.5334691884149, 'utilization_efficiency_cost': 0.5412232764046349, 'foundation_sustainability_cost': 0.0, 'node_profitability_cost': 4.708097872282092, 'decentralization_cost': 0.0}",0,0,1,11,29
18820,6033.690877444746,20258.944950599343,24502.27382804409,1790.3619999999999,47.547227551105955,551.0,402326507.70801556,1790362000.0,0,0.22467303176470252,8044.921169926327,80.44921169926327,1930.7810807823184,2739.72602739726,24976384.130197905,1839331643.1138568,9999331643.113857,27751.532897445206,668356.8861430567,0,0,188200000,6849315.068493151,198630136.9863015,3150684.9315068494,91369863.01369858,0,651131643.1138569,1919734.6853275623,0.002923565243629689,0.10038161367747353,"{'total_cost': 159.40156125646791, 'price_stability_cost': 528.5334691884149, 'utilization_efficiency_cost': 0.5412232764046349, 'foundation_sustainability_cost': 0.0, 'node_profitability_cost': 4.708097872282092, 'decentralization_cost': 0.0}",0,0,1,1,30
18820,6033.690877444746,20258.944950599343,24502.27382804409,1790.3619999999999,47.547227551105955,551.0,402326507.70801556,1790362000.0,0,0.22467303176470252,8044.921169926327,80.44921169926327,1930.7810807823184,2739.72602739726,24976384.130197905,1839331643.1138568,9999331643.113857,27751.532897445206,668356.8861430567,0,0,188200000,6849315.068493151,205479452.05479467,3150684.9315068494,94520547.94520542,0,651131643.1138569,1919734.6853275623,0.002923565243629689,0.10038161367747353,"{'total_cost': 159.40156125646791, 'price_stability_cost': 528.5334691884149, 'utilization_efficiency_cost': 0.5412232764046349, 'foundation_sustainability_cost': 0.0, 'node_profitability_cost': 4.708097872282092, 'decentralization_cost': 0.0}",0,0,1,2,30
18820,6033.690877444746,20258.944950599343,24502.27382804409,1790.3619999999999,47.547227551105955,551.0,402326507.70801556,1844360000.0,0,0.21813881655859788,8044.921169926327,80.44921169926327,1930.7810807823184,2739.72602739726,24976384.130197905,1839331643.1138568,9999331643.113857,27751.532897445206,668356.8861430567,0,0,188200000,6849315.068493151,205479452.05479467,3150684.9315068494,94520547.94520542,0,651131643.1138569,1919734.6853275623,0.002923565243629689,0.10038161367747353,"{'total_cost': 159.40156125646791, 'price_stability_cost': 528.5334691884149, 'utilization_efficiency_cost': 0.5412232764046349, 'foundation_sustainability_cost': 0.0, 'node_profitability_cost': 4.708097872282092, 'decentralization_cost': 0.0}",0,0,1,3,30
18820,6034.897615620234,20258.944950599343,24502.27382804409,1790.3619999999999,47.547227551105955,551.0,402326507.70801556,1844360000.0,0,0.21813881655859788,8046.530154160312,80.46530154160313,1931.167236998475,2739.72602739726,24976384.130197905,1839331643.1138568,9999331643.113857,27751.532897445206,668356.8861430567,0,0,188200000,6849315.068493151,205479452.05479467,3150684.9315068494,94520547.94520542,0,651131643.1138569,1919734.6853275623,0.002923565243629689,0.10038161367747353,"{'total_cost': 159.40156125646791, 'price_stability_cost': 528.5334691884149, 'utilization_efficiency_cost': 0.5412232764046349, 'foundation_sustainability_cost': 0.0, 'node_profitability_cost': 4.708097872282092, 'decentralization_cost': 0.0}",0,0,1,4,30
18820,6034.897615620234,19983.65992846712,24174.197544087354,1844.36,45.55495284737736,551.0,402326507.70801556,1844360000.0,0,0.21813881655859788,8046.530154160312,80.46530154160313,1931.167236998475,2739.72602739726,24976384.130197905,1839331643.1138568,9999331643.113857,27751.532897445206,668356.8861430567,0,0,188200000,6849315.068493151,205479452.05479467,3150684.9315068494,94520547.94520542,0,657980958.18235,1899751.0253990951,0.0029176143495561993,0.10038161367747353,"{'total_cost': 159.40156125646791, 'price_stability_cost': 528.5334691884149, 'utilization_efficiency_cost': 0.5412232764046349, 'foundation_sustainability_cost': 0.0, 'node_profitability_cost': 4.708097872282092, 'decentralization_cost': 0.0}",0,0,1,5,30
18820,6034.897615620234,19983.65992846712,24174.197544087354,1844.36,45.55495284737736,551.0,402326507.70801556,1844360000.0,0,0.21813881655859788,8046.530154160312,80.46530154160313,1931.167236998475,2739.72602739726,24975575.571407508,1839331643.1138568,9999331643.113857,27751.532897445206,668356.8861430567,0,0,188200000,6849315.068493151,205479452.05479467,3150684.9315068494,94520547.94520542,0,657980958.18235,1899751.0253990951,0.0029176143495561993,0.10038161367747353,"{'total_cost': 159.40156125646791, 'price_stability_cost': 528.5334691884149, 'utilization_efficiency_cost': 0.5412232764046349, 'foundation_sustainability_cost': 0.0, 'node_profitability_cost': 4.708097872282092, 'decentralization_cost': 0.0}",0,0,1,6,30
18820,6034.897615620234,19983.65992846712,24174.197544087354,1844.36,45.55495284737736,551.0,402326507.70801556,1844360000.0,0,0.21813881655859788,8046.530154160312,80.46530154160313,1931.167236998475,2739.72602739726,24975575.571407508,1839331643.1138568,9999331643.113857,27751.532897445206,668356.8861430567,0,0,188200000,6849315.068493151,205479452.05479467,3150684.9315068494,94520547.94520542,0,661131643.1138569,1890697.5834837325,0.002873483738354253,0.10038161367747353,"{'total_cost': 159.40156125646791, 'price_stability_cost': 528.5334691884149, 'utilization_efficiency_cost': 0.5412232764046349, 'foundation_sustainability_cost': 0.0, 'node_profitability_cost': 4.708097872282092, 'decentralization_cost': 0.0}",0,0,1,7,30
18820,6034.897615620234,19983.65992846712,24174.197544087354,1844.36,45.55495284737736,551.0,402326507.70801556,1844360000.0,0,0.21813881655859788,8046.530154160312,80.46530154160313,1931.167236998475,2739.72602739726,24975575.571407508,1839331643.1138568,9999331643.113857,28135.590560737186,696492.4767037939,0,0,188200000,6849315.068493151,205479452.05479467,3150684.9315068494,94520547.94520542,0,661103507.5232961,1890778.0487852741,0.002859911590193927,0.10038161367747353,"{'total_cost': 159.40156125646791, 'price_stability_cost': 528.5334691884149, 'utilization_efficiency_cost': 0.5412232764046349, 'foundation_sustainability_cost': 0.0, 'node_profitability_cost': 4.708097872282092, 'decentralization_cost': 0.0}",0,0,1,8,30
19306,6034.897615620234,19983.65992846712,24174.197544087354,1844.36,45.55495284737736,486.0,402326507.70801556,1844360000.0,0,0.21813881655859788,8046.530154160312,80.46530154160313,1931.167236998475,2739.72602739726,24975575.571407508,1839331643.1138568,9999331643.113857,28135.590560737186,696492.4767037939,0,0,193060000,6849315.068493151,205479452.05479467,3150684.9315068494,94520547.94520542,0,656243507.5232961,1904780.749325165,0.0028812141028582336,0.11644836320680749,"{'total_cost': 159.40156125646791, 'price_stability_cost': 528.5334691884149, 'utilization_efficiency_cost': 0.5412232764046349, 'foundation_sustainability_cost': 0.0, 'node_profitability_cost': 4.708097872282092, 'decentralization_cost': 0.0}",0,0,1,9,30
19306,6034.897615620234,19983.65992846712,24174.197544087354,1844.36,45.55495284737736,486.0,402326507.70801556,1844360000.0,0,0.21813881655859788,8046.530154160312,80.46530154160313,1931.167236998475,2739.72602739726,24975575.571407508,1849303507.523296,9999303507.523296,28135.590560737186,696492.4767037939,0,0,193060000,6849315.068493151,205479452.05479467,3150684.9315068494,94520547.94520542,0,656243507.5232961,1904780.749325165,0.0028812141028582336,0.11644836320680749,"{'total_cost': 159.40156125646791, 'price_stability_cost': 528.5334691884149, 'utilization_efficiency_cost': 0.5412232764046349, 'foundation_sustainability_cost': 0.0, 'node_profitability_cost': 4.708097872282092, 'decentralization_cost': 0.0}",0,0,1,10,30
19306,6034.897615620234,19983.65992846712,24174.197544087354,1844.36,45.55495284737736,486.0,402326507.70801556,1844360000.0,0,0.21813881655859788,8046.530154160312,80.46530154160313,1931.167236998475,2739.72602739726,24975575.571407508,1849303507.523296,9999303507.523296,28135.590560737186,696492.4767037939,0,0,193060000,6849315.068493151,205479452.05479467,3150684.9315068494,94520547.94520542,0,656243507.5232961,1904780.749325165,0.0028812141028582336,0.11644836320680749,"{'total_cost': 230.92595921875855, 'price_stability_cost': 767.2180250025972, 'utilization_efficiency_cost': 0.5525931559030715, 'foundation_sustainability_cost': 0.0, 'node_profitability_cost': 4.149356193357573, 'decentralization_cost': 0.0}",0,0,1,11,30
