timestep,run,subset,network_resource_demand,network_resource_provision,network_resource_demand_supply_ratio,dex_tokens,dex_usdc,dex_token_price,token_incentives_vested,token_seller_vested,token_incentives_vested_cum,token_seller_vested_cum,token_burned_supply,token_burned_supply_cum,token_minted_supply,token_minted_supply_cum,token_total_supply,token_circulating_supply,token_staked_supply,node_amount,node_profit,node_network_revenue,node_incentive_revenue,node_expenditures,node_apr,node_change_amount,foundation_revenue,foundation_expenditures,foundation_cash_reserves
1,1,0,304500000.0,1960000000.0,0.15535714285714286,503914568.87116027,2480579.2037332365,0.004922497694976249,0.0,3926940.6392694064,0.0,3926940.6392694064,12371.76810913547,12371.76810913547,0,0,9999987628.231892,3153914568.8711605,150000000,15000,2607.500000000001,4567.500000000001,0.0,1960.0,6.04277777777778,0.0,1461.6000000000001,2739.72602739726,24998721.873972606
2,1,0,309067500.0,1470000000.0,0.21025,507864690.1190521,2461285.5044263434,0.004846627361847498,5934.0960000000005,3926940.6392694064,5934.0960000000005,7853881.278538813,12753.487377587131,25125.2554867226,0,0,9999974874.744513,3157834690.119052,149970000,14997,3195.2234470519325,4636.012500000001,29.21094705193185,1470.0,7.41026875261645,-3.0,1483.5240000000001,2739.72602739726,24997465.67194521
3,1,0,313703512.49999994,1469706000.0,0.21344643928785753,511814506.92247933,2442291.070482158,0.00491428059017418,6023.10744,3926940.6392694064,11957.203440000001,11780821.91780822,13146.943282216436,38272.19876893904,0,0,9999961727.801231,3161754506.9224796,149940000,14994,3265.0363742600293,4705.5526875,29.18968676003026,1469.706,7.579201545355923,-3.0,1505.77686,2739.72602739726,24996231.722777814
4,1,0,318409065.1874999,1469412000.0,0.21669148284313716,515754010.10891163,2423636.027058787,0.004910497392353843,6113.454051599998,3926940.6392694064,18070.6574916,15707762.557077626,13550.906888719579,51823.10565765861,0,0,9999948176.894342,3165674010.1089115,149920000,14992,3335.895983874,4776.135977812499,29.172006061501552,1469.412,7.750747183803683,-2.0,1528.3635128999995,2739.72602739726,24995020.360263318
5,1,0,323185201.16531235,1469216000.0,0.21997119631511797,519693190.8138561,2405265.302865448,0.004844698007685133,6205.1558623739975,3926940.6392694064,24275.813353973997,19634703.19634703,13965.090187334617,65788.19584499323,0,0,9999934211.804155,3169593190.813856,149900000,14990,3407.720992632207,4847.778017479685,29.158975152521446,1469.216,7.924176738485215,-2.0,1551.2889655934991,2739.72602739726,24993831.923201516
6,1,0,328032979.182792,1469020000.0,0.2233005535546092,523632039.4252319,2387172.4911486916,0.004781111156982334,6298.233200309608,3926940.6392694064,30574.046554283606,23561643.83561644,14390.261093944322,80178.45693893755,0,0,9999919821.54306,3173512039.425232,149880000,14988,3480.6240752347135,4920.494687741881,29.149387492832886,1469.02,8.100273083694404,-2.0,1574.5583000774018,2739.72602739726,24992666.7554742
7,1,0,332953473.8705339,1468824000.0,0.22668030606153894,527570546.0919457,2369351.377288885,0.00475293439910273,6392.706698314251,3926940.6392694064,36966.75325259786,27488584.474885847,14826.67925386223,95005.13619279978,0,0,9999904994.863808,3177430546.0919456,149860000,14986,3554.621296635796,4994.302108058008,29.14318857778738,1468.8239999999998,8.279075670859372,-2.0,1598.1766745785626,2739.72602739726,24991525.20612138
8,1,0,337947775.97859186,1468628000.0,0.23011121671287205,531508700.718581,2351795.9316753326,0.004754132541946651,6488.5972987889645,3926940.6392694064,43455.35055138682,31415525.114155255,15274.609932901147,110279.74612570093,0,0,9999889720.253874,3181348700.718581,149840000,14984,3629.7289659927674,5069.216639678878,29.140326313889094,1468.628,8.460624585320447,-2.0,1622.149324697241,2739.72602739726,24990407.629418682
9,1,0,343016992.6182707,1468432000.0,0.23359405993486296,535436492.9599785,2334543.9028442027,0.004698906521088428,6585.926258270797,3926940.6392694064,50041.27680965762,35342465.75342466,15734.324130156943,126014.07025585786,0,0,9999873985.929745,3185266492.9599786,149830000,14983,3705.963640198248,5145.254889274061,29.14075092418679,1468.432,8.644960554437803,-1.0,1646.4815645676993,2739.72602739726,24989314.384955853
10,1,0,348162247.5075447,1468334000.0,0.23711379529966936,539363912.8166083,2317544.7416798524,0.004688891823068786,6684.715152144859,3926940.6392694064,56725.99196180248,39269406.39269406,16205.497791779911,142219.56804763776,0,0,9999857780.431952,3189183912.8166084,149820000,14982,3783.2452160976854,5222.43371261317,29.1455034845145,1468.3339999999998,8.831295476028764,-1.0,1671.1787880362147,2739.72602739726,24988245.837716494
11,1,0,353384681.22015786,1468236000.0,0.2406865662060853,543290949.4540083,2300792.975211927,0.004639855848670834,6784.985879427032,3926940.6392694064,63510.97784122951,43196347.03196347,16688.98774870432,158908.5557963421,0,0,9999841091.444204,3193100949.454008,149810000,14981,3861.6876528721423,5300.770218302368,29.153434569773992,1468.2359999999999,9.020475082980127,-1.0,1696.2464698567578,2739.72602739726,24987202.358158953
12,1,0,358685451.4384602,1468138000.0,0.24431317181250004,547217591.771848,2284283.288394654,0.004640493997763092,6886.760667618436,3926940.6392694064,70397.73850884795,47123287.67123287,17185.08209728203,176093.6378936241,0,0,9999823906.362106,3197017591.7718477,149800000,14980,3941.3082730894057,5380.281771576903,29.16450151250259,1468.138,9.212541499877416,-1.0,1721.690166904609,2739.72602739726,24986184.322298463
13,1,0,364065733.21003705,1468040000.0,0.24799442331955332,551143828.3980752,2268010.518476061,0.0045804049131187245,6990.062077632711,3926940.6392694064,77387.80058648066,51050228.310502276,17694.075119695564,193787.71301331968,0,0,9999806212.286987,3200933828.398075,149790000,14979,4022.1246617538363,5460.985998150556,29.178663603279883,1468.04,9.407537515507402,-1.0,1747.5155194081779,2739.72602739726,24985192.111790475
14,1,0,369526719.2081876,1467942000.0,0.2517311441515997,555069647.6829463,2251969.649606917,0.004625460909927712,7094.913008797202,3926940.6392694064,84482.71359527786,54977168.94977168,18216.267407029674,212003.98042034934,0,0,9999787996.019579,3204849647.682946,149780000,14978,4104.154670141763,5542.900788122814,29.195882018948044,1467.942,9.605506591708595,-1.0,1773.7282521993004,2739.72602739726,24984226.114015277
15,1,0,375069619.99631035,1467844000.0,0.25552417014090756,558995037.692935,2236155.807677571,0.004543132876249345,7201.33670392916,3926940.6392694064,91684.05029920703,58904109.589041084,18751.9659845792,230755.94640492855,0,0,9999769244.053595,3208765037.692935,149770000,14977,4187.416419699048,5626.044299944656,29.216119754392203,1467.8439999999998,9.806492872407539,-1.0,1800.33417598229,2739.72602739726,24983286.722163863
16,1,0,380695664.296255,1467746000.0,0.25937434971463386,562919986.2045195,2220564.2553715454,0.004495806564085293,7309.356754488096,3926940.6392694064,98993.40705369512,62831050.22831049,19301.484439427873,250057.43084435642,0,0,9999749942.569155,3212679986.2045193,149760000,14976,4271.928306001514,5710.434964443825,29.23934155768929,1467.7459999999999,10.010541192841014,-1.0,1827.339188622024,2739.72602739726,24982374.33532509
17,1,0,386406099.2606988,1467648000.0,0.2632825440846162,566844480.6978444,2205190.3874253477,0.004496991053582619,7418.997105805418,3926940.6392694064,106412.40415950054,66757990.86757989,19865.14305033256,269922.573894689,0,0,9999730077.426105,3216594480.6978445,149750000,14975,4357.709002778928,5796.091488910482,29.26551386844595,1467.648,10.217697088964467,-1.0,1854.7492764513543,2739.72602739726,24981489.358574145
18,1,0,392202190.74960923,1467550000.0,0.2672496274400254,570768508.3502562,2190029.7260845513,0.004496142390259408,7530.282062392498,3926940.6392694064,113942.68622189303,70684931.5068493,20443.268919948485,290365.84281463746,0,0,9999709634.157185,3220508508.350256,149740000,14974,4444.777466003296,5883.032861244139,29.294604759156584,1467.55,10.428006807047108,-1.0,1882.5705155981245,2739.72602739726,24980632.203062348
19,1,0,398085223.6108533,1467452000.0,0.27127648714292074,574692056.0297095,2175077.9167467365,0.0044340331305637954,7643.236293328384,3926940.6392694064,121585.92251522142,74611872.14611872,21036.19610943063,311402.0389240681,0,0,9999688597.961077,3224422056.0297093,149730000,14973,4533.152938042223,5971.2783541628,29.326583879423456,1467.452,10.641517313454283,-1.0,1910.809073332096,2739.72602739726,24979803.286108285
20,1,0,404056501.96501607,1467354000.0,0.2753640239267526,578615110.2880411,2160330.723782404,0.00443475546648438,7757.884837728309,3926940.6392694064,129343.80735294973,78538812.78538813,21644.265775447086,333046.30469951517,0,0,9999666953.695301,3228335110.288041,149720000,14972,4622.854951878131,6060.847529475242,29.3614224028898,1467.354,10.858276304617796,-1.0,1939.4712094320773,2739.72602739726,24979003.031290323
21,1,0,410117349.4944913,1467256000.0,0.27951315209785565,582537657.3541111,2145784.0265254355,0.004416291447633793,7874.253110294232,3926940.6392694064,137218.06046324398,82465753.42465754,22267.82630964036,355314.13100915554,0,0,9999644685.86899,3232247657.354111,149710000,14971,4713.903335394116,6151.760242417369,29.399092976746363,1467.2559999999999,11.07833221719498,-1.0,1968.563277573558,2739.72602739726,24978231.8685405
22,1,0,416269109.7369086,1467158000.0,0.2837247997399793,586459683.1268069,2131433.815425158,0.004350352411837872,7992.366906948646,3926940.6392694064,145210.42737019263,86392694.06392695,22907.23348057295,378221.36448972847,0,0,9999621778.63551,3236159683.1268067,149700000,14970,4806.3182157273095,6244.03664605363,29.439569673679674,1467.158,11.301734238417575,-1.0,1998.0917267371615,2739.72602739726,24977490.234239843
23,1,0,422513146.3829622,1467060000.0,0.28799990892189975,590381173.1679085,2117276.1883524526,0.004342265211770477,8112.2524105528755,3926940.6392694064,153322.6797807455,90319634.70319636,23562.850578193666,401784.21506792214,0,0,9999598215.784931,3240071173.1679087,149690000,14969,4900.120023690573,6337.697195744434,29.482827946138542,1467.06,11.528532316631361,-1.0,2028.0631026382189,2739.72602739726,24976778.571315084
24,1,0,428850843.5787066,1466962000.0,0.2923394359081603,594302112.6948137,2103307.3470527926,0.004322580408832184,8233.936196711167,3926940.6392694064,161556.61597745668,94246575.34246577,24235.04856086147,426019.26362878364,0,0,9999573980.736372,3243982112.6948137,149680000,14968,4995.329498263402,6432.7626536806,29.528844582802286,1466.962,11.758777172027804,-1.0,2058.484049177792,2739.72602739726,24976097.329336867
25,1,0,435283606.2323872,1466864000.0,0.2967443513729883,598222486.5731177,2089523.593739429,0.004260427285867709,8357.445239661834,3926940.6392694064,169914.06121711852,98173515.98173518,24924.20620496398,450943.4698337476,0,0,9999549056.530167,3247892486.5731177,149670000,14967,5091.96769115295,6529.254093485808,29.57759766714135,1466.864,11.992520307568979,-1.0,2089.3613099154586,2739.72602739726,24975446.964619387
26,1,0,441812860.32587296,1466766000.0,0.3012156406174352,602142279.3090482,2075921.3278203278,0.004237984102881672,8482.806918256761,3926940.6392694064,178396.8681353753,102100456.6210046,25630.710257167637,476574.18009091524,0,0,9999523425.819908,3251802279.309048,149660000,14966,5190.055971426061,6627.192904888094,29.62906653796696,1466.7659999999998,12.229814020107128,-1.0,2120.70172956419,2739.72602739726,24974827.940321557
27,1,0,448440053.230761,1466668000.0,0.30575430378978813,606061475.0417503,2062497.0427527805,0.004252242239603887,8610.049022030611,3926940.6392694064,187006.9171574059,106027397.26027401,26354.955589337213,502929.13568025245,0,0,9999497070.864319,3255711475.0417504,149650000,14965,5289.6160302132885,6726.600798461415,29.68323175187277,1466.668,12.4707114117004,-1.0,2152.5122555076528,2739.72602739726,24974240.72654967
28,1,0,455166654.02922237,1466570000.0,0.31036135610930426,609980057.5354209,2049247.32301992,0.004176676778720999,8739.199757361072,3926940.6392694064,195746.11691476696,109954337.89954342,27097.345356162186,530026.4810364146,0,0,9999469973.518963,3259620057.535421,149640000,14964,5390.669885485814,6827.499810438337,29.74007504747721,1466.57,12.715266401126305,-1.0,2184.799939340268,2739.72602739726,24973685.800461616
29,1,0,461994153.83966064,1466472000.0,0.31503782809331554,613898010.1712884,2036168.8412236841,0.004114546080482882,8870.287753721486,3926940.6392694064,204616.40466848845,113881278.53881283,27858.291155527753,557884.7721919424,0,0,9999442115.227808,3263528010.1712885,149630000,14963,5493.23988690629,6929.91230759491,29.79957931137966,1466.472,12.963533735594604,-1.0,2217.571938430371,2739.72602739726,24973163.64637265
30,1,0,468924066.1472555,1466374000.0,0.3197847657877564,617815315.9394361,2023258.3552890327,0.004099458834315431,9003.342070027305,3926940.6392694064,213619.74673851577,117808219.17808224,28638.21319166866,586522.985383611,0,0,9999413477.014616,3267435315.939436,149620000,14962,5597.348720754583,7033.860992208833,29.861728545749934,1466.374,13.215569002661386,-1.0,2250.8355175068264,2739.72602739726,24972674.75586276
31,1,0,475957927.13946426,1466276000.0,0.32460323100116506,621731957.4304653,2010512.705774494,0.004120283803506732,9138.392201077715,3926940.6392694064,222758.13893959348,121735159.81735165,29437.540441143774,615960.5258247548,0,0,9999384039.474174,3271341957.430465,149610000,14961,5703.019414929438,7139.3689070919645,29.92650783747365,1466.2759999999998,13.47142864234624,-1.0,2284.5980502694288,2739.72602739726,24972219.627885636
32,1,0,483097296.0465562,1466178000.0,0.3294943015422112,625647916.8269972,1997928.8132843645,0.004048062998309102,9275.46808409388,3926940.6392694064,232033.60702368736,125662100.45662107,30256.710821669738,646217.2366464246,0,0,9999353782.763353,3275247916.8269973,149600000,14960,5810.275344027125,7246.459440698343,29.993903328781553,1466.1779999999999,13.731169959454345,-1.0,2318.86702102347,2739.72602739726,24971798.768879265
33,1,0,490343755.48725444,1466080000.0,0.3344590714608033,629563175.8950081,1985503.6759781186,0.004014827892844332,9414.600105355286,3926940.6392694064,241448.20712904265,129589041.09589048,31096.17136385207,677313.4080102767,0,0,9999322686.59199,3279153175.895008,149590000,14959,5919.1402344981125,7355.156332308818,30.063902189294367,1466.08,13.99485113610573,-1.0,2353.6500263388216,2739.72602739726,24971412.69287821
34,1,0,497698911.8195632,1465982000.0,0.3394986512928284,633477715.9749985,1973234.3671728005,0.0039589072421366694,9555.819106935614,3926940.6392694064,251004.02623597826,133515981.73515989,31956.378385852222,709269.7863961289,0,0,9999290730.213604,3283057715.9749985,149580000,14958,6029.638169882867,7465.483677293449,30.136492589418843,1465.982,14.262531244473589,-1.0,2388.9547767339036,2739.72602739726,24971061.921627548
35,1,0,505164395.49685663,1465884000.0,0.34461416830858144,637391517.9729903,1961118.0330343936,0.003962774885691306,9699.156393539648,3926940.6392694064,260703.18262951792,137442922.3744293,32837.797671028966,742107.5840671579,0,0,9999257892.415934,3286961517.97299,149570000,14957,6141.793596127884,7577.465932452849,30.211663675033954,1465.884,14.534270259734058,-1.0,2424.789098384912,2739.72602739726,24970746.984698538
36,1,0,512741861.4293094,1465786000.0,0.34980676676493666,641304562.3513505,1949151.8903543393,0.003916973673529587,9844.643739442743,3926940.6392694064,270547.82636896067,141369863.0136987,33740.90464859291,775848.4887157509,0,0,9999224151.511284,3290864562.351351,149560000,14956,6255.631326983052,7691.127921439642,30.289405543410076,1465.7859999999998,14.810129073229572,-1.0,2461.1609348606853,2739.72602739726,24970468.419606004
37,1,0,520432989.350749,1465688000.0,0.35507760816132017,645216829.119438,1937333.2244075823,0.003871883399075898,9992.313395534384,3926940.6392694064,280540.1397644951,145296803.6529681,34666.18457731235,810514.6732930632,0,0,9999189485.326708,3294766829.119438,149550000,14955,6371.176549481543,7806.494840261236,30.369709220306714,1465.6879999999999,15.090169505848275,-1.0,2498.0783488835955,2739.72602739726,24970226.77192749
38,1,0,528239484.1910102,1465590000.0,0.36042787149953953,649118297.8240716,1925689.052658288,0.0049793479204556,10142.198096467398,3926940.6392694064,290682.3378609625,149223744.29223752,35614.13273230956,846128.8060253727,0,0,9999153871.193975,3298668297.824072,149550000,14955,6488.454829503351,7923.592262865153,30.45256663819759,1465.59,15.374454321621888,0.0,2535.549524116849,2739.72602739726,24970022.595424213
39,1,0,536163076.4538753,1465590000.0,0.3658342895720326,653018948.66019,1914186.4145973758,0.004834925368911821,10294.331067914405,3926940.6392694064,300976.66892887687,153150684.93150693,36584.13421891548,882712.9402442882,0,0,9999117287.059755,3302568948.66019,149550000,14955,6607.395058329663,8042.44614680813,30.538911521532672,1465.59,15.66175593085814,0.0,2573.5827669786013,2739.72602739726,24969856.452163797
40,1,0,544205522.6006833,1465590000.0,0.37132180391561304,656918760.2672808,1902822.8079396132,0.0048430902652536745,10448.746033933121,3926940.6392694064,311425.41496281,157077625.57077634,37577.77821246557,920290.7184567538,0,0,9999079709.281544,3306468760.2672806,149550000,14955,6728.120629714887,8163.082839010251,30.627790704636915,1465.59,15.953390963549479,0.0,2612.18650848328,2739.72602739726,24969728.912644885
41,1,0,552368605.4396936,1465590000.0,0.37689163097434725,660807710.7939352,1891624.4159714323,0.003704886149154975,10605.477224442116,3926940.6392694064,322030.8921872521,161004566.21004575,38595.58983943776,958886.3082961915,0,0,9999041113.691704,3310367710.7939353,149560000,14956,6850.658280650969,8285.529081595403,30.719199055566587,1465.59,16.24942420981135,1.0,2651.369306110529,2739.72602739726,24969640.5559236
42,1,0,560654134.5212889,1465688000.0,0.382519427409714,664695779.0801154,1880559.557230669,0.0036802813841744983,10764.559382808748,3926940.6392694064,332795.45157006086,164931506.84931517,39636.91247185778,998523.2207680492,0,0,9999001476.779232,3314265779.0801153,149570000,14957,6974.938082672483,8409.812017819335,30.814064853147812,1465.6879999999999,16.548570629573707,1.0,2691.139845702187,2739.72602739726,24969591.969741907
43,1,0,569063946.5391082,1465786000.0,0.38823126059268415,668572942.3114798,1869653.8864979027,0.0036270791010132152,10926.027773550877,3926940.6392694064,343721.47934361175,168858447.48858458,40703.435678434245,1039226.6564464835,0,0,9998960773.343554,3318162942.3114796,149590000,14959,7101.084644885979,8535.959198086623,30.911446799357662,1465.7859999999998,16.852207009010815,2.0,2731.5069433877193,2739.72602739726,24969583.750657897
44,1,0,577599905.7371948,1465982000.0,0.39400204486630447,672449178.3957855,1858876.5369332936,0.003576425638535003,11089.91819015414,3926940.6392694064,354811.3975337659,172785388.127854,41794.47315386172,1081021.1296003452,0,0,9998918978.8704,3322059178.3957853,149610000,14961,7229.028856237361,8663.998586057922,31.012270179439295,1465.982,17.159008676648583,2.0,2772.479547538535,2739.72602739726,24969616.50417804
45,1,0,586263904.3232527,1466178000.0,0.39985861493164726,676314463.5179485,1848252.6508422408,0.0035605997699941785,11256.266963006452,3926940.6392694064,366067.66449677234,176712328.7671234,42911.784069353,1123932.9136696982,0,0,9998876067.08633,3325954463.5179486,149640000,14964,7358.896165815684,8793.95856484879,31.11560096689385,1466.1779999999999,17.470393417047685,3.0,2814.066740751613,2739.72602739726,24969690.844891395
46,1,0,595057862.8881015,1466472000.0,0.4057751275770021,680168774.6169367,1837779.161067754,0.003487207137361183,11425.11096745155,3926940.6392694064,377492.7754642239,180639269.4063928,44054.65124859699,1167987.5649182952,0,0,9998832012.435081,3329848774.6169367,149680000,14968,7490.618305184038,8925.867943321522,31.222361862515083,1466.472,17.784996111155085,4.0,2856.277741862887,2739.72602739726,24969807.396605864
47,1,0,603983730.8314229,1466864000.0,0.41175168988496746,684012088.1598845,1827453.0839984433,0.0034716745115811565,11596.487631963322,3926940.6392694064,389089.2630961872,184566210.04566222,45223.58395353702,1213211.1488718323,0,0,9998786788.851128,3333742088.1598845,149730000,14973,7624.22450927359,9059.755962471345,31.33254680224481,1466.864,18.10282234180853,5.0,2899.12190799083,2739.72602739726,24969966.79248646
48,1,0,613043486.7938942,1467354000.0,0.41778840470254225,687844380.1336951,1817271.5167884855,0.003445978888028337,11770.434946442769,3926940.6392694064,400859.69804263,188493150.68493164,46419.1004050387,1259630.249276871,0,0,9998740369.750723,3337634380.133695,149790000,14979,7759.744453051541,9195.652301908412,31.44615114312979,1467.354,18.423877469207895,6.0,2942.608736610692,2739.72602739726,24970169.675195675
49,1,0,622239139.0958025,1467942000.0,0.42388537087691647,691665626.0365173,1807231.6346887543,0.003410840702497703,11946.99147063941,3926940.6392694064,412806.6895132694,192420091.32420105,47641.72791794181,1307271.9771948128,0,0,9998692728.022804,3341525626.036517,149860000,14986,7897.208258068601,9333.587086437039,31.563171631562746,1467.942,18.74816664305097,7.0,2986.7478676598525,2739.72602739726,24970416.69703594
50,1,0,631572726.1822395,1468628000.0,0.4300426834993201,695475800.8690917,1797330.6884839851,0.0033497596140469083,12126.196342699,3926940.6392694064,424932.8858559684,196347031.96347046,48892.00303757361,1356163.9802323864,0,0,9998643836.019768,3345415800.869092,149940000,14994,8036.64649910698,9473.590892733595,31.683606373383636,1468.628,19.075694815120148,8.0,3031.54908567475,2739.72602739726,24970708.520094216
51,1,0,641046317.0749731,1469412000.0,0.43626043415663757,699274879.1259713,1787566.0020311035,0.0033192528572386615,12308.089287839486,3926940.6392694064,437240.9751438079,200273972.60273987,50170.47167772,1406334.4519101065,0,0,9998593665.54809,3349304879.1259713,150030000,15003,8178.090210930355,9615.694756124598,31.80745480575678,1469.412,19.40646675230373,9.0,3077.022321959871,2739.72602739726,24971045.81638878
52,1,0,650662011.8310976,1470294000.0,0.4425387111904814,703062834.7866079,1777934.9698941105,0.0032917725403119285,12492.710627157076,3926940.6392694064,449733.68577096495,204200913.24200928,51477.689260049876,1457812.1411701564,0,0,9998542187.85883,3353192834.7866077,150130000,15013,8321.57089513721,9759.930177466465,31.93471767074443,1470.2939999999999,19.740487050034712,10.0,3123.177656789269,2739.72602739726,24971429.26801817
53,1,0,660421942.008564,1471274000.0,0.4488775999634086,706829641.3063087,1768460.0743254635,0.0032367965038552307,12680.10128656443,3926940.6392694064,462413.7870575294,208127853.8812787,52814.220854987456,1510626.3620251438,0,0,9998489373.637976,3357079641.3063087,150250000,15025,8467.120527118963,9906.32913012846,32.06539699050238,1471.274,20.07776014612943,12.0,3170.025321641107,2739.72602739726,24971859.567312416
54,1,0,670328271.1386924,1472450000.0,0.45524688182192424,710585273.1315327,1759113.2933156278,0.0031785421300619494,12870.302805862895,3926940.6392694064,475284.0898633923,212054794.5205481,54179.11685127827,1564805.4788764222,0,0,9998435194.521124,3360965273.1315327,150380000,15038,8614.674474218935,10054.924067080387,32.200407138548265,1472.45,20.416687180443553,13.0,3217.5757014657233,2739.72602739726,24972337.416986484
55,1,0,680383195.2057728,1473724000.0,0.4616761314912241,714319702.7034962,1749916.732338618,0.0031511047998634264,13063.357347950838,3926940.6392694064,488347.44721134315,215981735.15981752,55574.42465372145,1620379.9035301437,0,0,9998379620.09647,3364849702.703496,150530000,15053,8764.362767605493,10205.747928086592,32.3388395189021,1473.724,20.758832349204464,15.0,3265.8393369877094,2739.72602739726,24972863.530296076
56,1,0,690588943.1338593,1475194000.0,0.46813432208499983,718042903.5000954,1740843.0525625674,0.003102381948160851,13259.3077081701,3926940.6392694064,501606.75491951325,219908675.79908693,56999.15037829169,1677379.0539084354,0,0,9998322620.94609,3368732903.5000954,150690000,15069,8916.1217566377,10358.83414700789,32.481609629809206,1475.194,21.102553580878368,16.0,3314.826927042525,2739.72602739726,24973438.631195724
57,1,0,700947777.2808671,1476762000.0,0.47465182424850255,721744846.9162419,1731913.9933465389,0.003046721361069621,13458.197323792652,3926940.6392694064,515064.9522433059,223835616.43835634,58455.42044657489,1735834.4743550103,0,0,9998264165.525644,3372614846.9162416,150870000,15087,9070.082473073966,10514.216659213009,32.627813860958625,1476.762,21.449457606002007,18.0,3364.5493309481626,2739.72602739726,24974063.45449928
58,1,0,711461993.94008,1478526000.0,0.4811968094846354,725425505.4308782,1723126.621054683,0.0030084288017128975,13660.070283649538,3926940.6392694064,528725.0225269555,227762557.07762575,59942.19491676864,1795776.669271779,0,0,9998204223.330729,3376495505.430878,151070000,15107,9226.182278383092,10671.929909101202,32.77836928188992,1478.5259999999998,21.79785948259556,20.0,3415.017570912384,2739.72602739726,24974738.746042795
59,1,0,722133923.8491812,1480486000.0,0.4877681544095528,729084851.0448612,1714478.0860672158,0.002997143409951787,13864.97133790428,3926940.6392694064,542589.9938648597,231689497.71689516,61459.99662421331,1857236.6658959924,0,0,9998142763.334105,3380374851.0448613,151290000,15129,9384.45614229223,10832.00885773772,32.93328455451313,1480.4859999999999,22.147698995017087,22.0,3466.2428344760697,2739.72602739726,24975465.262849875
60,1,0,732965932.7069188,1482642000.0,0.4943647439549931,732732855.2745305,1705942.337650004,0.002934612602930412,14072.945907972842,3926940.6392694064,556662.9397728326,235616438.35616457,63009.35550791499,1920246.0214039073,0,0,9998079753.978596,3384252855.2745304,151520000,15152,9544.939560859633,10994.488990603784,33.09257025584941,1482.6419999999998,22.49891635403625,23.0,3518.2364769932105,2739.72602739726,24976243.773299474
61,1,0,743960421.6975225,1484896000.0,0.5010185371214702,736359487.3916894,1697540.4288300914,0.0029176725077740386,14284.040096592435,3926940.6392694064,570946.979869425,239543378.995434,64592.562207118455,1984838.5836110257,0,0,9998015161.41639,3388129487.3916893,151770000,15177,9707.765656594202,11159.406325462838,33.255331131363526,1484.896,22.85320319726794,25.0,3571.010024148108,2739.72602739726,24977075.057296228
62,1,0,755119828.0229853,1487346000.0,0.5076961433472678,739954717.8543663,1689292.5605293761,0.002886396571253358,14498.300698041321,3926940.6392694064,585445.2805674663,243470319.6347034,66208.47729045931,2051047.060901485,0,0,9997948952.939098,3392004717.8543663,152050000,15205,9872.873909545184,11326.797420344781,33.422489200401834,1487.346,23.20879098857234,28.0,3624.57517451033,2739.72602739726,24977959.906443343
63,1,0,766446625.44333,1490090000.0,0.5143626394669651,743528518.438969,1681172.9059489977,0.002825952645991977,14715.77520851194,3926940.6392694064,600161.0557759783,247397260.2739728,67855.82987513894,2118902.890776624,0,0,9997881097.109224,3395878518.438969,152350000,15235,10040.204349836984,11496.699381649953,33.594968187032265,1490.09,23.563829160568847,30.0,3678.9438021279843,2739.72602739726,24978899.124218076
64,1,0,777943324.8249799,1493030000.0,0.5210500290181577,747080858.6572921,1673178.9946359822,0.002770083754695564,14936.511836639615,3926940.6392694064,615097.5676126179,251324200.91324222,69536.93278289944,2188439.8235595236,0,0,9997811560.176441,3399750858.6572924,152670000,15267,10209.891750591025,11669.149872374699,33.771878216326186,1493.03,23.92001167461712,32.0,3734.1279591599036,2739.72602739726,24979893.52614984
65,1,0,789612474.6973546,1496166000.0,0.5277572640317683,750611707.5037178,1665308.424454335,0.0027376942806750675,15160.559514189208,3926940.6392694064,630258.1271268071,255251141.55251163,71252.35235788152,2259692.175917405,0,0,9997740307.824083,3403621707.503718,153010000,15301,10381.97435950001,11844.18712046032,33.953239039691354,1496.166,24.27728223393563,34.0,3790.139878547302,2739.72602739726,24980943.940000992
66,1,0,801456661.8178148,1499498000.0,0.5344833149612835,754111033.4485029,1657580.839632888,0.002713019472465442,15387.967906902046,3926940.6392694064,645646.0950337092,259178082.19178104,73002.66239121559,2332694.8383086207,0,0,9997667305.161692,3407491033.448503,153380000,15338,10556.490999444595,12021.849927267223,34.13907217737202,1499.4979999999998,24.635585507299538,37.0,3846.9919767255114,2739.72602739726,24982051.205950323
67,1,0,813478511.745082,1503124000.0,0.5411918855297913,757588806.4040561,1649971.5801414747,0.002657277001792146,15618.787425505576,3926940.6392694064,661264.8824592148,263105022.83105046,74786.47114166003,2407481.309450281,0,0,9997592518.69055,3411358806.404056,153770000,15377,10733.383987534484,12202.17767617623,34.33031135825396,1503.124,24.992997275225395,39.0,3904.6968563763935,2739.72602739726,24983216.176779304
68,1,0,825680689.4212582,1506946000.0,0.5479165739324822,761034993.849256,1642500.0296998052,0.002631245083004415,15853.06923688816,3926940.6392694064,677117.951696103,267031963.47031987,76606.26330624083,2484087.572756522,0,0,9997515912.427244,3415224993.849256,154190000,15419,10912.790414214289,12385.210341318874,34.52607289541446,1506.946,25.351296779524564,42.0,3963.26730922204,2739.72602739726,24984439.71806113
69,1,0,838065899.762577,1511062000.0,0.5546204588313233,764449564.7716298,1635163.4661122696,0.0025901662162556927,16090.86527544148,3926940.6392694064,693208.8169715444,270958904.1095893,78460.5821710102,2562548.154927532,0,0,9997437451.845072,3419089564.77163,154640000,15464,11094.653792967933,12570.988496438657,34.72729652927536,1511.062,25.708526226760515,45.0,4022.71631886037,2739.72602739726,24985722.708352596
70,1,0,850636888.2590157,1515472000.0,0.5613016197323446,767842487.729106,1627938.0471597358,0.002543262613033007,16332.228254573103,3926940.6392694064,709541.0452261175,274885844.7488587,80349.91004774359,2642898.0649752757,0,0,9997357101.935024,3422952487.729106,155110000,15511,11279.015338688108,12759.553323885237,34.93401480287163,1515.472,26.064582386781428,47.0,4083.0570636432753,2739.72602739726,24987066.039388843
71,1,0,863396441.5829009,1520078000.0,0.5679948276225962,771203728.715089,1620842.7857093387,0.0025019297805978307,16577.2116783917,3926940.6392694064,726118.2569045092,278812785.3881281,82276.8649647338,2725174.9299400095,0,0,9997274825.07006,3426813728.715089,155610000,15561,11466.013971163691,12950.946623743515,35.14534742017496,1520.078,26.421307258083353,50.0,4144.302919597925,2739.72602739726,24988470.616281044
72,1,0,876347388.2066443,1524978000.0,0.5746623152639869,774533255.3372498,1613875.184036759,0.0024393818309550873,16825.869853567572,3926940.6392694064,742944.1267580767,282739726.0273975,84239.88696215911,2809414.8169021686,0,0,9997190585.183098,3430673255.3372498,156140000,15614,11655.595067535849,13145.210823099667,35.36224443618027,1524.9779999999998,26.77669754357656,53.0,4206.467463391893,2739.72602739726,24989937.35771704
73,1,0,889492599.0297439,1530172000.0,0.581302362760359,777831034.7630507,1607032.818355955,0.0024151357901846544,17078.257901371082,3926940.6392694064,760022.3846594478,286666666.6666669,86239.47136991963,2895654.2882720884,0,0,9997104345.711727,3434531034.7630506,156700000,15670,11847.80173109551,13342.38898544616,35.5847456493498,1530.172,27.130660612878117,56.0,4269.5644753427705,2739.72602739726,24991467.196164988
74,1,0,902834988.01519,1535660000.0,0.5879133323881524,781097033.7169496,1600313.3362979372,0.0024010143056612146,17334.431769891646,3926940.6392694064,777356.8164293395,290593607.30593634,88276.11714028892,2983930.4054123773,0,0,9997016069.594587,3438387033.7169495,157290000,15729,12042.6777136464,13542.524820227849,35.812893418551205,1535.6599999999999,27.483108183162493,59.0,4333.607942472911,2739.72602739726,24993061.078080066
75,1,0,916377512.8354177,1541442000.0,0.5944936707546685,784331218.4776695,1593714.4544955818,0.002359641506366091,17594.44824644002,3926940.6392694064,794951.2646757795,294520547.94520575,90350.32679590525,3074280.7322082827,0,0,9996925719.267792,3442241218.4776697,157910000,15791,12240.267425185244,13745.662692531267,36.04673265397744,1541.442,27.833956435874658,62.0,4398.612061610005,2739.72602739726,24994719.96411428
76,1,0,930123175.527949,1547518000.0,0.6010419106775812,787533554.875534,1587233.9562693941,0.0022849981710636067,17858.364970136623,3926940.6392694064,812809.6296459162,298447488.58447516,92462.60637483293,3166743.3385831155,0,0,9996833256.661417,3446093554.875534,158560000,15856,12440.615943730147,13951.847632919234,36.28631081091248,1547.518,28.18312611864831,65.0,4464.591242534155,2739.72602739726,24996444.829329416
77,1,0,944075023.1608682,1553888000.0,0.6075566727852124,790704008.2898755,1580869.6894094136,0.002297736327729079,18126.240444688672,3926940.6392694064,830935.8700906049,302374429.2237446,94613.46537261909,3261356.8039557347,0,0,9996738643.196045,3449944008.2898755,159240000,15924,12643.769025299287,14161.125347413024,36.53167788626256,1553.888,28.530542632393647,68.0,4531.560111172168,2739.72602739726,24998236.663413193
78,1,0,958236148.5082811,1560552000.0,0.6140366668385809,793832543.6465149,1574639.39971275,0.0022411995292834644,18398.134051359,3926940.6392694064,849334.0041419639,306301369.863014,96803.4166812699,3358160.220637005,0,0,9996641839.779364,3453792543.646515,159960000,15996,12849.773114041998,14373.542227624219,36.7828864177796,1560.552,28.876136103598242,72.0,4599.53351283975,2739.72602739726,25000096.470898636
79,1,0,972609690.7359053,1567608000.0,0.6204419030369234,796929127.8978403,1568520.9088758936,0.0021972253229151817,18674.106062129384,3926940.6392694064,868008.1102040933,310228310.5022834,99030.49400616423,3457190.714643169,0,0,9996542809.285357,3457639127.8978405,160710000,16071,13058.57828571347,14589.14536103858,37.040924674890924,1567.608,29.217783247101416,75.0,4668.526515532345,2739.72602739726,25002025.271386772
80,1,0,987198836.0969437,1574958000.0,0.6268096267309629,799993725.1488312,1562512.255664809,0.0021846767088512446,18954.217653061325,3926940.6392694064,886962.3278571547,314155251.1415528,101297.60593145277,3558488.320574622,0,0,9996441511.679426,3461483725.1488314,161490000,16149,13270.329464280867,14807.98254145416,37.30492282670778,1574.9579999999999,29.55745849021062,78.0,4738.55441326533,2739.72602739726,25004024.099772643
81,1,0,1002006818.6383978,1582602000.0,0.6331388552765621,803016299.0460668,1556630.9195528352,0.0021388741162436256,19238.53091785724,3926940.6392694064,906200.8587750118,318082191.7808222,103605.27295169118,3662093.593526313,0,0,9996337906.406473,3465326299.0460668,162310000,16231,13485.075221114254,15030.102279575967,37.57494153828698,1582.6019999999999,29.895108281180672,82.0,4809.63272946431,2739.72602739726,25006094.00647471
82,1,0,1017036920.9179736,1590638000.0,0.6393893022283974,806006815.4013478,1550855.3725784079,0.002095556352836144,19527.108881625096,3926940.6392694064,925727.967656637,322009132.4200916,105951.39286997494,3768044.986396288,0,0,9996231955.013603,3469166815.4013476,163160000,16316,13702.767800523616,15255.553813769606,37.85198675400978,1590.638,30.228592985902385,85.0,4881.777220406273,2739.72602739726,25008236.05766772
83,1,0,1032292474.7317431,1598968000.0,0.6455992081966263,808955237.0359294,1545202.926901226,0.002070420806400375,19820.015514849467,3926940.6392694064,945547.9831714864,325936073.05936104,108339.0202025672,3876384.0065988554,0,0,9996123615.9934,3473005237.0359297,164050000,16405,13923.554309312563,15484.387120976146,38.13518833641839,1598.9679999999998,30.559940470786145,89.0,4955.003878712367,2739.72602739726,25010451.33551904
84,1,0,1047776861.8527192,1607690000.0,0.6517281701402131,811871529.0337931,1539652.4638419284,0.002030193983924832,20117.31574757221,3926940.6392694064,965665.2989190586,329863013.69863045,110765.95715334122,3987149.9637521966,0,0,9996012850.036247,3476841529.033793,164970000,16497,14147.38849292986,15716.652927790788,38.425565139072596,1607.6899999999998,30.887004521573264,92.0,5029.328936893052,2739.72602739726,25012740.938428536
85,1,0,1063493514.7805098,1616706000.0,0.6578150354984208,814745653.3906183,1534221.1336728642,0.0019933551788092973,20419.07548378579,3926940.6392694064,986084.3744028445,333789954.33789986,113235.35792785914,4100385.321680056,0,0,9995899614.67832,3480675653.3906183,165930000,16593,14374.418967877473,15952.40272170765,38.72224616982365,1616.706,31.211845636437957,96.0,5104.768870946447,2739.72602739726,25015105.981272087
86,1,0,1079445917.5022173,1626114000.0,0.6638193370835116,817587574.465934,1528888.2060328766,0.0019672866653116126,20725.36161604257,3926940.6392694064,1006809.736018887,337716894.9771693,115744.92556961314,4216130.247249669,0,0,9995783869.75275,3484507574.465934,166920000,16692,14604.601026531833,16191.68876253326,39.02626399857162,1626.114,31.532313815194385,99.0,5181.340404010643,2739.72602739726,25017547.595648702
87,1,0,1095637606.2647505,1635816000.0,0.6697804681362394,820387253.4307482,1523670.6747608066,0.0019203503427088673,21036.24204028321,3926940.6392694064,1027845.9780591702,341643835.6164387,118297.91649548923,4334428.163745158,0,0,9995665571.836254,3488337253.430748,167950000,16795,14838.084840103116,16434.564093971258,39.33674613185956,1635.816,31.850498957696676,103.0,5259.060510070803,2739.72602739726,25020066.930131376
88,1,0,1112072170.3587217,1645910000.0,0.6756579462781815,823154653.9247739,1518548.1780854114,0.001906333454430512,21351.78567088746,3926940.6392694064,1049197.7637300577,345570776.2557081,120891.93091452587,4455320.094659684,0,0,9995544679.90534,3492164653.924774,169010000,16901,15074.827295072311,16681.082555380828,39.65473969148236,1645.9099999999999,32.16424988717071,106.0,5337.946417721864,2739.72602739726,25022665.150521703
89,1,0,1128753252.9141026,1656298000.0,0.6814916475864262,825879736.2964783,1513537.558876807,0.0018590205171223327,21672.06245595077,3926940.6392694064,1070869.8261860085,349497716.8949775,123530.33002094018,4578850.424680624,0,0,9995421149.57532,3495989736.2964783,170110000,17011,15314.980163767365,16931.29879371154,39.97937005582426,1656.298,32.475682569761666,110.0,5418.015613987693,2739.72602739726,25025343.440108296
90,1,0,1145684551.707814,1667078000.0,0.687241119916293,828562463.4717407,1508637.013029043,0.0018410879216439566,21997.14339279003,3926940.6392694064,1092866.9695787986,353424657.5342469,126210.60739964839,4705061.032080272,0,0,9995294938.96792,3499812463.4717407,171250000,17125,15558.5019753812,17185.26827561721,40.311699763989424,1667.078,32.78264707431371,114.0,5499.285848197507,2739.72602739726,25028102.999929097
91,1,0,1162869819.983431,1678250000.0,0.6929061939421607,831212798.0771493,1503826.7010465031,0.0017951277596980222,22327.10054368188,3926940.6392694064,1115194.0701224804,357351598.17351633,128933.1344045466,4833994.166484819,0,0,9995166005.833515,3503632798.0771494,172420000,17242,15805.449132439051,17443.04729975147,40.65183268758161,1678.25,33.08513255859845,117.0,5581.775135920469,2739.72602739726,25030945.04903762
92,1,0,1180312867.2831824,1689716000.0,0.6985273663048598,833820699.2904038,1499123.2540326288,0.0017724400152321137,22662.007051837103,3926940.6392694064,1137856.0771743176,361278538.81278574,131701.43306655998,4965695.599551379,0,0,9995034304.400448,3507450699.290404,173630000,17363,16055.975899382192,17704.693009247738,40.998890134456765,1689.716,33.385288593829436,121.0,5665.501762959276,2739.72602739726,25033870.824773185
93,1,0,1198017560.29243,1701574000.0,0.7040643311971327,836386129.0383608,1494525.0245089382,0.0017412883071876702,23001.937157614655,3926940.6392694064,1160858.0143319322,365205479.45205516,134512.82846995487,5100208.428021333,0,0,9994899791.57198,3511266129.0383606,174880000,17488,16310.043364163343,17970.263404386453,41.353959776889596,1701.5739999999998,33.680972501049396,125.0,5750.484289403664,2739.72602739726,25036881.583035193
94,1,0,1215987823.6968162,1713824000.0,0.7095173271565903,838919048.9589915,1490012.6556323974,0.0017140667162676264,23346.966214978875,3926940.6392694064,1184204.980546911,369132420.09132457,137367.6848537129,5237576.112875046,0,0,9994762423.887125,3515079048.9589915,176160000,17616,16567.71051224646,18239.817355452244,41.71715679421567,1713.8239999999998,33.97219517475513,128.0,5836.741553744718,2739.72602739726,25039978.598561544
95,1,0,1234227641.0522683,1726368000.0,0.7149273162224209,841409417.0780188,1485602.57899287,0.001685221922794512,23697.170708203554,3926940.6392694064,1207902.1512551145,373059360.730594,140269.690950276,5377845.803825323,0,0,9994622154.196175,3518889417.0780187,177480000,17748,16829.134212846875,18513.414615784026,42.08759706284639,1726.368,34.26113155809728,132.0,5924.2926770508875,2739.72602739726,25043163.1652112
96,1,0,1252741055.6680522,1739304000.0,0.7202542256374114,843857194.3514544,1481293.2903424236,0.0016611099559121815,24052.628268826607,3926940.6392694064,1231954.779523941,376986301.3698634,143215.99410263004,5521061.797927952,0,0,9994478938.202072,3522697194.3514543,178840000,17884,17094.27823061139,18791.115835020784,42.466395590608634,1739.3039999999999,34.54565085347907,136.0,6013.157067206651,2739.72602739726,25046436.59625101
97,1,0,1271532171.5030727,1752632000.0,0.7254986622993719,846262341.4588257,1477083.3331011573,0.0016275309657020126,24413.417692859,3926940.6392694064,1256368.1972168,380913242.0091328,146206.94959096622,5667268.7475189185,0,0,9994332731.252481,3526502341.4588256,180240000,18024,17363.20425188905,19072.98257254609,42.85367934295819,1752.6319999999998,34.82578360897443,140.0,6103.35442321475,2739.72602739726,25049800.22464683
98,1,0,1290605154.0756187,1766352000.0,0.7306613597264977,848634818.8086255,1472953.9400172525,0.001605220053007101,24779.618958251882,3926940.6392694064,1281147.8161750517,384840182.6484022,149242.90842789097,5816511.65594681,0,0,9994183488.344053,3530304818.808625,181670000,18167,17635.97489068267,19359.077311134282,43.24957954838969,1766.3519999999999,35.10156713171064,143.0,6194.9047395629705,2739.72602739726,25053255.403358996
99,1,0,1309964231.3867528,1780366000.0,0.7357836711028816,850964582.971058,1468921.2982704185,0.0015709570849832257,25151.313242625656,3926940.6392694064,1306299.1294176774,388767123.2876716,152327.7900794267,5968839.446026237,0,0,9994031160.553974,3534104582.971058,183140000,18314,17912.750673782,19649.463470801293,43.653202980710425,1780.366,35.37519801118572,147.0,6287.828310656414,2739.72602739726,25056803.505642258
100,1,0,1329613694.857554,1794772000.0,0.7408259627727388,853251593.7043247,1464984.0788145673,0.0015520113714690815,25528.58294126504,3926940.6392694064,1331827.7123589425,392694063.92694104,155458.48894392242,6124297.934970159,0,0,9993875702.06503,3537901593.7043247,184650000,18465,18193.49912784384,19944.20542286331,44.06570498053029,1794.772,35.644568147283316,151.0,6382.14573531626,2739.72602739726,25060445.925350178
101,1,0,1349557900.2804172,1809570000.0,0.745789276060289,855505810.5109229,1461123.915983072,0.0015304598575713454,25911.511685384015,3926940.6392694064,1357739.2240443265,396621004.56621045,158635.344356574,6282933.279326733,0,0,9993717066.720673,3541695810.510923,186190000,18619,18478.285733560206,20243.36850420626,44.48722935394331,1809.57,35.9097312977726,154.0,6477.877921346003,2739.72602739726,25064184.07724413
102,1,0,1369801268.7846234,1824662000.0,0.7507150742354602,857717188.8779196,1457356.8260130861,0.0015045244301611818,26300.18436066477,3926940.6392694064,1384039.4084049913,400547945.20547986,161862.4566333657,6444795.735960099,0,0,9993555204.26404,3545487188.8779197,187770000,18777,18767.2739061727,20547.019031769352,44.91687440334798,1824.6619999999998,36.17289054093068,158.0,6575.046090166192,2739.72602739726,25068019.3973069
103,1,0,1390348287.8163927,1840146000.0,0.7555641170952699,859885687.6850848,1453681.5973355027,0.0014729157474574284,26694.687126074743,3926940.6392694064,1410734.095531066,404474885.8447493,165136.51923013467,6609932.255190234,0,0,9993390067.74481,3549275687.685085,189390000,18939,19060.434145771036,20855.22431724589,45.355828525145625,1840.146,36.431958229888885,162.0,6673.671781518685,2739.72602739726,25071953.343061022
104,1,0,1411203512.1336384,1856022000.0,0.7603377072759042,862011265.5741705,1450097.0578005014,0.0014625083313140298,27095.10743296586,3926940.6392694064,1437829.2029640318,408401826.4840187,168457.85761662954,6778390.112806863,0,0,9993221609.887194,3553061265.5741706,191050000,19105,19357.834930809,21168.052682004578,45.8042488044214,1856.022,36.68700210809704,166.0,6773.776858241465,2739.72602739726,25075987.393891867
105,1,0,1432371564.8156428,1872290000.0,0.7650372350520714,864103880.956269,1446585.3325605558,0.0014342869907500104,27501.534044460346,3926940.6392694064,1465330.7370084922,412328767.1232881,171826.79121528205,6950216.904022145,0,0,9993049783.095978,3556843880.9562693,192740000,19274,19659.545769389388,21485.573472234642,46.26229715474733,1872.29,36.9380946119379,169.0,6875.383511115086,2739.72602739726,25080123.051375587
106,1,0,1453857138.2878773,1888852000.0,0.7697041050796343,866153487.9822191,1443162.2308789364,0.001402331197047921,27914.057055127247,3926940.6392694064,1493244.7940636196,416255707.7625575,175247.6703743692,7125464.574396514,0,0,9992874535.425604,3560623487.982219,194470000,19447,19965.734133173803,21807.857074318163,46.72905885563782,1888.8519999999999,37.18743653804112,173.0,6978.514263781811,2739.72602739726,25084361.839611974
107,1,0,1475664995.3621953,1905806000.0,0.7742996901899749,868160044.4863828,1439826.68626441,0.0013897546005531218,28332.767910954153,3926940.6392694064,1521577.5619745736,420182648.4018269,178716.90301651158,7304181.477413026,0,0,9992695818.522587,3564400044.486383,196240000,19624,20276.374701283603,22134.97493043293,47.205770850671136,1905.8059999999998,37.43297224079994,177.0,7083.191977738538,2739.72602739726,25088705.305562317
108,1,0,1497799970.292628,1923152000.0,0.7788255792015546,870133508.093581,1436561.1579982464,0.0013742438284932974,28757.759429618458,3926940.6392694064,1550335.3214041921,424109589.0410963,182234.7915007551,7486416.26891378,0,0,9992513583.731087,3568173508.093581,198040000,19804,20591.5401638274,22466.999554389422,47.692609437979364,1923.1519999999998,37.674784808676755,180.0,7189.4398574046145,2739.72602739726,25093155.019392326
109,1,0,1520266969.8470173,1940792000.0,0.7833229783753319,872063831.9767455,1433381.312428198,0.001350085028070386,29189.125821062735,3926940.6392694064,1579524.447225255,428036529.68036574,185805.88192591653,7672222.150839697,0,0,9992327777.849161,3571943831.9767456,199880000,19988,20911.40119624703,22804.004547705263,48.188648541767705,1940.792,37.91506509635623,184.0,7297.281455265683,2739.72602739726,25097712.574820198
110,1,0,1543070974.3947225,1958824000.0,0.7877537616420477,873960973.2230659,1430269.8155847131,0.001326802512483558,29626.962708378676,3926940.6392694064,1609151.4099336336,431963470.31963515,189426.3556572918,7861648.506496988,0,0,9992138351.493504,3575710973.223066,201750000,20175,21235.935780704942,23146.064615920837,48.69516478410534,1958.8239999999998,38.15178367342041,187.0,7406.740677094668,2739.72602739726,25102379.5894699
111,1,0,1566217039.0106432,1977150000.0,0.7921589353415994,875814884.3354989,1427242.2430322075,0.001303164651316853,30071.367149004353,3926940.6392694064,1639222.777082638,435890410.95890456,193100.89398525952,8054749.400482248,0,0,9991945250.599518,3579474884.335499,203660000,20366,21565.316808790383,23493.25558515965,49.211223630732604,1977.1499999999999,38.38712115566925,191.0,7517.841787251088,2739.72602739726,25107157.705229755
112,1,0,1589710294.5958028,1995868000.0,0.7965007177808366,877625521.8907065,1424297.6859960295,0.0012845218670096876,30522.437656239417,3926940.6392694064,1669745.2147388773,439817351.598174,196825.5217180745,8251574.922200322,0,0,9991748425.077799,3583235521.8907065,205610000,20561,21899.524548573187,23845.654418937043,49.73812963614102,1995.868,38.61906614355395,195.0,7630.609414059854,2739.72602739726,25112048.58861642
113,1,0,1613555949.0147398,2014978000.0,0.8007809261514218,879402842.2962008,1421419.1038274646,0.0012720798678192223,30980.274221083007,3926940.6392694064,1700725.4889599602,443744292.2374434,200600.50799621083,8452175.430196533,0,0,9991547824.569803,3586992842.2962008,207590000,20759,22238.637320199414,24203.3392352211,50.27608497831087,2014.9779999999998,38.847714020558016,198.0,7745.068555270752,2739.72602739726,25117053.931144293
114,1,0,1637759288.2499607,2034382000.0,0.8050401980797907,881136797.1726831,1418621.9483863174,0.0012674619597867313,31444.97833439925,3926940.6392694064,1732170.4672943593,447671232.8767128,204430.74112139601,8656606.17131793,0,0,9991343393.828682,3590746797.1726832,209610000,20961,22582.831465553656,24566.389323749412,50.824141804244675,2034.3819999999998,39.075226367696715,202.0,7861.244583599811,2739.72602739726,25122175.449700497
115,1,0,1662325677.57371,2054178000.0,0.8092413011792113,882827342.4654901,1415905.3983410734,0.0012550358989131683,31916.65300941523,3926940.6392694064,1764087.1203037745,451598173.5159822,208311.99947176332,8864918.170789693,0,0,9991135081.82921,3594497342.4654903,211670000,21167,22932.090813260675,24934.88516360565,51.38364965502305,2054.178,39.29962058686015,206.0,7979.163252353807,2739.72602739726,25127414.886925455
116,1,0,1687260562.7373154,2074366000.0,0.8133861443628152,884484433.9796072,1413252.6836857945,0.0012195354053071293,32395.40280455646,3926940.6392694064,1796482.523108331,455525114.1552516,212244.52795679847,9077162.698746491,0,0,9990922837.301254,3598244433.979607,213760000,21376,23286.49726892759,25308.908441059735,51.95482786785296,2074.366,39.52099702397308,209.0,8098.850701139115,2739.72602739726,25132774.011599198
117,1,0,1712569471.178375,2094848000.0,0.8175149085653828,886098022.5239364,1410679.1440968644,0.0012095465537084128,32881.3338466248,3926940.6392694064,1829363.8569549557,459452054.79452103,216233.42878678232,9293396.127533274,0,0,9990706603.872467,3601988022.5239363,215890000,21589,23646.23078176521,25688.542067675626,52.53671408958593,2094.848,39.74149352152325,213.0,8220.3334616562,2739.72602739726,25138254.61903346
118,1,0,1738258013.2460504,2115722000.0,0.8215909336132301,887688063.4957153,1408152.313187012,0.00119293805598635,33374.55385432417,3926940.6392694064,1862738.41080928,463378995.43379045,220274.22134483897,9513670.348878114,0,0,9990486329.651121,3605728063.495715,218040000,21804,24011.278905063526,26073.870198690758,53.130706372770184,2115.7219999999998,39.95915751280984,215.0,8343.638463581043,2739.72602739726,25143858.531469647
119,1,0,1764331883.444741,2136792000.0,0.8256919173437288,889244502.1195141,1405687.63373922,0.0011788059378708183,33875.17216213903,3926940.6392694064,1896613.582971419,467305936.07305986,224377.1876327081,9738047.536510821,0,0,9990261952.46349,3609464502.119514,220220000,22022,24381.920872797305,26464.978251671117,53.73462112618896,2136.792,40.178124799127445,218.0,8468.793040534758,2739.72602739726,25149587.598482788
120,1,0,1790796861.6964118,2158156000.0,0.8297810082757743,890777288.1399604,1403268.8267233735,0.0011696329813994152,34383.299744571115,3926940.6392694064,1930996.88271599,471232876.71232927,228537.9185676785,9966585.4550785,0,0,9990033414.544922,3613197288.1399603,222420000,22242,24758.146781324416,26861.95292544618,54.34985587823312,2158.156,40.396432812131465,220.0,8595.824936142777,2739.72602739726,25155443.697391536
121,1,0,1817658814.621858,2179716000.0,0.8338970832080225,892286365.756228,1400895.5509934234,0.0011531824546746996,34899.049240739674,3926940.6392694064,1965895.9319567299,475159817.3515987,232762.07224250564,10199347.527321005,0,0,9989800652.47268,3616926365.756228,224640000,22464,25140.141609860344,27264.88221932787,54.97539053247438,2179.716,40.61615114598046,222.0,8724.762310184917,2739.72602739726,25161428.733674325
122,1,0,1844923696.8411856,2201472000.0,0.8380409547980558,893771678.5728749,1398567.4753041193,0.0011511087052217153,35422.53497935076,3926940.6392694064,2001318.4669360807,479086757.9908681,237050.35760174302,10436397.884922748,0,0,9989563602.115078,3620651678.572875,226880000,22688,25527.994861314313,27673.855452617783,55.61140869653062,2201.4719999999998,40.83732282364808,224.0,8855.63374483769,2739.72602739726,25167544.641391765
123,1,0,1872597552.2938032,2223424000.0,0.8422134295095327,895233169.5993427,1396284.27816121,0.001138874764386844,35953.87300404103,3926940.6392694064,2037272.3399401219,483013698.6301375,241403.485805638,10677801.370728387,0,0,9989322198.629272,3624373169.599343,229140000,22914,25921.797382424258,28088.96328440705,56.25809801720544,2223.424,41.059990536712704,226.0,8988.468251010256,2739.72602739726,25173793.38361538
124,1,0,1900686515.57821,2245572000.0,0.8464153078049647,896660781.249647,1394061.1947562888,0.0011180295605202782,36493.18109910164,3926940.6392694064,2073765.5210392235,486940639.2694069,245822.17006414963,10923623.540792536,0,0,9989076376.459208,3628090781.249647,231430000,23143,26321.64138394831,28510.297733673156,56.915650275152615,2245.572,41.284196655152584,229.0,9123.29527477541,2739.72602739726,25180176.95286276
125,1,0,1929196813.311883,2268014000.0,0.8506106282024198,898064460.899924,1391882.2695059124,0.0011157400519465626,37040.57881558816,3926940.6392694064,2110806.0998548116,490867579.9086763,250301.5678079246,11173925.10860046,0,0,9988826074.8914,3631804460.8999243,233740000,23374,26727.523745556828,28937.95219967825,57.58554587857735,2268.014,41.50802523448813,231.0,9260.14470389704,2739.72602739726,25186697.37153926
126,1,0,1958134765.511561,2290652000.0,0.8548372976390831,899444149.954375,1389747.2122792695,0.0011043137162011967,37596.18749782197,3926940.6392694064,2148402.2873526337,494794520.54794574,254847.77231616148,11428772.880916622,0,0,9988571227.119083,3635514149.9543753,236070000,23607,27139.636209006218,29372.021482673415,58.26672633280081,2290.652,41.73349500905035,233.0,9399.046874455493,2739.72602739726,25193356.69238632
127,1,0,1987506786.994234,2313486000.0,0.8590960943762936,900789789.2258867,1387671.1469767045,0.0010895543650746536,38160.1303102893,3926940.6392694064,2186562.4176629228,498721461.18721515,259461.49806802964,11688234.37898465,0,0,9988311765.621016,3639219789.225887,238430000,23843,27558.075202029337,29812.601804913516,58.95939711582012,2313.486,41.96064716366992,236.0,9540.032577572325,2739.72602739726,25200156.998936497
128,1,0,2017319388.7991474,2336614000.0,0.8633515800209822,902111324.7746634,1385638.2972602907,0.0010832309201523921,38732.53226494363,3926940.6392694064,2225294.9499278665,502648401.82648456,264137.6227574957,11952372.001742147,0,0,9988047627.998259,3642921324.7746634,240810000,24081,27982.84192492688,30259.79083198721,59.66509293967098,2336.614,42.18759316626123,238.0,9683.133066235907,2739.72602739726,25207100.405975338
129,1,0,2047579179.6311343,2359938000.0,0.8676410904147204,903408696.4219017,1383648.4029330465,0.0010770554198249816,39313.520248917775,3926940.6392694064,2264608.4701767843,506575342.465754,268882.51228004287,12221254.51402219,0,0,9987778745.485977,3646618696.4219017,243210000,24321,28414.13242540425,30713.687694467015,60.382730937237085,2359.938,42.41632178293436,240.0,9828.380062229444,2739.72602739726,25214189.060010172
130,1,0,2078292867.325601,2383458000.0,0.8719653827865232,904671843.4038551,1381716.4855013362,0.0010773782204391905,39903.22305265155,3926940.6392694064,2304511.693229436,510502283.1050234,273696.8803686216,12494951.394390812,0,0,9987505048.60561,3650311843.4038553,245640000,24564,28852.047541211625,31174.39300988402,61.11253132760423,2383.458,42.64687307053357,243.0,9975.805763162887,2739.72602739726,25221425.13974594
131,1,0,2109467260.335485,2407272000.0,0.876289534516866,905910710.5039656,1379826.9360394299,0.0010717401600321209,40501.77139844131,3926940.6392694064,2345013.4646278773,514429223.7442928,278575.310557301,12773526.704948112,0,0,9987226473.295052,3654000710.5039654,248090000,24809,29296.59299170079,31642.00890503228,61.85608666851161,2407.272,42.87738553050681,245.0,10125.442849610328,2739.72602739726,25228810.856568154
132,1,0,2141109269.2405171,2431282000.0,0.8806503191487113,907115235.9899063,1377994.7137983015,0.0010688169071702697,41109.29796941794,3926940.6392694064,2386122.7625972955,518356164.3835622,283524.45129810367,13057051.156246215,0,0,9986942948.843754,3657685235.9899063,250570000,25057,29747.969327054045,32116.639038607762,62.612288446283166,2431.2819999999997,43.10981840767618,248.0,10277.324492354483,2739.72602739726,25236348.455033112
133,1,0,2173225908.2791247,2455586000.0,0.8850131529822718,908295363.886235,1376204.316018675,0.0010553831669631794,41725.937438959205,3926940.6392694064,2427848.7000362547,522283105.0228316,288538.6803795752,13345589.83662579,0,0,9986654410.163374,3661365363.886235,253070000,25307,30206.185394349388,32598.388624186875,63.382770162512934,2455.586,43.34232797033711,250.0,10431.4843597398,2739.72602739726,25244040.213365458
134,1,0,2205824296.9033113,2480086000.0,0.8894144384119387,909441031.5131022,1374470.6437098787,0.001057543068026736,42351.82650054358,3926940.6392694064,2470200.526536798,526210045.66210103,293624.8389026912,13639214.675528482,0,0,9986360785.324472,3665041031.513102,255600000,25560,30671.444859296225,33087.36445354967,64.16640574655484,2480.086,43.57685397079592,253.0,10587.956625135896,2739.72602739726,25251888.4439632
135,1,0,2238911661.3568606,2504880000.0,0.8938199280432039,910562182.1642655,1372778.2950846176,0.0010505832708050335,42987.103898051726,3926940.6392694064,2513187.6304348498,530136986.30137044,298777.09200406325,13937991.767532544,0,0,9986062008.232468,3668712182.1642656,258150000,25815,31143.759791814668,33583.67492035291,64.96487146176025,2504.88,43.81157030856303,255.0,10746.775974512931,2739.72602739726,25259895.493910316
136,1,0,2272495336.277213,2529870000.0,0.8982656564476488,911648752.236059,1371142.1168888072,0.0010341372447423862,43631.9104565225,3926940.6392694064,2556819.540891372,534063926.94063985,304002.4779325091,14241994.245465053,0,0,9985758005.754536,3672378752.236059,260730000,26073,31623.337067236684,34087.4300441582,65.77702307847845,2529.87,44.04839741188873,258.0,10907.977614130623,2739.72602739726,25268063.74549705
137,1,0,2306582766.321371,2555154000.0,0.9027177095084566,912710684.3223709,1369546.8032436087,0.001042564049186848,44286.38911337033,3926940.6392694064,2601105.9300047425,537990867.5799092,309294.9420708474,14551289.1875359,0,0,9985448710.812464,3676040684.322371,263330000,26333,32110.192076347088,34598.74149482057,66.60458152651668,2555.154,44.28552665353283,260.0,11071.597278342582,2739.72602739726,25276395.616747998
138,1,0,2341181507.816191,2580634000.0,0.9072117579696273,913737913.9222021,1368007.1505782101,0.0010464294659654348,44950.68495007088,3926940.6392694064,2646056.6149548134,541917808.2191786,314661.72438822343,14865950.911924124,0,0,9985134049.088076,3679697913.922202,265960000,26596,32604.53500104579,35117.72261724287,67.44638380291828,2580.634,44.524859342184996,263.0,11237.67123751772,2739.72602739726,25284893.56195812
139,1,0,2376299230.433434,2606408000.0,0.9117142175873593,914740382.9634827,1366507.9439811837,0.001037738960648527,45624.945224321935,3926940.6392694064,2691681.5601791353,545844748.8584479,320096.5432130691,15186047.455137193,0,0,9984813952.544863,3683350382.963483,268610000,26861,33106.38465400212,35644.48845650151,68.30419750061496,2606.408,44.76460414546426,265.0,11406.236306080484,2739.72602739726,25293560.072236802
140,1,0,2411943718.8899355,2632378000.0,0.9162603998703589,915708026.0772732,1365063.9334840847,0.0010364434691591267,46309.319402686764,3926940.6392694064,2737990.879581822,549771689.4977173,325606.8448815155,15511654.30001871,0,0,9984488345.699982,3686998026.0772734,271290000,27129,33615.95462356543,36179.15578334904,69.17684021639037,2632.3779999999997,45.00664348917764,268.0,11577.329850671691,2739.72602739726,25302397.676060077
141,1,0,2448122874.673284,2658642000.0,0.9208170467002643,916640784.5625712,1363674.8670271093,0.0010536546574029851,47003.95919372706,3926940.6392694064,2784994.838775549,553698630.1369866,331186.1131651071,15842840.413183816,0,0,9984157159.586817,3690640784.562571,274000000,27400,34133.26724839971,36721.84312009926,70.06612830044665,2658.642,45.2492031387983,271.0,11750.989798431763,2739.72602739726,25311408.93983111
142,1,0,2484844717.793383,2685200000.0,0.9253853410522058,917538599.531233,1362340.5060436798,0.0010397423110101941,47709.01858163296,3926940.6392694064,2832703.857357182,557625570.776256,336834.6891892375,16179675.102373052,0,0,9983820324.897627,3694278599.531233,276740000,27674,34658.44317467707,37272.67076690075,70.97240777632015,2685.2,45.49234538199597,274.0,11927.25464540824,2739.72602739726,25320596.468449123
143,1,0,2522117388.5602837,2712052000.0,0.9299664566019692,918411411.9220988,1361045.8055871984,0.0010469365335850122,48424.65386035745,3926940.6392694064,2881128.5112175397,561552511.4155253,342552.9022638947,16522228.004636947,0,0,9983477771.995363,3697911411.9220986,279500000,27950,35191.60486192074,37831.76082840426,71.89603351649177,2712.0519999999997,45.7361320066708,276.0,12106.163465089363,2739.72602739726,25329962.905886818
144,1,0,2559949149.3886876,2739100000.0,0.9345949944831103,919249154.9638759,1359805.4382210565,0.0010615376880542535,49151.02366826281,3926940.6392694064,2930279.5348858023,565479452.0547947,348348.6211604577,16870576.625797406,0,0,9983129423.374203,3701539154.963876,282290000,28229,35732.973024208375,38399.23724083032,72.83578337805704,2739.1,45.98240808548435,279.0,12287.7559170657,2739.72602739726,25339510.935776487
145,1,0,2598348386.6295176,2766442000.0,0.9392383381359586,920051769.0592258,1358619.2016979032,0.0010474023371050236,49888.28902328674,3926940.6392694064,2980167.823909089,569406392.694064,354214.8329427166,17224791.458740123,0,0,9982775208.54126,3705161769.059226,285110000,28511,36282.57737859995,38975.225799442764,73.79357915718707,2766.442,46.22943301947159,282.0,12472.072255821684,2739.72602739726,25349243.28200491
146,1,0,2637323612.42896,2794078000.0,0.9438976336483662,920819194.4787517,1357486.9067619478,0.0010604106717154037,50636.61335863603,3926940.6392694064,3030804.437267725,573333333.3333334,360151.8331021505,17584943.291842274,0,0,9982415056.708158,3708779194.4787517,287960000,28796,36840.54598900622,39559.8541864344,74.76980257181967,2794.078,46.477267105591544,285.0,12659.153339659008,2739.72602739726,25359162.709317174
147,1,0,2676883466.615394,2822008000.0,0.9485740177261702,921561371.3770739,1356393.658440929,0.0010611942850246897,51396.16255901557,3926940.6392694064,3082200.5998267406,577260273.9726027,366159.9035061976,17951103.19534847,0,0,9982048896.804651,3712391371.377074,290830000,29083,37407.00884441191,40153.25199923092,75.76484518099711,2822.008,46.725970133392025,287.0,12849.040639753892,2739.72602739726,25369272.023929533
148,1,0,2717036718.614625,2850134000.0,0.9533013951676044,922268231.7671955,1355354.0683113558,0.001060358910077369,52167.104997400806,3926940.6392694064,3134367.704824141,581187214.6118721,372247.3541451663,18323350.549493637,0,0,9981676649.450506,3715998231.7671957,293730000,29373,37982.19422165392,40755.55077921938,76.77744243453631,2850.134,46.97735054221559,290.0,13041.776249350201,2739.72602739726,25379574.074151486
149,1,0,2757510475.6243024,2878554000.0,0.9579498858191656,922939748.619277,1354367.9334105996,0.0010711882306558987,52944.20113198661,3926940.6392694064,3187311.9059561277,585114155.2511414,378367.9883196951,18701718.537813332,0,0,9981298281.462187,3719599748.619277,296660000,29666,38561.90481589093,41362.657134364534,77.80168152638937,2878.554,47.22451460425102,293.0,13236.050282996652,2739.72602739726,25390070.398407087
150,1,0,2798189456.1762724,2907268000.0,0.9624807400543302,923575909.6644218,1353435.0419059456,0.0010666085782442224,53725.237558584435,3926940.6392694064,3241037.1435147123,589041095.8904108,384504.8316831666,19086223.3694965,0,0,9980913776.630503,3723195909.664422,299620000,29962,39144.40835342363,41972.84184264409,78.8345107795419,2907.268,47.465408712587454,296.0,13431.309389646107,2739.72602739726,25400761.98176934
151,1,0,2839080810.0622506,2936276000.0,0.9668984829975965,924176702.9995395,1352555.194199276,0.0010847885194832096,54510.351553195214,3926940.6392694064,3295547.4950679075,592968036.5296801,390657.65570487,19476881.02520137,0,0,9980523118.974798,3726786702.9995394,302610000,30261,39729.81249361359,42586.21215093376,79.87634267982486,2936.276,47.700271818921664,299.0,13627.587888298804,2739.72602739726,25411649.843630243
152,1,0,2880191471.67666,2965578000.0,0.9712074582683915,924742117.1210839,1351728.2027680334,0.0010836345019803945,55299.67625619188,3926940.6392694064,3350847.1713240994,596894977.1689495,396826.193981171,19873707.21918254,0,0,9980126292.780817,3730372117.1210837,305630000,30563,40318.22166058441,43202.872075149906,80.92758543450671,2965.578,47.92933330112093,302.0,13824.919064047968,2739.72602739726,25422735.036666896
153,1,0,2921528172.536206,2995174000.0,0.9754118366866852,925272140.9579778,1350953.8920147375,0.0010861739728167351,56093.34091269515,3926940.6392694064,3406940.5122367945,600821917.8082188,403010.14328807866,20276717.36247062,0,0,9979723282.63753,3733952140.957978,308680000,30868,40909.737231664374,43822.92258804309,81.98864362128636,2995.174,48.15281342082284,305.0,14023.335228173788,2739.72602739726,25434018.645867676
154,1,0,2963097452.8134804,3025064000.0,0.9795156244011632,925766763.9037951,1350232.098124758,0.0010962636636110267,56891.47109401884,3926940.6392694064,3463831.9833308132,604748858.4474882,409209.16454603407,20685926.527016655,0,0,9979314073.472982,3737526763.9037952,311760000,31176,41504.45771100229,44446.461792202215,83.05991880007285,3025.064,48.37092375067192,308.0,14222.867773504708,2739.72602739726,25445501.787613783
155,1,0,3004905671.9779644,3055248000.0,0.9835226704928584,926225975.8482599,1349562.6689320703,0.0011209699504993542,57694.18890197693,3926940.6392694064,3521526.1722327904,608675799.0867575,415422.8837065709,21101349.410723224,0,0,9978898650.589277,3741095975.84826,314870000,31487,42102.47888976078,45073.58507966947,84.14181009130647,3055.248,48.58386757397823,311.0,14423.54722549423,2739.72602739726,25457185.60881188
156,1,0,3046959018.6275887,3085726000.0,0.9874366741011965,926649767.2081175,1348945.4637927406,0.001116439184562497,58501.61315764971,3926940.6392694064,3580027.78539044,612602739.7260269,421650.8925694433,21523000.30329267,0,0,9978476999.696707,3744659767.2081175,318010000,31801,42703.89399413802,45704.38527941384,85.23471472418993,3085.7259999999997,48.7918402592701,314.0,14625.403289412427,2739.72602739726,25469071.286073897
157,1,0,3089263519.5851045,3116498000.0,0.9912611911142264,927028061.0994922,1348394.9973611794,0.0011330458689420768,59245.93920000001,3926940.6392694064,3639273.72459044,616529680.3652962,427892.687094678,21950892.990387347,0,0,9978049107.009613,3748218061.099492,321190000,32119,43308.69496172374,46338.95279377657,86.24016794716965,3116.498,48.9949177198866,318.0,14828.4648940085,2739.72602739726,25481160.02494051
158,1,0,3131825048.3256545,3147662000.0,0.9949686619229302,927370700.1817082,1347896.8008748444,0.0011386100807294173,59836.761600000005,3926940.6392694064,3699110.4861904397,620456621.0045656,434138.31865339034,22385031.309040736,0,0,9977614968.69096,3751770700.1817083,324400000,32440,43916.74278673093,46977.37572488482,87.02906184611047,3147.662,49.191482027905515,321.0,15032.760231963142,2739.72602739726,25493453.059145078
159,1,0,3174651999.520928,3179120000.0,0.9985945794814062,927677679.2161183,1347450.7665811589,0.0011483762457766067,60435.110400000005,3926940.6392694064,3759545.59659044,624383561.643835,440396.715259225,22825428.02429996,0,0,9977174571.9757,3755317679.2161183,327640000,32764,44528.494322360144,47619.77999281392,87.83432954622654,3179.12,49.38369355096695,324.0,15238.329597700455,2739.72602739726,25505951.662715383
160,1,0,3217749907.2046947,3210872000.0,1.0,927949945.9267936,1347055.4155284169,0.0011554346334077476,61039.104000000014,3926940.6392694064,3820584.7005904396,628310502.2831043,445713.03259412735,23271141.056894086,0,0,9976728858.943106,3758859945.9267936,330910000,33091,45040.86139545724,48163.08,88.6533954572407,3210.872,49.45842651480412,327.0,15412.1856,2739.72602739726,25518624.12228799
161,1,0,3261310196.573478,3242918000.0,1.0,928188112.3313535,1346709.7707816276,0.0011594719053854396,61648.7424,3926940.6392694064,3882233.4429904395,632237442.9223737,450422.9771093911,23721564.034003478,0,0,9976278435.965996,3762398112.3313537,334210000,33421,45490.33824433949,48643.770000000004,89.48624433947828,3242.9179999999997,49.458785917337174,330.0,15566.006400000002,2739.72602739726,25531450.402660593
162,1,0,3305460183.3595915,3275258000.0,1.0,928382171.279817,1346428.2691650644,0.0011761371982037863,62264.02560000001,3926940.6392694064,3944497.4685904393,636164383.561643,455145.716405893,24176709.750409372,0,0,9975823290.24959,3765932171.279817,337550000,33755,45943.94492501621,49128.87,90.3329250162057,3275.258,49.45910026559376,334.0,15721.2384,2739.72602739726,25544431.9150332
163,1,0,3350207850.5918217,3307990000.0,1.0,928542112.8213171,1346196.3466599719,0.0011975195586504924,62884.9536,3926940.6392694064,4007382.4221904394,640091324.2009124,459884.0513693221,24636593.801778693,0,0,9975363406.198221,3769462112.821317,340920000,34092,46403.055573355385,49619.850000000006,91.19557335537881,3307.99,49.459353633929545,337.0,15878.352,2739.72602739726,25557570.541005805
164,1,0,3395561289.3692083,3341016000.0,1.0,928667933.8033044,1346013.9566579924,0.0011987756266869914,63513.408,3926940.6392694064,4070895.8301904392,644018264.8401817,464633.065281989,25101226.86706068,0,0,9974898773.132938,3772987933.8033047,344320000,34432,46866.299166678364,50115.240000000005,92.07516667835677,3341.0159999999996,49.45956506275909,340.0,16036.876800000002,2739.72602739726,25570867.69177841
165,1,0,3441528700.3240438,3374336000.0,1.0,928749630.1793032,1345895.5561130778,0.0012194384675398259,64147.50720000001,3926940.6392694064,4135043.337390439,647945205.4794511,469391.77047066495,25570618.637531344,0,0,9974429381.362469,3776509630.179303,347760000,34776,47333.67315839731,50615.04,92.96915839730934,3374.336,49.45973167426047,344.0,16196.8128,2739.72602739726,25584324.778551016
166,1,0,3488118395.1046805,3408048000.0,1.0,928797195.4409242,1345826.6305450904,0.0012186065394267007,64787.2512,3926940.6392694064,4199830.588590439,651872146.1187204,474162.6288483271,26044781.26637967,0,0,9973955218.73362,3780027195.440924,351230000,35123,47806.55175880487,51120.72,93.8797588048702,3408.048,49.45983760100911,347.0,16358.630400000002,2739.72602739726,25597943.68292362
167,1,0,3535338797.87841,3442054000.0,1.0,928800629.6427451,1345821.6544069205,0.0012452613053962535,65434.52160000001,3926940.6392694064,4265265.110190439,655799086.7579898,478940.9590483553,26523722.225428026,0,0,9973476277.774572,3783540629.642745,354740000,35474,48283.563906880496,51630.81,94.80790688049422,3442.0539999999996,49.459901639587116,351.0,16521.8592,2739.72602739726,25611725.816096224
168,1,0,3583198446.8546886,3476452000.0,1.0,928769928.7306459,1345866.1411533526,0.0012491380660972246,66087.4368,3926940.6392694064,4331352.546990439,659726027.3972591,483728.98816865386,27007451.21359668,0,0,9972992548.786404,3787049928.730646,358280000,35828,48766.08113863041,52146.780000000006,95.75313863040708,3476.4519999999998,49.45990510145083,354.0,16686.9696,2739.72602739726,25625673.059668828
169,1,0,3631705995.828984,3511144000.0,1.0,928695095.0481191,1345974.5902235238,0.0012644382700750692,66747.87840000002,3926940.6392694064,4398100.425390439,663652968.0365285,488522.20019609324,27495973.413792774,0,0,9972504026.586206,3790555095.048119,361860000,36186,49252.732367683006,52667.16,96.71636768300537,3511.144,49.45986663254844,358.0,16853.4912,2739.72602739726,25639786.824841432
170,1,0,3680870215.7475185,3546228000.0,1.0,928586127.0704783,1346132.5380161696,0.0012739961675947364,67413.9648,3926940.6392694064,4465514.390190439,667579908.6757978,493322.5817101061,27989295.99550288,0,0,9972010704.004498,3794056127.0704784,365470000,36547,49744.889186058324,53193.42000000001,97.69718605831547,3546.228,49.4597676199434,361.0,17021.8944,2739.72602739726,25654068.993214037
171,1,0,3730699996.2932005,3581606000.0,1.0,928433029.497028,1346354.5137737794,0.0012860197454223927,68087.57760000002,3926940.6392694064,4533601.96779044,671506849.3150672,498125.7903196807,28487421.785822563,0,0,9971512578.214178,3797553029.497028,369120000,36912,50241.180481635856,53724.09000000001,98.69648163584155,3581.6059999999998,49.45962656956739,365.0,17191.7088,2739.72602739726,25668520.97598664
172,1,0,3781204347.4930196,3617376000.0,1.0,928235803.4049368,1346640.5792738893,0.0013049468004365022,68766.83520000002,3926940.6392694064,4602368.802990439,675433789.9543365,502933.5665605361,28990355.3523831,0,0,9971009644.647617,3801045803.404937,372810000,37281,50742.9779039851,54260.64,99.71390398509244,3617.3759999999997,49.45942493364356,369.0,17363.4048,2739.72602739726,25683144.654759247
173,1,0,3832392401.347206,3653538000.0,1.0,928004453.1914234,1346976.2948886896,0.0013254991075690521,69453.6192,3926940.6392694064,4671822.422190439,679360730.5936059,507744.4719826596,29498099.824365757,0,0,9970501900.175634,3804534453.1914234,376530000,37653,51250.28448554768,54803.07000000001,100.75248554767614,3653.538,49.45916533820574,372.0,17536.9824,2739.72602739726,25697941.91113185
174,1,0,3884273413.480444,3689994000.0,1.0,927728987.32238,1347376.245737184,0.0013411530825546993,70147.9296,3926940.6392694064,4741970.351790439,683287671.2328752,512554.4379128696,30010654.262278628,0,0,9969989345.73772,3808018987.32238,380290000,38029,51761.72634821187,55349.91,101.81034821186665,3689.9939999999997,49.45886341268904,376.0,17711.9712,2739.72602739726,25712914.156304456
175,1,0,3936856764.8154354,3726842000.0,1.0,927409411.0233938,1347840.5385390862,0.001361801562506415,70847.88480000001,3926940.6392694064,4812818.236590439,687214611.8721446,517364.8230555135,30528019.08533414,0,0,9969471980.914665,3811499411.0233936,384090000,38409,52278.67523215707,55902.630000000005,102.8872321570615,3726.8419999999996,49.45850068475458,380.0,17888.841600000003,2739.72602739726,25728063.27187706
176,1,0,3990151963.2691245,3764082000.0,1.0,927045732.8973719,1348369.2935981273,0.001370699494138983,71555.36640000001,3926940.6392694064,4884373.602990439,691141552.5114139,522174.1316911782,31050193.217025317,0,0,9968949806.782974,3814975732.897372,387930000,38793,52801.13420249787,56461.229999999996,103.98620249787906,3764.082,49.45807964109286,384.0,18067.5936,2739.72602739726,25743391.139449667
177,1,0,4044168645.4718804,3801714000.0,1.0,926647963.0629133,1348948.090133686,0.0013960182335436913,72270.3744,3926940.6392694064,4956643.977390439,695068493.1506833,526980.8481279325,31577174.06515325,0,0,9968422825.934847,3818447963.0629134,391800000,39180,53329.10360586454,57025.71000000001,105.10760586453081,3801.714,49.457600112829574,387.0,18248.2272,2739.72602739726,25758899.640622273
178,1,0,4098916578.509956,3839640000.0,1.0,926206115.3136302,1349591.6074541516,0.00140027283532095,72992.90880000002,3926940.6392694064,5029636.88619044,698995433.7899526,531781.2973524629,32108955.36250571,0,0,9967891044.637495,3821916115.31363,395710000,39571,53861.20950723794,57594.600000000006,106.24950723793474,3839.64,49.457077607279274,391.0,18430.272,2739.72602739726,25774590.186594877
179,1,0,4154405661.6915345,3877958000.0,1.0,925720200.7321051,1350300.0139906483,0.0014204988410537133,73721.088,3926940.6392694064,5103357.97419044,702922374.429222,536576.308794514,32645531.671300225,0,0,9967354468.3287,3825380200.7321053,399660000,39966,54398.82377530507,58169.37,107.41177530507005,3877.9579999999996,49.45649371299266,395.0,18614.1984,2739.72602739726,25790464.65896748
180,1,0,4210645928.3366838,3916668000.0,1.0,925200233.8499614,1351058.8889482473,0.0014516978223405308,74456.7936,3926940.6392694064,5177814.7677904405,706849315.0684913,541364.3150131066,33186895.986313332,0,0,9966813104.013687,3828840233.8499613,403640000,40364,54941.94952605236,58750.020000000004,108.597526052355,3916.6679999999997,49.455850734307475,398.0,18800.0064,2739.72602739726,25806524.939340085
181,1,0,4267647547.5915413,3955672000.0,1.0,924676232.5548484,1351824.515426638,0.0014524992977606704,75200.0256,3926940.6392694064,5253014.793390441,710776255.7077607,546141.9599822903,33733037.94629562,0,0,9966266962.053705,3832296232.5548487,407620000,40762,55489.21277738446,59335.08,109.8047773844601,3955.672,49.455164109974085,398.0,18987.2256,2739.72602739726,25822772.43891269
182,1,0,4325420826.267061,3994676000.0,1.0,924148219.0140185,1352596.8824931814,0.0014788092713958626,75948.9024,3926940.6392694064,5328963.695790441,714703196.34703,550903.0824992951,34283941.028794914,0,0,9965716058.971205,3835748219.0140185,411600000,41160,56036.4878940148,59920.14,111.02389401480042,3994.676,49.45447823058534,398.0,19174.4448,2739.72602739726,25839207.157685295
183,1,0,4383976210.702651,4033680000.0,1.0,923616209.8514684,1353375.987414736,0.0014898762027613682,76697.7792,3926940.6392694064,5405661.4749904405,718630136.9862994,555647.5810194585,34839588.609814376,0,0,9965160411.390186,3839196209.8514686,415580000,41558,56583.766678438435,60505.200000000004,112.24667843842703,4033.68,49.453785686738726,398.0,19361.664,2739.72602739726,25855829.0956579
184,1,0,4443324288.655038,4072684000.0,1.0,923080221.7915163,1354161.8274238224,0.001528690166901592,77446.656,3926940.6392694064,5483108.130990441,722557077.6255687,560375.3552214628,35399963.96503584,0,0,9964600036.034964,3842640221.7915163,419560000,41956,57131.04916699379,61090.26000000001,113.47316699378234,4072.6839999999997,49.45308647606335,398.0,19548.8832,2739.72602739726,25872638.252830505
185,1,0,4503475791.212706,4111688000.0,1.0,922540271.6575743,1354954.3997185612,0.0015337685760648775,78195.53280000002,3926940.6392694064,5561303.663790441,726484018.2648381,565086.3060112728,35965050.271047115,0,0,9964034949.728952,3846080271.657574,423540000,42354,57678.33539608638,61675.32000000001,114.70339608638079,4111.688,49.452380595952434,398.0,19736.1024,2739.72602739726,25889634.62920311
186,1,0,4564441594.736247,4150692000.0,1.0,921996376.3709178,1355753.7014626118,0.0015332933261369328,78944.40960000001,3926940.6392694064,5640248.073390441,730410958.9041075,569780.3355259156,36534830.60657303,0,0,9963465169.393427,3849516376.370918,427520000,42752,58225.625402189246,62260.380000000005,115.93740218924317,4150.692,49.451668043572525,398.0,19923.321600000003,2739.72602739726,25906818.224775717
187,1,0,4626232722.824989,4189696000.0,1.0,921448552.94945,1356559.7297851103,0.0015694937507443856,79693.28640000001,3926940.6392694064,5719941.359790441,734337899.5433768,574457.3471370988,37109287.95371013,0,0,9962890712.04629,3852948552.94945,431500000,43150,58772.91922184333,62845.44000000001,117.17522184332785,4189.696,49.45094881587209,398.0,20110.540800000002,2739.72602739726,25924189.039548323
188,1,0,4688860348.310232,4228700000.0,1.0,920896818.5064647,1357372.4817806087,0.0015861217770117735,80442.16320000001,3926940.6392694064,5800383.522990441,738264840.1826462,579117.2454546727,37688405.19916481,0,0,9962311594.800835,3856376818.506465,435480000,43548,59320.21689165796,63430.5,118.41689165795817,4228.7,49.45022290958975,398.0,20297.76,2739.72602739726,25941747.07352093
189,1,0,4752335795.275482,4267704000.0,1.0,920341190.2494041,1358191.95450901,0.0015806077327204502,81191.04,3926940.6392694064,5881574.562990441,742191780.8219155,583759.9363299347,38272165.13549474,0,0,9961727834.864506,3859801190.249404,439460000,43946,59867.518448311246,64015.56,119.66244831124666,4267.704,49.44949032126208,398.0,20484.979199999998,2739.72602739726,25959492.326693535
190,1,0,4816670541.104024,4306708000.0,1.0,919781685.4786147,1359018.144995506,0.0016157652491727323,81939.9168,3926940.6392694064,5963514.479790441,746118721.4611849,588385.326858775,38860550.46235351,0,0,9961139449.537647,3863221685.478615,443440000,44344,60414.82392855052,64600.62,120.91192855051526,4306.708,49.44875104723096,398.0,20672.1984,2739.72602739726,25977424.799066138
191,1,0,4881876218.554219,4345712000.0,1.0,919218321.5860994,1359851.0502305133,0.0016159175436545878,82688.7936,3926940.6392694064,6046203.273390441,750045662.1004542,592993.3253846634,39453543.787738174,0,0,9960546456.212261,3866638321.5860996,447420000,44742,60962.13336919272,65185.68000000001,122.16536919271216,4345.7119999999995,49.44800508365057,398.0,20859.4176,2739.72602739726,25995544.49063874
192,1,0,4947964617.862897,4384716000.0,1.0,918651116.0542673,1360690.667169609,0.0016352818457304457,83437.6704,3926940.6392694064,6129640.943790441,753972602.7397236,597583.8415014832,40051127.629239656,0,0,9959948872.37076,3870051116.0542674,451400000,45140,61509.44680712483,65770.74,123.4228071248252,4384.715999999999,49.44725242649405,398.0,21046.6368,2739.72602739726,26013851.401411343
193,1,0,5014947688.877215,4423720000.0,1.0,918080086.4546804,1361536.992733467,0.0016651036473342355,84186.5472,3926940.6392694064,6213827.490990441,757899543.3789929,602156.7860562031,40653284.41529586,0,0,9959346715.584703,3873460086.4546804,455380000,45538,62056.76427930429,66355.8,124.68427930429115,4423.719999999999,49.44649307155981,398.0,21233.856,2739.72602739726,26032345.531383947
194,1,0,5082837543.21539,4462724000.0,1.0,917505250.4467984,1362390.0238077908,0.0016719189904415243,84935.424,3926940.6392694064,6298762.914990441,761826484.0182623,606712.0711513968,41259996.48644726,0,0,9958740003.513554,3876865250.4467983,459360000,45936,62604.085822759414,66940.86000000002,125.94982275940163,4462.724,49.445727014477484,398.0,21421.075200000003,2739.72602739726,26051026.88055655
195,1,0,5151646456.456669,4501728000.0,1.0,916926625.7767202,1363249.7572432505,0.0017023069937334146,85684.30080000001,3926940.6392694064,6384447.215790441,765753424.6575316,611249.6101476041,41871246.09659486,0,0,9958128753.903404,3880266625.77672,463340000,46334,63151.41147458971,67525.92000000001,127.21947458970519,4501.728,49.44495425071372,398.0,21608.294400000002,2739.72602739726,26069895.448929153
196,1,0,5221386870.36095,4540732000.0,1.0,916344230.275924,1364116.189855415,0.0016904129461577325,86433.17760000001,3926940.6392694064,6470880.393390441,769680365.296801,615769.3176655383,42487015.4142604,0,0,9957512984.58574,3883664230.2759237,467320000,46732,63698.74127196641,68110.98000000001,128.49327196640536,4540.732,49.444174775577565,398.0,21795.513600000002,2739.72602739726,26088951.236501757
197,1,0,5292071395.118462,4579736000.0,1.0,915758081.8600051,1364989.318424686,0.001720115709898329,87182.05440000001,3926940.6392694064,6558062.447790441,773607305.9360703,620271.109588136,43107286.52384854,0,0,9956892713.47615,3887058081.8600054,471300000,47130,64246.07525213276,68696.04000000001,129.77125213275534,4579.736,49.44338858422566,398.0,21982.732799999998,2739.72602739726,26108194.24327436
198,1,0,5363712811.629878,4618740000.0,1.0,915168198.527412,1365869.1396962313,0.0017466886682285685,87930.93119999999,3926940.6392694064,6645993.378990442,777534246.5753397,624754.9030624569,43732041.426911,0,0,9956267958.57309,3890448198.527412,475280000,47528,64793.41345240446,69281.1,131.0534524044483,4618.74,49.44259567166714,398.0,22169.952,2739.72602739726,26127624.469246965
199,1,0,5436324073.817317,4657744000.0,1.0,914574598.3581799,1366755.6503799174,0.00175923245052082,88679.808,3926940.6392694064,6734673.186990442,781461187.214609,629220.6165014235,44361262.04341242,0,0,9955638737.956587,3893834598.35818,479260000,47926,65340.75591017001,69866.16,132.3399101700043,4657.744,49.44179603276841,398.0,22357.1712,2739.72602739726,26147241.91441957
200,1,0,5509918310.966619,4696748000.0,1.0,913977299.5126638,1367648.8471502417,0.0017683288207036368,89428.6848,3926940.6392694064,6824101.871790442,785388127.8538784,633668.1695854125,44994930.21299783,0,0,9955005069.787003,3897217299.512664,483240000,48324,65888.10266289115,70451.22,133.6306628911527,4696.748,49.440989662257586,398.0,22544.3904,2739.72602739726,26167046.578792173
201,1,0,5584508830.101329,4735752000.0,1.0,913376320.2302694,1368548.726646264,0.0017728046134507834,90177.5616,3926940.6392694064,6914279.433390441,789315068.4931477,638097.4832636908,45633027.696261525,0,0,9954366972.303738,3900596320.2302694,487220000,48722,66435.45374810322,71036.28,134.92574810321122,4735.7519999999995,49.440176554728794,398.0,22731.6096,2739.72602739726,26187038.462364778
202,1,0,5660109118.388825,4774756000.0,1.0,912771678.828183,1369455.285471539,0.001785401921475494,90926.4384,3926940.6392694064,7005205.871790442,793242009.1324171,642508.4797556999,46275536.176017225,0,0,9953724463.823982,3903971678.828183,491200000,49120,66982.80920341548,71621.34000000001,136.22520341546033,4774.755999999999,49.4393567046463,398.0,22918.828800000003,2739.72602739726,26207217.565137383
203,1,0,5736732845.579014,4813760000.0,1.0,912163393.7001002,1370368.5201940462,0.0017971914925317219,91675.3152,3926940.6392694064,7096881.186990442,797168949.7716864,646901.0825521882,46922437.25856941,0,0,9953077562.74143,3907343393.7001,495180000,49518,67530.16906651153,72206.40000000001,137.52906651151426,4813.76,49.438530106348374,398.0,23106.048000000003,2739.72602739726,26227583.887109987
204,1,0,5814393866.47604,4852764000.0,1.0,911551483.3149533,1371288.4273461201,0.001825142644208074,92424.19200000002,3926940.6392694064,7189305.378990442,801095890.4109558,651275.2164161934,47573712.47498561,0,0,9952426287.525015,3910711483.3149533,499160000,49916,68077.5333751497,72791.46,138.8373751496874,4852.764,49.43769675405112,398.0,23293.267200000002,2739.72602739726,26248137.428282592
205,1,0,5893106223.4434595,4891768000.0,1.0,910935966.2156388,1372215.0034243816,0.0018267336720533297,93173.06880000002,3926940.6392694064,7282478.447790442,805022831.0502251,655630.8073838734,48229343.28236948,0,0,9951770656.71763,3914075966.2156386,503140000,50314,68624.90216716338,73376.52000000002,140.15016716335668,4891.768,49.43685664185205,398.0,23480.4864,2739.72602739726,26268878.188655198
206,1,0,5972884148.943325,4930772000.0,1.0,910316861.017743,1373148.2448896675,0.0018341021032217304,93921.94560000002,3926940.6392694064,7376400.393390442,808949771.6894945,659967.7827651886,48889311.06513467,0,0,9951110688.934866,3917436861.017743,507120000,50712,69172.27548046132,73961.58,141.46748046132004,4930.772,49.43600976373343,398.0,23667.7056,2739.72602739726,26289806.168227803
207,1,0,6053742068.109645,4969776000.0,1.0,909694186.4082679,1374088.1481669587,0.0018605280784868776,94670.82240000002,3926940.6392694064,7471071.215790442,812876712.3287638,664286.0711444349,49553597.1362791,0,0,9950446402.863722,3920794186.408268,511100000,51110,69719.65335302814,74546.64,142.7893530281505,4969.776,49.43515611356577,398.0,23854.9248,2739.72602739726,26310921.36700041
208,1,0,6135694601.356679,5008780000.0,1.0,909067961.1443566,1375034.7096453106,0.0018665248171895986,95419.69920000002,3926940.6392694064,7566490.914990442,816803652.9680332,668585.6023806283,50222182.738659725,0,0,9949777817.261341,3924147961.1443567,515080000,51508,70267.03582292456,75131.70000000001,144.11582292454594,5008.78,49.434295685110826,398.0,24042.144,2739.72602739726,26332223.784973014
209,1,0,6218756567.022545,5047784000.0,1.0,908438204.0520182,1375987.9256777803,0.0018784412069303884,96168.57600000002,3926940.6392694064,7662659.490990442,820730593.6073025,672866.3076077438,50895049.046267465,0,0,9949104950.953733,3927498204.052018,519060000,51906,70814.42292828769,75716.76000000001,145.44692828767484,5047.784,49.4334284720247,398.0,24229.3632,2739.72602739726,26353713.42214562
210,1,0,6302942984.048613,5086788000.0,1.0,907804934.0248528,1376947.7925813561,0.0018893018477281445,96917.45280000001,3926940.6392694064,7759576.943790442,824657534.2465719,677128.1192348058,51572177.16550227,0,0,9948427822.834497,3930844934.0248528,523040000,52304,71361.81470733152,76301.82,146.78270733151726,5086.788,49.432554467860776,398.0,24416.582400000003,2739.72602739726,26375390.278518226
211,1,0,6388269074.69517,5125792000.0,1.0,907168170.0227762,1377914.306636884,0.0019181810488219536,97666.32960000001,3926940.6392694064,7857243.273390442,828584474.8858413,681370.970945834,52253548.13644811,0,0,9947746451.863552,3934188170.022776,527020000,52702,71909.2111983472,76886.88,148.12319834720213,5125.7919999999995,49.43167366607255,398.0,24603.801600000003,2739.72602739726,26397254.354090832
212,1,0,6474750267.293857,5164796000.0,1.0,906527931.070746,1378887.4640889955,0.0019228142863382776,98415.20640000002,3926940.6392694064,7955658.479790442,832511415.5251106,685594.7976996454,52939142.93414775,0,0,9947060857.065853,3937527931.070746,531000000,53100,72456.61243970334,77471.94,149.4684397033395,5164.795999999999,49.43078606001627,398.0,24791.020800000002,2739.72602739726,26419305.648863435
213,1,0,6562402199.037347,5203800000.0,1.0,905884236.2574857,1379867.2611460348,0.0019364980851425584,99164.08320000002,3926940.6392694064,8054822.562990442,836438356.16438,689799.5357295098,53628942.469877265,0,0,9946371057.530123,3940864236.257486,534980000,53498,73004.01846984636,78057.00000000001,150.8184698463488,5203.8,49.429891642953564,398.0,24978.24,2739.72602739726,26441544.162836038
214,1,0,6651240718.806815,5242804000.0,1.0,905237104.7342125,1380853.6939799858,0.0019309730083595877,99912.96000000002,3926940.6392694064,8154735.522990442,840365296.8036493,693985.1225426655,54322927.59241993,0,0,9945677072.40758,3944197104.7342124,538960000,53896,73551.42932730078,78642.06,152.1733273007824,5242.804,49.42899040805396,398.0,25165.4592,2739.72602739726,26463969.89600864
215,1,0,6741281890.0376625,5281808000.0,1.0,904586555.7133622,1381846.7587263966,0.0019474507267310353,100661.8368,3926940.6392694064,8255397.359790442,844292237.4429187,698151.4969196907,55021079.08933962,0,0,9944978920.91066,3947526555.713362,542940000,54294,74098.84505066964,79227.12,153.53305066964498,5281.808,49.42808234839731,398.0,25352.6784,2739.72602739726,26486582.848381244
216,1,0,6832541993.624047,5320812000.0,1.0,903932608.4673178,1382846.4514843076,0.0019413081502439686,101410.71360000002,3926940.6392694064,8356808.073390442,848219178.082188,702298.5989137354,55723377.68825336,0,0,9944276622.311747,3950852608.4673176,546920000,54692,74646.2656786347,79812.18000000001,154.8976786347078,5320.812,49.427167456976086,398.0,25539.8976,2739.72602739726,26509383.019953847
217,1,0,6925037530.862733,5359816000.0,1.0,903275282.3271376,1383852.768316176,0.0019695366972465383,102159.59040000002,3926940.6392694064,8458967.663790442,852146118.7214574,706426.3698496098,56429804.058102965,0,0,9943570195.941896,3954175282.3271375,550900000,55090,75193.69124995681,80397.24,156.26724995681911,5359.816,49.42624572669763,398.0,25727.1168,2739.72602739726,26532370.41072645
218,1,0,7018785226.436787,5398820000.0,1.0,902614596.6812842,1384865.7052477994,0.00196371136346216,102908.46720000001,3926940.6392694064,8561876.130990442,856073059.3607267,710534.7523227404,57140338.810425706,0,0,9942859661.189575,3957494596.681284,554880000,55488,75741.12180347621,80982.3,157.64180347620922,5398.82,49.42531715038638,398.0,25914.336,2739.72602739726,26555545.020699054
219,1,0,7113802031.439674,5437824000.0,1.0,901960570.9743556,1385869.893015007,0.0019583700443225756,103657.34400000001,3926940.6392694064,8665533.474990442,859999999.9999961,714623.6901979792,57854962.50062369,0,0,9942145037.499376,3960810570.9743557,558850000,55885,76288.55737811282,81567.36000000002,159.02137811279158,5437.824,49.42438172078588,397.0,26101.555200000003,2739.72602739726,26578906.849871658
220,1,0,7210105126.440289,5476730000.0,1.0,901303221.6965822,1386880.6522704177,0.001991639549258502,104406.22080000001,3926940.6392694064,8769939.695790442,863926940.6392654,718696.1378427332,58573658.63846642,0,0,9941426341.361534,3964123221.6965823,562820000,56282,76834.62245626221,82150.95000000001,160.4024562621876,5476.73,49.42345557043819,397.0,26288.304,2739.72602739726,26602455.427844264
221,1,0,7307711924.589474,5515636000.0,1.0,900642566.2874191,1387897.981718395,0.0019893677541092682,105153.216,3926940.6392694064,8875092.911790442,867853881.2785348,722749.2644323984,59296407.90289882,0,0,9940703592.097101,3967432566.2874193,566790000,56679,77380.68967323448,82734.54000000001,161.78567323445944,5515.6359999999995,49.42252073833043,397.0,26475.0528,2739.72602739726,26626190.754616868
222,1,0,7406640074.768603,5554542000.0,1.0,899978624.1212137,1388921.8771396377,0.001986368738604885,105900.21120000002,3926940.6392694064,8980993.122990442,871780821.9178041,726783.0166747237,60023190.919573545,0,0,9939976809.080427,3970738624.121214,570760000,57076,77926.76195461063,83318.13,163.17395461062063,5554.5419999999995,49.42157908607324,397.0,26661.801600000003,2739.72602739726,26650112.830189474
223,1,0,7506907464.780783,5593448000.0,1.0,899311414.6243559,1389952.3342780117,0.0019985967786168676,106647.20640000002,3926940.6392694064,9087640.329390442,875707762.5570735,730797.3425271176,60753988.26210067,0,0,9939246011.7379,3974041414.624356,574730000,57473,78472.83933914365,83901.72,164.56733914366197,5593.447999999999,49.42063060644823,397.0,26848.5504,2739.72602739726,26674221.65456208
224,1,0,7608532224.585253,5632354000.0,1.0,898640957.2740302,1390989.3488404746,0.002003750118899331,107394.2016,3926940.6392694064,9195034.530990442,879634703.1963428,734792.1911949622,61488780.453295626,0,0,9938511219.546705,3977340957.27403,578700000,57870,79018.92186566463,84485.31000000001,165.9658656646225,5632.353999999999,49.41967529216681,397.0,27035.2992,2739.72602739726,26698517.22773468
225,1,0,7711532729.575576,5671260000.0,1.0,897967271.5969697,1392032.9164970007,0.0020302046194960685,108141.19680000002,3926940.6392694064,9303175.727790441,883561643.8356122,738767.5131297989,62227547.96642543,0,0,9937772452.033575,3980637271.5969696,582670000,58267,79565.00957308286,85068.90000000001,167.36957308285275,5671.259999999999,49.41871313587176,397.0,27222.048000000003,2739.72602739726,26722999.549707286
226,1,0,7815927603.902205,5710166000.0,1.0,897290377.1682117,1393083.0328805044,0.0020133776684368746,108888.19200000002,3926940.6392694064,9412063.919790441,887488584.4748815,742723.2600273835,62970271.22645281,0,0,9937029728.773548,3983930377.168212,586640000,58664,80111.10250038627,85652.49,168.77850038627324,5710.166,49.417744130139035,397.0,27408.7968,2739.72602739726,26747668.62047989
227,1,0,7921735723.840032,5749072000.0,1.0,896610293.6098554,1394139.6935867658,0.002018137873400609,109635.18720000001,3926940.6392694064,9521699.106990442,891415525.1141509,746659.3848256104,63716930.61127842,0,0,9936283069.388721,3987220293.6098557,590610000,59061,80657.20068664163,86236.08,170.19268664162823,5749.072,49.41676826747931,397.0,27595.5456,2739.72602739726,26772524.440052494
228,1,0,8028976221.201516,5787978000.0,1.0,895927040.5898224,1395202.8941743535,0.0020107140631559057,110382.1824,3926940.6392694064,9632081.289390441,895342465.7534202,750575.8417023146,64467506.452980734,0,0,9935532493.54702,3990507040.5898223,594580000,59458,81203.30417099474,86819.67000000001,171.61217099473458,5787.978,49.415785540339584,397.0,27782.294400000002,2739.72602739726,26797567.008425098
229,1,0,8137668486.796032,5826884000.0,1.0,895240637.8206189,1396272.6301645485,0.002026872970285225,111129.17760000001,3926940.6392694064,9743210.466990441,899269406.3926896,754472.5860729407,65221979.03905368,0,0,9934778020.960947,3993790637.8206186,598550000,59855,81749.41299267072,87403.26000000001,173.03699267072548,5826.884,49.41479594110467,397.0,27969.0432,2739.72602739726,26822796.325597703
230,1,0,8247832173.936033,5865790000.0,1.0,894551105.0581001,1397348.8970412677,0.0020304312548065227,111876.17280000001,3926940.6392694064,9855086.639790442,903196347.0319589,758349.5745880938,65980328.61364177,0,0,9934019671.386358,3997071105.0581,602520000,60252,82295.5271909743,87986.85,174.467190974289,5865.79,49.41379946209875,397.0,28155.792,2739.72602739726,26848212.391570307
231,1,0,8359487201.990692,5904696000.0,1.0,893858462.1002384,1398431.6902509858,0.0020096862355237417,112623.16800000002,3926940.6392694064,9967709.807790441,907123287.6712283,762206.7651309608,66742535.37877273,0,0,9933257464.621227,4000348462.1002383,606490000,60649,82841.64680528991,88570.44,175.90280528990192,5904.696,49.412796095586714,397.0,28342.540800000002,2739.72602739726,26873815.206342913
232,1,0,8472653759.987641,5943602000.0,1.0,893162728.7858932,1399521.005202659,0.002031950920001836,113370.16320000001,3926940.6392694064,10081079.970990442,911050228.3104976,766044.1168146129,67508579.49558733,0,0,9932491420.504414,4003622728.7858934,610460000,61046,83387.77187508206,89154.03,177.34387508205842,5943.602,49.41178583377571,397.0,28529.2896,2739.72602739726,26899604.769915517
233,1,0,8587352310.2634735,5982508000.0,1.0,892463924.9935834,1400616.8372676466,0.002016127628415629,114117.15840000001,3926940.6392694064,10195197.12939044,914977168.949767,769861.5899791844,68278441.08556652,0,0,9931721558.914433,4006893924.9935837,614430000,61443,83933.9024398955,89737.62,178.7904398954934,5982.508,49.41076866881642,397.0,28716.0384,2739.72602739726,26925581.082288124
234,1,0,8703603592.163666,6021414000.0,1.0,891762070.6402638,1401719.1817796342,0.0020185170119695825,114864.1536,3926940.6392694064,10310061.28299044,918904109.5890363,773659.1461889319,69052100.23175545,0,0,9930947899.768244,4010162070.6402636,618400000,61840,84480.0385393554,90321.21,180.24253935540077,6021.414,49.40974459280445,397.0,28902.787200000002,2739.72602739726,26951744.14346073
235,1,0,8821428625.792582,6060320000.0,1.0,891057185.680104,1402828.0340345541,0.0020280377497867218,115611.14880000001,3926940.6392694064,10425672.431790441,922831050.2283057,777436.7482291743,69829536.97998463,0,0,9930170463.020016,4013427185.6801043,622370000,62237,85026.18021316765,90904.8,181.7002131676468,6060.32,49.408713597781635,397.0,29089.536,2739.72602739726,26978093.95343333
236,1,0,8940848715.814249,6099226000.0,1.0,890349290.1032703,1403943.389290508,0.002037780864761351,116358.14400000001,3926940.6392694064,10542030.57579044,926757990.867575,781194.360103116,70610731.34008774,0,0,9929389268.659912,4016689290.1032705,626340000,62634,85572.32750111898,91488.39,183.16350111897765,6099.226,49.40767567573732,397.0,29276.2848,2739.72602739726,27004630.512205936
237,1,0,9061885455.304585,6138132000.0,1.0,889638403.9347111,1405065.242767688,0.0020206782705119784,117105.1392,3926940.6392694064,10659135.71499044,930684931.5068444,784931.9470285521,71395663.28711629,0,0,9928604336.712883,4019948403.934711,630310000,63031,86118.48044307723,92071.98000000001,184.63244307722235,6138.132,49.40663081860963,397.0,29463.033600000002,2739.72602739726,27031353.81977854
238,1,0,9184560729.65577,6177038000.0,1.0,888924547.232946,1406193.5896482966,0.0020139181205150476,117852.13440000002,3926940.6392694064,10776987.849390442,934611872.1461138,788649.4754344588,72184312.76255074,0,0,9927815687.23745,4023204547.232946,634280000,63428,86664.6390789915,92655.57,186.10707899148971,6177.038,49.40557901828665,397.0,29649.7824,2739.72602739726,27058263.876151145
239,1,0,9308896720.533484,6215944000.0,1.0,888207740.088858,1407328.4250764698,0.002009102037281454,118599.1296,3926940.6392694064,10895586.978990441,938538812.7853831,792346.9129574712,72976659.67550822,0,0,9927023340.324492,4026457740.088858,638250000,63825,87210.80344889236,93239.16,187.58744889236056,6215.9439999999995,49.40452026660769,397.0,29836.5312,2739.72602739726,27085360.681323748
240,1,0,9434915909.887705,6254850000.0,1.0,887488002.6244891,1408469.7441581963,0.0020240049146412913,119346.1248,3926940.6392694064,11014933.103790442,942465753.4246525,796024.228438246,73772683.90394646,0,0,9926227316.096054,4029708002.624489,642220000,64222,87756.97359289209,93822.75000000001,189.07359289207437,6254.849999999999,49.403454555364476,397.0,30023.280000000002,2739.72602739726,27112644.235296354
241,1,0,9562641084.017809,6293756000.0,1.0,886765354.9918407,1409617.5419612373,0.0020036571155547488,120093.12000000002,3926940.6392694064,11135026.22379044,946392694.0639218,799681.3919177146,74572365.29586418,0,0,9925427634.704136,4032955354.991841,646190000,64619,88303.14955118473,94406.34000000001,190.56555118471022,6293.755999999999,49.402381876302165,397.0,30210.0288,2739.72602739726,27140114.538068958
242,1,0,9692095337.6927,6332662000.0,1.0,886039817.3716769,1410771.8135150478,0.001990022267891311,120840.11520000001,3926940.6392694064,11255866.33899044,950319634.7031912,803318.3746332272,75375683.6704974,0,0,9924624316.329502,4036199817.371677,650160000,65016,88849.33136404637,94989.93000000001,192.0633640463624,6332.661999999999,49.40130222112066,397.0,30396.7776,2739.72602739726,27167771.589641564
243,1,0,9823302078.326714,6371568000.0,1.0,885311409.9723316,1411932.553810696,0.0019869638612587085,121587.1104,3926940.6392694064,11377453.449390441,954246575.3424605,806935.1490145847,76182618.81951198,0,0,9923817381.180489,4039441409.9723315,654130000,65413,89395.51907183533,95573.52000000002,193.56707183531108,6371.567999999999,49.40021558147561,397.0,30583.526400000002,2739.72602739726,27195615.390014168
244,1,0,9956285030.21206,6410474000.0,1.0,884580153.0285211,1413099.7578007823,0.0019807479865279376,122334.10560000001,3926940.6392694064,11499787.55499044,958173515.9817299,810531.6886799668,76993150.50819194,0,0,9923006849.491808,4042680153.028521,658100000,65810,89941.7127149922,96157.11000000002,195.0767149921866,6410.474,49.39912194897952,397.0,30770.2752,2739.72602739726,27223645.93918677
245,1,0,10091068238.808556,6449380000.0,1.0,883846066.8001587,1414273.4203993604,0.001957870920997977,123081.10080000001,3926940.6392694064,11622868.65579044,962100456.6209992,814107.9684317518,77807258.4766237,0,0,9922192741.523376,4045916066.8001585,662070000,66207,90487.91233404014,96740.70000000001,196.59233404012872,6449.38,49.39802131520285,397.0,30957.024,2739.72602739726,27251863.237159375
246,1,0,10227676075.091427,6488286000.0,1.0,883109171.5711758,1415453.536481855,0.0019605334763118033,123828.09600000002,3926940.6392694064,11746696.751790442,966027397.2602686,817663.9642522339,78624922.44087593,0,0,9921375077.559124,4049149171.5711756,666040000,66604,91034.11796958494,97324.29000000001,198.11396958494024,6488.286,49.39691367167501,397.0,31143.772800000002,2739.72602739726,27280267.283931978
247,1,0,10366133239.957977,6527192000.0,1.0,882369487.648346,1416640.1008849812,0.0019305351235989578,124575.09120000001,3926940.6392694064,11871271.842990441,969954337.8995379,821199.6532992341,79446122.09417516,0,0,9920553877.905825,4052379487.648346,670010000,67001,91580.32966231524,97907.88,199.64166231523475,6527.192,49.39579900988548,397.0,31330.5216,2739.72602739726,27308858.079504583
248,1,0,10506464768.693909,6566098000.0,1.0,881627035.3601137,1417833.1084066639,0.0019428884602970928,125322.08640000001,3926940.6392694064,11996593.929390442,973881278.5388073,824715.0139016135,80270837.10807677,0,0,9919729162.891924,4055607035.3601136,673980000,67398,92126.5474530026,98491.47000000002,201.17545300257908,6566.098,49.39467732128479,397.0,31517.270400000005,2739.72602739726,27337635.623877186
249,1,0,10648696035.500103,6605004000.0,1.0,880881835.0554284,1419032.5538059562,0.0019383531598710286,126069.08160000003,3926940.6392694064,12122663.01099044,977808219.1780766,828210.0255546821,81099047.13363145,0,0,9918900952.86637,4058831835.0554285,677950000,67795,92672.77138250164,99075.06000000001,202.71538250162965,6605.004,49.393548597285424,397.0,31704.019200000002,2739.72602739726,27366599.91704979
250,1,0,10792852758.080685,6643910000.0,1.0,880133907.1025822,1420238.4318029576,0.001929691842162958,126816.07680000001,3926940.6392694064,12249479.08779044,981735159.817346,831684.6689155104,81930731.80254696,0,0,9918069268.197453,4062053907.102582,681920000,68192,93219.00149175027,99658.65000000001,204.26149175026333,6643.91,49.392412829263,397.0,31890.768,2739.72602739726,27395750.959022395
251,1,0,10938961002.293201,6682816000.0,1.0,879383271.8880534,1421450.7370787326,0.0019059567661638384,127563.07200000001,3926940.6392694064,12377042.159790441,985662100.4566153,835138.9257981437,82765870.72834511,0,0,9917234129.271654,4065273271.8880534,685890000,68589,93765.2378217697,100242.24,205.8138217697025,6682.816,49.39127000855713,397.0,32077.5168,2739.72602739726,27425088.749795
252,1,0,11087047186.861746,6721722000.0,1.0,878629949.815354,1422669.464275229,0.001914849761270447,128310.0672,3926940.6392694064,12505352.22699044,989589041.0958847,838572.7791687192,83604443.50751384,0,0,9916395556.492487,4068489949.815354,689860000,68986,94311.48041366464,100825.83,207.37241366463428,6721.722,49.39012012647236,397.0,32264.2656,2739.72602739726,27454613.289367605
253,1,0,11237138088.153887,6760628000.0,1.0,877873961.3038828,1423894.6079951946,0.001897213101095107,129057.06240000001,3926940.6392694064,12634409.289390441,993515981.735154,841986.2131404891,84446429.72065432,0,0,9915553570.279346,4071703961.3038826,693830000,69383,94857.72930862333,101409.42,208.93730862332382,6760.628,49.38896317427917,397.0,32451.0144,2739.72602739726,27484324.57774021
254,1,0,11389260845.02227,6799534000.0,1.0,877115326.7877835,1425126.1628020967,0.001886417132224132,129804.0576,3926940.6392694064,12764213.346990442,997442922.3744234,845379.2129687488,85291808.93362308,0,0,9914708191.066378,4074915326.7877836,697800000,69780,95403.98454791773,101993.01000000001,210.50854791772156,6799.534,49.387799143214906,397.0,32637.763200000005,2739.72602739726,27514222.614912815
255,1,0,11543442963.71176,6838440000.0,1.0,876354066.7148073,1426364.1232200384,0.001877663179340389,130551.05280000002,3926940.6392694064,12894764.399790442,1001369863.0136927,848751.7650456748,86140560.69866875,0,0,9913859439.30133,4078124066.7148075,701770000,70177,95950.24617290357,102576.6,212.0861729035653,6838.44,49.386628024484665,397.0,32824.512,2739.72602739726,27544307.400885418
256,1,0,11699712322.833008,6877346000.0,1.0,875600201.5451815,1427592.1793920237,0.0018539954587480998,131298.048,3926940.6392694064,13026062.447790442,1005296803.6529621,852103.8568950708,86992664.55556382,0,0,9913007335.444437,4081330201.5451813,705730000,70573,96496.51422502047,103160.19,213.67022502047544,6877.346,49.385449809262234,396.0,33011.260800000004,2739.72602739726,27574578.935658023
257,1,0,11858097178.40336,6916154000.0,1.0,874843744.4199631,1428826.5852878138,0.0018632891661534141,132045.04320000001,3926940.6392694064,13158107.490990441,1009223744.2922314,855442.8076878097,87848107.36325163,0,0,9912151892.63675,4084533744.419963,709690000,70969,97041.4118293179,103742.31000000001,215.25582931789106,6916.1539999999995,49.38428163137555,396.0,33197.5392,2739.72602739726,27605036.748830628
258,1,0,12018626168.955996,6954962000.0,1.0,874084713.7309029,1430067.3382841104,0.0018425657011466995,132790.15680000003,3926940.6392694064,13290897.647790441,1013150684.9315008,858761.4851296126,88706868.84838124,0,0,9911293131.151619,4087734713.7309027,713650000,71365,97586.31279389173,104324.43000000002,216.84479389170605,6954.9619999999995,49.38310483900547,396.0,33383.8176,2739.72602739726,27635680.840403233
259,1,0,12181328320.718237,6993770000.0,1.0,873323129.7617149,1431314.4326556902,0.0018283276496995056,133535.2704,3926940.6392694064,13424432.918190442,1017077625.5707701,862059.8788573785,89568928.72723861,0,0,9910431071.272762,4090933129.761715,717610000,71761,98131.2202223657,104906.55000000002,218.4402223656765,6993.7699999999995,49.381920989257225,396.0,33570.096000000005,2739.72602739726,27666511.210375838
260,1,0,12346233052.85996,7032578000.0,1.0,872559012.8053752,1432567.8626378407,0.001814251958793633,134280.38400000002,3926940.6392694064,13558713.302190442,1021004566.2100395,865337.9796090017,90434266.70684761,0,0,9909565733.293152,4094129012.805375,721570000,72157,98676.1341559303,105488.67,220.04215593028727,7032.5779999999995,49.380730073558695,396.0,33756.3744,2739.72602739726,27697527.858748443
261,1,0,12513370182.813051,7071386000.0,1.0,871792383.1630267,1433827.622426277,0.0018060486208026966,135025.4976,3926940.6392694064,13693738.799790442,1024931506.8493088,868595.7792178765,91302862.48606548,0,0,9908697137.513935,4097322383.163027,725530000,72553,99221.05463585698,106070.79000000001,221.65063585697175,7071.3859999999995,49.37953208331158,396.0,33942.652799999996,2739.72602739726,27728730.78552105
262,1,0,12682769931.662882,7110194000.0,1.0,871023261.1428887,1435093.7061770635,0.0018002120611794927,135770.6112,3926940.6392694064,13829509.410990441,1028858447.4885782,871833.2706073179,92174695.7566728,0,0,9907825304.243328,4100513261.1428885,729490000,72949,99765.98170349817,106652.91,223.26570349816453,7110.1939999999995,49.37832700989222,396.0,34128.9312,2739.72602739726,27760119.990693655
263,1,0,12854462929.612768,7149002000.0,1.0,870251667.0591731,1436366.1080065314,0.00176702163117727,136515.7248,3926940.6392694064,13966025.135790441,1032785388.1278476,875050.447784902,93049746.2044577,0,0,9906950253.795542,4103701667.059173,733450000,73345,100310.91540028735,107235.03,224.8874002873473,7149.0019999999995,49.37711484465243,396.0,34315.2096,2739.72602739726,27791695.47426626
264,1,0,13028480221.5224,7187810000.0,1.0,869477621.2310058,1437644.8219911987,0.0017742786908510515,137260.8384,3926940.6392694064,14103285.974190442,1036712328.7671169,878247.3058367276,93927993.51029442,0,0,9906072006.489706,4106887621.2310057,737410000,73741,100855.8557677391,107817.15000000001,226.51576773908914,7187.8099999999995,49.37589557892037,396.0,34501.488000000005,2739.72602739726,27823457.236238867
265,1,0,13204853272.52126,7226618000.0,1.0,868701143.9813535,1438929.8421676892,0.0017625741973352706,138005.95200000002,3926940.6392694064,14241291.926190441,1040639269.4063863,881423.8409216006,94809417.35121602,0,0,9905190582.648785,4110071143.9813538,741370000,74137,101400.8028474491,108399.27000000002,228.15084744907995,7226.6179999999995,49.374669204001314,396.0,34687.7664,2739.72602739726,27855405.27661147
266,1,0,13383613973.698015,7265426000.0,1.0,867922255.6359577,1440221.1625326513,0.001748502837734039,138751.06560000003,3926940.6392694064,14380042.991790442,1044566210.0456556,884580.0502651411,95693997.40148117,0,0,9904306002.598518,4113252255.6359577,745330000,74533,101945.75668109418,108981.39000000001,229.7926810941585,7265.4259999999995,49.37343571117852,396.0,34874.0448,2739.72602739726,27887539.595384073
267,1,0,13564794647.866951,7304234000.0,1.0,867140976.5222733,1441518.777042677,0.0017057405387691411,139496.1792,3926940.6392694064,14519539.170990441,1048493150.684925,887715.9321538159,96581713.33363499,0,0,9903418286.666365,4116430976.522273,749290000,74929,102490.71731043234,109563.51000000001,231.4413104323334,7304.2339999999995,49.37219509171405,396.0,35060.323200000006,2739.72602739726,27919860.192556676
268,1,0,13748428055.412449,7343042000.0,1.0,866357326.9684137,1442822.67961422,0.0017087168424018133,140241.29280000002,3926940.6392694064,14659780.463790441,1052420091.3241943,890831.4859288979,97472544.81956388,0,0,9902527455.180435,4119607326.968414,753250000,75325,103035.68477730281,110145.63000000002,233.0967773027985,7343.0419999999995,49.37094733684948,396.0,35246.6016,2739.72602739726,27952367.06812928
269,1,0,13934547400.212595,7381850000.0,1.0,865571327.3021027,1444132.8641235167,0.0016939104028384326,140986.4064,3926940.6392694064,14800766.870190442,1056347031.9634637,893926.711980353,98366471.53154424,0,0,9901633528.468456,4122781327.3021026,757210000,75721,103580.65912362594,110727.75,234.7591236259412,7381.849999999999,49.369692437806826,396.0,35432.88,2739.72602739726,27985060.222101882
270,1,0,14123186335.642973,7420658000.0,1.0,864782997.8496313,1445449.3244065023,0.0016828109576716242,141731.52,3926940.6392694064,14942498.390190441,1060273972.602733,897001.6117406578,99263473.1432849,0,0,9900736526.856714,4125952997.8496313,761170000,76117,104125.64039140334,111309.87,236.42839140334542,7420.657999999999,49.36843038578926,396.0,35619.1584,2739.72602739726,28017939.654474486
271,1,0,14314378970.66174,7459466000.0,1.0,863992358.9348221,1446772.0542587307,0.0016713135138869085,142476.6336,3926940.6392694064,15084975.023790441,1064200913.2420024,900056.1876785462,100163529.33096345,0,0,9899836470.669037,4129122358.934822,765130000,76513,104670.62862271779,111891.99,238.10462271778707,7459.465999999999,49.36716117198192,396.0,35805.4368,2739.72602739726,28051005.36524709
272,1,0,14508159875.977072,7498274000.0,1.0,863199430.8779987,1448101.0474352932,0.0016460912832029712,143221.7472,3926940.6392694064,15228196.77099044,1068127853.8812717,903090.4432926893,101066619.77425614,0,0,9898933380.225744,4132289430.877999,769090000,76909,105215.62385973324,112474.11000000002,239.78785973322383,7498.273999999999,49.365884787552716,396.0,35991.7152,2739.72602739726,28084257.354419693
273,1,0,14704564090.298111,7537082000.0,1.0,862404233.9949628,1449436.2976507372,0.0016253149066994556,143966.86080000002,3926940.6392694064,15372163.63179044,1072054794.5205411,906104.3831053099,101972724.15736145,0,0,9898027275.842638,4135454233.9949627,773050000,77305,105760.62614469479,113056.23000000001,241.4781446947782,7537.081999999999,49.36460122365306,396.0,36177.9936,2739.72602739726,28117695.621992297
274,1,0,14903627126.67052,7575890000.0,1.0,861606788.5959765,1450777.7985789843,0.0016246891183306306,144711.9744,3926940.6392694064,15516875.606190441,1075981735.1598105,909098.0126557307,102881822.17001718,0,0,9897118177.829983,4138616788.5959764,777010000,77701,106305.63551992872,113638.35,243.17551992871427,7575.889999999999,49.3633104714187,396.0,36364.272000000004,2739.72602739726,28151320.1679649
275,1,0,15105384978.897823,7614698000.0,1.0,860807114.984752,1452125.5438532487,0.0016102638653405965,145457.08800000002,3926940.6392694064,15662332.69419044,1079908675.79908,912071.3384938603,103793893.50851104,0,0,9896206106.49149,4141777114.984752,780970000,78097,106850.65202784241,114220.47000000002,244.88002784240783,7614.697999999999,49.36201252197046,396.0,36550.5504,2739.72602739726,28185130.992337506
276,1,0,15309874128.049652,7653506000.0,1.0,860005233.4574478,1453479.5270659567,0.00159544981849051,146202.20160000003,3926940.6392694064,15808534.895790441,1083835616.4383492,915024.3681736169,104708917.87668465,0,0,9895291082.123316,4144935233.457448,784930000,78493,107395.67571092435,114802.59000000003,246.5917109243096,7653.505999999999,49.36070736641505,396.0,36736.8288,2739.72602739726,28219128.09511011
277,1,0,15517131549.058125,7692314000.0,1.0,859201164.3016708,1454839.7417686647,0.0015973098793075715,146947.3152,3926940.6392694064,15955482.21099044,1087762557.0776186,917957.1102462905,105626874.98693094,0,0,9894373125.01307,4148091164.301671,788890000,78889,107940.7066117439,115384.70999999999,248.31061174390263,7692.313999999999,49.359394995845676,396.0,36923.1072,2739.72602739726,28253311.476282716
278,1,0,15727194717.403498,7731122000.0,1.0,858394927.7954863,1456206.181471977,0.0015571405688026084,147692.4288,3926940.6392694064,16103174.63979044,1091689497.716888,920869.5742538491,106547744.56118478,0,0,9893452255.438816,4151244927.7954865,792850000,79285,108485.74477295166,115966.83,250.03677295165252,7731.121999999999,49.358075401343115,396.0,37109.3856,2739.72602739726,28287681.13585532
279,1,0,15940101615.890347,7769930000.0,1.0,857586544.2064335,1457578.8396454658,0.0015577671497063578,148437.5424,3926940.6392694064,16251612.18219044,1095616438.3561573,923761.7707221829,107471506.33190696,0,0,9892528493.668093,4154396544.2064333,796810000,79681,109030.79023727897,116548.95000000001,251.7702372789509,7769.929999999999,49.35674857397612,396.0,37295.664,2739.72602739726,28322237.073827926
280,1,0,16155890741.515461,7808738000.0,1.0,856776033.7905486,1458957.7097175885,0.0015353169488847823,149182.656,3926940.6392694064,16400794.83819044,1099543378.9954267,926633.7111542965,108398140.04306126,0,0,9891601859.95694,4157546033.7905483,800770000,80077,109575.84304753806,117131.07,253.51104753805282,7808.737999999999,49.355414504802404,396.0,37481.9424,2739.72602739726,28356979.29020053
281,1,0,16374601112.428726,7847546000.0,1.0,855963416.7913945,1460342.7850756075,0.00153200730763137,149927.76960000003,3926940.6392694064,16550722.60779044,1103470319.634696,929485.408023443,109327625.4510847,0,0,9890672374.548916,4160693416.791394,804730000,80473,110120.90324662201,117713.19,255.25924662200686,7847.545999999999,49.354073184869314,396.0,37668.2208,2739.72602739726,28391907.784973137
282,1,0,16596272274.98823,7886354000.0,1.0,855148713.4390976,1461734.0590655066,0.0015097401523659244,150672.8832,3926940.6392694064,16701395.49099044,1107397260.2739654,932316.8747662072,110259942.3258509,0,0,9889740057.674149,4163838713.4390974,808690000,80869,110665.97087750459,118295.31000000001,257.0148775045786,7886.353999999999,49.35272460521462,396.0,37854.499200000006,2739.72602739726,28427022.558145743
283,1,0,16820944310.910883,7925162000.0,1.0,854331943.9493914,1463131.524991912,0.0014846933392604902,151417.99680000002,3926940.6392694064,16852813.48779044,1111324200.9132347,935128.1257755363,111195070.45162643,0,0,9888804929.548374,4166981943.9493914,812650000,81265,111211.0459832402,118877.43000000002,258.77798324016766,7925.161999999999,49.35136875686719,396.0,38040.7776,2739.72602739726,28462323.60971835
284,1,0,17048657844.519838,7963970000.0,1.0,853513128.5226669,1464535.1761180095,0.0014927848435407505,152163.1104,3926940.6392694064,17004976.598190438,1115251141.552504,937919.1763937179,112132989.62802015,0,0,9887867010.37198,4170123128.522667,816610000,81661,111756.12860696373,119459.55000000002,260.54860696371753,7963.969999999999,49.350005630847775,396.0,38227.056000000004,2739.72602739726,28497810.939690955
285,1,0,17279454050.090027,8002778000.0,1.0,852692287.3430309,1465945.005665464,0.0014710750646759424,152908.22400000002,3926940.6392694064,17157884.822190437,1119178082.1917734,940690.0429053132,113073679.67092547,0,0,9886926320.329075,4173262287.343031,820570000,82057,112301.21879189063,120041.67000000001,262.3267918906186,8002.777999999999,49.34863521816983,396.0,38413.33440000001,2739.72602739726,28533484.548063558
286,1,0,17513374659.29312,8041586000.0,1.0,851869440.5773703,1467361.006814338,0.0014753570441602022,153653.33760000003,3926940.6392694064,17311538.159790438,1123105022.8310428,943440.7425300374,114017120.4134555,0,0,9885982879.586544,4176399440.57737,824530000,82453,112846.31658131661,120623.79000000001,264.11258131660486,8041.585999999999,49.347257509840134,396.0,38599.612799999995,2739.72602739726,28569344.43483616
287,1,0,17750461968.7433,8080394000.0,1.0,851054608.3744241,1468765.914313733,0.0014484917350533935,154398.4512,3926940.6392694064,17465936.61099044,1127031963.470312,946171.2934155989,114963291.7068711,0,0,9885036708.293129,4179534608.374424,828480000,82848,113391.42201861764,121205.91,265.90601861764276,8080.393999999999,49.34587249685956,395.0,38785.8912,2739.72602739726,28605390.600008763
288,1,0,17990758847.645164,8119104000.0,1.0,850237800.1239763,1470176.931462833,0.0014406686905157507,155143.5648,3926940.6392694064,17621080.17579044,1130958904.1095815,948892.4545171547,115912184.16138826,0,0,9884087815.838612,4182667800.123976,832430000,83243,113935.15685667397,121786.56000000001,267.7008566739654,8119.103999999999,49.34449851349261,395.0,38971.6992,2739.72602739726,28641622.57318137
289,1,0,18234308745.545162,8157814000.0,1.0,849419033.8694162,1471594.054474818,0.0014160499422561771,155886.7968,3926940.6392694064,17776966.97259044,1134885844.7488508,951593.6906294373,116863777.8520177,0,0,9883136222.147982,4185799033.869416,836380000,83638,114478.89608695953,122367.20999999999,269.5000869595413,8157.813999999999,49.34311587351568,395.0,39157.5072,2739.72602739726,28678040.35435397
290,1,0,18481155700.18798,8196524000.0,1.0,848598329.5162503,1473017.2762802264,0.0014081320392475563,156630.0288,3926940.6392694064,17933597.00139044,1138812785.3881202,954275.0212353863,117818052.87325309,0,0,9882181947.126747,4188928329.51625,840330000,84033,115022.64299351332,122947.86000000002,271.30699351331015,8196.524,49.34172597692145,395.0,39343.315200000005,2739.72602739726,28714643.943526577
291,1,0,18731344345.479275,8235234000.0,1.0,847775706.9496074,1474446.589767968,0.0013977063089647683,157373.26080000002,3926940.6392694064,18090970.26219044,1142739726.0273895,956936.4667122458,118774989.33996534,0,0,9881225010.660034,4192055706.9496074,844280000,84428,115566.39761935937,123528.51000000001,273.12161935935313,8235.234,49.3403288150819,395.0,39529.1232,2739.72602739726,28751433.34069918
292,1,0,18984919919.556202,8273944000.0,1.0,846951186.0333524,1475881.9877852472,0.0013841405492315687,158116.49280000004,3926940.6392694064,18249086.75499044,1146666666.6666589,959578.0483243685,119734567.3882897,0,0,9880265432.61171,4195181186.0333524,848230000,84823,116110.16000759786,124109.16,274.94400759785975,8273.944,49.33892437936721,395.0,39714.9312,2739.72602739726,28788408.545871787
293,1,0,19241928272.967194,8312654000.0,1.0,846124786.6092057,1477323.4631374842,0.0013732221681498895,158859.72480000003,3926940.6392694064,18407946.47979044,1150593607.3059282,962199.7882159814,120696767.17650568,0,0,9879303232.823494,4198304786.6092057,852180000,85218,116653.93020140499,124689.81000000001,276.77420140497134,8312.654,49.3375126611466,395.0,39900.7392,2739.72602739726,28825569.55904439
294,1,0,19502415876.962486,8351364000.0,1.0,845296528.4958712,1478771.0085882389,0.001363630518810944,159602.9568,3926940.6392694064,18567549.43659044,1154520547.9451976,964801.7094039096,121661568.88590959,0,0,9878338431.11409,4201426528.495871,856130000,85613,117197.70824403263,125270.46000000002,278.612244032617,8351.364,49.33609365178891,395.0,40086.54720000001,2739.72602739726,28862916.380216997
295,1,0,19766429831.896866,8390074000.0,1.0,844466431.4881703,1480224.6168591334,0.0013603038935677452,160346.18880000003,3926940.6392694064,18727895.62539044,1158447488.584467,967383.8357702675,122628952.72167985,0,0,9877371047.27832,4204546431.48817,860080000,86008,117741.49417880835,125851.11000000002,280.45817880834284,8390.074,49.334667342663415,395.0,40272.3552,2739.72602739726,28900449.0093896
296,1,0,20034017875.74617,8428784000.0,1.0,843634515.3561845,1481684.2806297743,0.001346697731079189,161089.4208,3926940.6392694064,18888985.04619044,1162374429.2237363,969946.192055115,123598898.91373497,0,0,9876401101.086266,4207664515.3561845,864030000,86403,118285.28804913514,126431.76000000001,282.3120491351341,8428.784,49.33323372514052,395.0,40458.1632,2739.72602739726,28938167.446562205
297,1,0,20305228392.739082,8467494000.0,1.0,842800799.8444047,1483149.992537676,0.0013382364096413653,161832.6528,3926940.6392694064,19050817.69899044,1166301369.8630056,972488.8038490785,124571387.71758404,0,0,9875428612.282415,4210780799.8444047,867980000,86798,118829.08989849125,127012.41,284.1738984912304,8467.493999999999,49.33179279059247,395.0,40643.9712,2739.72602739726,28976071.69173481
298,1,0,20580110422.105785,8506204000.0,1.0,841965304.6708881,1484621.745178185,0.0013409483196041097,162575.8848,3926940.6392694064,19213393.58379044,1170228310.502275,975011.6975859408,125546399.41516998,0,0,9874453600.58483,4213895304.670888,871930000,87193,119372.89977042995,127593.06000000001,286.0437704299331,8506.204,49.33034453039403,395.0,40829.779200000004,2739.72602739726,29014161.744907413
299,1,0,20858713666.94504,8544914000.0,1.0,841128049.5264221,1486099.5311044017,0.0013161403156576013,163319.11680000002,3926940.6392694064,19376712.70059044,1174155251.1415443,977514.9005351996,126523914.31570518,0,0,9873476085.684296,4217008049.526422,875880000,87588,119916.71770857942,128173.71000000002,287.92170857940704,8544.913999999999,49.32888893592331,395.0,41015.5872,2739.72602739726,29052437.606080018
300,1,0,21141088503.21131,8583624000.0,1.0,840289054.0736969,1487583.3428271045,0.0013094372652224283,164062.34880000004,3926940.6392694064,19540775.04939044,1178082191.7808137,979998.4407945977,127503912.75649978,0,0,9872496087.2435,4220119054.073697,879830000,87983,120460.5437566425,128754.36000000002,289.8077566424734,8583.624,49.32742599856235,395.0,41201.3952,2739.72602739726,29090899.27525262
301,1,0,21427285988.823536,8622334000.0,1.0,839448337.9464836,1489073.1728146744,0.0013076827538607673,164805.58080000003,3926940.6392694064,19705580.63019044,1182009132.420083,982462.3472826227,128486375.1037824,0,0,9871513624.896217,4223228337.9464836,883780000,88378,121004.3779583964,129335.01000000001,291.70195839639604,8622.333999999999,49.325955709697915,395.0,41387.2032,2739.72602739726,29129546.752425227
302,1,0,21717357872.897236,8661044000.0,1.0,838605920.748822,1490569.0134930178,0.0013060920566700012,165548.8128,3926940.6392694064,19871129.44299044,1185936073.0593524,984906.6497309807,129471281.75351338,0,0,9870528718.246487,4226335920.748822,887730000,88773,121548.22035769267,129915.66,293.6043576926616,8661.044,49.32447806072221,395.0,41573.0112,2739.72602739726,29168380.03759783
303,1,0,22011356605.10158,8699754000.0,1.0,837761822.0542144,1492070.8572454902,0.0012994854696378084,166292.0448,3926940.6392694064,20037421.48779044,1189863013.6986217,987331.3786770457,130458613.13219042,0,0,9869541386.86781,4229441822.0542145,891680000,89168,122092.07099845677,130496.31000000001,295.51499845675085,8699.753999999999,49.32299304303353,395.0,41758.819200000005,2739.72602739726,29207399.130770437
304,1,0,22309335345.143143,8738464000.0,1.0,836916061.4048275,1493578.696412822,0.0012931544434082608,167035.27680000002,3926940.6392694064,20204456.76459044,1193789954.337891,989736.5654562818,131448349.6976467,0,0,9868551650.302353,4232546061.4048276,895630000,89563,122635.92992468792,131076.96000000002,297.43392468790324,8738.464,49.32150064803709,395.0,41944.6272,2739.72602739726,29246604.03194304
305,1,0,22611347972.378017,8777174000.0,1.0,836068658.3107022,1495092.5232930414,0.0012840125517691527,167778.50880000004,3926940.6392694064,20372235.27339044,1197716894.9771605,992122.2421946443,132440471.93984134,0,0,9867559528.060158,4235648658.3107023,899580000,89958,123179.7971804589,131657.61000000002,299.36118045887474,8777.173999999999,49.320000867145566,395.0,42130.4352,2739.72602739726,29285994.741115645
306,1,0,22917449095.554085,8815884000.0,1.0,835219632.2489706,1496612.3301414005,0.0012776637602731778,168521.7408,3926940.6392694064,20540757.01419044,1201643835.6164298,994488.4418009579,133434960.3816423,0,0,9866565039.618359,4238749632.2489705,903530000,90353,123723.67280991569,132238.26,301.2968099156874,8815.884,49.31849369178,395.0,42316.243200000004,2739.72602739726,29325571.25828825
307,1,0,23227694062.685146,8854594000.0,1.0,834369002.6630807,1498138.1091702986,0.0012734068414639674,169264.97280000002,3926940.6392694064,20710021.98699044,1205570776.2556992,996835.1979592736,134431795.57960156,0,0,9865568204.420399,4241849002.6630807,907480000,90748,124267.55685727739,132818.91,303.2408572773728,8854.594,49.316979113370394,395.0,42502.0512,2739.72602739726,29365333.583460853
308,1,0,23542138971.058746,8893304000.0,1.0,833516788.9620289,1499669.8525492086,0.0012770980297337538,170008.2048,3926940.6392694064,20880030.19179044,1209497716.8949685,999162.5451212084,135430958.12472278,0,0,9864569041.875277,4244946788.962029,911430000,91143,124811.4493668357,133399.56,305.1933668357066,8893.304,49.315457123356424,395.0,42687.8592,2739.72602739726,29405281.716633458
309,1,0,23860840677.37945,8932014000.0,1.0,832663010.5195999,1501207.5524046014,0.0012723053937854557,170751.43680000002,3926940.6392694064,21050781.62859044,1213424657.5342379,1001470.5184982637,136432428.64322105,0,0,9863567571.35678,4248043010.5196,915380000,91538,125355.35038295496,133980.21000000002,307.1543829549372,8932.014,49.31392771318824,395.0,42873.6672,2739.72602739726,29445415.65780606
310,1,0,24183856808.049477,8970724000.0,1.0,831807686.6736151,1502751.2008198726,0.0012543631039285254,171494.6688,3926940.6392694064,21222276.29739044,1217351598.1735072,1003759.1540541276,137436187.7972752,0,0,9862563812.202724,4251137686.673615,919330000,91933,125899.25995007153,134560.86000000002,309.1239500715053,8970.724,49.312390874327086,395.0,43059.4752,2739.72602739726,29485735.406978667
311,1,0,24511245769.588448,9009434000.0,1.0,830950836.7251874,1504300.7898352668,0.0012729430457188201,172237.9008,3926940.6392694064,21394514.19819044,1221278538.8127766,1006028.488496964,138442216.28577214,0,0,9861557783.714228,4254230836.7251873,923280000,92328,126443.17811269379,135141.51,311.10211269375816,9009.434,49.310846598246044,395.0,43245.283200000005,2739.72602739726,29526240.96415127
312,1,0,24843066759.194252,9048144000.0,1.0,830092479.9379851,1505856.3114478048,0.00128685735383471,172981.13280000002,3926940.6392694064,21567495.33099044,1225205479.452046,1008278.5592716831,139450494.84504384,0,0,9860549505.154957,4257322479.937985,927230000,92723,126987.10491540167,135722.16,313.0889154016541,9048.144,49.30929487643076,395.0,43431.0912,2739.72602739726,29566932.329323877
313,1,0,25179379775.446842,9086854000.0,1.0,829232635.5375022,1507417.7576112095,0.0012654128562768062,173724.3648,3926940.6392694064,21741219.69579044,1229132420.0913153,1010509.4045521999,140461004.24959603,0,0,9859538995.750404,4260412635.5375023,931180000,93118,127531.04040284647,136302.81,315.0844028464611,9086.854,49.307735700380185,395.0,43616.8992,2739.72602739726,29607809.50249648
314,1,0,25520245629.15695,9125564000.0,1.0,828381322.7103378,1508966.9041669902,0.001268844900688832,174467.59680000003,3926940.6392694064,21915687.29259044,1233059360.7305846,1012721.0632336821,141473725.3128297,0,0,9858526274.68717,4263501322.7103376,935120000,93512,128074.98461975048,136883.46000000002,317.0886197504472,9125.564,49.306169061607214,394.0,43802.707200000004,2739.72602739726,29648872.483669084
315,1,0,25865725954.361664,9164176000.0,1.0,827528547.0753248,1510521.9081779846,0.0012707806252042655,175210.82880000005,3926940.6392694064,22090898.12139044,1236986301.369854,1014927.1030823335,142488652.41591203,0,0,9857511347.584087,4266588547.075325,939060000,93906,128617.55790754734,137462.64,319.0939075473237,9164.176,49.304614596365994,394.0,43988.0448,2739.72602739726,29690120.802441686
316,1,0,26215883219.468834,9202788000.0,1.0,826674325.6954916,1512082.7648159196,0.0012769034736065414,175952.1792,3926940.6392694064,22266850.30059044,1240913242.0091233,1017114.1983026667,143505766.6142147,0,0,9856494233.385786,4269674325.695492,943000000,94300,129160.13647836473,138041.82,321.1044783647233,9202.788,49.3030514197076,394.0,44173.3824,2739.72602739726,29731554.45881429
317,1,0,26570780738.55239,9241400000.0,1.0,825818677.4759306,1513649.4657889444,0.001277136716912905,176693.5296,3926940.6392694064,22443543.830190443,1244840182.6483927,1019282.388430318,144525049.00264502,0,0,9855474950.997355,4272758677.4759307,946940000,94694,129702.72379685167,138621.00000000003,323.12379685162983,9241.4,49.301480838395015,394.0,44358.72000000001,2739.72602739726,29773173.452786893
318,1,0,26930482682.800545,9280012000.0,1.0,824961621.2815101,1515222.0027620227,0.001282381490731936,177434.88000000003,3926940.6392694064,22620978.71019044,1248767123.287662,1021431.7136897839,145546480.7163348,0,0,9854453519.283665,4275841621.2815104,950880000,95088,130245.319907263,139200.18000000002,325.15190726296544,9280.011999999999,49.299902844400286,394.0,44544.0576,2739.72602739726,29814977.784359496
319,1,0,27295054092.118958,9318624000.0,1.0,824103175.9361926,1516800.3673568633,0.001281369377400307,178176.2304,3926940.6392694064,22799154.94059044,1252694063.9269314,1023562.2149867814,146570042.93132156,0,0,9853429957.068678,4278923175.9361925,954820000,95482,130787.9248539195,139779.36000000002,327.1888539194823,9318.624,49.29831742971321,394.0,44729.3952,2739.72602739726,29856967.4535321
320,1,0,27664560886.891018,9357236000.0,1.0,823243360.2223614,1518384.5511518545,0.0012928753046195908,178917.58080000003,3926940.6392694064,22978072.52139044,1256621004.5662007,1025673.9339005961,147595716.86522216,0,0,9852404283.134777,4282003360.2223616,958760000,95876,131330.5386812074,140358.54,329.2346812074072,9357.235999999999,49.29672458634208,394.0,44914.7328,2739.72602739726,29899142.460304704
321,1,0,28039069879.897305,9395848000.0,1.0,822382192.8801544,1519974.545681994,0.001298339283597889,179658.93120000002,3926940.6392694064,23157731.452590443,1260547945.20547,1027766.9126764302,148623483.77789858,0,0,9851376516.222101,4285082192.8801546,962700000,96270,131873.16143357812,140937.72000000003,331.2894335780776,9395.848,49.29512430631441,394.0,45100.070400000004,2739.72602739726,29941502.804677308
322,1,0,28418648788.39641,9434460000.0,1.0,821519692.606806,1521570.3424388233,0.0013042439447696521,180400.28160000002,3926940.6392694064,23338131.73419044,1264474885.8447394,1029841.194217741,149653324.97211632,0,0,9850346675.027884,4288159692.606806,966640000,96664,132415.7931555476,141516.90000000002,333.35315554757113,9434.46,49.2935165816775,394.0,45285.408,2739.72602739726,29984048.48664991
323,1,0,28803366246.369328,9473072000.0,1.0,820655878.0559968,1523171.9328703596,0.0013025088103601804,181141.632,3926940.6392694064,23519273.36619044,1268401826.4840088,1031896.8220785806,150685221.7941949,0,0,9849314778.205805,4291235878.055997,970580000,97058,132958.43389169633,142096.08000000002,335.4258916963271,9473.072,49.29190140449932,394.0,45470.7456,2739.72602739726,30026779.506222516
324,1,0,29193291816.92955,9511684000.0,1.0,819790767.8372102,1524779.3083810296,0.0013193375193602125,181882.9824,3926940.6392694064,23701156.34859044,1272328767.1232781,1033933.8404559299,151719155.63465083,0,0,9848280844.365349,4294310767.83721,974520000,97452,133501.08368666878,142675.26,337.5076866687599,9511.684,49.29027876686913,394.0,45656.0832,2739.72602739726,30069695.86339512
325,1,0,29588496004.901234,9550296000.0,1.0,818924380.5150975,1526392.4603316044,0.001327933697647477,182624.3328,3926940.6392694064,23883780.681390442,1276255707.7625475,1035952.2941820315,152755107.92883286,0,0,9847244892.071167,4297384380.515098,978460000,97846,134043.74258517288,143254.44,339.5985851728659,9550.296,49.28864866089818,394.0,45841.4208,2739.72602739726,30112797.558167726
326,1,0,29989050269.567585,9588908000.0,1.0,818056734.6088501,1528011.3800391315,0.0013332080730756241,183365.6832,3926940.6392694064,24067146.364590444,1280182648.4018168,1037952.2287167248,153793060.1575496,0,0,9846206939.842451,4300456734.6088505,982400000,98240,134586.41063197982,143833.62,341.698631979822,9588.908,49.28701107872042,394.0,46026.7584,2739.72602739726,30156084.59054033
327,1,0,30395027037.591854,9627520000.0,1.0,817187848.5915797,1529636.058776871,0.0013530804727938154,184107.03360000002,3926940.6392694064,24251253.398190442,1284109589.0410862,1039933.690139779,154832993.84768936,0,0,9845167006.152311,4303527848.591579,986340000,98634,135129.0878719236,144412.80000000002,343.8078719235764,9627.52,49.28536601249328,394.0,46212.096000000005,2739.72602739726,30199556.960512936
328,1,0,30806499716.113255,9666132000.0,1.0,816317740.8897058,1531266.4877742305,0.0013562512320738354,184848.38400000005,3926940.6392694064,24436101.782190442,1288036529.6803555,1041896.725143228,155874890.57283258,0,0,9844125109.427168,4306597740.889706,990280000,99028,135671.77434990043,144991.98,345.92634990043143,9666.132,49.283713454398224,394.0,46397.433600000004,2739.72602739726,30243214.66808554
329,1,0,31223542706.020138,9704744000.0,1.0,815446429.8823514,1532902.6582166995,0.0013528024037623306,185589.73440000002,3926940.6392694064,24621691.516590443,1291963470.319625,1043841.3810237112,156918731.9538563,0,0,9843081268.046144,4309666429.882351,994220000,99422,136214.47011086863,145571.16,348.0541108686204,9704.743999999999,49.282053396641665,394.0,46582.7712,2739.72602739726,30287057.713258147
330,1,0,31646231415.402885,9743356000.0,1.0,814573933.900746,1534544.5612457858,0.0013796149084991294,186331.0848,3926940.6392694064,24808022.601390444,1295890410.9588943,1045767.7056748132,157964499.65953112,0,0,9842035500.34047,4312733933.900745,998160000,99816,136757.1751998479,146150.34000000003,350.19119984787443,9743.356,49.280385831455476,394.0,46768.1088,2739.72602739726,30331086.096030753
331,1,0,32074642273.1889,9781968000.0,1.0,813700271.2276359,1536192.187958951,0.0013938524937658037,187072.43520000004,3926940.6392694064,24995095.036590442,1299817351.5981636,1047675.7475794124,159012175.40711054,0,0,9840987824.59289,4315800271.227636,1002100000,100210,137299.889661919,146729.52000000002,352.3376619189828,9781.967999999999,49.27871075109781,394.0,46953.4464,2739.72602739726,30375299.81640336
332,1,0,32508852742.962193,9820580000.0,1.0,812825460.0967032,1537845.5294095478,0.0014063695359132148,187813.7856,3926940.6392694064,25182908.82219044,1303744292.237433,1049565.555802033,160061740.9629126,0,0,9839938259.037086,4318865460.096703,1006040000,100604,137842.61354222338,147308.7,354.4935422233455,9820.58,49.27702814785383,394.0,47138.784,2739.72602739726,30419698.874375965
333,1,0,32948941336.970043,9859192000.0,1.0,811949518.6919913,1539504.576606756,0.0014103899169574628,188555.136,3926940.6392694064,25371463.95819044,1307671232.8767023,1051437.1799812051,161113178.1428938,0,0,9838886821.857105,4321929518.691992,1009980000,100998,138385.3468859625,147887.88,356.6588859625176,9859.192,49.27533801403631,394.0,47324.121600000006,2739.72602739726,30464283.26994857
334,1,0,33394987630.319275,9897804000.0,1.0,811072465.1473389,1541169.3205155218,0.0014373261334633995,189296.48640000005,3926940.6392694064,25560760.444590442,1311598173.5159717,1053290.6703218285,162166468.8132156,0,0,9837833531.186785,4324992465.147339,1013920000,101392,138928.08973839774,148467.06,358.8337383977465,9897.804,49.27364034198647,394.0,47509.459200000005,2739.72602739726,30509053.00312117
335,1,0,33847072275.364723,9936416000.0,1.0,810194317.5458206,1542839.7520564927,0.00144311274161402,190037.83680000002,3926940.6392694064,25750798.281390443,1315525114.155241,1055126.0775875517,163221594.89080316,0,0,9836778405.109198,4328054317.54582,1017860000,101786,139470.8421448495,149046.24,361.0181448494999,9936.416,49.27193512407462,394.0,47694.7968,2739.72602739726,30554008.073893774
336,1,0,34305277016.292473,9975028000.0,1.0,809315093.9191967,1544515.8621059589,0.0014639207185335114,190779.18720000001,3926940.6392694064,25941577.468590442,1319452054.7945104,1056943.4530931541,164278538.3438963,0,0,9835721461.656103,4331115093.919197,1021800000,102180,140013.604150697,149625.42,363.21215069698826,9975.028,49.27022235270087,394.0,47880.1344,2739.72602739726,30599148.482266378
337,1,0,34769684703.90053,10013640000.0,1.0,808434812.2473692,1546197.641495789,0.0014732845466869286,191520.53760000004,3926940.6392694064,26133098.00619044,1323378995.4337797,1058742.8486969427,165337281.19259325,0,0,9834662718.807407,4334174812.24737,1025740000,102574,140556.3758013777,150204.6,365.41580137767716,10013.64,49.26850202029585,394.0,48065.472,2739.72602739726,30644474.22823898
338,1,0,35240379310.57958,10052252000.0,1.0,807563490.4578453,1547865.9136649303,0.0014841537193344303,192261.888,3926940.6392694064,26325359.89419044,1327305936.073049,1060524.3167931568,166397805.5093864,0,0,9833602194.490614,4337233490.457846,1029670000,102967,141099.15714238677,150783.78,367.62914238679315,10052.252,49.26677411932145,393.0,48250.8096,2739.72602739726,30689985.311811585
339,1,0,35717445945.49655,10090766000.0,1.0,806691130.5703558,1549539.7837288529,0.0015070478009942977,193003.2384,3926940.6392694064,26518363.132590443,1331232876.7123184,1062303.7651588554,167460109.27454525,0,0,9832539890.725454,4340291130.570356,1033600000,103360,141640.5670607215,151361.49,369.8430607215247,10090.766,49.26505964421318,393.0,48435.6768,2739.72602739726,30735681.26258419
340,1,0,36200970869.98371,10129280000.0,1.0,805817748.3833984,1551219.245924623,0.0015366996828816138,193742.70720000003,3926940.6392694064,26712105.83979044,1335159817.3515878,1064065.5334268112,168524174.80797207,0,0,9831475825.192028,4343347748.383398,1037530000,103753,142181.98303223195,151939.2,372.0630322319381,10129.279999999999,49.26333642174732,393.0,48620.544,2739.72602739726,30781562.080556795
341,1,0,36691041513.136116,10167794000.0,1.0,804943361.5246081,1552904.290846504,0.001556948196779269,194482.176,3926940.6392694064,26906588.01579044,1339086757.9908571,1065809.6740595843,169589984.48203164,0,0,9830410015.51797,4346403361.524609,1041460000,104146,142723.4087004856,152516.91,374.2927004856007,10167.794,49.261605699272096,393.0,48805.4112,2739.72602739726,30827627.7657294
342,1,0,37187746487.62019,10206308000.0,1.0,804067987.5686507,1554594.909044614,0.001567536946353702,195221.64480000004,3926940.6392694064,27101809.66059044,1343013698.6301265,1067536.2400267308,170657520.7220584,0,0,9829342479.27794,4349457987.568651,1045390000,104539,143264.84411038857,153094.62,376.5321103885598,10206.307999999999,49.25986746977928,393.0,48990.278399999996,2739.72602739726,30873878.318102006
343,1,0,37691175605.69635,10244822000.0,1.0,803191644.0367227,1556291.0910248726,0.0015903362952520148,195961.1136,3926940.6392694064,27297770.77419044,1346940639.2693958,1069245.284797409,171726766.0068558,0,0,9828273233.993145,4352511644.036722,1049320000,104932,143806.2893068986,153672.33000000002,378.7813068985774,10244.822,49.25812172629536,393.0,49175.145599999996,2739.72602739726,30920313.73767461
344,1,0,38201419895.458466,10283336000.0,1.0,802314348.3960589,1557992.827248946,0.0016025227388310965,196700.58239999998,3926940.6392694064,27494471.356590442,1350867579.9086652,1070936.8623330025,172797702.8691888,0,0,9827202297.130812,4355564348.396059,1053250000,105325,144347.74433502462,154250.04000000004,381.04033502459316,10283.336,49.25636846188225,393.0,49360.012800000004,2739.72602739726,30966934.024447214
345,1,0,38718571617.293236,10321850000.0,1.0,801436118.0594486,1559700.1081341957,0.0016150506208778739,197440.05120000005,3926940.6392694064,27691911.40779044,1354794520.5479345,1072611.0270797561,173870313.89626855,0,0,9826129686.103731,4358616118.059448,1057180000,105718,144889.2092398262,154827.75000000003,383.30923982617713,10321.85,49.254607669638084,393.0,49544.880000000005,2739.72602739726,31013739.178419817
346,1,0,39242724280.56234,10360364000.0,1.0,800556970.3847564,1561412.9240536224,0.0016657178513853003,198179.52000000005,3926940.6392694064,27890090.92779044,1358721461.187204,1074267.8339614328,174944581.73022997,0,0,9825055418.26977,4361666970.384756,1061110000,106111,145430.684066413,155405.46000000002,385.58806641297514,10360.364,49.252839342697825,393.0,49729.747200000005,2739.72602739726,31060729.199592423
347,1,0,39773972660.51045,10398878000.0,1.0,799676922.6744539,1563131.2653358178,0.0016545076655425513,198918.98880000002,3926940.6392694064,28089009.91659044,1362648401.8264732,1075907.338371982,176020489.06860197,0,0,9823979510.931398,4364716922.674454,1065040000,106504,145972.16885994415,155983.17,387.87685994414693,10398.877999999999,49.25106347423399,393.0,49914.614400000006,2739.72602739726,31107904.087965026
348,1,0,40312412815.402115,10437392000.0,1.0,798795992.1751549,1564855.1222649096,0.001691683137570407,199658.45760000005,3926940.6392694064,28288668.374190442,1366575342.4657426,1077529.5961682328,177098018.6647702,0,0,9822901981.33523,4367765992.175155,1068970000,106897,146513.6636656278,156560.88,390.1756656277972,10437.392,49.2492800574574,393.0,50099.48160000001,2739.72602739726,31155263.843537632
349,1,0,40858142103.89062,10475906000.0,1.0,797914196.0771617,1566584.485080513,0.0017101923979308078,200397.92640000003,3926940.6392694064,28489066.30059044,1370502283.105012,1079134.6636625994,178177153.3284328,0,0,9821822846.671568,4370814196.077162,1072900000,107290,147055.16852872045,157138.59000000003,392.48452872039593,10475.905999999999,49.24748908561786,393.0,50284.34880000001,2739.72602739726,31202808.466310237
350,1,0,41411259202.62203,10514420000.0,1.0,797031551.5140152,1568319.3439776783,0.0017390388604330478,201137.39520000006,3926940.6392694064,28690203.69579044,1374429223.7442813,1080722.5976158117,179257875.9260486,0,0,9820742124.073952,4373861551.514015,1076830000,107683,147596.6834945262,157716.30000000002,394.8034945261948,10514.42,49.24569055200478,393.0,50469.216,2739.72602739726,31250537.95628284
351,1,0,41971864124.07753,10552934000.0,1.0,796148075.5620549,1570059.6891068432,0.0017511527368303957,201876.86400000003,3926940.6392694064,28892080.55979044,1378356164.3835506,1082293.455229663,180340169.38127828,0,0,9819659830.618721,4376908075.562055,1080760000,108076,148138.20860839664,158294.01,397.13260839663246,10552.934,49.24388444994811,393.0,50654.0832,2739.72602739726,31298452.313455444
352,1,0,42540058234.65723,10591448000.0,1.0,795263785.2399845,1571805.5105737806,0.0017920557310893593,202616.3328,3926940.6392694064,29094696.89259044,1382283105.02282,1083847.2941397799,181424016.67541805,0,0,9818575983.324581,4379953785.2399845,1084690000,108469,148679.74391572975,158871.72000000003,399.47191572973384,10591.448,49.24207077281878,393.0,50838.9504,2739.72602739726,31346551.537828047
353,1,0,43115944273.008896,10629962000.0,1.0,794378697.5084454,1573556.7984395525,0.0018214759691337346,203355.80160000004,3926940.6392694064,29298052.694190443,1386210045.6620893,1085384.1724084143,182509400.84782645,0,0,9817490599.152174,4382998697.508446,1088620000,108862,149221.2894619695,159449.43000000002,401.8214619695007,10629.962,49.24024951402956,393.0,51023.8176,2739.72602739726,31394835.629400652
354,1,0,43699626368.60475,10668476000.0,1.0,793492829.2695975,1575313.54272046,0.001818862075531639,204095.2704,3926940.6392694064,29502147.96459044,1390136986.3013587,1086904.1485172575,183596304.9963437,0,0,9816403695.003656,4386042829.269598,1092550000,109255,149762.8452926053,160027.14,404.18129260529474,10668.475999999999,49.23842066703574,393.0,51208.6848,2739.72602739726,31443304.588173255
355,1,0,44291210060.56974,10706990000.0,1.0,792606197.3667066,1577075.7333879976,0.0018580230208245043,204834.73920000004,3926940.6392694064,29706982.70379044,1394063926.940628,1088407.281360278,184684712.27770397,0,0,9815315287.722296,4389086197.366707,1096480000,109648,150304.41145317123,160604.85,406.55145317121276,10706.99,49.236584225335854,393.0,51393.552,2739.72602739726,31491958.41414586
356,1,0,44890802316.7647,10745504000.0,1.0,791718818.5837393,1578843.360368804,0.0018690579250929013,205574.208,3926940.6392694064,29912556.91179044,1397990867.5798974,1089893.6302365817,185774605.90794057,0,0,9814225394.09206,4392128818.583739,1100410000,110041,150845.98798924548,161182.56,408.9319892454534,10745.503999999999,49.23474018247235,393.0,51578.419200000004,2739.72602739726,31540797.107318465
357,1,0,45498511553.12791,10784018000.0,1.0,790830709.6449653,1580616.4135446183,0.001903057686833992,206313.67680000002,3926940.6392694064,30118870.588590443,1401917808.2191668,1091363.2548433002,186865969.16278386,0,0,9813134030.837215,4395170709.644965,1104340000,110434,151387.5749464497,161760.27000000002,411.32294644967726,10784.018,49.23288853203229,393.0,51763.286400000005,2739.72602739726,31589820.66769107
358,1,0,46114447653.27837,10822532000.0,1.0,789941887.2145661,1582394.8827522323,0.0019233575093414764,207053.14560000002,3926940.6392694064,30325923.73419044,1405844748.858436,1092816.2152685001,187958785.37805235,0,0,9812041214.621948,4398211887.214566,1108270000,110827,151929.17237044836,162337.98,413.7243704483574,10822.532,49.23102926764816,393.0,51948.1536,2739.72602739726,31639029.095263675
359,1,0,46738721988.38463,10861046000.0,1.0,789052367.8962513,1584178.7577834465,0.0019509174078882348,207792.61440000002,3926940.6392694064,30533716.34859044,1409771689.4977055,1094252.5719841216,189053037.95003647,0,0,9810946962.049963,4401252367.896252,1112200000,111220,152470.78030694812,162915.69,416.1363069481231,10861.046,49.229162382998446,393.0,52133.0208,2739.72602739726,31688422.390036277
360,1,0,47371447437.30238,10899560000.0,1.0,788172168.2328817,1585947.9062836333,0.0019621576918112016,208532.08320000002,3926940.6392694064,30742248.43179044,1413698630.1369748,1095672.385838941,190148710.33587542,0,0,9809851289.664125,4404292168.232882,1116120000,111612,153012.39880169713,163493.40000000002,418.55880169709553,10899.56,49.22728787180843,392.0,52317.888,2739.72602739726,31738000.552008882
361,1,0,48012738406.98486,10937976000.0,1.0,787291286.8475193,1587722.3854530826,0.002006866411470879,209271.55200000003,3926940.6392694064,30951519.983790442,1417625570.7762442,1097093.576631753,191245803.91250718,0,0,9808754196.087492,4407331286.847519,1120040000,112004,153552.64521923024,164069.64,420.98121923023365,10937.975999999999,49.225428142140444,392.0,52502.2848,2739.72602739726,31787763.110781487
362,1,0,48662710853.16942,10976392000.0,1.0,786409738.1571022,1589502.1886799883,0.0020524261614369554,210009.13920000003,3926940.6392694064,31161529.12299044,1421552511.4155135,1098498.4688864255,192344302.3813936,0,0,9807655697.618607,4410369738.157103,1123960000,112396,154092.898365363,164645.88,423.41036536299964,10976.392,49.22355965794093,392.0,52686.6816,2739.72602739726,31837710.066354092
363,1,0,49321482301.3442,11014808000.0,1.0,785527538.399708,1591287.3055303632,0.0020471938909489102,210746.7264,3926940.6392694064,31372275.84939044,1425479452.0547829,1099887.123063532,193444189.50445715,0,0,9806555810.495543,4413407538.399708,1127880000,112788,154633.16206277782,165222.12,425.85006277779974,11014.807999999999,49.22168362652332,392.0,52871.0784,2739.72602739726,31887841.418726698
364,1,0,49989171867.99865,11053224000.0,1.0,784644703.7526014,1593077.725525686,0.0021058458872471202,211484.31360000002,3926940.6392694064,31583760.16299044,1429406392.6940522,1101259.5999759235,194545449.10443306,0,0,9805454550.895567,4416444703.752602,1131800000,113180,155173.43635650817,165798.36000000002,428.30035650815915,11053.224,49.2198000422001,392.0,53055.4752,2739.72602739726,31938157.167899303
365,1,0,50665900282.16168,11091640000.0,1.0,783761250.3318888,1594873.4381428645,0.0021154704194796753,212221.90080000003,3926940.6392694064,31795982.06379044,1433333333.3333216,1102615.9607819435,195648065.065215,0,0,9804351934.934786,4419481250.331888,1135720000,113572,155713.72129162238,166374.6,430.76129162234486,11091.64,49.21790889933374,392.0,53239.872,2739.72602739726,31988657.31387191
