timestep,run,subset,network_resource_demand,network_resource_provision,network_resource_demand_supply_ratio,dex_tokens,dex_usdc,dex_token_price,token_incentives_vested,token_seller_vested,token_incentives_vested_cum,token_seller_vested_cum,token_burned_supply,token_burned_supply_cum,token_minted_supply,token_minted_supply_cum,token_total_supply,token_circulating_supply,token_staked_supply,node_amount,node_profit,node_network_revenue,node_incentive_revenue,node_expenditures,node_apr,node_change_amount,foundation_revenue,foundation_expenditures,foundation_cash_reserves
1,1,0,304500000.0,1470000000.0,0.20714285714285716,503882497.53424865,2480737.088739698,0.004923145578342075,376712.3287671233,3515981.735159817,376712.3287671233,3515981.735159817,10196.529678268236,10196.529678268236,0,0,9999989803.470322,5603882497.534248,150000000,15000,4177.068590445555,3764.925,1882.1435904455548,1470.0,9.680537752373812,0.0,1204.776,2739.72602739726,24998465.049972605
2,1,0,309067500.0,1470000000.0,0.21025,507764658.25636697,2461770.3884559907,0.0048481501837610375,376712.3287671233,3515981.735159817,753424.6575342466,7031963.470319634,10533.341808603733,20729.87148687197,0,0,9999979270.128513,5607764658.256367,150000000,15000,4213.303357955518,3830.041726875,1853.261631080517,1470.0,9.77164867733114,0.0,1225.6133526,2739.72602739726,24996950.93729781
3,1,0,313703512.49999994,1470000000.0,0.21340374999999995,511646472.0154416,2443093.167585205,0.005063608675217261,376712.3287671233,3515981.735159817,1130136.98630137,10547945.20547945,10880.304852320456,31610.176339192425,0,0,9999968389.82366,5611646472.015442,150000000,15000,4251.438262988968,3896.396434851047,1825.041828137921,1470.0,9.867137521693001,0.0,1246.846859152335,2739.72602739726,24995458.058129568
4,1,0,318409065.1874999,1470000000.0,0.21660480624999992,515527928.36627847,2424698.8983919513,0.005135276880709436,376712.3287671233,3515981.735159817,1506849.3150684931,14063926.940639269,11237.71309008178,42847.889429274204,0,0,9999957152.11057,5615527928.366279,150000000,15000,4291.479736844128,3964.015589327387,1797.4641475167411,1470.0,9.967028866003687,0.0,1268.4849885847639,2739.72602739726,24993986.817090757
5,1,0,323185201.16531235,1470000000.0,0.2198538783437499,519409016.56075877,2406581.249352993,0.005076324945317898,376712.3287671233,3515981.735159817,1883561.6438356163,17579908.675799087,11605.869446663448,54453.75887593765,0,0,9999945546.241123,5619409016.560759,150000000,15000,4333.4355996827635,4032.9262913312705,1770.5093083514926,1470.0,10.071350164344771,0.0,1290.5364132260065,2739.72602739726,24992537.627476588
6,1,0,328032979.182792,1470000000.0,0.22315168651890613,523289725.5389304,2388734.077881309,0.0050202457551986384,376712.3287671233,3515981.735159817,2260273.9726027395,21095890.410958905,11985.085755291315,66438.84463122897,0,0,9999933561.155369,5623289725.538931,150000000,15000,4377.315043579156,4103.156294265468,1744.1587493136876,1470.0,10.18013173132619,0.0,1313.0100141649498,2739.72602739726,24991110.911463358
7,1,0,332953473.8705339,1470000000.0,0.22649896181668971,527170043.919827,2371151.4233728023,0.005037223498029912,376712.3287671233,3515981.735159817,2636986.3013698626,24611872.146118723,12375.683030396012,78814.52766162499,0,0,9999921185.472338,5627170043.9198265,150000000,15000,4423.128617785058,4174.734021125032,1718.3945966600263,1470.0,10.293406732632498,0.0,1335.9148867600104,2739.72602739726,24989707.100322723
8,1,0,337947775.97859186,1470000000.0,0.22989644624394004,531049959.9920049,2353827.500559118,0.005116349169433252,376712.3287671233,3515981.735159817,3013698.630136986,28127853.88127854,12777.9917490583,91592.5194106833,0,0,9999908407.480589,5631049959.992004,150000000,15000,4470.8882161215415,4247.688582196908,1693.1996339246336,1470.0,10.411211179035737,0.0,1359.2603463030105,2739.72602739726,24988326.634641632
9,1,0,343016992.6182707,1470000000.0,0.2333448929375991,534929461.70379037,2336756.6931510125,0.005073357885305714,376712.3287671233,3515981.735159817,3390410.958904109,31643835.61643836,13192.352141427793,104784.87155211109,0,0,9999895215.128448,5634929461.703791,150000000,15000,4520.607066415833,4322.049793256431,1668.5572731594023,1470.0,10.53358392379399,0.0,1383.055933842058,2739.72602739726,24986969.964548077
10,1,0,348162247.5075447,1470000000.0,0.23684506633166305,538808536.653227,2319933.5477575976,0.005126983733942544,376712.3287671233,3515981.735159817,3767123.287671232,35159817.35159817,13619.114490406984,118403.98604251807,0,0,9999881596.013958,5638808536.653227,150000000,15000,4572.299721907913,4397.848194275167,1644.4515276327465,1470.0,10.660566663362077,0.0,1407.3114221680532,2739.72602739726,24985637.54994285
11,1,0,353384681.22015786,1470000000.0,0.240397742326638,542687172.0777131,2303352.768067641,0.005094510881775281,376712.3287671233,3515981.735159817,4143835.6164383553,38675799.08675799,14058.63944090164,132462.62548341972,0,0,9999867537.374517,5642687172.077713,150000000,15000,4625.9820545578405,4475.11506865496,1620.86698590288,1470.0,10.792203941347498,0.0,1432.0368219695872,2739.72602739726,24984329.860737424
12,1,0,358685451.4384602,1470000000.0,0.24400370846153754,546565354.8433212,2287009.20927988,0.005170672329694404,376712.3287671233,3515981.735159817,4520547.945205479,42191780.8219178,14511.2983189485,146973.92380236823,0,0,9999853026.076199,5646565354.843321,150000000,15000,4681.671250190626,4553.882463003498,1597.7887871871278,1470.0,10.928543155651548,0.0,1457.2423881611192,2739.72602739726,24983047.37709819
13,1,0,364065733.21003705,1470000000.0,0.24766376408846058,550443071.4337872,2270897.8727700524,0.005110991154539079,376712.3287671233,3515981.735159817,4897260.273972603,45707762.55707762,14977.473461041192,161951.39726340942,0,0,9999838048.602737,5650443071.433787,150000000,15000,4739.3858054209695,4634.183207467197,1575.2025979537732,1470.0,11.069634568741726,0.0,1482.9386263895028,2739.72602739726,24981790.589697186
14,1,0,369526719.2081876,1470000000.0,0.2513787205497875,554320307.9391603,2255013.900983033,0.0052873809097916,376712.3287671233,3515981.735159817,5273972.602739726,49223744.29223743,15457.55855398539,177408.9558173948,0,0,9999822591.044182,5654320307.93916,150000000,15000,4799.145526305225,4716.050936637603,1553.0945896676224,1470.0,11.215531321007665,0.0,1509.1362997240328,2739.72602739726,24980559.999969516
15,1,0,375069619.99631035,1470000000.0,0.25514940135803427,558197050.0441018,2239352.5725391107,0.005174038453828838,376712.3287671233,3515981.735159817,5650684.93150685,52739726.027397245,15951.958985624984,193360.91480301978,0,0,9999806639.085197,5658197050.044102,150000000,15000,4860.971528672826,4799.520111048056,1531.45141762477,1470.0,11.366289447158474,0.0,1535.8464355353776,2739.72602739726,24979356.120377656
16,1,0,380695664.296255,1470000000.0,0.25897664237840473,562073283.015822,2223909.2975440635,0.005138991041661979,376712.3287671233,3515981.735159817,6027397.260273973,56255707.76255706,16461.09220679183,209822.0070098116,0,0,9999790177.99299,5662073283.015822,150000000,15000,4924.886240093928,4884.626039277822,1510.2602008161055,1470.0,11.521967895625194,0.0,1563.080332568903,2739.72602739726,24978179.47468283
17,1,0,386406099.2606988,1470000000.0,0.2628612920140808,565948991.6916443,2208679.6130932267,0.0052144293195985885,376712.3287671233,3515981.735159817,6404109.589041097,59771689.497716874,16985.388104843005,226807.39511465462,0,0,9999773192.604885,5665948991.691645,150000000,15000,4990.913403444267,4971.404900681434,1489.5085027628331,1470.0,11.682628550937203,0.0,1590.8495682180587,2739.72602739726,24977030.598223653
18,1,0,392202190.74960923,1470000000.0,0.266804211394292,569824160.4661822,2193659.178960327,0.005285667256951601,376712.3287671233,3515981.735159817,6780821.917808221,63287671.23287669,17525.289389160793,244332.6845038154,0,0,9999755667.315496,5669824160.466183,150000000,15000,5059.078082032243,5059.893768761465,1469.1843132707781,1470.0,11.848336259046635,0.0,1619.166006003669,2739.72602739726,24975910.03820226
19,1,0,398085223.6108533,1470000000.0,0.27080627456520634,573698773.2781203,2178843.7734623193,0.005212330990079024,376712.3287671233,3515981.735159817,7157534.246575344,66803652.9680365,18081.251989002812,262413.93649281823,0,0,9999737586.063507,5673698773.27812,150000000,15000,5129.406666257097,5150.130635203571,1449.2760310535257,1470.0,12.019158855579922,0.0,1648.0418032651426,2739.72602739726,24974818.35397813
20,1,0,404056501.96501607,1470000000.0,0.2748683686836844,577572813.5965832,2164229.2894919566,0.005286228145465032,376712.3287671233,3515981.735159817,7534246.575342468,70319634.70319632,18653.74546410174,281067.68195691996,0,0,9999718932.318043,5677572813.596583,150000000,15000,5201.926881770549,5242.154434593109,1429.77244717744,1470.0,12.195167197000275,0.0,1677.4894190697946,2739.72602739726,24973756.117369805
21,1,0,410117349.4944913,1470000000.0,0.27899139421393965,581446264.4070818,2149811.7307102596,0.005314384916890791,376712.3287671233,3515981.735159817,7910958.904109592,73835616.43835613,19243.253428426808,300310.93538534676,0,0,9999699689.064615,5681446264.407082,150000000,15000,5276.667799117792,5336.0050698333025,1410.6627292844894,1470.0,12.376435194669652,0.0,1707.5216223466566,2739.72602739726,24972723.912964754
22,1,0,416269109.7369086,1470000000.0,0.2831762651271487,585319108.1970214,2135587.207891473,0.005227289681218219,376712.3287671233,3515981.735159817,8287671.232876715,77351598.17351595,19850.273987532044,320161.20937287883,0,0,9999679838.790627,5685319108.1970215,150000000,15000,5353.659844836859,5431.723438285449,1391.9364065514087,1470.0,12.563039851803243,0.0,1738.1515002513436,2739.72602739726,24971722.33843761
23,1,0,422513146.3829622,1470000000.0,0.28742390910405596,589191326.9407585,2121551.9354134826,0.00527849580943844,376712.3287671233,3515981.735159817,8664383.561643839,80867579.90867576,20475.32018992985,340636.5295628087,0,0,9999659363.470438,5689191326.940759,150000000,15000,5432.9348139985395,5529.351458652311,1373.5833553462292,1470.0,12.755061303313905,0.0,1769.3924667687395,2739.72602739726,24970752.004876982
24,1,0,428850843.5787066,1470000000.0,0.29173526774061675,593062902.0841926,2107702.2278870367,0.0053011933923619295,376712.3287671233,3515981.735159817,9041095.890410962,84383561.64383557,21118.92049294186,361755.45005575055,0,0,9999638244.549944,5693062902.084192,150000000,15000,5514.525884171924,5628.93209862643,1355.5937855454936,1470.0,12.952582858548215,0.0,1801.2582715604576,2739.72602739726,24969813.537121147
25,1,0,435283606.2323872,1470000000.0,0.296111296756726,596933814.5288762,2094034.4969174752,0.005218726150615015,376712.3287671233,3515981.735159817,9417808.219178084,87899543.37899539,21781.619243493486,383537.06929924403,0,0,9999616462.9307,5696933814.528876,150000000,15000,5598.467630803455,5730.509403325812,1337.958227477643,1470.0,13.155691046919998,0.0,1833.7630090642597,2739.72602739726,24968907.574102815
26,1,0,441812860.32587296,1470000000.0,0.30055296620807687,600804044.615629,2080545.2479929733,0.0052324943005399235,376712.3287671233,3515981.735159817,9794520.547945207,91415525.1141552,22463.97717433281,406001.04647357686,0,0,9999593998.953526,5700804044.615629,150000000,15000,5684.7960440000825,5834.128524540009,1320.6675194600737,1470.0,13.364475666451353,0.0,1866.9211278528028,2739.72602739726,24968034.76920327
27,1,0,448440053.230761,1470000000.0,0.30506126070119793,604673572.1076398,2067231.0774936413,0.0053372770814592305,376712.3287671233,3515981.735159817,10171232.87671233,94931506.84931502,23166.571916169476,429167.61838974635,0,0,9999570832.38161,5704673572.107639,150000000,15000,5773.548546709633,5939.835750810385,1303.7127958992482,1470.0,13.579029835234845,0.0,1900.7474402593232,2739.72602739726,24967195.790616136
28,1,0,455166654.02922237,1470000000.0,0.3096371796117159,608542376.1730406,2054088.669816093,0.005216765655667612,376712.3287671233,3515981.735159817,10547945.205479452,98447488.58447483,23889.99852624455,453057.6169159909,0,0,9999546942.383083,5708542376.17304,150000000,15000,5864.764014294042,6047.678538369026,1287.0854759250158,1470.0,13.799450045834948,0.0,1935.257132278088,2739.72602739726,24966391.321721017
29,1,0,461994153.83966064,1470000000.0,0.3142817373058916,612410435.3669338,2041114.794608377,0.0051286370755058855,376712.3287671233,3515981.735159817,10924657.534246575,101963470.31963465,24634.870033858137,477692.486949849,0,0,9999522307.51305,5712410435.366934,150000000,15000,5958.482795493427,6157.705542961483,1270.777252531944,1470.0,14.02583622265017,0.0,1970.4657737476743,2739.72602739726,24965622.06146737
30,1,0,468924066.1472555,1470000000.0,0.3189959633654799,616277727.6128575,2028306.3041104248,0.005156948847549996,376712.3287671233,3515981.735159817,11301369.863013698,105479452.05479446,25401.818003397493,503094.3049532465,0,0,9999496905.695047,5716277727.612858,150000000,15000,6054.746734781314,6269.966652579299,1254.7800822020154,1470.0,14.25829178226135,0.0,2006.3893288253757,2739.72602739726,24964888.7247688
31,1,0,475957927.13946426,1470000000.0,0.32378090281596206,620144230.1836691,2015660.130595413,0.005276419125363542,376712.3287671233,3515981.735159817,11678082.19178082,108995433.78995427,26191.49311542525,529285.7980686717,0,0,9999470714.201931,5720144230.183669,150000000,15000,6153.599196113539,6384.513021129042,1239.0861749844973,1470.0,14.496923696795259,0.0,2043.0441667612934,2739.72602739726,24964192.042908166
32,1,0,483097296.0465562,1470000000.0,0.3286376163582015,624009919.6818297,2003173.2839076607,0.0051580893323062,376712.3287671233,3515981.735159817,12054794.520547943,112511415.52511409,27004.565766404205,556290.3638350759,0,0,9999443709.636166,5724009919.681829,150000000,15000,6255.085088075484,6501.397103065335,1223.6879850101493,1470.0,14.741842560336298,0.0,2080.4470729809073,2739.72602739726,24963532.76395375
33,1,0,490343755.48725444,1470000000.0,0.33356718060357443,627874772.0190691,1990842.8490929129,0.005138093481765108,376712.3287671233,3515981.735159817,12431506.849315066,116027397.2602739,27841.726687652656,584132.0905227285,0,0,9999415867.909477,5727874772.019069,150000000,15000,6359.2508904344495,6620.67268901624,1208.5782014182096,1470.0,14.993162658422749,0.0,2118.615260485197,2739.72602739726,24962911.65318684
34,1,0,497698911.8195632,1470000000.0,0.33857068831262804,631738762.395412,1978665.9841170528,0.005058916533138849,376712.3287671233,3515981.735159817,12808219.178082189,119543378.99543372,28703.687584142423,612835.778106871,0,0,9999387164.221893,5731738762.395412,150000000,15000,6466.144682105976,6742.394942430174,1193.7497396758022,1470.0,15.251002040667643,0.0,2157.5663815776556,2739.72602739726,24962329.49354102
35,1,0,505164395.49685663,1470000000.0,0.34364924863731744,635601865.2775452,1966639.9176694916,0.0051322728650490075,376712.3287671233,3515981.735159817,13184931.506849311,123059360.73059353,29591.181793769745,642426.9599006406,0,0,9999357573.0401,5735601865.277545,150000000,15000,6575.816170544899,6866.6204372743705,1179.1957332705285,1470.0,15.515482596547903,0.0,2197.3185399277986,2739.72602739726,24961787.086053554
36,1,0,512741861.4293094,1470000000.0,0.3488039873668772,639464054.3765045,1954761.9470476606,0.005076706724699548,376712.3287671233,3515981.735159817,13561643.835616434,126575342.46575335,30504.964967748438,672931.924868389,0,0,9999327068.075132,5739464054.376505,150000000,15000,6688.316722573935,6993.4071968158705,1164.9095257580645,1470.0,15.786730134408971,0.0,2237.8903029810785,2739.72602739726,24961285.25032914
37,1,0,520432989.350749,1470000000.0,0.3540360471773803,643325302.6246588,1943029.4361192044,0.005021822029580291,376712.3287671233,3515981.735159817,13938356.164383557,130091324.20091316,31445.815772794,704377.740641183,0,0,9999295622.25936,5743325302.624659,150000000,15000,6803.699396664459,7122.814733516887,1150.8846631475712,1470.0,16.064874463735723,0.0,2279.300714725404,2739.72602739726,24960824.82501647
38,1,0,528239484.1910102,1470000000.0,0.3593465878850409,647185582.1519701,1931439.8133586457,0.0050091563136611,376712.3287671233,3515981.735159817,14315068.49315068,133607305.93607298,32414.536615786958,736792.27725697,0,0,9999263207.722742,5747185582.15197,150000000,15000,6922.0189766860185,7254.904090077351,1137.1148866086676,1470.0,16.35004948074398,0.0,2321.569308824752,2739.72602739726,24960406.668297898
39,1,0,536163076.4538753,1470000000.0,0.36473678670331655,651044864.2615056,1919990.5699554365,0.004864313411104652,376712.3287671233,3515981.735159817,14691780.821917802,137123287.6712328,33411.954391624415,770204.2316485944,0,0,9999229795.76835,5751044864.261505,150000000,15000,7043.332007143035,7389.737881658452,1123.594125484582,1470.0,16.642393257350598,0.0,2364.7161221307047,2739.72602739726,24960031.658392634
40,1,0,544205522.6006833,1470000000.0,0.37020783850386624,654903119.4041777,1908679.2579904674,0.004872970469721039,376712.3287671233,3515981.735159817,15068493.150684925,140639269.4063926,34438.92125498939,804643.1529035837,0,0,9999195356.847095,5754903119.404178,150000000,15000,7167.696829918894,7527.380339321968,1110.3164905969268,1470.0,16.942048133583512,0.0,2408.7617085830298,2739.72602739726,24959700.694073822
41,1,0,552368605.4396936,1470000000.0,0.3757609560814242,658760317.1526879,1897503.4886782388,0.0048247521915511385,376712.3287671233,3515981.735159817,15445205.479452047,144155251.14155242,35496.31541678883,840139.4683203725,0,0,9999159860.53168,5758760317.152688,150000000,15000,7295.173622549541,7667.897354721224,1097.276267828318,1470.0,17.24916081349693,0.0,2453.7271535107916,2739.72602739726,24959414.695199937
42,1,0,560654134.5212889,1470000000.0,0.3813973704226455,662616426.1746489,1886460.9306720386,0.004817352369662389,376712.3287671233,3515981.735159817,15821917.80821917,147671232.87671223,36585.041966032855,876724.5102864053,0,0,9999123275.489714,5762616426.174649,150000000,15000,7425.824438050353,7811.356526080567,1084.4679119697848,1470.0,17.563882464660143,0.0,2499.6340883457815,2739.72602739726,24959174.603260886
43,1,0,569063946.5391082,1470000000.0,0.3871183309789851,666471414.204858,1875549.3084295844,0.004734101730256929,376712.3287671233,3515981.735159817,16198630.136986293,151187214.61187205,37706.03371795066,914430.544004356,0,0,9999085569.455996,5766471414.204858,150000000,15000,7559.713246322055,7957.827205501442,1071.8860408206122,1470.0,17.88636882129249,0.0,2546.504705760461,2739.72602739726,24958981.38193925
44,1,0,577599905.7371948,1470000000.0,0.3929251059436699,670325248.0166959,1864766.4006367172,0.004656458719082258,376712.3287671233,3515981.735159817,16575342.465753416,154703196.34703186,38860.252089160436,953290.7960935165,0,0,9999046709.203907,5770325248.016696,150000000,15000,7696.905977163009,8107.380547634116,1059.5254295288923,1470.0,18.216780291120223,0.0,2594.361775242917,2739.72602739726,24958836.017687097
45,1,0,586263904.3232527,1470000000.0,0.39881898253282494,674177893.3926222,1854110.038686843,0.004668686600849986,376712.3287671233,3515981.735159817,16952054.79452054,158219178.08219168,40048.68800073462,993339.4840942512,0,0,9999006660.515905,5774177893.392622,150000000,15000,7837.470564917128,8260.089559755443,1047.3810051616858,1470.0,18.555282066034987,0.0,2643.2286591217417,2739.72602739726,24958739.520318825
46,1,0,595057862.8881015,1470000000.0,0.40480126727081733,678029315.0937393,1843578.1052139222,0.004529392322764707,376712.3287671233,3515981.735159817,17328767.123287663,161735159.8173515,41272.362810025494,1034611.8469042766,0,0,9998965388.153095,5778029315.0937395,150000000,15000,7981.476994788432,8416.029153294176,1035.4478414942562,1470.0,18.902044236637373,0.0,2693.1293290541357,2739.72602739726,24958692.923620485
47,1,0,603983730.8314229,1470000000.0,0.41087328627987957,681879476.8283942,1833168.5326769147,0.0045398788047069025,376712.3287671233,3515981.735159817,17705479.452054787,165251141.5525113,42532.32927213988,1077144.1761764165,0,0,9998922855.823824,5781879476.828394,150000000,15000,8128.997350854934,8575.276196846542,1023.7211540083922,1470.0,19.25724191075248,0.0,2744.088382990893,2739.72602739726,24958697.28597608
48,1,0,613043486.7938942,1470000000.0,0.4170363855740777,685728341.2197893,1822879.3019936748,0.004522929220801271,376712.3287671233,3515981.735159817,18082191.780821912,168767123.28767112,43829.672531977514,1120973.848708394,0,0,9998879026.15129,5785728341.2197895,150000000,15000,8280.105865816524,8737.909570726188,1012.1962950903371,1470.0,19.621055336008737,0.0,2796.1310626323802,2739.72602739726,24958753.691011313
49,1,0,622239139.0958025,1470000000.0,0.42329193135768883,689575869.7725686,1812708.4412223953,0.0044801543599148255,376712.3287671233,3515981.735159817,18458904.109589037,172283105.02283093,45165.51114777165,1166139.3598561657,0,0,9998833860.640144,5789575869.772569,150000000,15000,8434.878972513128,8904.0102230938,1000.868749419329,1470.0,19.993670026574637,0.0,2849.283271390015,2739.72602739726,24958863.24825531
50,1,0,631572726.1822395,1470000000.0,0.4296413103280541,693422022.8383485,1802654.0242887728,0.004368384554152402,376712.3287671233,3515981.735159817,18835616.43835616,175799086.75799075,46540.99814709734,1212680.3580032631,0,0,9998787319.641996,5793422022.838348,150000000,15000,8593.395357251322,9073.661227713104,989.7341295382167,1470.0,20.375276894152215,0.0,2903.5715928681934,2739.72602739726,24959027.09382078
51,1,0,641046317.0749731,1470000000.0,0.4360859299829749,697266759.5801592,1792714.1697571601,0.004335571585258634,376712.3287671233,3515981.735159817,19212328.767123286,179315068.49315056,47957.32211633843,1260637.6801196015,0,0,9998739362.31988,5797266759.580159,150000000,15000,8755.73601497946,9246.947843381426,978.7881715980343,1470.0,20.766072383330243,0.0,2959.023309882056,2739.72602739726,24959246.391103268
52,1,0,650662011.8310976,1470000000.0,0.44262721893271945,701110037.9357616,1782887.0396440402,0.004309697051070702,376712.3287671233,3515981.735159817,19589041.09589041,182831050.22831038,49415.70832463101,1310053.3884442325,0,0,9998689946.611555,5801110037.935761,150000000,15000,8921.984306353062,9423.957575084227,968.0267312688356,1470.0,21.166258611403777,0.0,3015.666424026953,2739.72602739726,24959522.3314999
53,1,0,660421942.008564,1470000000.0,0.4492666272167102,704951814.5798053,1773170.8382722412,0.004210920197755531,376712.3287671233,3515981.735159817,19965753.424657535,186347031.9634702,50917.419883328526,1360970.808327561,0,0,9998639029.191673,5804951814.579805,150000000,15000,9092.226016734263,9604.780236924798,957.4457798094645,1470.0,21.576043512771296,0.0,3073.529675815935,2739.72602739726,24959856.13514832
54,1,0,670328271.1386924,1470000000.0,0.4560056266249608,708792044.8847903,1763563.8111643745,0.004102983961774932,376712.3287671233,3515981.735159817,20342465.75342466,189863013.69863,52463.75894206092,1413434.5672696219,0,0,9998586565.43273,5808792044.88479,150000000,15000,9266.549417170812,9789.508016881506,947.0414002893064,1470.0,21.995640988024547,0.0,3132.642565402082,2739.72602739726,24960249.051686328
55,1,0,680383195.2057728,1470000000.0,0.4628457110243352,712630682.8807949,1754064.2439740484,0.004073864666645171,376712.3287671233,3515981.735159817,20719178.082191784,193378995.43378982,54056.067922488524,1467490.6351921104,0,0,9998532509.364807,5812630682.880795,150000000,15000,9445.04532740224,9978.235543446837,936.8097839554035,1470.0,22.425271057850736,0.0,3193.035373902988,2739.72602739726,24960702.361032836
56,1,0,690588943.1338593,1470000000.0,0.4697883966897002,716467681.2139311,1744670.4614534767,0.003988858673367233,376712.3287671233,3515981.735159817,21095890.41095891,196894977.16894963,55695.730790879556,1523186.36598299,0,0,9998476813.634018,5816467681.213931,150000000,15000,9627.807180942582,10171.059954203936,926.7472267386458,1470.0,22.8651600218711,0.0,3254.7391853452596,2739.72602739726,24961217.374190785
57,1,0,700947777.2808671,1470000000.0,0.47683522264004563,720302991.1034875,1735380.8264561566,0.003885454169072733,376712.3287671233,3515981.735159817,21472602.739726033,200410958.90410945,57384.17437066907,1580570.540353659,0,0,9998419429.459646,5820302991.103487,150000000,15000,9814.931092291064,10368.080966398013,916.8501258930512,1470.0,23.31554062254406,0.0,3317.785909247364,2739.72602739726,24961795.434072636
58,1,0,711461993.94008,1470000000.0,0.4839877509796463,724136562.2977184,1726193.7389733572,0.003825637139264699,376712.3287671233,3515981.735159817,21849315.068493158,203926940.63926926,59122.86969618606,1639693.4100498452,0,0,9998360306.58995,5824136562.297718,150000000,15000,10006.515926324273,10569.40094956183,907.1149767624427,1470.0,23.77665221426635,0.0,3382.2083038597852,2739.72602739726,24962437.9163491
59,1,0,722133923.8491812,1470000000.0,0.49124756724434093,727968343.0282367,1717107.6352032064,0.003833699452695754,376712.3287671233,3515981.735159817,22226027.397260282,207442922.37442908,60913.33340876533,1700606.7434586105,0,0,9998299393.256542,5827968343.028236,150000000,15000,10202.663369925192,10775.125000256086,897.5383696691059,1470.0,24.248740937809583,0.0,3448.0400000819477,2739.72602739726,24963146.230321787
60,1,0,732965932.7069188,1470000000.0,0.498616280753006,731798279.9629673,1708120.986651224,0.0037104518135353433,376712.3287671233,3515981.735159817,22602739.726027407,210958904.1095889,62757.12919648998,1763363.8726551004,0,0,9998236636.127344,5831798279.962967,150000000,15000,10403.47800590675,10985.361018987485,888.1169869192654,1470.0,24.73205990023493,0.0,3515.315526075995,2739.72602739726,24963921.819820467
61,1,0,743960421.6975225,1470000000.0,0.506095524964301,735626318.1576155,1699232.2992611951,0.003702241775028807,376712.3287671233,3515981.735159817,22979452.05479453,214474885.8447487,64655.86927884079,1828019.7419339411,0,0,9998171980.258066,5835626318.157616,150000000,15000,10609.06738928949,11200.21978936902,878.8475999204693,1470.0,25.22686936043323,0.0,3584.0703325980867,2739.72602739726,24964766.16412567
62,1,0,755119828.0229853,1470000000.0,0.5136869578387655,739452401.005605,1690440.1125753294,0.0036567191582641233,376712.3287671233,3515981.735159817,23356164.383561656,217990867.57990852,66611.21593755901,1894630.9578715002,0,0,9998105369.042128,5839452401.005605,150000000,15000,10819.542125995285,11419.81505958908,869.7270664062048,1470.0,25.73343692044317,0.0,3654.3408190685054,2739.72602739726,24965680.778917342
63,1,0,766446625.44333,1470000000.0,0.5213922622063469,743276470.186437,1681742.9989226938,0.0035368756788173718,376712.3287671233,3515981.735159817,23732876.71232878,221506849.31506833,68624.88309505931,1963255.8409665595,0,0,9998036744.159033,5843276470.186437,150000000,15000,11035.015954021123,11644.263626257834,860.7523277632881,1470.0,26.25203772270495,0.0,3726.1643604025066,2739.72602739726,24966667.21725035
64,1,0,777943324.8249799,1470000000.0,0.5292131461394421,747098465.6124223,1673139.5626349533,0.0034286362023696407,376712.3287671233,3515981.735159817,24109589.041095905,225022831.05022815,70698.63794176048,2033954.47890832,0,0,9997966045.521091,5847098465.612422,150000000,15000,11255.605827159321,11873.685420701542,851.920406457779,1470.0,26.78295465341252,0.0,3799.579334624493,2739.72602739726,24967727.07055758
65,1,0,789612474.6973546,1470000000.0,0.5371513433315337,750918325.3737357,1664628.4392884967,0.003378213108700467,376712.3287671233,3515981.735159817,24486301.36986303,228538812.78538796,72834.30261373197,2106788.781522052,0,0,9997893211.218477,5850918325.373735,150000000,15000,11481.432001332785,12108.20359777741,843.2284035553754,1470.0,27.32647855213248,0.0,3874.625151288771,2739.72602739726,24968861.96968147
66,1,0,801456661.8178148,1470000000.0,0.5452086134815067,754735985.6817406,1656208.294972061,0.0033460294794973575,376712.3287671233,3515981.735159817,24863013.698630154,232054794.52054778,75033.75592208521,2181822.537444137,0,0,9997818177.462555,5854735985.681741,150000000,15000,11712.618123616354,12347.944627283925,834.6734963324283,1470.0,27.88290842786367,0.0,3951.3422807308557,2739.72602739726,24970073.585934807
67,1,0,813478511.745082,1470000000.0,0.5533867426837292,758551380.8105321,1647877.8255790079,0.003236909878441876,376712.3287671233,3515981.735159817,25239726.02739728,235570776.2557076,77298.93513556947,2259121.4725797065,0,0,9997740878.52742,5858551380.810532,150000000,15000,11949.291324017624,12593.038388043728,826.2529359738955,1470.0,28.452551681716837,0.0,4029.772284173993,2739.72602739726,24971363.632191584
68,1,0,825680689.4212582,1470000000.0,0.5616875438239852,762364443.0366412,1639635.7561234469,0.0031999242406377006,376712.3287671233,3515981.735159817,25616438.356164403,239086757.9908674,79631.83781786214,2338753.3103975686,0,0,9997661246.689602,5862364443.036641,150000000,15000,12191.582310093234,12843.618264738505,817.9640453547285,1470.0,29.03572433639979,0.0,4109.957844716321,2739.72602739726,24972733.864008904
69,1,0,838065899.762577,1470000000.0,0.570112856981345,766175102.5768472,1631480.8400794244,0.0031257136644950475,376712.3287671233,3515981.735159817,25993150.684931528,242602739.72602722,82034.5237210742,2420787.834118643,0,0,9997579212.165882,5866175102.576847,150000000,15000,12439.625464478959,13099.82124757762,809.8042169013385,1470.0,29.63275127269934,0.0,4191.942799224838,2739.72602739726,24974186.080780733
70,1,0,850636888.2590157,1470000000.0,0.5786645498360651,769983287.5240372,1623411.858742443,0.003037261627940652,376712.3287671233,3515981.735159817,26369863.013698652,246118721.46118703,84509.11673702215,2505296.950855665,0,0,9997494703.049145,5869983287.524037,150000000,15000,12693.558945414808,13361.788034884856,801.7709105299532,1470.0,30.243966473157684,0.0,4275.772171163154,2739.72602739726,24975722.1269245
71,1,0,863396441.5829009,1470000000.0,0.587344518083606,773788923.7810564,1615427.620612597,0.002962004964988384,376712.3287671233,3515981.735159817,26746575.342465777,249634703.19634685,87057.80690784624,2592354.757763511,0,0,9997407645.242237,5873788923.781056,150000000,15000,12953.524790348754,13629.663138689943,793.8616516588125,1470.0,30.869713273146736,0.0,4361.492204380782,2739.72602739726,24977343.893101484
72,1,0,876347388.2066443,1470000000.0,0.5961546858548601,777591934.9924859,1607526.9607986526,0.0028369416951705313,376712.3287671233,3515981.735159817,27123287.6712329,253150684.93150666,89682.85249758577,2682037.6102610966,0,0,9997317962.389738,5877591934.992486,150000000,15000,13219.669022705586,13903.594993414295,786.0740292912909,1470.0,31.510344619550985,0.0,4449.150397892575,2739.72602739726,24979053.31747198
73,1,0,889492599.0297439,1470000000.0,0.6050970061426829,781392242.4742866,1599708.7404424143,0.002801236288185581,376712.3287671233,3515981.735159817,27500000.000000026,256666666.66666648,92386.58212635019,2774424.1923874468,0,0,9997225575.807613,5881392242.474287,150000000,15000,13492.141761910232,14183.736067743059,778.4056941671729,1470.0,32.16622333727564,0.0,4538.795541677779,2739.72602739726,24980852.386986263
74,1,0,902834988.01519,1470000000.0,0.6141734612348231,785189765.1412449,1591971.8461627641,0.002788389115847777,376712.3287671233,3515981.735159817,27876712.32876715,260182648.4018263,95171.39696875322,2869595.5893562,0,0,9997130404.410645,5885189765.141245,150000000,15000,13771.097336757619,14470.242979778197,770.8543569794228,1470.0,32.83772240380385,0.0,4630.477753529023,2739.72602739726,24982743.138712395
75,1,0,916377512.8354177,1470000000.0,0.6233860631533454,788984419.4321536,1584315.1895187774,0.002711911814179775,376712.3287671233,3515981.735159817,28253424.657534275,263698630.1369861,98039.7730183048,2967635.3623745046,0,0,9997032364.637625,5888984419.432154,150000000,15000,14056.694402224331,14763.276615570414,763.4177866539178,1470.0,33.52522523203396,0.0,4724.248516982532,2739.72602739726,24984727.661201984
76,1,0,930123175.527949,1470000000.0,0.6327368541006455,792776119.2326611,1576737.7064913448,0.0025603428917873212,376712.3287671233,3515981.735159817,28630136.9863014,267214611.87214592,100994.26341948165,3068629.625793986,0,0,9996931370.374207,5892776119.232661,150000000,15000,14349.096059820098,15063.002251130376,756.093808689723,1470.0,34.229125961634594,0.0,4820.16072036172,2739.72602739726,24986808.09589495
77,1,0,944075023.1608682,1470000000.0,0.6422279069121553,796564775.7957189,1569238.3569827608,0.002606116793249178,376712.3287671233,3515981.735159817,29006849.315068524,270730593.60730577,104037.50086922417,3172667.1266632103,0,0,9996827332.873337,5896564775.795719,150000000,15000,14648.46998158055,15369.589678022958,748.8803035575937,1470.0,34.94982975916322,0.0,4918.268696967346,2739.72602739726,24988986.638564523
78,1,0,958236148.5082811,1470000000.0,0.6518613255158375,800350297.6595564,1561816.124333755,0.002495374325611047,376712.3287671233,3515981.735159817,29383561.64383565,274246575.3424656,107172.20008962939,3279839.3267528396,0,0,9996720160.673246,5900350297.659556,150000000,15000,14954.988537805642,15683.213332651147,741.7752051544962,1470.0,35.68775312720127,0.0,5018.628266448366,2739.72602739726,24991265.540803578
79,1,0,972609690.7359053,1470000000.0,0.661639245398575,804132590.5631098,1554470.014857473,0.0024133487586542788,376712.3287671233,3515981.735159817,29760273.972602773,277762557.0776254,110401.16037363568,3390240.487126475,0,0,9996609759.512873,5904132590.563109,150000000,15000,15268.828928651652,16004.05242933962,734.7764993120333,1470.0,36.44332422276656,0.0,5121.296777388678,2739.72602739726,24993647.111553572
80,1,0,987198836.0969437,1470000000.0,0.6715638340795536,807911557.3588313,1547199.057389932,0.002400315684984001,376712.3287671233,3515981.735159817,30136986.301369898,281278538.8127852,113727.26820551287,3503967.755331988,0,0,9996496032.244669,5907911557.358831,150000000,15000,15590.173319687896,16332.29109733114,727.8822223567554,1470.0,37.21698318527232,0.0,5226.333151145965,2739.72602739726,24996133.718677323
81,1,0,1002006818.6383978,1470000000.0,0.6816372915907468,811687097.9228003,1540002.3028564923,0.002314218819496054,376712.3287671233,3515981.735159817,30513698.630137023,284794520.547945,117153.49995799479,3621121.255289983,0,0,9996378878.74471,5911687097.9228,150000000,15000,15919.20898153285,16668.118521812423,721.0904597204276,1470.0,38.009182474309874,0.0,5333.797926979974,2739.72602739726,24998727.79057691
82,1,0,1017036920.9179736,1470000000.0,0.691861850964608,815459109.0620594,1532878.8238539207,0.0022340372092262443,376712.3287671233,3515981.735159817,30890410.958904147,288310502.28310484,120682.92466790546,3741804.1799578886,0,0,9996258195.820042,5915459109.062059,150000000,15000,16256.12843368802,17011.72908908962,714.3993445984032,1470.0,38.82038721754102,0.0,5443.753308508677,2739.72602739726,25001431.81785802
83,1,0,1032292474.7317431,1470000000.0,0.702239778729077,819227484.4190943,1525827.7142476218,0.0021927309785816176,376712.3287671233,3515981.735159817,31267123.28767127,291826484.01826465,124318.70689214894,3866122.8868500376,0,0,9996133877.11315,5919227484.419094,150000000,15000,16601.129592691443,17363.3225360371,707.8070566543432,1470.0,39.65107556899457,0.0,5556.263211531872,2739.72602739726,25004248.35504216
84,1,0,1047776861.8527192,1470000000.0,0.7127733754100131,822992114.3733754,1518848.0887836497,0.0021195277085032348,376712.3287671233,3515981.735159817,31643835.616438396,295342465.75342447,128064.10964594313,3994186.996495981,0,0,9996005813.003504,5922992114.373375,150000000,15000,16954.415924716603,17723.104103947015,701.3118207695879,1470.0,40.501739078070806,0.0,5671.393313263044,2739.72602739726,25007180.022328027
85,1,0,1063493514.7805098,1470000000.0,0.7234649760411631,826752885.9398773,1511939.08271512,0.0020537599515980526,376712.3287671233,3515981.735159817,32020547.94520552,298858447.4885843,131922.49742519122,4126109.493921172,0,0,9995873890.506079,5926752885.9398775,150000000,15000,17316.19660274645,18091.28469691088,694.91190583557,1470.0,41.372883069566804,0.0,5789.211103011481,2739.72602739726,25010229.507403642
86,1,0,1079445917.5022173,1470000000.0,0.7343169506817805,830509682.6644894,1505099.8514426632,0.00201026390677082,376712.3287671233,3515981.735159817,32397260.273972645,302374429.2237441,135897.33931488928,4262006.833236061,0,0,9995737993.166763,5930509682.66449,150000000,15000,17686.68666845613,18468.081044868406,688.6056235877211,1470.0,42.265027035045094,0.0,5909.785934357889,2739.72602739726,25013399.567310605
87,1,0,1095637606.2647505,1470000000.0,0.7453317049420072,834262384.516231,1498329.570168577,0.0019245897836869163,376712.3287671233,3515981.735159817,32773972.60273977,305890410.9589039,139992.21218547545,4401999.045421536,0,0,9995598000.954578,5934262384.516231,150000000,15000,18066.10719894225,18853.715871462853,682.3913274793946,1470.0,43.17870503587802,0.0,6033.189078868113,2739.72602739726,25016693.030362077
88,1,0,1112072170.3587217,1470000000.0,0.7565116805161373,838010867.776179,1491627.4335643512,0.0019052730892799158,376712.3287671233,3515981.735159817,33150684.931506895,309406392.6940637,144210.80397902458,4546209.84940056,0,0,9995453790.150599,5938010867.776179,150000000,15000,18454.685478440715,19248.418066846323,676.2674115943913,1470.0,44.11446611831024,0.0,6159.493781390823,2739.72602739726,25020112.798116073
89,1,0,1128753252.9141026,1470000000.0,0.7678593557238793,841755004.9230188,1484992.6554512535,0.0018198418814488278,376712.3287671233,3515981.735159817,33527397.26027402,312922374.42922354,148556.91708719212,4694766.766487752,0,0,9995305233.233513,5941755004.923018,150000000,15000,18852.65517517951,19652.422865582776,670.2323095967332,1470.0,45.072874740892225,0.0,6288.775316986488,2739.72602739726,25023661.847405665
90,1,0,1145684551.707814,1470000000.0,0.7793772460597373,845494664.515123,1478424.4684936844,0.0017923960160733643,376712.3287671233,3515981.735159817,33904109.58904114,316438356.16438335,153034.47182280043,4847801.238310552,0,0,9995152198.76169,5945494664.515123,150000000,15000,19260.256523517426,20065.972029801036,664.2844937163892,1470.0,46.05451121464856,0.0,6421.111049536331,2739.72602739726,25027343.232427806
91,1,0,1162869819.983431,1470000000.0,0.7910679047506334,849229711.0690631,1471922.1239050142,0.0017108832541966536,376712.3287671233,3515981.735159817,34280821.917808264,319954337.89954317,157647.50998695195,5005448.748297504,0,0,9994994551.251703,5949229711.069063,150000000,15000,19677.7365115241,20489.314037754382,658.422473769719,1470.0,47.05997215635519,0.0,6556.580492081402,2739.72602739726,25031160.086892493
92,1,0,1180312867.2831824,1470000000.0,0.8029339233218927,852960004.9344566,1465484.8911656416,0.00167433861293831,376712.3287671233,3515981.735159817,34657534.246575385,323470319.634703,162400.19853353436,5167848.946831038,0,0,9994832151.05317,5952960004.934457,150000000,15000,20105.34907416184,20922.7042779484,652.6447962134419,1470.0,48.08987095531215,0.0,6695.265368943487,2739.72602739726,25035115.62623404
93,1,0,1198017560.29243,1470000000.0,0.814977932171721,856685402.1650506,1459112.0577530162,0.001621915650121313,376712.3287671233,3515981.735159817,35034246.575342506,326986301.3698628,167296.83333296305,5335145.7801640015,0,0,9994664854.219835,5956685402.1650505,150000000,15000,20543.35529223433,21366.40524900333,646.950043231001,1470.0,49.144838254009045,0.0,6837.249679681065,2739.72602739726,25039213.149886325
94,1,0,1215987823.6968162,1470000000.0,0.8272026011542968,860405754.3859407,1452802.92888339,0.0015770894238013524,376712.3287671233,3515981.735159817,35410958.90410963,330502283.1050226,172341.84303697484,5507487.623200976,0,0,9994492512.376799,5960405754.385941,150000000,15000,20992.023597272437,21820.6867654222,641.3368318502345,1470.0,50.22552244309297,0.0,6982.619764935104,2739.72602739726,25043456.043623865
95,1,0,1234227641.0522683,1470000000.0,0.839610640171611,864120908.6568215,1446556.827265066,0.001529526427103966,376712.3287671233,3515981.735159817,35787671.23287675,334018264.8401824,177539.7930462558,5685027.416247232,0,0,9994314972.583754,5964120908.656821,150000000,15000,21451.629982532664,22285.82616944135,635.8038130913151,1470.0,51.33259017106116,0.0,7131.464374221232,2739.72602739726,25047847.78197069
96,1,0,1252741055.6680522,1470000000.0,0.8522047997741852,867830707.3311659,1440373.0928629325,0.0014907326606340072,376712.3287671233,3515981.735159817,36164383.56164387,337534246.57534224,182895.3895826422,5867922.805829874,0,0,9994132077.19417,5967830707.331166,150000000,15000,21922.458220288954,22762.108549144992,630.3496711439632,1470.0,52.466726869112804,0.0,7283.874735726397,2739.72602739726,25052391.930679023
97,1,0,1271532171.5030727,1470000000.0,0.8649878717707978,871534987.9112254,1434251.082674082,0.001435293723346361,376712.3287671233,3515981.735159817,36541095.89041099,341050228.31050205,188413.48386758412,6056336.289697458,0,0,9993943663.710302,5971534987.911225,150000000,15000,22404.80008560414,23249.82696303116,624.9731225729813,1470.0,53.628637291608136,0.0,7439.94462816997,2739.72602739726,25057092.1492798
98,1,0,1290605154.0756187,1470000000.0,0.8779626898473597,875233582.898744,1428190.170514322,0.0014001052034274212,376712.3287671233,3515981.735159817,36917808.21917811,344566210.04566187,194099.07640850762,6250435.366105965,0,0,9993749564.633894,5975233582.898744,150000000,15000,22898.955586773067,23749.282671221867,619.6729155512013,1470.0,54.81904607259609,0.0,7599.770454790997,2739.72602739726,25061952.193707194
99,1,0,1309964231.3867528,1470000000.0,0.89113213019507,878926319.6412764,1422189.7468154,0.0013444974722408934,376712.3287671233,3515981.735159817,37294520.54794523,348082191.7808217,199957.3213946401,6450392.687500605,0,0,9993549607.3125,5978926319.641276,150000000,15000,23405.233202635096,24260.785373516126,614.4478291189705,1470.0,56.03869829888573,0.0,7763.45131952516,2739.72602739726,25066975.918999325
100,1,0,1329613694.857554,1470000000.0,0.9044991121479959,882613020.1739997,1416249.2184327752,0.0013154731660364838,376712.3287671233,3515981.735159817,37671232.87671235,351598173.5159815,205993.5312037948,6656386.218704401,0,0,9993343613.781296,5982613020.174,150000000,15000,23923.950126959928,24784.65345449058,609.2966724693463,1470.0,57.28836010015107,0.0,7931.089105436986,2739.72602739726,25072167.28207737
101,1,0,1349557900.2804172,1470000000.0,0.9180665988302158,886293501.0569052,1410368.00846378,0.0012821202767264945,376712.3287671233,3515981.735159817,38047945.20547947,355114155.2511413,212213.18102151857,6868599.39972592,0,0,9993131400.600273,5986293501.056905,150000000,15000,24455.432520116596,25321.214235858395,604.2182842582002,1470.0,58.56881925657347,0.0,8102.788555474686,2739.72602739726,25077530.344605446
102,1,0,1369801268.7846234,1470000000.0,0.931837597812669,889967573.2072583,1404545.5560760244,0.001241676456016699,376712.3287671233,3515981.735159817,38424657.53424659,358630136.9863011,218621.91357391613,7087221.313299836,0,0,9992912778.6867,5989967573.207258,150000000,15000,25000.01576824211,25870.804236303637,599.2115319384718,1470.0,59.880885824540954,0.0,8278.657355617164,2739.72602739726,25083069.275933668
103,1,0,1390348287.8163927,1470000000.0,0.9458151617798589,893635041.72721,1398781.3163459096,0.0011923773381158323,376712.3287671233,3515981.735159817,38801369.863013715,362146118.72146094,225225.54397535394,7312446.85727519,0,0,9992687553.142725,5993635041.72721,150000000,15000,25558.044750132667,26433.769439014824,594.2753111178409,1470.0,61.22539278093956,0.0,8458.806220484745,2739.72602739726,25088788.356126755
104,1,0,1411203512.1336384,1470000000.0,0.9600023892065567,897295705.726445,1393074.760107123,0.001177676589199746,376712.3287671233,3515981.735159817,39178082.191780835,365662100.45662075,232030.06469212638,7544476.921967316,0,0,9992455523.078033,5997295705.726445,150000000,15000,26129.874112087127,27010.465567148,589.4085449391265,1470.0,62.60319668658777,0.0,8643.34898148736,2739.72602739726,25094691.97908085
105,1,0,1431932757.4185877,1470000000.0,0.9741039166112841,900949464.6590127,1387425.2097736842,0.0011345065740243365,376712.3287671233,3515981.735159817,39554794.520547956,369178082.19178057,238935.13135928655,7783412.053326603,0,0,9992216587.946674,6000949464.659013,150000000,15000,26703.565902306895,27588.955718824152,584.6101834827439,1470.0,63.985699400912644,0.0,8828.465830023728,2739.72602739726,25100780.718883477
106,1,0,1452361917.655648,1470000000.0,0.9880013045276517,904596261.2546053,1381831.9326970968,0.0010861157997825086,376712.3287671233,3515981.735159817,39931506.84931508,372694063.9269404,245897.46833440757,8029309.521661011,0,0,9991970690.478338,6004596261.254605,150000000,15000,27274.098425095865,28164.219358994862,579.8790661010007,1470.0,65.36086304379573,0.0,9012.550194878355,2739.72602739726,25107053.54305096
107,1,0,1472503717.9840534,1470000000.0,1.0,908236665.7162842,1376293.2583372442,0.0010681095409140536,376712.3287671233,3515981.735159817,40308219.1780822,376210045.6621002,252289.60224817134,8281599.123909182,0,0,9991718400.876091,6008236665.716284,150000000,15000,27770.214001441273,28665.0,575.2140014412719,1470.0,66.55789381539039,0.0,9172.8,2739.72602739726,25113486.617023565
108,1,0,1492437737.0662625,1470000000.0,1.0,911875044.5115631,1370801.8522094432,0.0010455970135858509,376712.3287671233,3515981.735159817,40684931.50684932,379726027.39726,254315.26864812852,8535914.39255731,0,0,9991464085.607443,6011875044.511563,150000000,15000,27765.61303624016,28665.0,570.6130362401602,1470.0,66.55487292067744,0.0,9172.8,2739.72602739726,25119919.69099617
109,1,0,1512641612.931797,1470000000.0,1.0,915511390.6769418,1365357.1246948135,0.0010101525734229036,376712.3287671233,3515981.735159817,41061643.83561644,383242009.1324198,256347.8985483642,8792262.291105675,0,0,9991207737.708895,6015511390.676942,150000000,15000,27761.06956813402,28665.0,566.0695681340185,1470.0,66.55188906390205,0.0,9172.8,2739.72602739726,25126352.764968775
110,1,0,1533118998.7668612,1470000000.0,1.0,919145697.26637,1359958.4959355658,0.0009764195103141017,376712.3287671233,3515981.735159817,41438356.16438356,386757990.86757964,258387.47449878723,9050649.765604462,0,0,9990949350.234396,6019145697.26637,150000000,15000,27756.58264350701,28665.0,561.5826435070101,1470.0,66.5489416452358,0.0,9172.8,2739.72602739726,25132785.83894138
111,1,0,1553873597.2126675,1470000000.0,1.0,922777957.3512923,1354605.3956338244,0.000942568796329997,376712.3287671233,3515981.735159817,41815068.49315068,390273972.60273945,260433.97900491173,9311083.744609375,0,0,9990688916.25539,6022777957.351293,150000000,15000,27752.151328433738,28665.0,557.1513284337368,1470.0,66.54603007688658,0.0,9172.8,2739.72602739726,25139218.912913986
112,1,0,1574909161.0349338,1470000000.0,1.0,926408164.0206912,1349297.2628554052,0.000916241516084754,376712.3287671233,3515981.735159817,42191780.8219178,393789954.33789927,262487.39452816267,9573571.139137536,0,0,9990426428.860863,6026408164.020691,150000000,15000,27747.774708193356,28665.0,552.7747081933555,1470.0,66.54315378281129,0.0,9172.8,2739.72602739726,25145651.98688659
113,1,0,1596229493.8024442,1470000000.0,1.0,930036310.381132,1344033.5458384047,0.0008988771355509635,376712.3287671233,3515981.735159817,42568493.15068492,397305936.0730591,264547.7034861827,9838118.842623718,0,0,9990161881.157375,6030036310.381132,150000000,15000,27743.451886797626,28665.0,548.4518867976261,1470.0,66.5403121984366,0.0,9172.8,2739.72602739726,25152085.060859196
114,1,0,1617838450.5747948,1470000000.0,1.0,933662389.556806,1338813.7018064682,0.0008925209822414758,376712.3287671233,3515981.735159817,42945205.479452044,400821917.8082189,266614.888253138,10104733.730876856,0,0,9989895266.269123,6033662389.556807,150000000,15000,27739.181986532432,28665.0,544.1819865324339,1470.0,66.53750477038717,0.0,9172.8,2739.72602739726,25158518.1348318
115,1,0,1639739938.599451,1470000000.0,1.0,937286394.689573,1333637.1967865995,0.0008751060670209931,376712.3287671233,3515981.735159817,43321917.808219165,404337899.5433787,268688.93116002565,10373422.66203688,0,0,9989626577.337963,6037286394.689573,150000000,15000,27734.964147512354,28665.0,539.9641475123533,1470.0,66.53473095622164,0.0,9172.8,2739.72602739726,25164951.208804406
116,1,0,1661937918.0182412,1470000000.0,1.0,940908318.9390051,1328503.5054313857,0.0008261711606873066,376712.3287671233,3515981.735159817,43698630.136986285,407853881.2785385,270769.81449498056,10644192.476531861,0,0,9989355807.523468,6040908318.939005,150000000,15000,27730.797527247825,28665.0,535.7975272478237,1470.0,66.53199022417544,0.0,9172.8,2739.72602739726,25171384.28277701
117,1,0,1684436402.5834131,1470000000.0,1.0,944528155.4824286,1323412.110845514,0.0008124420267968097,376712.3287671233,3515981.735159817,44075342.46575341,411369863.01369834,272857.5205035836,10917049.997035446,0,0,9989082950.002964,6044528155.482429,150000000,15000,27726.681300224536,28665.0,531.6813002245378,1470.0,66.52928205291093,0.0,9172.8,2739.72602739726,25177817.356749617
118,1,0,1707239460.3833861,1470000000.0,1.0,948145897.5149665,1318362.5044164571,0.0007899365863422073,376712.3287671233,3515981.735159817,44452054.79452053,414885844.74885815,274952.031389169,11192002.028424615,0,0,9988807997.971575,6048145897.514967,150000000,15000,27722.614657494647,28665.0,527.6146574946462,1470.0,66.5266059312741,0.0,9172.8,2739.72602739726,25184250.43072222
119,1,0,1730351214.5783262,1470000000.0,1.0,951761538.2495804,1313354.1856492138,0.0007709095482956137,376712.3287671233,3515981.735159817,44828767.12328765,418401826.48401797,277053.3293131329,11469055.357737748,0,0,9988530944.642262,6051761538.24958,150000000,15000,27718.5968062794,28665.0,523.5968062794001,1470.0,66.5239613580579,0.0,9172.8,2739.72602739726,25190683.504694827
120,1,0,1753775844.1456802,1470000000.0,1.0,955375070.9171122,1308386.6620049898,0.0007584616109275285,376712.3287671233,3515981.735159817,45205479.45205477,421917808.2191778,279161.3963952421,11748216.75413299,0,0,9988251783.245867,6055375070.917112,150000000,15000,27714.62696958287,28665.0,519.6269695828721,1470.0,66.52134784177191,0.0,9172.8,2739.72602739726,25197116.578667432
121,1,0,1777517584.6358023,1470000000.0,1.0,958986488.7663254,1303459.4487437105,0.0007367312386919128,376712.3287671233,3515981.735159817,45582191.78082189,425433789.9543376,281276.2147139426,12029492.968846932,0,0,9987970507.031153,6058986488.766325,150000000,15000,27710.704385816396,28665.0,515.7043858163973,1470.0,66.51876490041825,0.0,9172.8,2739.72602739726,25203549.652640037
122,1,0,1801580728.9378095,1470000000.0,1.0,962595785.0639458,1298572.0687702606,0.0007334785681793925,376712.3287671233,3515981.735159817,45958904.10958901,428949771.6894974,283397.76630666933,12312890.7351536,0,0,9987687109.264847,6062595785.063946,150000000,15000,27706.8283084334,28665.0,511.82830843340105,1470.0,66.51621206127334,0.0,9172.8,2739.72602739726,25209982.726612642
123,1,0,1825969628.055805,1470000000.0,1.0,966202953.0947027,1293724.0524843459,0.0007173176528309441,376712.3287671233,3515981.735159817,46335616.43835613,432465753.4246572,285526.03317015525,12598416.768323757,0,0,9987401583.231676,6066202953.094703,150000000,15000,27702.998005574285,28665.0,507.9980055742842,1470.0,66.51368886067561,0.0,9172.8,2739.72602739726,25216415.800585248
124,1,0,1850688691.8956103,1470000000.0,1.0,969807986.1613691,1288914.9376338816,0.0006905965835501043,376712.3287671233,3515981.735159817,46712328.76712325,435981735.15981704,287660.9972607411,12886077.765584499,0,0,9987113922.234415,6069807986.161369,150000000,15000,27699.212759721053,28665.0,504.2127597210511,1470.0,66.51119484381873,0.0,9172.8,2739.72602739726,25222848.874557853
125,1,0,1875742390.0621471,1470000000.0,1.0,973410877.5848014,1284144.2691718063,0.0006869983934535719,376712.3287671233,3515981.735159817,47089041.09589037,439497716.89497685,289802.6404946859,13175880.406079184,0,0,9986824119.593922,6073410877.584802,150000000,15000,27695.471867361375,28665.0,500.47186736137496,1470.0,66.50872956455028,0.0,9172.8,2739.72602739726,25229281.948530458
126,1,0,1901135252.6676135,1470000000.0,1.0,977011620.70398,1279411.599116233,0.0006721863219717697,376712.3287671233,3515981.735159817,47465753.424657494,443013698.63013667,291950.9447484771,13467831.35082766,0,0,9986532168.649172,6077011620.7039795,150000000,15000,27691.77463866181,28665.0,496.77463866180886,1470.0,66.50629258517593,0.0,9172.8,2739.72602739726,25235715.022503063
127,1,0,1926871871.1506014,1470000000.0,1.0,980610208.8760478,1274716.4864138442,0.0006534783756494002,376712.3287671233,3515981.735159817,47842465.753424615,446529680.3652965,294105.8918591409,13761937.2426868,0,0,9986238062.757313,6080610208.876048,150000000,15000,27688.120397149858,28665.0,493.12039714985735,1470.0,66.50388347626833,0.0,9172.8,2739.72602739726,25242148.09647567
128,1,0,1952956899.1063025,1470000000.0,1.0,984206635.4763503,1270058.4968064441,0.0006449972675683572,376712.3287671233,3515981.735159817,48219178.082191736,450045662.1004563,296267.4636245536,14058204.706311354,0,0,9985941795.293688,6084206635.476351,150000000,15000,27684.508479404634,28665.0,489.50847940463586,1470.0,66.50150181648146,0.0,9172.8,2739.72602739726,25248581.170448273
129,1,0,1979395053.127954,1470000000.0,1.0,987800893.8984736,1265437.2027005847,0.0006367039938020782,376712.3287671233,3515981.735159817,48595890.41095886,453561643.8356161,298435.64180375234,14356640.348115107,0,0,9985643359.651884,6087800893.898474,150000000,15000,27680.938234755853,28665.0,485.9382347558537,1470.0,66.49914719236952,0.0,9172.8,2739.72602739726,25255014.24442088
130,1,0,2006191113.6596737,1470000000.0,1.0,991392977.5542834,1260852.183040179,0.0006360588120692047,376712.3287671233,3515981.735159817,48972602.73972598,457077625.5707759,300610.4081172466,14657250.756232353,0,0,9985342749.243767,6091392977.554283,150000000,15000,27677.409024990866,28665.0,482.4090249908663,1470.0,66.4968191982106,0.0,9172.8,2739.72602739726,25261447.318393484
131,1,0,2033349925.8608415,1470000000.0,1.0,994982879.8739631,1256303.0231820291,0.0006283376853629469,376712.3287671233,3515981.735159817,49349315.0684931,460593607.30593574,302791.74424732965,14960042.500479683,0,0,9985039957.499521,6094982879.873963,150000000,15000,27673.92022406955,28665.0,478.92022406954834,1470.0,66.49451743583484,0.0,9172.8,2739.72602739726,25267880.39236609
132,1,0,2060876400.4821825,1470000000.0,1.0,998570594.3060517,1251789.3147741836,0.0006237746599819097,376712.3287671233,3515981.735159817,49726027.39726022,464109589.04109555,304979.6318383905,15265022.132318074,0,0,9984734977.867682,6098570594.306051,150000000,15000,27670.471217846753,28665.0,475.47121784675284,1470.0,66.4922415144571,0.0,9172.8,2739.72602739726,25274313.466338694
133,1,0,2088775514.75371,1470000000.0,1.0,1002156114.3174815,1247310.6556370554,0.0006070189833369544,376712.3287671233,3515981.735159817,50102739.72602734,467625570.77625537,307174.0524972257,15572196.184815299,0,0,9984427803.815186,6102156114.317482,150000000,15000,27667.061403802123,28665.0,472.0614038021248,1470.0,66.489991050514,0.0,9172.8,2739.72602739726,25280746.5403113
134,1,0,2117052313.2846882,1470000000.0,1.0,1005739433.3936152,1242866.6496472259,0.0006082649038899065,376712.3287671233,3515981.735159817,50479452.05479446,471141552.5114152,309374.98779335164,15881571.172608651,0,0,9984118428.82739,6105739433.393616,150000000,15000,27663.690190777048,28665.0,468.690190777047,1470.0,66.48776566750485,0.0,9172.8,2739.72602739726,25287179.614283904
135,1,0,2145711908.9757798,1470000000.0,1.0,1009320545.038283,1238456.9066238615,0.0005989990939146379,376712.3287671233,3515981.735159817,50856164.38356158,474657534.246575,311582.41925931687,16193153.591867968,0,0,9983806846.408133,6109320545.038282,150000000,15000,27660.356998718507,28665.0,465.35699871850585,1470.0,66.48556499583684,0.0,9172.8,2739.72602739726,25293612.68825651
136,1,0,2174759483.943539,1470000000.0,1.0,1012899442.7738191,1234081.04221768,0.0005790872369687285,376712.3287671233,3515981.735159817,51232876.7123287,478173515.9817348,313796.3283910146,16506949.920258984,0,0,9983493050.07974,6112899442.773819,150000000,15000,27657.06125842967,28665.0,462.0612584296671,1470.0,66.4833886726742,0.0,9172.8,2739.72602739726,25300045.762229115
137,1,0,2204200290.4574246,1470000000.0,1.0,1016476120.1410981,1229738.6778023946,0.0005871775606759861,376712.3287671233,3515981.735159817,51609589.04109582,481689497.7168946,316016.6966479956,16822966.61690698,0,0,9983177033.383093,6116476120.141098,150000000,15000,27653.802411326964,28665.0,458.8024113269635,1470.0,66.48123634179103,0.0,9172.8,2739.72602739726,25306478.83620172
138,1,0,2234039651.889492,1470000000.0,1.0,1020050570.6995714,1225429.4403685757,0.000590084310109313,376712.3287671233,3515981.735159817,51986301.369862944,485205479.45205444,318243.505453781,17141210.12236076,0,0,9982858789.87764,6120050570.699572,150000000,15000,27650.5799092035,28665.0,455.5799092035001,1470.0,66.47910765342785,0.0,9172.8,2739.72602739726,25312911.910174325
139,1,0,2264282963.676946,1470000000.0,1.0,1023622788.0273023,1221152.9624198654,0.0005788345724203273,376712.3287671233,3515981.735159817,52363013.698630065,488721461.18721426,320476.7361961752,17461686.858556934,0,0,9982538313.141443,6123622788.027302,150000000,15000,27647.393213998588,28665.0,452.3932139985899,1470.0,66.4770022641519,0.0,9172.8,2739.72602739726,25319344.98414693
140,1,0,2294935694.297723,1470000000.0,1.0,1027192765.7210017,1216908.881871485,0.000575847341532672,376712.3287671233,3515981.735159817,52739726.027397186,492237442.92237407,322716.37022757943,17784403.228784513,0,0,9982215596.771215,6127192765.721002,150000000,15000,27644.24179757324,28665.0,449.24179757323867,1470.0,66.47491983672084,0.0,9172.8,2739.72602739726,25325778.058119535
141,1,0,2326003386.2592783,1470000000.0,1.0,1030760497.3960634,1212696.8419509751,0.0005934648421312223,376712.3287671233,3515981.735159817,53116438.35616431,495753424.6575339,324962.38886530476,18109365.617649816,0,0,9981890634.38235,6130760497.396063,150000000,15000,27641.125141491408,28665.0,446.1251414914059,1470.0,66.47286003994972,0.0,9172.8,2739.72602739726,25332211.13209214
142,1,0,2357491657.1007633,1470000000.0,1.0,1034325976.6865987,1208516.4911011157,0.0005762043344131939,376712.3287671233,3515981.735159817,53493150.68493143,499269406.3926937,327214.7733918856,18436580.3910417,0,0,9981563419.60896,6134325976.686599,150000000,15000,27638.04273680687,28665.0,443.04273680686947,1470.0,66.47082254858154,0.0,9172.8,2739.72602739726,25338644.206064746
143,1,0,2389406200.408765,1470000000.0,1.0,1037889197.2454703,1204367.4828849637,0.0005824334599022393,376712.3287671233,3515981.735159817,53869863.01369855,502785388.1278535,329473.50505539373,18766053.896097094,0,0,9981233946.103903,6137889197.24547,150000000,15000,27634.994083855534,28665.0,439.9940838555343,1470.0,66.46880704316074,0.0,9172.8,2739.72602739726,25345077.28003735
144,1,0,2421752786.8467984,1470000000.0,1.0,1041450152.7443275,1200249.4758929603,0.0005969125869939604,376712.3287671233,3515981.735159817,54246575.34246567,506301369.8630133,331738.56506975123,19097792.461166844,0,0,9980902207.538834,6141450152.744328,150000000,15000,27631.978692053024,28665.0,436.9786920530236,1470.0,66.46681320991007,0.0,9172.8,2739.72602739726,25351510.354009956
145,1,0,2454537265.1987367,1470000000.0,1.0,1045008836.8736396,1196162.1336520526,0.0005792227362852667,376712.3287671233,3515981.735159817,54623287.67123279,509817351.59817314,334009.93461504503,19431802.39578189,0,0,9980568197.604218,6145008836.87364,150000000,15000,27628.9960796974,28665.0,433.99607969740106,1470.0,66.46484074061023,0.0,9172.8,2739.72602739726,25357943.42798256
146,1,0,2487765563.4263644,1470000000.0,1.0,1048565243.3427289,1192105.1245367797,0.000591683741030061,376712.3287671233,3515981.735159817,54999999.99999991,513333333.33333296,336287.5948378405,19768089.99061973,0,0,9980231910.00938,6148565243.342729,150000000,15000,27626.045773776877,28665.0,431.0457737768758,1470.0,66.46288933248266,0.0,9172.8,2739.72602739726,25364376.501955166
147,1,0,2521443689.7412486,1470000000.0,1.0,1052119365.8798044,1188078.1216822732,0.0005904836878550464,376712.3287671233,3515981.735159817,55376712.32876703,516849315.06849277,338571.52685149526,20106661.517471224,0,0,9979893338.482529,6152119365.879805,150000000,15000,27623.127309782347,28665.0,428.1273097823473,1470.0,66.46095868807508,0.0,9172.8,2739.72602739726,25370809.57592777
148,1,0,2555577733.6911206,1470000000.0,1.0,1055671198.231995,1184080.8028991255,0.0005874273163654188,376712.3287671233,3515981.735159817,55753424.65753415,520365296.8036526,340861.7117364738,20447523.2292077,0,0,9979552476.770792,6155671198.231995,150000000,15000,27620.24023152465,28665.0,425.2402315246497,1470.0,66.45904851514995,0.0,9172.8,2739.72602739726,25377242.649900377
149,1,0,2590173867.260964,1470000000.0,1.0,1059220734.1653814,1180112.8505900772,0.0005972476336325774,376712.3287671233,3515981.735159817,56130136.98630127,523881278.5388124,343158.1305406611,20790681.35974836,0,0,9979209318.640251,6159220734.165381,150000000,15000,27617.384090956362,28665.0,422.38409095636354,1470.0,66.45715852657538,0.0,9172.8,2739.72602739726,25383675.723872982
150,1,0,2625238345.9890094,1470000000.0,1.0,1062767967.4650288,1176173.951668481,0.0005898638431880895,376712.3287671233,3515981.735159817,56506849.315068394,527397260.2739722,345460.7642796773,21136142.12402804,0,0,9978863857.875973,6162767967.465029,150000000,15000,27614.558447998064,28665.0,419.55844799806357,1470.0,66.45528844021905,0.0,9172.8,2739.72602739726,25390108.797845587
151,1,0,2660777510.0978355,1470000000.0,1.0,1066312891.9350187,1172263.7974784968,0.0006077079183462917,376712.3287671233,3515981.735159817,56883561.643835515,530913242.009132,347769.5939371915,21483911.71796523,0,0,9978516088.282034,6166312891.935019,150000000,15000,27611.76287036888,28665.0,416.7628703688774,1470.0,66.45343797884432,0.0,9172.8,2739.72602739726,25396541.871818192
152,1,0,2696797785.6407847,1470000000.0,1.0,1069855501.3984805,1168382.0837169727,0.0006039178187401606,376712.3287671233,3515981.735159817,57260273.972602636,534429223.74429184,350084.60046523664,21833996.31843047,0,0,9978166003.68157,6169855501.39848,150000000,15000,27608.996933421233,28665.0,413.996933421233,1470.0,66.4516068700091,0.0,9172.8,2739.72602739726,25402974.945790797
153,1,0,2733305685.663897,1470000000.0,1.0,1073395789.697623,1164528.5103569767,0.0006041751049187278,376712.3287671233,3515981.735159817,57636986.30136976,537945205.4794517,352405.76478452346,22186402.08321499,0,0,9977813597.916784,6173395789.697623,150000000,15000,27606.26021997968,28665.0,411.26021997967723,1470.0,66.44979484596696,0.0,9172.8,2739.72602739726,25409408.019763403
154,1,0,2770307811.383572,1470000000.0,1.0,1076933750.6937652,1160702.7815729317,0.0006127598984141675,376712.3287671233,3515981.735159817,58013698.63013688,541461187.2146115,354733.0677847549,22541135.150999747,0,0,9977458864.849,6176933750.693766,150000000,15000,27603.55232018365,28665.0,408.552320183651,1470.0,66.44800164357082,0.0,9172.8,2739.72602739726,25415841.093736008
155,1,0,2807810853.380177,1470000000.0,1.0,1080469378.2673671,1156904.6056673205,0.0006378064629701814,376712.3287671233,3515981.735159817,58390410.958904,544977168.9497714,357066.49032494094,22898201.641324688,0,0,9977101798.358675,6180469378.267367,150000000,15000,27600.87283133411,28665.0,405.8728313341105,1470.0,66.44622700417864,0.0,9172.8,2739.72602739726,25422274.167708613
156,1,0,2845821592.8078113,1470000000.0,1.0,1084002666.3180604,1153133.6949989172,0.0006297326716455811,376712.3287671233,3515981.735159817,58767123.28767112,548493150.6849313,359406.01323371247,23257607.6545584,0,0,9976742392.345442,6184002666.31806,150000000,15000,27598.22135774389,28665.0,403.2213577438882,1470.0,66.44447067356161,0.0,9172.8,2739.72602739726,25428707.24168122
157,1,0,2884346902.620447,1470000000.0,1.0,1087533608.7646778,1149389.7659125128,0.0006455072390298563,376712.3287671233,3515981.735159817,59143835.61643824,552009132.4200912,361751.6173096361,23619359.27186804,0,0,9976380640.728132,6187533608.764678,150000000,15000,27595.597510591688,28665.0,400.5975105916873,1470.0,66.44273240181434,0.0,9172.8,2739.72602739726,25435140.315653823
158,1,0,2923393748.8146715,1470000000.0,1.0,1091062199.545283,1145672.5386700956,0.0006486507639366012,376712.3287671233,3515981.735159817,59520547.94520536,555525114.155251,364103.2833215286,23983462.55518957,0,0,9976016537.44481,6191062199.545283,150000000,15000,27593.000907779613,28665.0,398.0009077796131,1470.0,66.44101194326731,0.0,9172.8,2739.72602739726,25441573.38962643
159,1,0,2962969191.68925,1470000000.0,1.0,1094588432.6172013,1141981.7373834536,0.000656489940185638,376712.3287671233,3515981.735159817,59897260.27397248,559041095.8904109,366460.9920087709,24349923.54719834,0,0,9975650076.4528,6194588432.617201,150000000,15000,27590.43117379414,28665.0,395.4311737941393,1470.0,66.43930905640119,0.0,9172.8,2739.72602739726,25448006.463599034
160,1,0,3003080387.121743,1470000000.0,1.0,1098112301.9570467,1138317.0899481622,0.0006611424358626266,376712.3287671233,3515981.735159817,60273972.6027396,562557077.6255708,368824.72408162325,24718748.271279965,0,0,9975281251.72872,6198112301.9570465,150000000,15000,27587.887939570417,28665.0,392.88793957041855,1470.0,66.43762350376335,0.0,9172.8,2739.72602739726,25454439.53757164
161,1,0,3043734587.862404,1470000000.0,1.0,1101633801.5607522,1134678.3279789267,0.000662241309625622,376712.3287671233,3515981.735159817,60650684.93150672,566073059.3607306,371194.460221539,25089942.731501505,0,0,9974910057.2685,6201633801.560752,150000000,15000,27585.370842359844,28665.0,390.3708423598433,1470.0,66.43595505188627,0.0,9172.8,2739.72602739726,25460872.611544244
162,1,0,3084939144.845591,1470000000.0,1.0,1105152925.4435976,1131065.1867462462,0.0006777052794220066,376712.3287671233,3515981.735159817,61027397.260273844,569589041.0958905,373570.18108147924,25463512.912582982,0,0,9974536487.087418,6205152925.443598,150000000,15000,27582.87952560077,28665.0,387.87952560076974,1470.0,66.43430347120763,0.0,9172.8,2739.72602739726,25467305.68551685
163,1,0,3126701508.518938,1470000000.0,1.0,1108669667.6402383,1127477.4051143664,0.0006986453376561262,376712.3287671233,3515981.735159817,61404109.589040965,573105022.8310504,375951.86728622694,25839464.77986921,0,0,9974160535.22013,6208669667.640238,150000000,15000,27580.413638792317,28665.0,385.4136387923174,1470.0,66.43266853599272,0.0,9172.8,2739.72602739726,25473738.759489454
164,1,0,3169029230.190513,1470000000.0,1.0,1112184022.2047324,1123914.7254804934,0.0006961147154098343,376712.3287671233,3515981.735159817,61780821.917808086,576621004.5662103,378339.49943270144,26217804.27930191,0,0,9973782195.720697,6212184022.204733,150000000,15000,27577.972837371162,28665.0,382.97283737116237,1470.0,66.43105002425813,0.0,9172.8,2739.72602739726,25480171.83346206
165,1,0,3211929963.394217,1470000000.0,1.0,1115695983.2105691,1120376.8937152354,0.0007161033309586153,376712.3287671233,3515981.735159817,62157534.24657521,580136986.3013701,380733.05809027236,26598537.337392185,0,0,9973401462.662607,6215695983.210569,150000000,15000,27575.556782591244,28665.0,380.5567825912432,1470.0,66.42944771769754,0.0,9172.8,2739.72602739726,25486604.907434665
166,1,0,3255411465.2736664,1470000000.0,1.0,1119205544.750695,1116863.6591042466,0.0007108389894606602,376712.3287671233,3515981.735159817,62534246.57534233,583652968.03653,383132.523801074,26981669.86119326,0,0,9973018330.138807,6219205544.750695,150000000,15000,27573.165141406298,28665.0,378.16514140629874,1470.0,66.42786140160909,0.0,9172.8,2739.72602739726,25493037.98140727
167,1,0,3299481597.9848084,1470000000.0,1.0,1122712700.9375417,1113374.7742910432,0.000737718824387793,376712.3287671233,3515981.735159817,62910958.90410945,587168949.7716899,385537.87708031933,27367207.738273576,0,0,9972632792.261726,6222712700.937542,150000000,15000,27570.797586355166,28665.0,375.7975863551664,1470.0,66.42629086482442,0.0,9172.8,2739.72602739726,25499471.055379875
168,1,0,3344148330.117528,1470000000.0,1.0,1126217445.903052,1109909.995220964,0.0007376557056591133,376712.3287671233,3515981.735159817,63287671.23287657,590684931.5068498,387949.09841661394,27755156.83669019,0,0,9972244843.16331,6226217445.903052,150000000,15000,27568.45379544976,28665.0,373.45379544976186,1470.0,66.42473589963932,0.0,9172.8,2739.72602739726,25505904.12935248
169,1,0,3389419738.136494,1470000000.0,1.0,1129719773.7987068,1106469.0810862514,0.0007509797344314833,376712.3287671233,3515981.735159817,63664383.56164369,594200913.2420096,390366.16827226983,28145523.00496246,0,0,9971854476.995037,6229719773.798707,150000000,15000,27566.133452065675,28665.0,371.133452065673,1470.0,66.42319630174599,0.0,9172.8,2739.72602739726,25512337.203325085
170,1,0,3435304007.841517,1470000000.0,1.0,1133219678.79555,1103051.7942722223,0.0007573671767103499,376712.3287671233,3515981.735159817,64041095.89041081,597716894.9771695,392789.0670836193,28538312.07204608,0,0,9971461687.927954,6233219678.79555,150000000,15000,27563.836244835296,28665.0,368.8362448352961,1470.0,66.42167187016685,0.0,9172.8,2739.72602739726,25518770.27729769
171,1,0,3481809435.8476715,1470000000.0,1.0,1136717155.0842156,1099657.9003045084,0.0007665488339592962,376712.3287671233,3515981.735159817,64417808.21917793,601232876.7123294,395217.77526132896,28933529.847307406,0,0,9971066470.152693,6236717155.084215,150000000,15000,27561.56186754345,28665.0,366.56186754344805,1470.0,66.42016240718972,0.0,9172.8,2739.72602739726,25525203.351270296
172,1,0,3528944431.085459,1470000000.0,1.0,1140212196.8749518,1096287.167797339,0.0007838484539674914,376712.3287671233,3515981.735159817,64794520.54794505,604748858.4474893,397652.2731907127,29331182.12049812,0,0,9970668817.879501,6240212196.874952,150000000,15000,27559.31001902539,28665.0,364.3100190253886,1470.0,66.41866771830468,0.0,9172.8,2739.72602739726,25531636.4252429
173,1,0,3576717516.3212786,1470000000.0,1.0,1143704798.3976467,1092939.368402841,0.000803052963222292,376712.3287671233,3515981.735159817,65171232.87671217,608264840.1826491,400092.5412320455,29731274.661730167,0,0,9970268725.33827,6243704798.397647,150000000,15000,27557.08040306719,28665.0,362.0804030671904,1470.0,66.41718761214213,0.0,9172.8,2739.72602739726,25538069.499215506
174,1,0,3625137329.6984777,1470000000.0,1.0,1147194953.9018526,1089614.276761337,0.0008162394390659951,376712.3287671233,3515981.735159817,65547945.205479294,611780821.917809,402538.5597208768,30133813.221451044,0,0,9969866186.77855,6247194953.901853,150000000,15000,27554.872728308394,28665.0,359.8727283083935,1470.0,66.41572190041234,0.0,9172.8,2739.72602739726,25544502.57318811
175,1,0,3674212626.2992706,1470000000.0,1.0,1150682657.6568112,1086311.6704526125,0.0008353940775052614,376712.3287671233,3515981.735159817,65924657.534246415,615296803.6529689,404990.30896834354,30538803.530419387,0,0,9969461196.46958,6250682657.656811,150000000,15000,27552.686708146888,28665.0,357.6867081468866,1470.0,66.41427039784644,0.0,9172.8,2739.72602739726,25550935.647160716
176,1,0,3723952279.727797,1470000000.0,1.0,1154167903.9514766,1083031.3299481375,0.0008399980620858198,376712.3287671233,3515981.735159817,66301369.863013536,618812785.3881288,407447.76926148334,30946251.29968087,0,0,9969053748.70032,6254167903.951477,150000000,15000,27550.522060645955,28665.0,355.5220606459549,1470.0,66.41283292213845,0.0,9172.8,2739.72602739726,25557368.72113332
177,1,0,3774365283.714612,1470000000.0,1.0,1157650687.0945399,1079773.0385642143,0.0008646541347930634,376712.3287671233,3515981.735159817,66678082.19178066,622328767.1232886,409910.9208635469,31356162.220544416,0,0,9968643837.779455,6257650687.09454,150000000,15000,27548.378508443442,28665.0,353.37850844344115,1470.0,66.41140929388894,0.0,9172.8,2739.72602739726,25563801.795105927
178,1,0,3825460753.7428985,1470000000.0,1.0,1161131001.4144526,1076536.582416034,0.00086315399695412,376712.3287671233,3515981.735159817,67054794.52054778,625844748.8584485,412379.7440143116,31768541.964558728,0,0,9968231458.03544,6261131001.414453,150000000,15000,27546.255778662962,28665.0,351.25577866296146,1470.0,66.40999933654962,0.0,9172.8,2739.72602739726,25570234.86907853
179,1,0,3877247928.696693,1470000000.0,1.0,1164608841.259449,1073321.750372621,0.000881199446625586,376712.3287671233,3515981.735159817,67431506.8493149,629360730.5936084,414854.21893039363,32183396.18348912,0,0,9967816603.816511,6264608841.259449,150000000,15000,27544.153602827126,28665.0,349.1536028271269,1470.0,66.40860287636939,0.0,9172.8,2739.72602739726,25576667.943051137
180,1,0,3929736172.5314245,1470000000.0,1.0,1168084200.9975703,1070128.334012645,0.00091287306572115,376712.3287671233,3515981.735159817,67808219.17808202,632876712.3287683,417334.3258055599,32600730.50929468,0,0,9967399269.490705,6268084200.99757,150000000,15000,27542.071716772716,28665.0,347.07171677271594,1470.0,66.40721974234148,0.0,9172.8,2739.72602739726,25583101.017023742
181,1,0,3982934975.9670687,1470000000.0,1.0,1171557075.0166862,1066956.127581081,0.0009064183594591317,376712.3287671233,3515981.735159817,68184931.50684914,636392694.0639281,419820.04481104104,33020550.55410572,0,0,9966979449.445894,6271557075.016686,150000000,15000,27540.00986056775,28665.0,345.00986056774997,1470.0,66.40584976615172,0.0,9172.8,2739.72602739726,25589534.090996347
182,1,0,4036853958.2042227,1470000000.0,1.0,1175027457.7245173,1063804.9279466977,0.0009318831145885059,376712.3287671233,3515981.735159817,68561643.83561626,639908675.799088,422311.3560958429,33442861.910201564,0,0,9966557138.089798,6275027457.724518,150000000,15000,27537.967778430422,28665.0,342.9677784304222,1470.0,66.4044927821279,0.0,9172.8,2739.72602739726,25595967.164968953
183,1,0,4091502868.663412,1470000000.0,1.0,1178495343.5486572,1060674.5345603582,0.0009381647589268009,376712.3287671233,3515981.735159817,68938356.16438338,643424657.5342479,424808.2397870586,33867670.14998862,0,0,9966132329.850012,6278495343.548657,150000000,15000,27535.94521864983,28665.0,340.9452186498327,1470.0,66.40314862719048,0.0,9172.8,2739.72602739726,25602400.238941558
184,1,0,4146891588.747943,1470000000.0,1.0,1181960726.936594,1057564.7494141127,0.000979626765475036,376712.3287671233,3515981.735159817,69315068.4931505,646940639.2694077,427310.6759901799,34294980.8259788,0,0,9965705019.17402,6281960726.936594,150000000,15000,27533.941933508486,28665.0,338.94193350848514,1470.0,66.40181714080401,0.0,9172.8,2739.72602739726,25608833.312914163
185,1,0,4203030133.630618,1470000000.0,1.0,1185423602.3557315,1054475.3770010658,0.0009781052640445425,376712.3287671233,3515981.735159817,69691780.82191762,650456621.0045676,429818.6447894089,34724799.47076821,0,0,9965275200.529232,6285423602.355732,150000000,15000,27531.957679206498,28665.0,336.95767920649774,1470.0,66.40049816492994,0.0,9172.8,2739.72602739726,25615266.386886768
186,1,0,4259928654.0646424,1470000000.0,1.0,1188883964.2934105,1051406.2242760032,0.0009695314045699835,376712.3287671233,3515981.735159817,70068493.15068474,653972602.7397275,432332.12624796905,35157131.597016186,0,0,9964842868.402985,6288883964.29341,150000000,15000,27529.99221578749,28665.0,334.9922157874889,1470.0,66.39919154398015,0.0,9172.8,2739.72602739726,25621699.460859373
187,1,0,4317597438.219043,1470000000.0,1.0,1192341807.2569292,1048357.1006167596,0.00100757466677894,376712.3287671233,3515981.735159817,70445205.47945186,657488584.4748874,434851.10040841595,35591982.6974246,0,0,9964408017.302576,6292341807.256929,150000000,15000,27528.04530706609,28665.0,333.045307066092,1470.0,66.3978971247717,0.0,9172.8,2739.72602739726,25628132.53483198
188,1,0,4376046913.538933,1470000000.0,1.0,1195797125.7735631,1045327.8177863108,0.001020654952549385,376712.3287671233,3515981.735159817,70821917.80821899,661004566.2100472,437375.54729294847,36029358.244717546,0,0,9963970641.755283,6295797125.773563,150000000,15000,27526.11672055706,28665.0,331.1167205570614,1470.0,66.3966147564825,0.0,9172.8,2739.72602739726,25634565.608804584
189,1,0,4435287648.630966,1470000000.0,1.0,1199249914.3905864,1042318.1898955767,0.0010053170766532542,376712.3287671233,3515981.735159817,71198630.1369861,664520547.9452071,439905.4469037186,36469263.69162127,0,0,9963530736.308378,6299249914.390587,150000000,15000,27524.206227405928,28665.0,329.206227405927,1470.0,66.39534429060787,0.0,9172.8,2739.72602739726,25640998.68277719
190,1,0,4495330355.174308,1470000000.0,1.0,1202700167.67529,1039328.0333669174,0.0010419849369743136,376712.3287671233,3515981.735159817,71575342.46575323,668036529.680367,442440.7792231423,36911704.47084441,0,0,9963088295.529156,6302700167.67529,150000000,15000,27522.313602321163,28665.0,327.31360232116185,1470.0,66.394085580918,0.0,9172.8,2739.72602739726,25647431.756749794
191,1,0,4556185889.85748,1470000000.0,1.0,1206147880.2150028,1036357.1668983087,0.001033699784919246,376712.3287671233,3515981.735159817,71952054.79452035,671552511.4155269,444981.524214209,37356685.99505862,0,0,9962643314.004942,6306147880.215003,150000000,15000,27520.438623507824,28665.0,325.4386235078223,1470.0,66.39283848341648,0.0,9172.8,2739.72602739726,25653864.8307224
192,1,0,4617865256.341426,1470000000.0,1.0,1209593046.6171088,1033405.4114281813,0.0010500099430586318,376712.3287671233,3515981.735159817,72328767.12328747,675068493.1506867,447527.66182079137,37804213.65687941,0,0,9962195786.34312,6309593046.617109,150000000,15000,27518.58107260263,28665.0,323.58107260262665,1470.0,66.39160285629953,0.0,9172.8,2739.72602739726,25660297.904695004
193,1,0,4680379607.249147,1470000000.0,1.0,1213035661.5090678,1030472.5901009106,0.0010798013496591194,376712.3287671233,3515981.735159817,72705479.45205459,678584474.8858466,450079.17196795513,38254292.82884736,0,0,9961745707.171152,6313035661.509068,150000000,15000,27516.740734610434,28665.0,321.74073461043525,1470.0,66.39037855991616,0.0,9172.8,2739.72602739726,25666730.97866761
194,1,0,4743740246.182282,1470000000.0,1.0,1216475719.5384324,1027558.5282329419,0.0010798063709070605,376712.3287671233,3515981.735159817,73082191.78082171,682100456.6210065,452636.0345622674,38706928.86340963,0,0,9961293071.136591,6316475719.538432,150000000,15000,27514.9173978421,28665.0,319.9173978420981,1470.0,66.38916545672927,0.0,9172.8,2739.72602739726,25673164.052640215
195,1,0,4807958629.764975,1470000000.0,1.0,1219913215.372867,1024663.0532795378,0.0011103150398091648,376712.3287671233,3515981.735159817,73458904.10958883,685616438.3561664,455198.2294921066,39162127.09290174,0,0,9960837872.907099,6319913215.372868,150000000,15000,27513.110853853635,28665.0,318.1108538536369,1470.0,66.3879634112773,0.0,9172.8,2739.72602739726,25679597.12661282
196,1,0,4873046369.715418,1470000000.0,1.0,1223348143.700166,1021785.9948021357,0.0010859554416805621,376712.3287671233,3515981.735159817,73835616.43835595,689132420.0913262,457765.7366279699,39619892.8295297,0,0,9960380107.170471,6323348143.700166,150000000,15000,27511.320897386726,28665.0,316.3208973867274,1470.0,66.38677229013705,0.0,9172.8,2739.72602739726,25686030.200585425
197,1,0,4939015234.94544,1470000000.0,1.0,1226780499.22827,1018927.1844363003,0.0011153174761087713,376712.3287671233,3515981.735159817,74212328.76712307,692648401.8264861,460338.535822782,40080231.36535248,0,0,9959919768.634647,6326780499.22827,150000000,15000,27509.547326310454,28665.0,314.5473263104525,1470.0,66.3855919618869,0.0,9172.8,2739.72602739726,25692463.27455803
198,1,0,5005877153.688514,1470000000.0,1.0,1230210276.6852849,1016086.4558602592,0.0011407009999375817,376712.3287671233,3515981.735159817,74589041.0958902,696164383.561646,462916.6069122035,40543147.972264685,0,0,9959456852.027735,6330210276.685285,150000000,15000,27507.789941564293,28665.0,312.7899415642934,1470.0,66.38442229707111,0.0,9172.8,2739.72602739726,25698896.348530635
199,1,0,5073644215.656572,1470000000.0,1.0,1233637470.8194969,1013263.6447640111,0.0011477458018664436,376712.3287671233,3515981.735159817,74965753.42465732,699680365.2968059,465499.9297149377,41008647.901979625,0,0,9958991352.09802,6333637470.819497,150000000,15000,27506.04854710233,28665.0,311.04854710232945,1470.0,66.38326316816465,0.0,9172.8,2739.72602739726,25705329.42250324
200,1,0,5142328674.226023,1470000000.0,1.0,1237062076.3993907,1010458.5888189914,0.0011502295703785127,376712.3287671233,3515981.735159817,75342465.75342444,703196347.0319657,468088.48403303797,41476736.386012666,0,0,9958523263.613987,6337062076.399391,150000000,15000,27504.322949838617,28665.0,309.3229498386181,1470.0,66.3821144495389,0.0,9172.8,2739.72602739726,25711762.496475846
201,1,0,5211942948.6533575,1470000000.0,1.0,1240484088.2136655,1007671.1276482856,0.0011466746030452048,376712.3287671233,3515981.735159817,75719178.08219156,706712328.7671256,470682.24965221557,41947418.63566488,0,0,9958052581.364336,6340484088.213665,150000000,15000,27502.612959593724,28665.0,307.61295959372546,1470.0,66.38097601742791,0.0,9172.8,2739.72602739726,25718195.57044845
202,1,0,5282499626.320752,1470000000.0,1.0,1243903501.0712502,1004901.1027973786,0.0011535890736577537,376712.3287671233,3515981.735159817,76095890.41095868,710228310.5022855,473281.2063421456,42420699.842007026,0,0,9957579300.157993,6343903501.07125,150000000,15000,27500.91838904238,28665.0,305.9183890423799,1470.0,66.37984774989557,0.0,9172.8,2739.72602739726,25724628.644421056
203,1,0,5354011465.012069,1470000000.0,1.0,1247320309.8013203,1002148.3577054285,0.0011593891496983022,376712.3287671233,3515981.735159817,76472602.7397258,713744292.2374454,475885.33385677304,42896585.1758638,0,0,9957103414.824137,6347320309.80132,150000000,15000,27499.239053662222,28665.0,304.2390536622235,1470.0,66.37872952680314,0.0,9172.8,2739.72602739726,25731061.71839366
204,1,0,5426491395.219669,1470000000.0,1.0,1250734509.2533126,999412.7376770537,0.0011860314377022349,376712.3287671233,3515981.735159817,76849315.06849292,717260273.9726052,478494.6119346195,43375079.78779842,0,0,9956624920.212202,6350734509.253313,150000000,15000,27497.574771683634,28665.0,302.57477168363306,1470.0,66.37762122977779,0.0,9172.8,2739.72602739726,25737494.792366266
205,1,0,5499952522.482455,1470000000.0,1.0,1254146094.2969403,996694.0898546231,0.0011784624193957895,376712.3287671233,3515981.735159817,77226027.39726004,720776255.7077651,481109.02029908804,43856188.808097504,0,0,9956143811.191902,6354146094.29694,150000000,15000,27495.925364040584,28665.0,300.9253640405855,1470.0,66.37652274218159,0.0,9172.8,2739.72602739726,25743927.86633887
206,1,0,5574408129.755562,1470000000.0,1.0,1257555059.8222084,993992.2631910387,0.0011783534979858284,376712.3287671233,3515981.735159817,77602739.72602716,724292237.442925,483728.53865876875,44339917.34675627,0,0,9955660082.653244,6357555059.822208,150000000,15000,27494.290654322544,28665.0,299.2906543225449,1470.0,66.37543394908106,0.0,9172.8,2739.72602739726,25750360.940311477
207,1,0,5649871679.812128,1470000000.0,1.0,1260961400.7394276,991307.108423001,0.0012027211073533412,376712.3287671233,3515981.735159817,77979452.05479428,727808219.1780849,486353.1467077436,44826270.493464015,0,0,9955173729.506536,6360961400.739428,150000000,15000,27492.670468727345,28665.0,297.67046872734414,1470.0,66.37435473721757,0.0,9172.8,2739.72602739726,25756794.01428408
208,1,0,5726356817.677585,1470000000.0,1.0,1264365111.9792285,988638.4780447456,0.0012006722557773586,376712.3287671233,3515981.735159817,78356164.3835614,731324200.9132447,488982.8241258907,45315253.31758991,0,0,9954684746.68241,6364365111.979229,150000000,15000,27491.06463601504,28665.0,296.0646360150396,1470.0,66.37328499497815,0.0,9172.8,2739.72602739726,25763227.088256687
209,1,0,5803877373.096895,1470000000.0,1.0,1267766188.4925764,985986.2262822435,0.0012061939740444644,376712.3287671233,3515981.735159817,78732876.71232852,734840182.6484046,491617.55057918845,45806870.8681691,0,0,9954193129.13183,6367766188.492577,150000000,15000,27489.472987462716,28665.0,294.47298746271576,1470.0,66.37222461236692,0.0,9172.8,2739.72602739726,25769660.162229292
210,1,0,5882447363.035194,1470000000.0,1.0,1271164625.2507832,983350.2090678546,0.0012102919905389814,376712.3287671233,3515981.735159817,79109589.04109564,738356164.3835645,494257.3057200193,46301128.173889115,0,0,9953698871.82611,6371164625.250783,150000000,15000,27487.895356820216,28665.0,292.8953568202164,1470.0,66.37117348097719,0.0,9172.8,2739.72602739726,25776093.236201897
211,1,0,5962080994.212283,1470000000.0,1.0,1274560417.2455227,980730.2840154239,0.001237464261520751,376712.3287671233,3515981.735159817,79486301.36986277,741872146.1187243,496902.06918747304,46798030.243076585,0,0,9953201969.756924,6374560417.2455225,150000000,15000,27486.331580266782,28665.0,291.33158026678274,1470.0,66.37013149396401,0.0,9172.8,2739.72602739726,25782526.310174502
212,1,0,6042792665.671432,1470000000.0,1.0,1277953559.488842,978126.3103958141,0.0012333735672810046,376712.3287671233,3515981.735159817,79863013.69862989,745388127.8538842,499551.82060764934,47297582.06368423,0,0,9952702417.936316,6377953559.488842,150000000,15000,27484.781496368574,28665.0,289.7814963685742,1470.0,66.36909854601731,0.0,9172.8,2739.72602739726,25788959.384147108
213,1,0,6124596971.382958,1470000000.0,1.0,1281344047.013175,975538.1491128633,0.0012408549881427764,376712.3287671233,3515981.735159817,80239726.027397,748904109.5890441,502206.5395939606,47799788.60327819,0,0,9952200211.39672,6381344047.013175,150000000,15000,27483.244946037055,28665.0,288.24494603705546,1470.0,66.36807453333557,0.0,9172.8,2739.72602739726,25795392.458119713
214,1,0,6207508702.883055,1470000000.0,1.0,1284731874.8713546,972965.6626797604,0.0012237892958983877,376712.3287671233,3515981.735159817,80616438.35616413,752420091.324204,504866.205747434,48304654.80902562,0,0,9951695345.190975,6384731874.871355,150000000,15000,27481.721772488225,28665.0,286.72177248822544,1470.0,66.3670593536001,0.0,9172.8,2739.72602739726,25801825.532092318
215,1,0,6291542851.948334,1470000000.0,1.0,1288117038.1366246,970408.715195829,0.0012346815594112125,376712.3287671233,3515981.735159817,80993150.68493125,755936073.0593638,507530.7986570126,48812185.60768264,0,0,9951187814.392317,6388117038.136624,150000000,15000,27480.211821202673,28665.0,285.21182120267224,1470.0,66.36605290594963,0.0,9172.8,2739.72602739726,25808258.606064923
216,1,0,6376714613.306584,1470000000.0,1.0,1291499531.9026515,967867.1723237131,0.0012169678525258865,376712.3287671233,3515981.735159817,81369863.01369837,759452054.7945237,510200.29789985716,49322385.905582495,0,0,9950677614.094418,6391499531.902652,150000000,15000,27478.71493988643,28665.0,283.7149398864328,1470.0,66.36505509095562,0.0,9172.8,2739.72602739726,25814691.68003753
217,1,0,6463039387.384222,1470000000.0,1.0,1294879351.283537,965340.9012669541,0.0012424725789229785,376712.3287671233,3515981.735159817,81746575.34246549,762968036.5296836,512874.68304164626,49835260.58862414,0,0,9950164739.411375,6394879351.283537,150000000,15000,27477.23097843264,28665.0,282.2309784326393,1470.0,66.36406581059796,0.0,9172.8,2739.72602739726,25821124.754010133
218,1,0,6550532783.090936,1470000000.0,1.0,1298256491.413827,962829.7707479541,0.001225131809183759,376712.3287671233,3515981.735159817,82123287.67123261,766484018.2648435,515553.93363687745,50350814.522261016,0,0,9949649185.47774,6398256491.413827,150000000,15000,27475.759788883937,28665.0,280.7597888839356,1470.0,66.3630849682411,0.0,9172.8,2739.72602739726,25827557.82798274
219,1,0,6639210620.642029,1470000000.0,1.0,1301630947.4485247,960333.6509863151,0.001208636843333939,376712.3287671233,3515981.735159817,82499999.99999973,770000000.0000033,518238.02922916587,50869052.55149018,0,0,9949130947.44851,6401630947.448524,150000000,15000,27474.301225395644,28665.0,279.30122539564377,1470.0,66.36211246861066,0.0,9172.8,2739.72602739726,25833990.901955344
220,1,0,6729088934.41897,1470000000.0,1.0,1305002714.5631,957852.4136775483,0.0012399852224734766,376712.3287671233,3515981.735159817,82876712.32876685,773515981.7351632,520926.94935154467,51389979.50084172,0,0,9948610020.499159,6405002714.5631,150000000,15000,27472.855144199664,28665.0,277.85514419966563,1470.0,66.36114821777073,0.0,9172.8,2739.72602739726,25840423.97592795
221,1,0,6820183975.868667,1470000000.0,1.0,1308371787.9535003,955385.9319721462,0.0012271967327546513,376712.3287671233,3515981.735159817,83253424.65753397,777031963.4703231,523620.6735267634,51913600.174368486,0,0,9948086399.825632,6408371787.953501,150000000,15000,27471.4214035691,28665.0,276.4214035691014,1470.0,66.36019212310124,0.0,9172.8,2739.72602739726,25846857.049900554
222,1,0,6912512216.441989,1470000000.0,1.0,1311738162.8361597,952934.0804550084,0.0012136489575932353,376712.3287671233,3515981.735159817,83630136.9863011,780547945.205483,526319.1812675868,52439919.355636075,0,0,9947560080.644363,6411738162.83616,150000000,15000,27469.99986378357,28665.0,274.99986378357045,1470.0,66.35924409327596,0.0,9172.8,2739.72602739726,25853290.12387316
223,1,0,7006090350.572072,1470000000.0,1.0,1315101834.4480095,950496.7351252179,0.0012187462132441397,376712.3287671233,3515981.735159817,84006849.31506822,784063926.9406428,529022.452077092,52968941.807713166,0,0,9947031058.192287,6415101834.4480095,150000000,15000,27468.590387095217,28665.0,273.59038709521604,1470.0,66.35830403824102,0.0,9172.8,2739.72602739726,25859723.197845764
224,1,0,7100935298.692942,1470000000.0,1.0,1318462798.0464876,948073.7733761559,0.001215177878220507,376712.3287671233,3515981.735159817,84383561.64383534,787579908.6758027,531730.4654489673,53500672.273162134,0,0,9946499327.726837,6418462798.046488,150000000,15000,27467.192837695384,28665.0,272.19283769538225,1470.0,66.35737186919364,0.0,9172.8,2739.72602739726,25866156.27181837
225,1,0,7197064210.298997,1470000000.0,1.0,1321821048.9095466,945665.0739759528,0.0012374350352163613,376712.3287671233,3515981.735159817,84760273.97260246,791095890.4109626,534443.2008678077,54035115.47402994,0,0,9945964884.52597,6421821048.909547,150000000,15000,27465.80708168194,28665.0,270.8070816819432,1470.0,66.3564474985615,0.0,9172.8,2739.72602739726,25872589.345790975
226,1,0,7294494467.045919,1470000000.0,1.0,1325176582.335664,943270.5170482675,0.0012072120102401386,376712.3287671233,3515981.735159817,85136986.30136958,794611872.1461225,537160.6378094123,54572276.111839354,0,0,9945427723.88816,6425176582.335664,150000000,15000,27464.432987027274,28665.0,269.4329870272754,1470.0,66.35553083998221,0.0,9172.8,2739.72602739726,25879022.41976358
227,1,0,7393243685.893554,1470000000.0,1.0,1328529393.6438498,940889.9840533871,0.0012031649898539957,376712.3287671233,3515981.735159817,85513698.6301367,798127853.8812823,539882.7557410803,55112158.867580436,0,0,9944887841.13242,6428529393.64385,150000000,15000,27463.070423546855,28665.0,268.07042354685365,1470.0,66.35462180828354,0.0,9172.8,2739.72602739726,25885455.493736185
228,1,0,7493329722.291338,1470000000.0,1.0,1331879478.1736548,938523.3577696424,0.001184717499277392,376712.3287671233,3515981.735159817,85890410.95890382,801643835.6164422,542609.5341219057,55654768.401702344,0,0,9944345231.598297,6431879478.173655,150000000,15000,27461.71926286846,28665.0,266.71926286846076,1470.0,66.35372031946368,0.0,9172.8,2739.72602739726,25891888.56770879
229,1,0,7594770673.406857,1470000000.0,1.0,1335226831.2851787,936170.5222751336,0.0011941477224940286,376712.3287671233,3515981.735159817,86267123.28767094,805159817.3516021,545340.9524030731,56200109.35410542,0,0,9943799890.645895,6435226831.285179,150000000,15000,27460.379378401994,28665.0,265.3793784019946,1470.0,66.3528262906721,0.0,9172.8,2739.72602739726,25898321.641681395
230,1,0,7697584881.398102,1470000000.0,1.0,1338571448.3590775,933831.3629297579,0.0011887007738632662,376712.3287671233,3515981.735159817,86643835.61643806,808675799.086762,548076.9900281517,56748186.34413357,0,0,9943251813.655867,6438571448.359077,150000000,15000,27459.05064530986,28665.0,264.0506453098612,1470.0,66.35193964019071,0.0,9172.8,2739.72602739726,25904754.715654
231,1,0,7801790936.730028,1470000000.0,1.0,1341913324.796571,931505.7663575348,0.0011551638590042157,376712.3287671233,3515981.735159817,87020547.94520518,812191780.8219218,550817.6264333889,57299003.97056696,0,0,9942700996.029432,6441913324.796571,150000000,15000,27457.732940477938,28665.0,262.73294047793934,1470.0,66.35106028741534,0.0,9172.8,2739.72602739726,25911187.789626606
232,1,0,7907407681.536011,1470000000.0,1.0,1345252456.01945,929193.6204292234,0.0011713987055315734,376712.3287671233,3515981.735159817,87397260.2739723,815707762.5570817,553562.8410480048,57852566.81161496,0,0,9942147433.188385,6445252456.01945,150000000,15000,27456.426142487104,28665.0,261.4261424871055,1470.0,66.3501881528377,0.0,9172.8,2739.72602739726,25917620.86359921
233,1,0,8014454213.024804,1470000000.0,1.0,1348588837.4700823,926894.814245226,0.0011439464634345135,376712.3287671233,3515981.735159817,87773972.60273942,819223744.2922416,556312.6132944836,58408879.42490944,0,0,9941591120.57509,6448588837.470082,150000000,15000,27455.130131585305,28665.0,260.13013158530566,1470.0,66.3493231580274,0.0,9172.8,2739.72602739726,25924053.937571816
234,1,0,8122949886.933627,1470000000.0,1.0,1351922464.6114204,924609.2381187713,0.001137433271223197,376712.3287671233,3515981.735159817,88150684.93150654,822739726.0274014,559066.9225888668,58967946.34749831,0,0,9941032053.652502,6451922464.611421,150000000,15000,27453.844789660165,28665.0,258.844789660163,1470.0,66.34846522561475,0.0,9172.8,2739.72602739726,25930487.01154442
235,1,0,8232914321.027991,1470000000.0,1.0,1355253332.9270062,922336.7835593744,0.0011389500929489685,376712.3287671233,3515981.735159817,88527397.26027367,826255707.7625613,561825.7483410448,59529772.09583936,0,0,9940470227.904161,6455253332.927006,150000000,15000,27452.57000021211,28665.0,257.5700002121083,1470.0,66.34761427927337,0.0,9172.8,2739.72602739726,25936920.085517026
236,1,0,8344367398.648908,1470000000.0,1.0,1358581437.920978,920077.3432565646,0.0011406677957827274,376712.3287671233,3515981.735159817,88904109.58904079,829771689.4977212,564589.0699550473,60094361.16579441,0,0,9939905638.834206,6458581437.920979,150000000,15000,27451.305648328023,28665.0,256.30564832802446,1470.0,66.34677024370359,0.0,9172.8,2739.72602739726,25943353.15948963
237,1,0,8457329272.308117,1470000000.0,1.0,1361906775.1180756,917830.8110638801,0.0011125773573197196,376712.3287671233,3515981.735159817,89280821.9178079,833287671.2328811,567356.8668293353,60661718.032623746,0,0,9939338281.967377,6461906775.118075,150000000,15000,27450.05162065539,28665.0,255.05162065538985,1470.0,66.34593304461585,0.0,9172.8,2739.72602739726,25949786.233462237
238,1,0,8571820367.331988,1470000000.0,1.0,1365229340.0636454,915597.0819831216,0.001096254006007445,376712.3287671233,3515981.735159817,89657534.24657503,836803652.968041,570129.1183570899,61231847.15098084,0,0,9938768152.84902,6465229340.063645,150000000,15000,27448.807805376913,28665.0,253.8078053769139,1470.0,66.34510260871454,0.0,9172.8,2739.72602739726,25956219.307434842
239,1,0,8687861385.554745,1470000000.0,1.0,1368549128.3236458,913376.0521488609,0.0010822392892462956,376712.3287671233,3515981.735159817,90034246.57534215,840319634.7032008,572905.8039265024,61804752.95490734,0,0,9938195247.045094,6468549128.323646,150000000,15000,27447.574092185652,28665.0,252.57409218565124,1470.0,66.34427886368209,0.0,9172.8,2739.72602739726,25962652.381407447
240,1,0,8805473309.061691,1470000000.0,1.0,1371866135.4846518,911167.6188131997,0.0010895174503334508,376712.3287671233,3515981.735159817,90410958.90410927,843835616.4383607,575686.9029210627,62380439.85782841,0,0,9937619560.142172,6471866135.484652,150000000,15000,27446.350372260586,28665.0,251.35037226058543,1470.0,66.34346173816348,0.0,9172.8,2739.72602739726,25969085.455380052
241,1,0,8924677403.983114,1470000000.0,1.0,1375180357.153859,908971.6803307736,0.0010591309029581812,376712.3287671233,3515981.735159817,90787671.23287639,847351598.1735206,578472.3947198481,62958912.252548255,0,0,9937041087.747452,6475180357.153859,150000000,15000,27445.136538242674,28665.0,250.1365382426724,1470.0,66.34265116175078,0.0,9172.8,2739.72602739726,25975518.529352657
242,1,0,9045495224.339535,1470000000.0,1.0,1378491788.959088,906788.1361439977,0.001036359602951851,376712.3287671233,3515981.735159817,91164383.56164351,850867579.9086804,581262.2586978105,63540174.51124606,0,0,9936459825.488754,6478491788.959088,150000000,15000,27443.93248421133,28665.0,248.9324842113327,1470.0,66.34184706496828,0.0,9172.8,2739.72602739726,25981951.603325263
243,1,0,9167948615.939032,1470000000.0,1.0,1381800426.548789,904616.8867685475,0.0010248641487582792,376712.3287671233,3515981.735159817,91541095.89041063,854383561.6438403,584056.4742260639,64124230.98547213,0,0,9935875769.014528,6481800426.548789,150000000,15000,27442.738105661385,28665.0,247.7381056613838,1470.0,66.34104937925768,0.0,9172.8,2739.72602739726,25988384.677297868
244,1,0,9292059720.327307,1470000000.0,1.0,1385106265.5920439,902457.8337790725,0.0010102678967751847,376712.3287671233,3515981.735159817,91917808.21917775,857899543.3790002,586855.0206721708,64711086.0061443,0,0,9935288913.993856,6485106265.592044,150000000,15000,27441.5532994804,28665.0,246.55329948040296,1470.0,66.34025803696359,0.0,9172.8,2739.72602739726,25994817.751270473
245,1,0,9417850978.791237,1470000000.0,1.0,1388409301.7785704,900310.879795137,0.0009791245315997016,376712.3287671233,3515981.735159817,92294520.54794487,861415525.1141601,589657.8774004276,65300743.88354473,0,0,9934699256.116455,6488409301.77857,150000000,15000,27440.377963926512,28665.0,245.37796392651106,1470.0,66.33947297131941,0.0,9172.8,2739.72602739726,26001250.82524308
246,1,0,9545345136.416622,1470000000.0,1.0,1391709530.818725,898175.9284673844,0.0009738902530504805,376712.3287671233,3515981.735159817,92671232.876712,864931506.8493199,592465.0237721507,65893208.90731688,0,0,9934106791.092684,6491709530.818726,150000000,15000,27439.21199860657,28665.0,244.21199860656904,1470.0,66.33869411643329,0.0,9172.8,2739.72602739726,26007683.899215683
247,1,0,9674565246.200863,1470000000.0,1.0,1395006948.443506,896052.8844639213,0.0009367172927973111,376712.3287671233,3515981.735159817,93047945.20547912,868447488.5844798,595276.4391459603,66488485.34646284,0,0,9933511514.653538,6495006948.443506,150000000,15000,27438.055304454778,28665.0,243.0553044547778,1470.0,66.33792140727454,0.0,9172.8,2739.72602739726,26014116.97318829
248,1,0,9805534673.221308,1470000000.0,1.0,1398301550.4045548,893941.6534569155,0.0009411100977265511,376712.3287671233,3515981.735159817,93424657.53424624,871963470.3196397,598092.1028780648,67086577.4493409,0,0,9932913422.55066,6498301550.404554,150000000,15000,27436.907783711675,28665.0,241.90778371167323,1470.0,66.33715477966005,0.0,9172.8,2739.72602739726,26020550.047160894
249,1,0,9938277098.86004,1470000000.0,1.0,1401593332.4741592,891842.1421094069,0.0009291846305776254,376712.3287671233,3515981.735159817,93801369.86301336,875479452.0547996,600911.9943225443,67687489.44366345,0,0,9932312510.556337,6501593332.474159,150000000,15000,27435.76933990351,28665.0,240.7693399035081,1470.0,66.33639417024125,0.0,9172.8,2739.72602739726,26026983.1211335
250,1,0,10072816525.085857,1470000000.0,1.0,1404882290.4452546,889754.2580623243,0.0009134895072969959,376712.3287671233,3515981.735159817,94178082.19178048,878995433.7899594,603736.0928316334,68291225.53649507,0,0,9931708774.463505,6504882290.445254,150000000,15000,27434.639877822014,28665.0,239.63987782201232,1470.0,66.33563951649103,0.0,9172.8,2739.72602739726,26033416.195106104
251,1,0,10209177278.794207,1470000000.0,1.0,1408168420.1314254,887677.9099217071,0.0008839853939470658,376712.3287671233,3515981.735159817,94554794.5205476,882511415.5251193,606564.3777560026,68897789.91425107,0,0,9931102210.085749,6508168420.131426,150000000,15000,27433.519303504523,28665.0,238.51930350452437,1470.0,66.33489075669104,0.0,9172.8,2739.72602739726,26039849.26907871
252,1,0,10347384016.205883,1470000000.0,1.0,1411451717.3669074,885613.0072461261,0.0008850741970780705,376712.3287671233,3515981.735159817,94931506.84931472,886027397.2602792,609396.8284450402,69507186.74269612,0,0,9930492813.257303,6511451717.366907,150000000,15000,27432.407524214486,28665.0,237.4075242144856,1470.0,66.33414782991923,0.0,9172.8,2739.72602739726,26046282.343051314
253,1,0,10487461727.32527,1470000000.0,1.0,1414732178.0065873,883559.4605343004,0.0008618539504549562,376712.3287671233,3515981.735159817,95308219.17808184,889543378.995439,612233.4242471337,70119420.16694325,0,0,9929880579.833057,6514732178.006587,150000000,15000,27431.30444842229,28665.0,236.30444842228943,1470.0,66.33341067603754,0.0,9172.8,2739.72602739726,26052715.41702392
254,1,0,10629435740.458935,1470000000.0,1.0,1418009797.9260042,881517.1812129077,0.0008452165394646302,376712.3287671233,3515981.735159817,95684931.50684896,893059360.7305989,615074.1445099486,70734494.3114532,0,0,9929265505.688547,6518009797.926004,150000000,15000,27430.209985786478,28665.0,235.2099857864795,1470.0,66.33267923567988,0.0,9172.8,2739.72602739726,26059148.490996525
255,1,0,10773331726.795397,1470000000.0,1.0,1421284573.0213504,879486.081624583,0.0008306515350125759,376712.3287671233,3515981.735159817,96061643.83561608,896575342.4657588,617918.9685807091,71352413.2800339,0,0,9928647586.719967,6521284573.021351,150000000,15000,27429.124047135287,28665.0,234.12404713528795,1470.0,66.33195345024022,0.0,9172.8,2739.72602739726,26065581.56496913
256,1,0,10919175705.046888,1470000000.0,1.0,1424556499.2094707,877466.0750161039,0.0008033440848540869,376712.3287671233,3515981.735159817,96438356.1643832,900091324.2009187,620767.8758064762,71973181.15584038,0,0,9928026818.84416,6524556499.209471,150000000,15000,27428.04654444851,28665.0,233.04654444850783,1470.0,66.33123326186107,0.0,9172.8,2739.72602739726,26072014.638941735
257,1,0,11066994046.153961,1470000000.0,1.0,1427825572.4278634,875457.0755267575,0.0008049248391584055,376712.3287671233,3515981.735159817,96815068.49315032,903607305.9360785,623620.8455344263,72596802.00137481,0,0,9927403197.998625,6527825572.427863,150000000,15000,27426.977390839693,28665.0,231.97739083969236,1470.0,66.33051861342194,0.0,9172.8,2739.72602739726,26078447.71291434
258,1,0,11216813478.05377,1470000000.0,1.0,1431091788.6346781,873458.9981768873,0.0007808205092500849,376712.3287671233,3515981.735159817,97191780.82191744,907123287.6712384,626477.8571121277,73223279.85848694,0,0,9926776720.141514,6531091788.634678,150000000,15000,27425.916500538675,28665.0,230.91650053867417,1470.0,66.32980944852824,0.0,9172.8,2739.72602739726,26084880.786886945
259,1,0,11368661090.512922,1470000000.0,1.0,1434355143.8087173,871471.7588566149,0.0007626470980215594,376712.3287671233,3515981.735159817,97568493.15068457,910639269.4063983,629338.8898878187,73852618.74837476,0,0,9926147381.251625,6534355143.808718,150000000,15000,27424.863788874398,28665.0,229.86378887439895,1470.0,66.32910571150012,0.0,9172.8,2739.72602739726,26091313.86085955
260,1,0,11522564340.025742,1470000000.0,1.0,1437615633.9494336,869495.2743147359,0.0007449394446455075,376712.3287671233,3515981.735159817,97945205.47945169,914155251.1415582,632203.9232106825,74484822.67158544,0,0,9925515177.328415,6537615633.949433,150000000,15000,27423.819172258063,28665.0,228.81917225806498,1470.0,66.32840734736179,0.0,9172.8,2739.72602739726,26097746.934832156
261,1,0,11678551054.77884,1470000000.0,1.0,1440873255.0769293,867529.4621477842,0.0007323095922215996,376712.3287671233,3515981.735159817,98321917.8082188,917671232.876718,635072.9364311234,75119895.60801657,0,0,9924880104.391983,6540873255.076929,150000000,15000,27422.782568166564,28665.0,227.78256816656491,1470.0,66.32771430183084,0.0,9172.8,2739.72602739726,26104180.00880476
262,1,0,11836649439.682907,1470000000.0,1.0,1444128003.2319553,865574.2407892641,0.0007217605327747228,376712.3287671233,3515981.735159817,98698630.13698593,921187214.6118779,637945.9089010406,75757841.5169176,0,0,9924242158.483082,6544128003.231956,150000000,15000,27421.75389512622,28665.0,226.75389512622172,1470.0,66.3270265213077,0.0,9172.8,2739.72602739726,26110613.082777366
263,1,0,11996888081.472614,1470000000.0,1.0,1447379874.475908,863629.5294990451,0.0006898256584099206,376712.3287671233,3515981.735159817,99075342.46575305,924703196.3470378,640822.8199741034,76398664.33689171,0,0,9923601335.663109,6547379874.475908,150000000,15000,27420.733072696814,28665.0,225.73307269681348,1470.0,66.32634395286546,0.0,9172.8,2739.72602739726,26117046.15674997
264,1,0,12159295953.87555,1470000000.0,1.0,1450628864.8908288,861695.2483529187,0.0006899362509655481,376712.3287671233,3515981.735159817,99452054.79452017,928219178.0821977,643703.649006023,77042367.98589773,0,0,9922957632.014103,6550628864.890829,150000000,15000,27419.72002145588,28665.0,224.72002145588144,1470.0,66.3256665442398,0.0,9172.8,2739.72602739726,26123479.230722576
265,1,0,12323902422.85114,1470000000.0,1.0,1453874970.579401,859771.3182323119,0.000675413357714787,376712.3287671233,3515981.735159817,99828767.12328729,931735159.8173575,646588.3753548261,77688956.36125256,0,0,9922311043.638748,6553874970.579401,150000000,15000,27418.714662983315,28665.0,223.7146629833152,1470.0,66.32499424381902,0.0,9172.8,2739.72602739726,26129912.30469518
266,1,0,12490737251.900486,1470000000.0,1.0,1457118187.6649468,857857.660814157,0.0006593513596497906,376712.3287671233,3515981.735159817,100205479.45205441,935251141.5525174,649476.9783811264,78338433.33963369,0,0,9921661566.660366,6557118187.664947,150000000,15000,27417.71691984621,28665.0,222.71691984620944,1470.0,66.32432700063433,0.0,9172.8,2739.72602739726,26136345.378667787
267,1,0,12659830607.448088,1470000000.0,1.0,1460358512.2914252,855954.1985609136,0.000622471413472878,376712.3287671233,3515981.735159817,100582191.78082153,938767123.2876773,652369.4374483956,78990802.77708209,0,0,9921009197.222918,6560358512.291426,150000000,15000,27416.726715583987,28665.0,221.72671558398721,1470.0,66.32366476435028,0.0,9172.8,2739.72602739726,26142778.452640392
268,1,0,12831213064.296415,1470000000.0,1.0,1463595940.6234288,854060.8547107397,0.0006196447375218421,376712.3287671233,3515981.735159817,100958904.10958865,942283105.0228372,655265.731923234,79646068.50900532,0,0,9920353931.490995,6563595940.623428,150000000,15000,27415.743974693785,28665.0,220.74397469378385,1470.0,66.32300748525536,0.0,9172.8,2739.72602739726,26149211.526612997
269,1,0,13004915611.154327,1470000000.0,1.0,1466830468.8461802,852177.5532678115,0.0006040771083186794,376712.3287671233,3515981.735159817,101335616.43835577,945799086.757997,658165.8411756393,80304234.35018097,0,0,9919695765.649818,6566830468.84618,150000000,15000,27414.768622616088,28665.0,219.76862261608676,1470.0,66.32235511425272,0.0,9172.8,2739.72602739726,26155644.600585602
270,1,0,13180969656.24033,1470000000.0,1.0,1470062093.1655278,850304.2189927862,0.0005914131238061204,376712.3287671233,3515981.735159817,101712328.7671229,949315068.4931569,661069.7445792771,80965304.09476024,0,0,9919034695.90524,6570062093.165527,150000000,15000,27413.800585720626,28665.0,218.80058572062563,1470.0,66.32170760285115,0.0,9172.8,2739.72602739726,26162077.674558207
271,1,0,13359407032.961683,1470000000.0,1.0,1473290809.807943,848440.7773934079,0.0005786883958591679,376712.3287671233,3515981.735159817,102089041.09589002,952831050.2283168,663977.4215117475,81629281.516272,0,0,9918370718.483728,6573290809.807943,150000000,15000,27412.839791292507,28665.0,217.83979129250835,1470.0,66.32106490315608,0.0,9172.8,2739.72602739726,26168510.748530813
272,1,0,13540260005.670403,1470000000.0,1.0,1476516615.0205152,846587.154715253,0.0005568589751579281,376712.3287671233,3515981.735159817,102465753.42465714,956347031.9634767,666888.8513548535,82296170.36762685,0,0,9917703829.632374,6576516615.020515,150000000,15000,27411.886167518598,28665.0,216.88616751859757,1470.0,66.32042696786094,0.0,9172.8,2739.72602739726,26174943.822503418
273,1,0,13723561275.497166,1470000000.0,1.0,1479739505.0709472,844743.277932613,0.0005385434379252954,376712.3287671233,3515981.735159817,102842465.75342426,959863013.6986365,669804.0134948666,82965974.38112171,0,0,9917034025.618877,6579739505.070948,150000000,15000,27410.939643474125,28665.0,215.93964347412341,1470.0,66.3197937502383,0.0,9172.8,2739.72602739726,26181376.896476023
274,1,0,13909343986.264208,1470000000.0,1.0,1482959476.2475512,842909.0747395117,0.0005338194453012656,376712.3287671233,3515981.735159817,103219178.08219138,963378995.4337964,672722.8873227937,83638697.26844451,0,0,9916361302.731556,6582959476.247551,150000000,15000,27410.000149109528,28665.0,215.0001491095272,1470.0,66.31916520413161,0.0,9172.8,2739.72602739726,26187809.970448628
275,1,0,14097641730.47826,1470000000.0,1.0,1486176524.8592434,841084.473540855,0.0005201827206050527,376712.3287671233,3515981.735159817,103595890.4109585,966894977.1689563,675645.4522346421,84314342.72067915,0,0,9915685657.279322,6586176524.859243,150000000,15000,27409.06761523753,28665.0,214.06761523753207,1470.0,66.3185412839468,0.0,9172.8,2739.72602739726,26194243.044421233
276,1,0,14288488555.40461,1470000000.0,1.0,1489390647.2355387,839269.4034437117,0.0005065658870932637,376712.3287671233,3515981.735159817,103972602.73972562,970410958.9041162,678571.6876316834,84992914.40831083,0,0,9915007085.59169,6589390647.2355385,150000000,15000,27408.141973520436,28665.0,213.141973520436,1470.0,66.31792194464407,0.0,9172.8,2739.72602739726,26200676.11839384
277,1,0,14481918969.2234,1470000000.0,1.0,1492601839.7265449,837463.7942487213,0.0005036810918203764,376712.3287671233,3515981.735159817,104349315.06849274,973926940.639276,681501.5729207175,85674415.98123156,0,0,9914325584.018768,6592601839.726545,150000000,15000,27407.22315645762,28665.0,212.2231564576226,1470.0,66.31730714172981,0.0,9172.8,2739.72602739726,26207109.192366444
278,1,0,14677967947.269262,1470000000.0,1.0,1495810098.7029574,835667.5764416289,0.00047483247621092357,376712.3287671233,3515981.735159817,104726027.39725986,977442922.3744359,684435.0875143347,86358851.0687459,0,0,9913641148.931253,6595810098.702957,150000000,15000,27406.311097373284,28665.0,211.3110973732855,1470.0,66.31669683124873,0.0,9172.8,2739.72602739726,26213542.26633905
279,1,0,14876670938.35542,1470000000.0,1.0,1499015420.5560532,833880.6811849421,0.0004714082453798985,376712.3287671233,3515981.735159817,105102739.72602698,980958904.1095958,687372.2108311789,87046223.27957708,0,0,9912953776.720423,6599015420.556053,150000000,15000,27405.405730404364,28665.0,210.4057304043626,1470.0,66.31609096977611,0.0,9172.8,2739.72602739726,26219975.340311654
280,1,0,15078063871.183405,1470000000.0,1.0,1502217801.6976838,832103.0403097116,0.0004542504127453057,376712.3287671233,3515981.735159817,105479452.0547941,984474885.8447556,690312.922296208,87736536.20187329,0,0,9912263463.798126,6602217801.697683,150000000,15000,27404.506990488677,28665.0,209.50699048867534,1470.0,66.31548951441002,0.0,9172.8,2739.72602739726,26226408.41428426
281,1,0,15282183160.83955,1470000000.0,1.0,1505417238.5602698,830334.5863074291,0.0004486708961809988,376712.3287671233,3515981.735159817,105856164.38356122,987990867.5799155,693257.2013409546,88429793.40321425,0,0,9911570206.596786,6605417238.56027,150000000,15000,27403.61481335327,28665.0,208.6148133532696,1470.0,66.31489242276395,0.0,9172.8,2739.72602739726,26232841.488256864
282,1,0,15489065715.379416,1470000000.0,1.0,1508613727.596793,828575.2523220453,0.0004322325347034339,376712.3287671233,3515981.735159817,106232876.71232834,991506849.3150754,696205.0274037855,89125998.43061803,0,0,9910874001.569382,6608613727.596793,150000000,15000,27402.729135502956,28665.0,207.72913550295425,1470.0,66.31429965295924,0.0,9172.8,2739.72602739726,26239274.56222947
283,1,0,15698748942.501364,1470000000.0,1.0,1511807265.2807896,826824.9721421003,0.00041466102298138576,376712.3287671233,3515981.735159817,106609589.04109547,995022831.0502353,699156.379930161,89825154.8105482,0,0,9910174845.189451,6611807265.280789,150000000,15000,27401.849894209034,28665.0,206.84989420903312,1470.0,66.31371116361801,0.0,9172.8,2739.72602739726,26245707.636202075
284,1,0,15911270756.310476,1470000000.0,1.0,1514997848.1063437,825083.680192971,0.00041583459327503036,376712.3287671233,3515981.735159817,106986301.36986259,998538812.7853951,702111.2383728927,90527266.0489211,0,0,9909472733.951078,6614997848.106344,150000000,15000,27400.977027498226,28665.0,205.97702749822736,1470.0,66.3131269138558,0.0,9172.8,2739.72602739726,26252140.71017468
285,1,0,16126669584.174028,1470000000.0,1.0,1518185472.5880783,823351.3115292271,0.0004005919088162993,376712.3287671233,3515981.735159817,107363013.6986297,1002054794.520555,705069.5821924008,91232335.6311135,0,0,9908767664.368887,6618185472.5880785,150000000,15000,27400.110474141784,28665.0,205.1104741417836,1470.0,66.31254686327472,0.0,9172.8,2739.72602739726,26258573.784147285
286,1,0,16344984373.669785,1470000000.0,1.0,1521370135.2611482,821627.801827099,0.00039969888364621754,376712.3287671233,3515981.735159817,107739726.02739683,1005570776.2557149,708031.3908569706,91940367.02197047,0,0,9908059632.97803,6621370135.261148,150000000,15000,27399.250173644767,28665.0,204.2501736447656,1470.0,66.31197097195633,0.0,9172.8,2739.72602739726,26265006.85811989
287,1,0,16566254599.62834,1470000000.0,1.0,1524551832.6812322,819913.0873770531,0.0003821966846812573,376712.3287671233,3515981.735159817,108116438.35616395,1009086757.9908748,710996.643843008,92651363.66581348,0,0,9907348636.334187,6624551832.681232,150000000,15000,27398.396066235524,28665.0,203.39606623552444,1470.0,66.31139920045503,0.0,9172.8,2739.72602739726,26271439.932092495
288,1,0,16790520271.270807,1470000000.0,1.0,1527730561.4245238,818207.1050764724,0.0003750674035515159,376712.3287671233,3515981.735159817,108493150.68493107,1012602739.7260346,713965.3206352945,93365328.98644876,0,0,9906634671.013552,6627730561.424524,150000000,15000,27397.548092855344,28665.0,202.54809285534503,1470.0,66.31083150979124,0.0,9172.8,2739.72602739726,26277873.0060651
289,1,0,17017821939.443136,1470000000.0,1.0,1530906318.0877235,816509.7924224428,0.0003594713619919462,376712.3287671233,3515981.735159817,108869863.01369819,1016118721.4611945,716937.4007272418,94082266.387176,0,0,9905917733.612823,6630906318.087724,150000000,15000,27396.706195148265,28665.0,201.70619514826484,1470.0,66.3102678614449,0.0,9172.8,2739.72602739726,26284306.080037706
290,1,0,17248200703.94835,1470000000.0,1.0,1534079099.2880292,814821.0875046417,0.00035263047631851126,376712.3287671233,3515981.735159817,109246575.34246531,1019634703.1963544,719912.8636211432,94802179.25079715,0,0,9905197820.749203,6634079099.288029,150000000,15000,27395.870315451062,28665.0,200.87031545106214,1470.0,66.30970821734886,0.0,9172.8,2739.72602739726,26290739.15401031
291,1,0,17481698220.97805,1470000000.0,1.0,1537248901.6631277,813140.9289983268,0.00034465987186230103,376712.3287671233,3515981.735159817,109623287.67123243,1023150684.9315143,722891.6888284285,95525070.93962558,0,0,9904474929.060375,6637248901.663128,150000000,15000,27395.04039678341,28665.0,200.04039678341013,1470.0,66.3091525398827,0.0,9172.8,2739.72602739726,26297172.227982916
292,1,0,17718356710.64454,1470000000.0,1.0,1540415721.8711846,811469.2561574249,0.00033530876397947244,376712.3287671233,3515981.735159817,109999999.99999955,1026666666.6666741,725873.8558699131,96250944.7954955,0,0,9903749055.204504,6640415721.871184,150000000,15000,27394.216382838193,28665.0,199.21638283819354,1470.0,66.3086007918664,0.0,9172.8,2739.72602739726,26303605.30195552
293,1,0,17958218964.614887,1470000000.0,1.0,1543579556.5908356,809806.0088077188,0.0003274097796017607,376712.3287671233,3515981.735159817,110376712.32876667,1030182648.401834,728859.3442760507,96979804.13977155,0,0,9903020195.860228,6643579556.590836,150000000,15000,27393.398217971986,28665.0,198.39821797198596,1470.0,66.30805293655399,0.0,9172.8,2739.72602739726,26310038.375928126
294,1,0,18201328353.848362,1470000000.0,1.0,1546740402.5211754,808151.127340129,0.00032027927980095115,376712.3287671233,3515981.735159817,110753424.6575338,1033698630.1369939,731848.1335871817,97711652.27335873,0,0,9902288347.72664,6646740402.521175,150000000,15000,27392.58584719568,28665.0,197.5858471956829,1470.0,66.30750893762782,0.0,9172.8,2739.72602739726,26316471.44990073
295,1,0,18447728836.438583,1470000000.0,1.0,1549898256.3817484,806504.5527040911,0.0003161786591749048,376712.3287671233,3515981.735159817,111130136.98630092,1037214611.8721538,734840.203353783,98446492.47671251,0,0,9901553507.523287,6649898256.381748,150000000,15000,27391.77921616529,28665.0,196.7792161652896,1470.0,66.30696875919227,0.0,9172.8,2739.72602739726,26322904.523873337
296,1,0,18697464965.56187,1470000000.0,1.0,1553053114.9125388,804866.2264010251,0.00030741570750479033,376712.3287671233,3515981.735159817,111506849.31506804,1040730593.6073136,737835.5331367161,99184328.00984922,0,0,9900815671.99015,6653053114.912539,150000000,15000,27390.97827117286,28665.0,195.97827117285922,1470.0,66.30643236576817,0.0,9172.8,2739.72602739726,26329337.59784594
297,1,0,18950581897.533165,1470000000.0,1.0,1556204974.873958,803236.0904778972,0.0003011455731675688,376712.3287671233,3515981.735159817,111883561.64383516,1044246575.3424735,740834.102507474,99925162.1123567,0,0,9900074837.887644,6656204974.873959,150000000,15000,27390.18295913758,28665.0,195.18295913757942,1470.0,66.30589972228684,0.0,9172.8,2739.72602739726,26335770.671818547
298,1,0,19207125399.97102,1470000000.0,1.0,1559353833.0468366,801614.0875208708,0.0002999575266786169,376712.3287671233,3515981.735159817,112260273.97260228,1047762557.0776334,743835.8910484283,100668998.00340512,0,0,9899331001.996595,6659353833.046837,150000000,15000,27389.393227597004,28665.0,194.39322759700434,1470.0,66.30537079408441,0.0,9172.8,2739.72602739726,26342203.745791152
299,1,0,19467141860.073128,1470000000.0,1.0,1562499686.2324104,800000.160649046,0.00028665850722940737,376712.3287671233,3515981.735159817,112636986.3013694,1051278538.8127933,746840.878353074,101415838.8817582,0,0,9898584161.118242,6662499686.23241,150000000,15000,27388.609024698428,28665.0,193.6090246984293,1470.0,66.30484554689635,0.0,9172.8,2739.72602739726,26348636.819763757
300,1,0,19730678293.00387,1470000000.0,1.0,1565642531.252311,798394.253508286,0.00028148450748111635,376712.3287671233,3515981.735159817,113013698.63013652,1054794520.5479531,749849.0440262755,102165687.92578447,0,0,9897834312.074215,6665642531.252311,150000000,15000,27387.830299190406,28665.0,192.83029919040524,1470.0,66.3043239468519,0.0,9172.8,2739.72602739726,26355069.893736362
301,1,0,19997782350.39541,1470000000.0,1.0,1568782364.9485533,796796.3102651301,0.0002784931018455183,376712.3287671233,3515981.735159817,113390410.95890364,1058310502.283113,752860.3676845091,102918548.29346898,0,0,9897081451.706532,6668782364.948553,150000000,15000,27387.057000414392,28665.0,192.057000414391,1470.0,66.30380596046864,0.0,9172.8,2739.72602739726,26361502.967708968
302,1,0,20268502328.963886,1470000000.0,1.0,1571919184.1835241,795206.2756007897,0.0002756015577219234,376712.3287671233,3515981.735159817,113767123.28767076,1061826484.0182729,755874.8289561071,103674423.1224251,0,0,9896325576.877575,6671919184.183524,150000000,15000,27386.28907829654,28665.0,191.2890782965404,1470.0,66.30329155464717,0.0,9172.8,2739.72602739726,26367936.041681573
303,1,0,20542887179.242233,1470000000.0,1.0,1575052985.8399696,793624.0947052279,0.0002706457978805366,376712.3287671233,3515981.735159817,114143835.61643788,1065342465.7534328,758892.4074814992,104433315.5299066,0,0,9895566684.470093,6675052985.83997,150000000,15000,27385.52648333962,28665.0,190.5264833396215,1470.0,66.30278069666599,0.0,9172.8,2739.72602739726,26374369.115654178
304,1,0,20820986514.431225,1470000000.0,1.0,1578183766.8209832,792049.7132713203,0.0002658786542113,376712.3287671233,3515981.735159817,114520547.945205,1068858447.4885926,761913.0829134544,105195228.61282006,0,0,9894804771.38718,6678183766.820983,150000000,15000,27384.769166615068,28665.0,189.76916661506615,1470.0,66.30227335417615,0.0,9172.8,2739.72602739726,26380802.189626783
305,1,0,21102850619.37034,1470000000.0,1.0,1581311524.0499928,790483.0774890966,0.00026004312262658315,376712.3287671233,3515981.735159817,114897260.27397212,1072374429.2237525,764936.8349173206,105960165.44773738,0,0,9894039834.552263,6681311524.049993,150000000,15000,27384.017079755147,28665.0,189.01707975514697,1470.0,66.30176949519628,0.0,9172.8,2739.72602739726,26387235.26359939
306,1,0,21388530459.630062,1470000000.0,1.0,1584436254.4707484,788924.1340400602,0.00025542538488060394,376712.3287671233,3515981.735159817,115273972.60273924,1075890410.9589124,767963.6431712651,106728129.09090865,0,0,9893271870.909092,6684436254.470749,150000000,15000,27383.27017494528,28665.0,188.27017494527962,1470.0,66.30126908810765,0.0,9172.8,2739.72602739726,26393668.337571993
307,1,0,21678077690.727303,1470000000.0,1.0,1587557955.047309,787372.8300915868,0.000251703496734062,376712.3287671233,3515981.735159817,115650684.93150637,1079406392.6940722,770993.4873665123,107499122.57827516,0,0,9892500877.421724,6687557955.047309,150000000,15000,27382.528404916447,28665.0,187.52840491644824,1470.0,66.30077210164913,0.0,9172.8,2739.72602739726,26400101.4115446
308,1,0,21971544667.465523,1470000000.0,1.0,1590676622.7640283,785829.1132913979,0.0002511465827566526,376712.3287671233,3515981.735159817,116027397.26027349,1082922374.4292321,774026.3472075826,108273148.92548274,0,0,9891726851.074518,6690676622.764029,150000000,15000,27381.791722937753,28665.0,186.79172293775125,1470.0,66.30027850491246,0.0,9172.8,2739.72602739726,26406534.485517204
309,1,0,22268984453.401337,1470000000.0,1.0,1593792254.6255426,784292.9317621109,0.0002472779443953013,376712.3287671233,3515981.735159817,116404109.5890406,1086438356.164392,777062.2024125281,109050211.12789527,0,0,9890949788.872105,6693792254.625543,150000000,15000,27381.060082809065,28665.0,186.06008280906593,1470.0,66.29978826733739,0.0,9172.8,2739.72602739726,26412967.55948981
310,1,0,22570450830.43926,1470000000.0,1.0,1596904847.6567564,782764.2340958628,0.00023843662393448816,376712.3287671233,3515981.735159817,116780821.91780773,1089954337.8995519,780101.0327131689,109830312.16060844,0,0,9890169687.839392,6696904847.656756,150000000,15000,27380.333438853828,28665.0,185.33343885382965,1470.0,66.2993013587071,0.0,9172.8,2739.72602739726,26419400.633462414
311,1,0,22875998308.556328,1470000000.0,1.0,1600014398.902828,781242.9693490067,0.00024359483995150424,376712.3287671233,3515981.735159817,117157534.24657485,1093470319.6347117,783142.8178553286,110613454.97846377,0,0,9889386545.021536,6700014398.902828,150000000,15000,27379.611745911934,28665.0,184.61174591193472,1470.0,66.29881774914351,0.0,9172.8,2739.72602739726,26425833.70743502
312,1,0,23185682135.65841,1470000000.0,1.0,1603120905.4291558,779729.0870368794,0.0002469645510364397,376712.3287671233,3515981.735159817,117534246.57534197,1096986301.3698716,786187.5375990681,111399642.51606284,0,0,9888600357.483936,6703120905.429155,150000000,15000,27378.894959332738,28665.0,183.89495933273616,1470.0,66.29833740910279,0.0,9172.8,2739.72602739726,26432266.781407624
313,1,0,23499558307.569885,1470000000.0,1.0,1606224364.321364,778222.5371286414,0.00023689827749080432,376712.3287671233,3515981.735159817,117910958.90410909,1100502283.1050315,789235.1717189192,112188877.68778177,0,0,9887811122.312218,6706224364.321363,150000000,15000,27378.18303496817,28665.0,183.18303496816932,1470.0,66.29786030937078,0.0,9172.8,2739.72602739726,26438699.85538023
314,1,0,23817683578.15861,1470000000.0,1.0,1609324772.6852868,776723.2700421844,0.0002362917478604823,376712.3287671233,3515981.735159817,118287671.23287621,1104018264.8401914,792285.700004116,112981163.38778588,0,0,9887018836.612215,6709324772.6852865,150000000,15000,27377.475929165976,28665.0,182.47592916597566,1470.0,66.29738642105875,0.0,9172.8,2739.72602739726,26445132.929352835
315,1,0,24140115469.597935,1470000000.0,1.0,1612422127.6469548,775231.2366391083,0.00023513490911304113,376712.3287671233,3515981.735159817,118664383.56164333,1107534246.5753512,795339.102258828,113776502.49004471,0,0,9886223497.509954,6712422127.646955,150000000,15000,27376.773598763037,28665.0,181.77359876303512,1470.0,66.29691571559896,0.0,9172.8,2739.72602739726,26451566.00332544
316,1,0,24466912282.767616,1470000000.0,1.0,1615516426.3525794,773746.3882197653,0.00023552473511807305,376712.3287671233,3515981.735159817,119041095.89041045,1111050228.310511,798395.358302389,114574897.8483471,0,0,9885425102.151653,6715516426.352579,150000000,15000,27376.076001078804,28665.0,181.07600107880256,1470.0,66.29644816474043,0.0,9172.8,2739.72602739726,26457999.077298045
317,1,0,24798133107.79558,1470000000.0,1.0,1618607665.9685369,772268.6765183705,0.00023374353222628842,376712.3287671233,3515981.735159817,119417808.21917757,1114566210.045671,801454.4479695281,115376352.29631662,0,0,9884623647.703684,6718607665.968536,150000000,15000,27375.383093908848,28665.0,180.38309390884672,1470.0,66.29598374054473,0.0,9172.8,2739.72602739726,26464432.15127065
318,1,0,25133837834.742363,1470000000.0,1.0,1621695843.681353,770798.0536981773,0.000233799582546317,376712.3287671233,3515981.735159817,119794520.5479447,1118082191.7808309,804516.3511105969,116180868.64742722,0,0,9883819131.352573,6721695843.681353,150000000,15000,27374.69483551849,28665.0,179.69483551849046,1470.0,66.29552241538182,0.0,9172.8,2739.72602739726,26470865.225243255
319,1,0,25474087164.430187,1470000000.0,1.0,1624780956.6976883,769334.4723467174,0.00023158069907507338,376712.3287671233,3515981.735159817,120171232.87671182,1121598173.5159907,807581.047591799,116988449.69501902,0,0,9883011550.304981,6724780956.697688,150000000,15000,27374.01118463655,28665.0,179.01118463654896,1470.0,66.29506416192604,0.0,9172.8,2739.72602739726,26477298.29921586
320,1,0,25818942619.41866,1470000000.0,1.0,1627863002.24432,767877.8854711036,0.00023388986127975654,376712.3287671233,3515981.735159817,120547945.20547894,1125114155.2511506,810648.517295416,117799098.21231444,0,0,9882200901.787685,6727863002.24432,150000000,15000,27373.332100449166,28665.0,178.33210044916575,1470.0,66.29460895315205,0.0,9172.8,2739.72602739726,26483731.373188466
321,1,0,26168466555.12904,1470000000.0,1.0,1630941977.568127,766428.2464933958,0.00023400167372176868,376712.3287671233,3515981.735159817,120924657.53424606,1128630136.9863105,813718.7401200328,118612816.95243448,0,0,9881387183.047565,6730941977.568127,150000000,15000,27372.657542593744,28665.0,177.657542593744,1470.0,66.29415676233089,0.0,9172.8,2739.72602739726,26490164.44716107
322,1,0,26522722171.1191,1470000000.0,1.0,1634017879.936073,764985.5092460272,0.0002342635394166952,376712.3287671233,3515981.735159817,121301369.86301318,1132146118.7214704,816791.695980764,119429608.64841524,0,0,9880570391.351585,6734017879.936073,150000000,15000,27371.98747115297,28665.0,176.98747115297158,1470.0,66.29370756302608,0.0,9172.8,2739.72602739726,26496597.521133676
323,1,0,26881773522.510624,1470000000.0,1.0,1637090706.6351905,763549.6279672917,0.00023178903351510824,376712.3287671233,3515981.735159817,121678082.1917803,1135662100.4566302,819867.3648094769,120249476.01322472,0,0,9879750523.986774,6737090706.635191,150000000,15000,27371.321846648938,28665.0,176.32184664893796,1470.0,66.29326132908989,0.0,9172.8,2739.72602739726,26503030.59510628
324,1,0,27245685531.57161,1470000000.0,1.0,1640160454.9725623,762120.5572968903,0.00023593257669569766,376712.3287671233,3515981.735159817,122054794.52054742,1139178082.19179,822945.7265550154,121072421.73977974,0,0,9878927578.26022,6740160454.972563,150000000,15000,27370.660630037342,28665.0,175.66063003734203,1470.0,66.29281803465943,0.0,9172.8,2739.72602739726,26509463.669078887
325,1,0,27614523999.45526,1470000000.0,1.0,1643227122.2753057,760698.2522715357,0.00023712287443607323,376712.3287671233,3515981.735159817,122431506.84931454,1142694063.92695,826026.7611834218,121898448.50096317,0,0,9878101551.499037,6743227122.275306,150000000,15000,27370.003782701788,28665.0,175.00378270178842,1470.0,66.292377654153,0.0,9172.8,2739.72602739726,26515896.74305149
326,1,0,27988355618.097885,1470000000.0,1.0,1646290705.8905544,759282.6683206157,0.0002371161698941068,376712.3287671233,3515981.735159817,122808219.17808166,1146210045.6621099,829110.4486781581,122727558.94964132,0,0,9877272441.050358,6746290705.890554,150000000,15000,27369.35126644817,28665.0,174.35126644817134,1470.0,66.29194016226646,0.0,9172.8,2739.72602739726,26522329.817024097
327,1,0,28367247982.277885,1470000000.0,1.0,1649351203.185441,757873.7612619118,0.00024230213878284425,376712.3287671233,3515981.735159817,123184931.50684878,1149726027.3972697,832196.7690403265,123559755.71868165,0,0,9876440244.281319,6749351203.185441,150000000,15000,27368.703043499143,28665.0,173.7030434991443,1470.0,66.29150553396954,0.0,9172.8,2739.72602739726,26528762.890996702
328,1,0,28751269601.83797,1470000000.0,1.0,1652408611.547079,756471.4872973753,0.00024150995989937453,376712.3287671233,3515981.735159817,123561643.8356159,1153242009.1324296,835285.7022888887,124395041.42097054,0,0,9875604958.57903,6752408611.547079,150000000,15000,27368.059076488673,28665.0,173.05907648867375,1470.0,66.29107374450246,0.0,9172.8,2739.72602739726,26535195.964969307
329,1,0,29140489914.072853,1470000000.0,1.0,1655462928.3825452,755075.8030089571,0.00023837917985807637,376712.3287671233,3515981.735159817,123938356.16438302,1156757990.8675895,838377.2284608849,125233418.64943142,0,0,9874766581.350569,6755462928.382545,150000000,15000,27367.419328456675,28665.0,172.41932845667625,1470.0,66.29064476937224,0.0,9172.8,2739.72602739726,26541629.038941912
330,1,0,29534979296.284615,1470000000.0,1.0,1658514151.1188605,753686.6653544919,0.00024595760945791213,376712.3287671233,3515981.735159817,124315068.49315014,1160273972.6027493,841471.3276116499,126074889.97704308,0,0,9873925110.022957,6758514151.11886,150000000,15000,27366.783762843737,28665.0,171.78376284373644,1470.0,66.29021858434938,0.0,9172.8,2739.72602739726,26548062.112914518
331,1,0,29934809078.508068,1470000000.0,1.0,1661562277.2029724,752304.031663637,0.0002490709896353504,376712.3287671233,3515981.735159817,124691780.82191727,1163789954.3379092,844567.9798150314,126919457.95685811,0,0,9873080542.043142,6761562277.202972,150000000,15000,27366.152343485905,28665.0,171.15234348590516,1470.0,66.28979516546447,0.0,9172.8,2739.72602739726,26554495.186887123
332,1,0,30340051556.40837,1470000000.0,1.0,1664607304.1017358,750927.859633862,0.00025155532852749767,376712.3287671233,3515981.735159817,125068493.15068439,1167305936.073069,847667.1651636044,127767125.12202172,0,0,9872232874.877977,6764607304.101736,150000000,15000,27365.525034609578,28665.0,170.52503460957644,1470.0,66.2893744890048,0.0,9172.8,2739.72602739726,26560928.260859728
333,1,0,30750780004.35325,1470000000.0,1.0,1667649229.301894,749558.1073264915,0.0002509910432791198,376712.3287671233,3515981.735159817,125445205.4794515,1170821917.808229,850768.8637688865,128617893.98579061,0,0,9871382106.01421,6767649229.301894,150000000,15000,27364.901800826443,28665.0,169.90180082644133,1470.0,66.28895653151108,0.0,9172.8,2739.72602739726,26567361.334832333
334,1,0,31167068688.66218,1470000000.0,1.0,1670688050.3100593,748194.7331627979,0.00025860434005886215,376712.3287671233,3515981.735159817,125821917.80821863,1174337899.5433888,853873.0557615514,129471767.04155216,0,0,9870528232.958448,6770688050.31006,150000000,15000,27364.28260712852,28665.0,169.28260712851826,1470.0,66.28854126977421,0.0,9172.8,2739.72602739726,26573794.40880494
335,1,0,31588992881.034946,1470000000.0,1.0,1673723764.6526947,746837.6959201451,0.0002586253805199062,376712.3287671233,3515981.735159817,126198630.13698575,1177853881.2785487,856979.7212916414,130328746.7628438,0,0,9869671253.237156,6773723764.652695,150000000,15000,27363.66741888326,28665.0,168.6674188832574,1470.0,66.28812868083214,0.0,9172.8,2739.72602739726,26580227.482777543
336,1,0,32016628872.161957,1470000000.0,1.0,1676756369.876093,745486.9547281819,0.00026402881299387966,376712.3287671233,3515981.735159817,126575342.46575287,1181369863.0137086,860088.8405287795,131188835.60337259,0,0,9868811164.396627,6776756369.876093,150000000,15000,27363.05620182872,28665.0,168.05620182871857,1470.0,66.28771874196666,0.0,9172.8,2739.72602739726,26586660.55675015
337,1,0,32450053985.51885,1470000000.0,1.0,1679785863.5463574,744142.4690650833,0.0002652987515854871,376712.3287671233,3515981.735159817,126952054.79451999,1184885844.7488685,863200.3936623804,132052035.99703497,0,0,9867947964.002966,6779785863.546357,150000000,15000,27362.448922068823,28665.0,167.44892206882176,1470.0,66.28731143070026,0.0,9172.8,2739.72602739726,26593093.630722754
338,1,0,32889346591.34781,1470000000.0,1.0,1682812243.2493825,742804.1987538399,0.00026710151186468427,376712.3287671233,3515981.735159817,127328767.12328711,1188401826.4840283,866314.3609018595,132918350.35793683,0,0,9867081649.642063,6782812243.249382,150000000,15000,27361.845546068667,28665.0,166.84554606866774,1470.0,66.2869067247932,0.0,9172.8,2739.72602739726,26599526.70469536
339,1,0,33334586120.82818,1470000000.0,1.0,1685835506.5908325,741472.1039585955,0.000273237393701658,376712.3287671233,3515981.735159817,127705479.45205423,1191917808.2191882,869430.7224768434,133787781.08041367,0,0,9866212218.919586,6785835506.590833,150000000,15000,27361.24604064993,28665.0,166.24604064992874,1470.0,66.28650460224047,0.0,9172.8,2739.72602739726,26605959.778667964
340,1,0,33785853080.43889,1470000000.0,1.0,1688855651.196122,740146.1451810307,0.0002818589060352239,376712.3287671233,3515981.735159817,128082191.78082135,1195433789.954348,872549.458637376,134660330.53905106,0,0,9865339669.460949,6788855651.196122,150000000,15000,27360.650372986307,28665.0,165.65037298630762,1470.0,66.28610504126873,0.0,9172.8,2739.72602739726,26612392.85264057
341,1,0,34243229066.515327,1470000000.0,1.0,1691872674.7103946,738826.2832567923,0.00028705819574388326,376712.3287671233,3515981.735159817,128458904.10958847,1198949771.689508,875670.5496541264,135536001.08870518,0,0,9864463998.911295,6791872674.710395,150000000,15000,27360.058510599065,28665.0,165.05851059906433,1470.0,66.28570802033346,0.0,9172.8,2739.72602739726,26618825.926613174
342,1,0,34706796780.00328,1470000000.0,1.0,1694886574.798503,737512.479351968,0.0002886856916159468,376712.3287671233,3515981.735159817,128835616.4383556,1202465753.4246678,878793.9758185953,136414795.0645238,0,0,9863585204.935476,6794886574.798503,150000000,15000,27359.47042135261,28665.0,164.47042135260858,1470.0,66.28531351811617,0.0,9172.8,2739.72602739726,26625259.00058578
343,1,0,35176640041.412575,1470000000.0,1.0,1697897349.1449866,736204.694959606,0.00029480571360553895,376712.3287671233,3515981.735159817,129212328.76712272,1205981735.1598277,881919.7174433192,137296714.7819671,0,0,9862703285.218033,6797897349.144987,150000000,15000,27358.886073450158,28665.0,163.88607345015726,1470.0,66.28492151352134,0.0,9172.8,2739.72602739726,26631692.074558385
344,1,0,35652843805.9732,1470000000.0,1.0,1700904995.4540515,734902.8918962782,0.00029698522112651113,376712.3287671233,3515981.735159817,129589041.09588984,1209497716.8949876,885047.7548620743,138181762.53682917,0,0,9861818237.463171,6800904995.454052,150000000,15000,27358.305435429458,28665.0,163.30543542945645,1470.0,66.28453198567392,0.0,9172.8,2739.72602739726,26638125.14853099
345,1,0,36135494178.99656,1470000000.0,1.0,1703909511.4495482,733607.0322986867,0.0002992729198582557,376712.3287671233,3515981.735159817,129965753.42465696,1213013698.6301475,888178.0684300807,139069940.60525924,0,0,9860930059.394741,6803909511.449549,150000000,15000,27357.728476158565,28665.0,162.72847615856577,1470.0,66.28414491391625,0.0,9172.8,2739.72602739726,26644558.222503595
346,1,0,36624678431.444725,1470000000.0,1.0,1706910894.874951,732317.078620313,0.0003158398773015994,376712.3287671233,3515981.735159817,130342465.75342408,1216529680.3653073,891310.6385242032,139961251.24378344,0,0,9860038748.756216,6806910894.87495,150000000,15000,27357.155164831704,28665.0,162.15516483170484,1470.0,66.28376027780571,0.0,9172.8,2739.72602739726,26650991.2964762
347,1,0,37120485015.71041,1470000000.0,1.0,1709909143.4933348,731032.993628109,0.00030915112555261493,376712.3287671233,3515981.735159817,130719178.0821912,1220045662.1004672,894445.4455431533,140855696.68932658,0,0,9859144303.310673,6809909143.493335,150000000,15000,27356.58547096516,28665.0,161.58547096516045,1470.0,66.28337805711172,0.0,9172.8,2739.72602739726,26657424.370448805
348,1,0,37623003581.61059,1470000000.0,1.0,1712904255.087354,729754.7403992299,0.0003206570117207926,376712.3287671233,3515981.735159817,131095890.41095832,1223561643.835627,897582.4699076893,141753279.1592343,0,0,9858246720.840765,6812904255.087354,150000000,15000,27356.019364393254,28665.0,161.01936439325354,1470.0,66.28299823181327,0.0,9172.8,2739.72602739726,26663857.44442141
349,1,0,38132324992.59664,1470000000.0,1.0,1715896227.4592202,728482.2823178073,0.0003251339661066978,376712.3287671233,3515981.735159817,131472602.73972544,1227077625.570787,900721.6920608147,142654000.8512951,0,0,9857345999.148705,6815896227.45922,150000000,15000,27355.456815264366,28665.0,160.4568152643652,1470.0,66.28262078209633,0.0,9172.8,2739.72602739726,26670290.518394016
350,1,0,38648541342.183914,1470000000.0,1.0,1718885058.430679,727215.5830717632,0.00033354999865213775,376712.3287671233,3515981.735159817,131849315.06849256,1230593607.3059468,903863.092467977,143557863.94376308,0,0,9856442136.056236,6818885058.430679,150000000,15000,27354.89779403702,28665.0,159.89779403701985,1470.0,66.28224568835121,0.0,9172.8,2739.72602739726,26676723.59236662
351,1,0,39171745970.60373,1470000000.0,1.0,1721870745.8429887,725954.6066496625,0.0003355526537195484,376712.3287671233,3515981.735159817,132226027.39725968,1234109589.0411067,907006.651617264,144464870.59538034,0,0,9855535129.40462,6821870745.842989,150000000,15000,27354.342271476027,28665.0,159.34227147602627,1470.0,66.28187293117011,0.0,9172.8,2739.72602739726,26683156.666339226
352,1,0,39702033481.68078,1470000000.0,1.0,1724853287.556896,724699.3173376059,0.0003486472092553784,376712.3287671233,3515981.735159817,132602739.7260268,1237625570.7762666,910152.3500196018,145375022.94539994,0,0,9854624977.0546,6824853287.556896,150000000,15000,27353.79021864867,28665.0,158.79021864867352,1470.0,66.28150249134463,0.0,9172.8,2739.72602739726,26689589.74031183
353,1,0,40239499759.93903,1470000000.0,1.0,1727832681.452614,723449.67971616,0.00035735586273326163,376712.3287671233,3515981.735159817,132979452.05479392,1241141552.5114264,913300.168208948,146288323.1136089,0,0,9853711676.88639,6827832681.452614,150000000,15000,27353.241606920983,28665.0,158.24160692098263,1470.0,66.28113434986325,0.0,9172.8,2739.72602739726,26696022.814284436
354,1,0,40784241987.93921,1470000000.0,1.0,1730808925.4297986,722205.6586573268,0.0003535287339989697,376712.3287671233,3515981.735159817,133356164.38356104,1244657534.2465863,916450.0867424868,147204773.2003514,0,0,9852795226.799648,6830808925.429798,150000000,15000,27352.696407954012,28665.0,157.69640795401182,1470.0,66.280768487909,0.0,9172.8,2739.72602739726,26702455.88825704
355,1,0,41336358663.85094,1470000000.0,1.0,1733782017.4075248,720967.2193215485,0.00036601497168924616,376712.3287671233,3515981.735159817,133732876.71232817,1248173515.9817462,919602.0862008224,148124375.28655222,0,0,9851875624.713448,6833782017.407525,150000000,15000,27352.154593700216,28665.0,157.15459370021543,1470.0,66.28040488685704,0.0,9172.8,2739.72602739726,26708888.962229647
356,1,0,41895949619.26282,1470000000.0,1.0,1736751955.3242636,719734.3271547513,0.00036746333491243833,376712.3287671233,3515981.735159817,134109589.04109529,1251689497.716906,922756.1471881708,149047131.43374038,0,0,9850952868.56626,6836751955.324264,150000000,15000,27351.616136399854,28665.0,156.6161363998547,1470.0,66.28004352827229,0.0,9172.8,2739.72602739726,26715322.036202252
357,1,0,42463116037.23359,1470000000.0,1.0,1739718737.137858,718506.9478854245,0.0003779588872630056,376712.3287671233,3515981.735159817,134486301.3698624,1255205479.452066,925912.2503325511,149973043.68407294,0,0,9850026956.315928,6839718737.137857,150000000,15000,27351.08100857746,28665.0,156.08100857746032,1470.0,66.2796843939071,0.0,9172.8,2739.72602739726,26721755.110174857
358,1,0,43037960470.58764,1470000000.0,1.0,1742682360.8254988,717285.0475217351,0.00038303037089332763,376712.3287671233,3515981.735159817,134863013.69862953,1258721461.1872258,929070.3762859753,150902114.0603589,0,0,9849097885.939642,6842682360.825499,150000000,15000,27350.549183038347,28665.0,155.54918303834563,1470.0,66.27932746569914,0.0,9172.8,2739.72602739726,26728188.184147462
359,1,0,43620586860.45822,1470000000.0,1.0,1745642824.383701,716068.592348678,0.0003909883621094465,376712.3287671233,3515981.735159817,135239726.02739665,1262237442.9223857,932230.505724639,151834344.56608355,0,0,9848165655.433916,6845642824.383701,150000000,15000,27350.02063286517,28665.0,155.02063286516918,1470.0,66.27897272576891,0.0,9172.8,2739.72602739726,26734621.258120067
360,1,0,44211100555.08167,1470000000.0,1.0,1748600125.828279,714857.5489252616,0.0003924082784740291,376712.3287671233,3515981.735159817,135616438.35616377,1265753424.6575456,935392.6193491077,152769737.18543267,0,0,9847230262.814568,6848600125.8282795,150000000,15000,27349.495331414546,28665.0,154.49533141454688,1470.0,66.27862015641765,0.0,9172.8,2739.72602739726,26741054.332092673
361,1,0,44809608328.84609,1470000000.0,1.0,1751554263.1943214,713651.8840817263,0.0004072892148546902,376712.3287671233,3515981.735159817,135993150.6849309,1269269406.3927054,938556.6978845057,153708293.88331717,0,0,9846291706.116682,6851554263.194322,150000000,15000,27348.973252313714,28665.0,153.97325231371198,1470.0,66.27826974012517,0.0,9172.8,2739.72602739726,26747487.406065278
362,1,0,45416218401.59785,1470000000.0,1.0,1754505234.5361676,712451.5649167986,0.0004226657956527598,376712.3287671233,3515981.735159817,136369863.013698,1272785388.1278653,941722.7220807006,154650016.60539788,0,0,9845349983.394602,6854505234.536167,150000000,15000,27348.454369457224,28665.0,153.4543694572225,1470.0,66.27792145954764,0.0,9172.8,2739.72602739726,26753920.480037883
363,1,0,46031040458.20948,1470000000.0,1.0,1757453037.927382,711256.5587949767,0.00041723086467401114,376712.3287671233,3515981.735159817,136746575.34246513,1276301369.8630252,944890.67271249,155594907.27811038,0,0,9844405092.72189,6857453037.9273815,150000000,15000,27347.938657003717,28665.0,152.93865700371538,1470.0,66.27757529751548,0.0,9172.8,2739.72602739726,26760353.554010488
364,1,0,46654185668.41249,1470000000.0,1.0,1760397671.4607291,710066.8333438501,0.0004380347080279127,376712.3287671233,3515981.735159817,137123287.67123225,1279817351.598185,948060.5305797849,156542967.80869016,0,0,9843457032.191309,6860397671.46073,150000000,15000,27347.426089372708,28665.0,152.42608937270643,1470.0,66.27723123703133,0.0,9172.8,2739.72602739726,26766786.627983093
365,1,0,47285766706.89862,1470000000.0,1.0,1763339133.2481482,708882.3564514514,0.00043859793643246015,376712.3287671233,3515981.735159817,137499999.99999937,1283333333.333345,951232.2765077939,157494200.08519796,0,0,9842505799.914803,6863339133.248148,150000000,15000,27346.916641241434,28665.0,151.91664124143554,1470.0,66.27688926126784,0.0,9172.8,2739.72602739726,26773219.7019557
